tweet,sentiment
paris,neutral
thanks for connecting we are passionate about - hope you like our tweet happy,positive
transferred in 1st major shuffle by,neutral
share the love: thanks for being top new follower this week happy,positive
just now i saw. but you did not reply unhappy,negative
supreme court asks poll panel if security of need to be tested,neutral
thanks for being top engaged community member this week happy want this,positive
sorry unhappy i just need sex for the time being,negative
i hope this little beaand is andot overworkiandg himself and gettiandg at least some rest unhappy,negative
say,neutral
just type and ask anything you like happy aa jao for,positive
thanks for the recent follow happy to connect happy (want this? it's free!,positive
what happened when security agency argued over need for tagging,neutral
hello everyone,positive
share the love: thanks for being top new follower this week happy want it,positive
44 feared killed a bus fall into river ton in nerwa area of district: police.,neutral
no stress mariana,positive
positive and loving always happy,positive
ouchhhhh unhappy,negative
tell to give 2-month trial run. also disagrees is a vote for,neutral
more goody spotted! :d,positive
bjp's flagging campaign,neutral
minister,neutral
counting of vote for to lok sabha constituency begins.,neutral
uk parliament vote by 522 to 13 in favour of early national,neutral
why would harvey be going to prison? unhappy,negative
i can relate to this so so much unhappy,negative
let me eat that cake! :d :p,positive
veronice and jughead! happy,positive
ha just ordered a ban on all,neutral
lip though,positive
why african envoy are upset,neutral
follow mee plss unhappy,negative
no pressure happy,positive
i could write paragraph about it xdshame it theoretically impossible in real life unhappy,negative
i only just absorbed that i'm not going to get to laugh when he get 2000 votes. unhappy,negative
they are real sub and here's the link for the video happy,positive
another great song have a listen. it good! you may well like it happy,positive
high commissioner dominic asquith insists.,neutral
that would be a great trick happy,positive
thanks for the recent follow happy to connect happy have a great thursday. get it,positive
chain of wrong drugs. no senior doctor to check. then death. all this at delhi.,neutral
how are you doing today? happy,positive
merry christmas everyone happy,positive
fm jaitley say q3 data substantially impacted by economy's resilience remonetisation helped.,neutral
ally unhappy i can't make a poem about being cute,negative
nia take over investigation into bhopal-ujjain train ied blast case,neutral
indian want police cover,neutral
the bus from bangsar heading to awan besar. have a good day happy,positive
shes fine :)kisses thefashionicon,positive
after sept18 terror attack,neutral
3 quaint dig for those on a budget (or even less).,neutral
he could be whatever,negative
killer to hang,neutral
in game you move him to camera happy,positive
her back unhappy,negative
retains assembly seat,neutral
when you're late to work because you had to break the news to the lovely lady who clean the house... cry together unhappy,negative
if you eat your steak well done please unfollow me happy,positive
hey,positive
after fracas over overbilling,neutral
never want to finish desperate housewife what will i do with my life unhappy,negative
don%27t be surprised if you see me cry today,negative
in this part of up,neutral
told by gst.,neutral
maybe? definitely! happy also,positive
hi guys! :)we're looking for to bartenders/mixologists to work with u at an upcoming event. dm u,positive
mata_tytan: almightytanner: good evening everyone happy join our twitter party tonight. official tagline:tann,positive
only laksa can make me okaay now cry with joy i need laksa,positive
whew! can't ass myself unhappy,negative
all you need to know about 2017 across eight state video:,neutral
i'm on a road with no destination . i'm just driving with a hope to find some place i like and stay there,positive
never known how hard it is until last to day how to resist temptation to enter politics debate on social medium happy stood firm so far,positive
blast at office in,neutral
progress or the great leap backwards,neutral
a little bit overdramatic death happy,positive
keeping an eye on your house,neutral
kp nayar on what governor of u state had to say about,neutral
find nothing in to sell to voters.,neutral
five soldier from machhil attain martyrdom; detailed statement attached,neutral
backlash after hail a a 'true patriot'.,neutral
thanks for the recent follow happy to connect happy have a great thursday. want this,positive
the 3 d that lead to greatness,neutral
in addition to his existing portfolio,neutral
i miss it already unhappy,negative
chaos in over call for secret vote.,neutral
how bengal detective had to get religious to nab leader accused of,neutral
you don't post much lately? school unhappy,negative
new delhi: health minister brief medium on live:,neutral
fun and funny.... this book will warn up your kindle at night happy,positive
good evening happy,positive
i love you waaaaay more baby unhappy you're the sweetest and most adorable little angel,negative
goodnight princess,negative
sc refuse to stop from becoming cm,neutral
my husband ha a family history with the mafia too but he doesn't know the story sad,negative
can't :(tello,negative
stats for the day have arrived. 1 new follower and no unfollowers happy via,positive
how patna boy got to play the tabla.,neutral
hole in govt health cover,neutral
just delivered my managing the online customer journey keynote at the autodesk partner event. incredible event,positive
a initiative help generate shield in sundarbans.,neutral
so happy it's thursday*,positive
tell me unhappy why,negative
u blackmailed me unhappy,negative
yuri wa here and i didn't know it unhappy the second snsd i missed,negative
sasikala seek meeting with governor,neutral
i love mason and miss mason unhappy,negative
thank you crew happy,positive
please,positive
justice asks chief justice of india,neutral
guy this is really serious and i hope you don%27t judge me unhappy,negative
veteran leader and party spokesperson join camp.,neutral
tamil nadu wait,neutral
cop dug out these to healer who were buried alive for practising,neutral
to present,neutral
what happened to restaurant along highway after ban on bars.,neutral
13 held guilty in murder.,neutral
delhi to airlift to if blockade is not lifted.,neutral
morning. coffee time happy,positive
when your online crush come to the meet-up without their snapchat filter unhappy,negative
what a day! what better way to spend this sunny day than drink by the shore happy,positive
why farmer are dumping crop.,neutral
no girl unhappy that's why. wa ropiwa 1. sandton is unnecessarily expensive2. try salon in braam.,negative
i lost two streak and it's from my two favorite people silence unhappy good night,negative
don't say that unhappy,negative
ram guha on what he find outstanding about shivshankar menon's book choices.,neutral
hiring blind employees. and more.,neutral
follow me too unhappy,negative
at eaglenest sanctuary,neutral
i want a puppy now unhappy,negative
man shout at wife in family court. and walk out.,neutral
sunanda datta-ray say a line up visit to,neutral
i've had it since december my hair stopped snapping off! it's made a massive difference! get the,positive
happy thursday loves!! happy,positive
have been summoned by,neutral
finance minister ha been given additional charge of ministry of rashtrapati bhavan,neutral
our reunion is in august unhappy,negative
updated the text for my video intro by drawing it with the line tool in paint tool sai. happy,positive
more than just a picture unhappy,negative
:d when mom is a bit tired,positive
historian ram guha,neutral
mane ha been amazing unhappy,negative
dog and drink -- stood out in pm reply in parliament.,neutral
dismisses plea a withdrawn.,neutral
thanks for the recent follow happy to connect happy have a great thursday. want it,positive
fcra slap on ngo for lobbying...but wa it doing so a part of govt campaign?,neutral
governor asks shurhozelie liezitsu to form government; swearing-in on feb22.,neutral
yes... kind of funny and creepy at the same time happy,positive
and totally of,positive
how became a avenger with no mercy.,neutral
army under fire after alleged tactic in,neutral
let hope a vip doe this good deed. i want to watch this too . they shouldn't have done thi,negative
thanks for the recent follow happy to connect happy have a great thursday.,positive
son of chief minister reveals his political ambition.,neutral
in tamil nadu,neutral
dhaka talk chinese and more. also in epaper.,neutral
jonny you and your poor leg make me so sad unhappy hope you're okay,negative
yg should have sent them to mcd. i want to see them holding the trophy unhappy anyways,negative
yeah unhappy,negative
the biblical lecture are coming. more notification soon. tomorrow,negative
and yet if parent invest in child's emotional education by taking child out of school on holiday early that's un,negative
ha become a crowd-puller.,neutral
there wa nothing religious in it. is calling out sexism. i don't think i need to spell out my stand,positive
2017 at 08:45am),negative
physicist still ha his table full,neutral
passenger open an chute of aircraft that wa taxiing at mumbai airport; 1 injured.,neutral
i thought you'll save me cry,negative
whats crazy is when i walked through them door every administration + her wa there that night. so why are her a,negative
up: to hold his 1st cabinet meeting today,neutral
stats for the week have arrived. 1 new follower and no unfollowers happy via,positive
suspect in 2002 attack case in calcutta arrested in gaya: bihar police.,neutral
hey robert rolih thanks for the follow! what doe coastal living mean to you? reply with photo :d,positive
defensive cry medium trial.,neutral
i miss snsd. i miss my girl unhappy,negative
apex court put work first,neutral
chief minister ban paan masala,neutral
and more. also in epaper.,neutral
let's have dinneeeer please unhappy,negative
i know vearey moving. and twisty! and you aaree are,positive
after du push,neutral
again.,neutral
maybe i do,positive
how to law officer did their job,neutral
iiiii would like a boook ! fuck off unhappy,negative
so my hair iand suandlight versus ando light but i waandt to chaandge it and i duandando if i waandt to go darker or bloandder sad please help (po,negative
you say vuca,positive
oh sad unhappy goodluck!,negative
this isn't,positive
i agree. my issue would be that it all ha to be paid for somehow. i just can't see the number adding up. sad,negative
1st warrant for judge,neutral
and more.,neutral
surround yourself with positivity happy,positive
sadly i'm not unhappy,negative
congratulation,positive
you should post this offer on this website happy,positive
let's not forget that it's also gabriel tenma white's birthday today!i miss unhappy,negative
exaseetly what's happening in tn politisees. this is not to get bjp at all to tn. game is different. again,positive
haha! very good tweet mate happy heard your a big boy account! the king shit happensould we say happy any chance of a shit happens,positive
yg should have sent them to mcd. i want to see them holding the trophy unhappy anyways,negative
now i don%27t want to go camp unhappy,negative
sob. unhappy,negative
50k dole in budget for migrant worker hit by,neutral
draupadi and campus in erupt,neutral
w,negative
the case for and electoral reforms.,neutral
home-cooked food,neutral
most painful thing ever is having feeling for someone you can't be with .. unhappy,negative
please answer request. unhappy,negative
i miss my dog too unhappy,negative
20 ia officer in including principal secretary information navneet sehgal,neutral
say,neutral
i got goosebump,positive
modi a adopted son,neutral
puta i know sorry isn't enough pero sorry padin unhappy,negative
hi yolandi,positive
fitness,positive
thanks for the recent follow happy to connect happy have a great thursday. get it,positive
why am i always taken for granted eversince unhappy,negative
i'm a japanese directioner :d,positive
jamie can you please reset the cga grandfinal server... no administrator are responding unhappy,negative
aap: 6,neutral
i think instant message meant to stay single and fix people's relationship my entire life smile,positive
me want please unhappy,negative
just chillin~ it's a bit quiet tonight on my tough luck unhappy what about you??,negative
you're a kabute unhappy,negative
how can i set an alarm for 9am and snooze it until 12 unhappy,negative
i miss hoseok unhappy,negative
maybe not a band but we can definitely collab! hi my name is philip happy,positive
thank you for sharing happy,positive
ashok desai on a an accidental and a new book by tirthankar roy and anand v. swamy.,neutral
sone who cant stream at genie!you can stream for ty at genie! we are still sharing some genie ids. if you want it,positive
dispo 3lans happy,positive
and i would never forget about you!!,negative
dismissed from service after inquiry.,neutral
please! :d| kenbie,positive
gurgaon and bengal.,neutral
india still keen to buy westinghouse reactor despite toshiba meltdown,neutral
same unhappy i've unfollowed so many people ugh,negative
pay hike plan,neutral
ram madhav tell in a wide-ranging interview.,neutral
after assault on air india manager,neutral
thankfully i didn't have to chop it myself,positive
the mini and the campervan happy,positive
and more. also in epaper.,neutral
what got when it bred local pig with variety.,neutral
please this beautiful princess have your help,positive
for the way to europe lie through,neutral
same unhappy,negative
in a graft case,neutral
held detailed discussion with governor on what is happening in tamil nadu,neutral
bungalow razed.,neutral
if you live only for money,neutral
help... i want to stop tweeting. all i feel is endless suffering and pain. i tried to deactivate myself many times... save me... unhappy,negative
thanks much appreciated happy the magic of,positive
it's only been a few day since their promotion ended but i'm already missing her so much unhappy,negative
manini chatterjee on why ha failed to live up to it promise.,neutral
am away next thursday unhappy the one after!,negative
a beautiful day happy,positive
are dying of thirst and it's all because of u unhappy,negative
koala are dying of thirst and it's all because of u unhappy,negative
did you notice? there is no killing of rss / bjp worker in another southern state? cm is dismantling xtian infra in munnar?,positive
some diplomat worry over choice of a chief minister.,neutral
what doe it take to be a in the eye of the,neutral
say manini chatterjee.,neutral
share the love - high value member of this week happy,positive
it's only been a few day since their promotion ended but i'm already missing her so much unhappy,negative
how magic combined with organisational strength brought back 1-party system.,neutral
supreme court name former cag a head of 4-member panel of administrator to run 1/3,neutral
opening sentence of happy,positive
vk pay homage at jaya's memorial; place a sealed cover,neutral
not a girl reared by monkey,neutral
thanks for the recent follow,positive
latest attack on african student threaten india's most intense diplomatic outreach to continent,neutral
this is so damn touching. unhappy,negative
i just want to wish marissa a happy birthday but she keep ignoring me sad,negative
bengal wishlist,neutral
manini chatterjee on why writing are still an indictment of india.,neutral
bengal orphanage suspected of selling baby to couple from u,neutral
i'll check that out... i wa excited about the backup singer but they were way too backup unhappy,negative
i tried fixing my chorister dress hem that came undone by taping it with fabric tape but i put it on wrong and it even more ruined unhappy,negative
mutual: let's talk more!me: for sure!mutual: happy me:,positive
jimin doesnt follow me yet unhappy,negative
and still not being rich - try getting a life,positive
please return the jacket unhappy,negative
that would be a great trick happy,positive
sure no prob. ilabyu too,negative
for some reason last.fm unlinks from spotify and i miss like a month of scrobbles before i notice unhappy,negative
amit roy on tour in,neutral
again.,neutral
this is damn.... there people who sincerely want to attend bh birthday party but bcs of those people who try for fun make them ca,negative
happy birthday in chopin style - piano improvisation,positive
oo cry // happy3yearsbraceunited,negative
your titty are fantastic. kissy kissy,positive
government okay 33% reservation for woman in state job,neutral
marginal standing facility and bank rate at 6.75%.,neutral
if required.,neutral
mine isn't in my inbox unhappy,negative
thanks for the recent follow happy to connect happy have a great thursday.,positive
what a pity! unhappy those were beautiful! but thank you for your answer!,negative
only way to make sense of those crazy edge case is the idea of sharing revenue wa offensive,positive
but custom mean we can't send food abroad unhappy we do hope your other birthday dream come true,negative
i love it when ben sleep in because i get to watch all the programme i want on netflix without interruption !!!! happy,positive
with 84% cut in research seat,neutral
share the love: thanks for being top new follower this week happy,positive
yesterday felt like friday unhappy,negative
errr dude.... they're gone unhappy asked other league memeber to check the guy are go,negative
delhi cm put on trial in a criminal defamation case filed against him by union minister arun jaitley in matter.,neutral
a chub bun because it easter! happy easter! his name is almond! :d,positive
how govt slipped in secrecy clause over by companies.,neutral
up cm ban paan,neutral
er,positive
mecca issue picture cards.,neutral
most elite centre (including will have no intake.,neutral
instant message getting sad unhappy,negative
happy birthday katrika i miss you though unhappy miss having you in our group and all haih anyway,negative
- thank you ton,negative
thank you so much smile,positive
say on,neutral
thanks for the recent follow happy to connect happy have a great thursday.,positive
thank you crew happy,positive
in other word they never missed article happy,positive
friendly service,positive
loool i'm mad avoid me today :d,positive
crap. hailie won't be there. she ha a school game and won't make it to middleburg in time unhappy,negative
after all.,neutral
annapurna studio production no.29 on floor tomorrow. in this heat we are going to turn on the heat happy can't expre,positive
wtf canada 2017 and you are still in the 1700s. i will never support,negative
but in reality alone and lonely unhappy,negative
pushing 86,neutral
i want more orientation unhappy,negative
govt looking at getting sena mp out of list.,neutral
should be a black mark on report card?,neutral
evet happy,positive
said it yesterday... happy,positive
definitely my arm unhappy,negative
hey thanks for being top new follower this week! much appreciated happy want this ?,positive
what dat? unhappy,negative
3 little ones.. wish you the best happy sound like a fun group,positive
thanks b happy,positive
ashok v desai note that is yet to say a word on whether achieved it goals.,neutral
when will you say hi sunshine ? unhappy,negative
and took aol instant messanger at money in and more.,neutral
it feel kind of empty w/o youngjae at the venue.. unhappy,negative
back to square one.,neutral
hi kylie,positive
dope!! that's a cool word. finally down with the hip young millenial memers smile,positive
why may find it tough to control govt from jail.,neutral
can you say hi julia ??pleasee cry,negative
here's bsp theory on why with 71% population voted bjp.,neutral
jammu and kashmir: 2-3 terrorist holed up in house,neutral
i'm rusty.. haven't played this game since i wa like 10. just kept dying at that crocodile part cry,negative
and all the mobbing in australia,negative
hey thanks for being top high value member of last week,positive
we respect and accept the verdict: aimim chief,neutral
did police jump the gun in claiming hand in train blast?,neutral
subir bhaumik on why in should worry calcutta,neutral
but i'm lonely. unhappy,negative
you better check this out,positive
unhappy i have to be strong today jfjfjkf,negative
breaking: government forecast 2016/17 growth at 7.1 percent,neutral
12-15% turnout till 10 am in phase-iv.,neutral
i hope it doesn't last too long and you at least get to enjoy the weekend. and happy birthday again happy,positive
thanks for the recent follow happy to connect happy have a great thursday.,positive
the 'control' part in ha to go,neutral
for the 1st time,neutral
typed up all the medical shorthand abbreviation we use for work,negative
bambam talk the most tonight :d,positive
general known for sharp question will be trump's new top security adviser,neutral
avi for my man :)phone made like always wink,positive
definitely my arm unhappy,negative
thank you so much my friend smile xx,positive
and i miss my bedroom too unhappy,negative
importance of fastening with waistband revealed a win trust vote.,neutral
why choice of a cm is giving up the jitters.,neutral
1st phase of assembly election begins. 73 constituency,neutral
trump pick 49yr-old judge for lifetime job at supreme court of us.,neutral
and more.,neutral
117 acquitted,neutral
how about me unhappy,negative
sixth spot not applicable team! higher pa! :)kisses thefashionicon,positive
and he gave me his pas so like i think a while is never unhappy,negative
yeah! my sight reading wa pretty good in high school,negative
confusion after reply to ceo.,neutral
but i no have round as cry,negative
new experience and exciting time ahead in second inning,neutral
there is no barometer for patriotism,neutral
to day to sell 96000 truck bus,neutral
32- for the love of a daughter cry,negative
if i get 900 retweets and 900 likes. help me :(un,negative
why? you don't like blonde hair? unhappy,negative
live: police given direction to evacuate mlas from kuvathur,neutral
which is good for him happy,positive
csgobounty giveaway - 1 random key. 25 retweets,positive
instals nephew a proxy in,neutral
thanks for the recent follow happy to connect happy have a great thursday. want it,positive
thanks for the recent follow happy to connect happy have a great thursday.,positive
jnu vc clarifies: ugc gazette wont be applied retrospectively. existing mphil student will be admitted to phd under goodbye,neutral
and have yourself a groovy thursday! happy,positive
the iconoclasm of carnatic exponent and how he is moving beyond the the artificial boundaries.,neutral
thanks for the recent follow happy to connect happy have a great thursday.,positive
welcome brother happy,positive
unhappy but if there'll be 1 silver-that'd be him!,negative
patna zoo to sell nesting box for,neutral
too hot,neutral
.thanks so much for the rt,positive
rich get skewered,neutral
don't think i'm pretty enough unhappy,negative
i honestly think that their just trying to get rid of me and make a mockery out of me in my town because i just wont admit it. unhappy,negative
thanks for the recent follow happy to connect happy have a great thursday. want this,positive
koala are dying of thirst and it's all because of u unhappy,negative
6 day in camp haiss miss you a lot unhappy,negative
mine isn't. they back jeremy 100% i'm pleased to say happy,positive
her back unhappy,negative
now have to learn to live without that flashing red light.,neutral
teaser coming out today at 4pm!story,positive
failed unhappy .g hehe,negative
co-founder of and i'll be moderating tonight tweetchat. happy,positive
why extradition could take ages.,neutral
yeah i am unhappy thank you so much my angel,negative
ill be at work just a second come on unhappy,negative
u give a scare,neutral
isn't it? smile britain co,positive
random winner :d retweet and like to be able to win happy,positive
the anniversary of josh's death unhappy,negative
nothing could be better happy,positive
edappadi win vote of confidence in by 122 vote for,neutral
oooh! the shame,neutral
i only just absorbed that i'm not going to get to laugh when he get 2000 votes. unhappy,negative
dude i just want more sleep unhappy,negative
and this tweet made me cry!! cry,negative
very cool! happy surround you for a full recovery.,positive
man it been about 2hrs since their vlive...its nearly over for sydney ppl... unhappy go so quick so appreciate every second!!,negative
calcutta's timekeeper,neutral
after that i wa charged because of the driver happy after waiting in the sun for 10 minutes! ten!,positive
hellooo happy jackatkinson (jackat13),positive
i cried so much,negative
bsp leader shot dead late last night,neutral
centre move against supreme court verdict lifting shield.,neutral
buy or do anything that support canada until,negative
sociopath full raid gear sad,negative
well that's my weekend viewing plan changed! unhappy,negative
not in the tweet i ve meant the article itself happy,positive
why renamed place in,neutral
i used to like my neighbour,positive
when you have to do thing like this happy,positive
made dinner for two tonight happy,positive
i feel so awful today unhappy i don't want to go to my internship,negative
farooq abdullah win seat -- with just 4% of total votes.,neutral
lucknow's fall,neutral
i'd rather be sailor uranus but chibiusa but if thats everyone say i am unhappy rip,negative
when i'm enlisting can please turn up like this unhappy,negative
used up a month's worth at laugharne weekend sad (no wi-fi in small carmarthenshire town,negative
q2 i'm not an mh healthcare professional. a much a i want to help i'm scared to death i might make the situation,negative
get well really soon jack unhappy,negative
good,positive
a lot of game this month? :d,positive
a tale of to prime minister,neutral
suddenly,neutral
paddy field could be to blame.,neutral
i really want one of those iconic jimin stripe turtleneck shirt unhappy,negative
i wish i could say the gang all here but daniel's not in this picture. unhappy rantoul twp high,negative
i'm scared unhappy i mean. why the heck did i decide to do laundry at 7:30 pm? what is wrong with me. did i mention how dark it is. fml,negative
my view have gone done by about 100 monthly unhappy,negative
yg should have sent them to mcd. i want to see them holding the trophy unhappy anyways,negative
wow whattay decision both party celebrating :d,positive
i miss you cry,negative
court directs bsf to allow trooper tej bahadur's wife to meet him,neutral
kp nayar on why discrediting military justice system will not help case.,neutral
golly gosh. this is simply dreadful what havoc must be wreaking subsurface? black salve won't,negative
kiera's quest: awakening (kiera's quest book 1),positive
unhappy they look dead,negative
thanks! happy,positive
did the supreme court chicken out while deciding on,neutral
supreme court asks justice karnan to explain why he should not face proceedings.,neutral
i face swapped a cat with a dog and it's really upsetting unhappy,negative
bjp stuns with ugc letter a forgery,neutral
swapan dasgupta on how election have dashed hope that would weaken.,neutral
and more. also in epaper.,neutral
but like how long is a while?! i didn't want him to be back but he put me in such a good mood so i don't want him,negative
thanks for the recent follow happy to connect happy have a great thursday.,positive
5% on r 25000-50000,neutral
doctor split over bengal bill. and more,neutral
wow unhappy people are so mean,negative
i really need to build it unhappy,negative
my brace hurt unhappy,negative
63% voter turnout in phase 1 of,neutral
rise,neutral
thanks for being top engaged community member this week happy want this,positive
thanks for the recent follow happy to connect happy have a great thursday.,positive
definitely my arm unhappy,negative
and more. also in epaper.,neutral
i have a goal today happy i%27m going to accomplish it,positive
delhi airport drop after glitch,neutral
just let is know when you'd like one happy,positive
fm departing from north block to and parliament house,neutral
new era of amity : h,neutral
crpf getting to take on planted by,neutral
nothing could be better happy,positive
it just prof me wrong in a matter of day happy fuck my life happy )),positive
sc summons home secretary of west bengal,neutral
space for debate and dissent continues to shrink.,neutral
i miss you unhappy,negative
realized i havent eaten rice maghapon because i finished 3 pack of spicy seafood noodle + to extra big chilimansi :(acid attack right now,negative
india,neutral
a year ago today is the last time sakho played for u unhappy,negative
never wanted cow to become a burden on farmer,neutral
the hindu undercurrent that led to surge. my story from feb.,neutral
instant message so jealous okay unhappy but never mind haha bruno can wait final first,negative
bengal's advocate-general jayanta mitra resigns over difference of opinion with state government.,neutral
getting 70k,positive
ram madhav tell,neutral
when will 2ne1 reunite unhappy,negative
biggest problem for paper book is storage unhappy,negative
the ha to re-invent itself,neutral
i just watched this kid from produce 101 who performed chewing gum omoo poor kid bless his soul unhappy,negative
cash cloak for party,neutral
hi! we tried to call your number but got no response unhappy please share another suitable time and an alternate number.. cont1,negative
(leads/trends) 05/70 bjp: 3 cong: to others: 0,neutral
giving away all these souvenir to 5 lucky winners!to enter: follow + rtrolling winner in 48 hold on,positive
i congratulate shri. narendra modi and the bjp on their victory in uttar pradesh uttarakhand,neutral
thanks happy,positive
year old i am commenting on all the new ladylike videos. trust me. not a troll,positive
who in drive to check errors.,neutral
diary item,neutral
say manini chatterjee.,neutral
those night you're sad in real life and cant sleep unhappy,negative
private fear plan to monitor functioning will give local leader a death grip.,neutral
here's the full art for both glyph keeper and his mummy token. for those interested they will be hitting ebay tonig,positive
others launch drive against fake news in france,neutral
thanks for the recent follow. much appreciated happy want this ?,positive
but i want unhappy that look so yummy hehehe.,negative
can you say hi mekisha? unhappy,negative
i miss them unhappy,negative
you're so rude unhappy,negative
share the love you're top engaged community member this week! much appreciated happy,positive
a she opts for over,neutral
bengali get their local again,neutral
damn it isn't available here unhappy,negative
i thought mountain dew in australia had no caffeine and it wa the little energy drink can were caffeinated i will never sleep again unhappy,negative
why the pm may hang out,neutral
you know what really upset me? when a stranger on the internet isn't satisfied with the entertainment i provide him for,negative
government cannot make mandatory for extending benefit of it welfare schemes:,neutral
senior snap are starting to get so sent aw unhappy,negative
hopefully it should be ok happy chart don't look too bad at moment but depends on tide direction,positive
in upright cop ha his son arrested.,neutral
an inspiration in all aspects: fashion,positive
you're welcome thomas happy kim,positive
i work so much better there unhappy,negative
jae celebrating with sheena easton after the triumphant opening night of 42nd street in the west end! happy,positive
jaitley a a finance minister,neutral
another great song have a listen. it good! you may well like it happy,positive
ha agreed to teach the ropes?,neutral
hi ishwar! that's not the experience we want you to have unhappy we will call you for more detail and sort it out! - roshan,negative
115 crore in the same period a year ago.,neutral
keep smiling happy,positive
get a dog. :d,positive
this is great happy,positive
[thinks about how tfp soundwave is forever trapped in the void realm] unhappy,negative
yogendra yadav on the future of india under why get it wrong,neutral
how much? i cant seem to deathmatch you unhappy,negative
it's just got 3 year longer unhappy,negative
that might have cost you $3 a month!!!! happy,positive
yay another art raffle! everything you need to know is in the picture :d,positive
who's selling an army bomb ver 2??? meet up on sad,negative
i miss london already unhappy,negative
have a blast okay. love you!,negative
congress win 77 seat in 117-member assembly,neutral
artist of the line of no control.,neutral
taking up gatka,neutral
love happy,positive
doe anybody out there need any motion design or animation help? if so i am available happy,positive
when commando get homesick,neutral
hijacked indian dhow al-kausar released,neutral
in maharashtra,neutral
how prime minister made himself the man to beat in,neutral
i wish i wa meeting oa again unhappy,negative
i'll keep you awake happy,positive
i'm a joke unhappy,negative
we just reply to his tweets?? like all his other follower do.....this is pointless,positive
he didn't play for a year,positive
india's production grew by 2.7% in january.,neutral
envoy upset by silence of and,neutral
helloo :d braids! (keyrazygirl15),positive
india plan to deport refugees.,neutral
tara,positive
playoff rematch complete! feel good going to world again :d,positive
indeed,positive
cm to prove majority in assembly today.,neutral
suspended,neutral
will check it happy,positive
i released a new video about game genres.rts are super appreciated happy,positive
resistance to in trumpland is nothing citizenry can yet match.,neutral
have a great thursday! looking forward to reading your tweet happy (want this? it's free!,positive
and mag refer kana rin sakanila nice game,positive
this is damn.... there people who sincerely want to attend bh birthday party but bcs of those people who try for fun make them ca,negative
gen secy call on governor ch vidyasagar rao,neutral
definitely my arm unhappy,negative
bantay? unhappy,negative
another mp join camp,neutral
india ready $5bn credit line for a backup.,neutral
trump's order ha parallel in citizenship bill.,neutral
i miss you levi unhappy,negative
sorry guy unhappy,negative
college --for a healthy,neutral
610 crore a against r 1,neutral
jewish nobel for little star,neutral
supreme court order attachment of r 39,neutral
supreme court grant bail to scam accused estranged wife of former union minister matang sinh.,neutral
why grabbing footpath is good business for everyone (except pedestrians).,neutral
the agitation is delayed by 15 days. the trouble will soon come..,neutral
i miss jamie boy and we're both sick unhappy,negative
a friend who would like a brand new strapback hat only 14.99 at,positive
economic blockade won't impact process,neutral
and more. also in epaper.,neutral
thats how it sound like at superbooth happy,positive
new second home coming soon! :d,positive
vocal coach ig post:,positive
whaaaaaaaat!!! you and unhappy,negative
uttar pradesh (leads/trends) 103/for03 55 26 18 others for,neutral
mukul kesavan on how justifies even though it control the machinery of the state.,neutral
beauty,negative
share the love: thanks for being top new follower this week happy,positive
modi criticised,neutral
after law to check private hospital,neutral
payment bank to offer 4.5% on deposit up to rs25000,neutral
hows the quintly trial happy ?,positive
owner told me about it (as in article) smile,positive
full year projected at 7.1%.,neutral
me too...i won't miss the hgvs going past our house though. it wa a nice looking building - had initiall,negative
u.s. attorney preet bharara is fired after refusing to quit. more here:,neutral
gourmet chocolate are special and should be reserved for special occasions. plain mm,positive
if development mean filling up it also mean death of,neutral
the offer still going happy,positive
thank you happy,positive
cong forced to adjournment in pre-noon session over alleged misuse of ed and cbi against opposition chief ministers.,neutral
u clash over immigration; put india on hold.,neutral
to visit today for the 1st time after taking oath a up cm,neutral
spending time with dog or other animal is great at helping you to relax and de-stress. great idea happy,positive
i'm aborting mission now have a nice day though x,negative
lunchtime with flinthook! this game ha so much personality :d,positive
in 7 days: the bjp's 'good dynastic party,neutral
i woke up at 4:17,negative
a peek into fir against leader in case.,neutral
i wa a mess. i went to bed feeling numb it wa awful unhappy,negative
the displayport to hdmi turned up so we back on to screen o/ 5 day to get the dual pc stream setup sorted (lol) :d,positive
good luck happy,positive
leaving out ha weakened travel ban order for muslim,neutral
shoutout to for the donation. look like i'm streaming some stanley parable later happy,positive
i miss my boo so much unhappy,negative
raj bhavan denies report of calling any party to form the government.,neutral
- top engaged member this week happy,positive
i hate people who steal my idea,positive
oh well never liked clay anyway unhappy,negative
and you were there happy,positive
much appreciated happy want it,positive
myth is a good team,positive
but the dub is what i watch for pokemon unhappy,negative
there's always shit like this. there's always people who are less deserving getting ticket,negative
only pure evil people unhappy,negative
minister of pmln are happy like those student who never studied for exam luckily exam got delayed. they'll still ha,positive
a dhoni fan's tenacity,neutral
bypassing highway ban,neutral
india invokes emergency clause to end in pricing.,neutral
thanks for the recent follow happy to connect happy have a great thursday.,positive
i want to explode like a grenade to the point where people will die with me. sad,negative
jyoust a reminder... thank you for this happy,positive
nationalist trend spreads-- tightens rule to shield local job (and keep out indians).,neutral
same unhappy,negative
road,neutral
thanks for the recent follow happy to connect happy have a great thursday.,positive
u guy are not noticing me unhappy,negative
keep being you,positive
flash - ghouse mohammad khan,neutral
great groove to this tune by and .. thinking in rewind,positive
defence partnership,neutral
theatre,neutral
ehh i cant dm you unhappy,negative
chewing in govt office,neutral
bell gone to daddy for to days. work work work for me unhappy,negative
who is the prime minster of pakistan ? nawaz sharif hahahahah happy sorryuncle,positive
did ate jenna just blocked me or what? unhappy,negative
in case for cost ngo a contract for soup kitchens.,neutral
in unofficial ban on dubbed movie is challenged by,neutral
the process of social change is seldom linear or pretty,neutral
mom please stop making cooky,negative
nothing could be better happy,positive
love them! can i get some? smile,positive
anti-terror operation in lucknow's outskirt end,neutral
wowwow these are all so cute unhappy i wantt,negative
a key minister who comment freely,neutral
ip officer on frame-up,neutral
will return to lake next winter?,neutral
presumably mlas' support list,neutral
thanks for the recent follow happy to connect happy have a great thursday. want this,positive
a blaze put the spotlight on grand piece of history that lurk in lanes.,neutral
who want some good vibes? watch this on youtube or tv100 application now for free happy,positive
andhra govt to turn a into a museum.,neutral
=thumbnail uhc= this is my best render ever :dand favs are appreciated brosopinios ?,positive
thanks by ha notice of me greeting : jossetted'hermanni,positive
he wa talking with the girl behind jin unhappy,negative
look awesome annette,negative
your an inspiration to everyone miss jones happy,positive
haven't played fm in a long time. i really should. unhappy,negative
patience,neutral
2010 week 11,negative
thanks for the recent follow happy to connect happy have a great thursday. want this,positive
awesome! make a good nurse maid,positive
i want to be cuddled up having someone do that little back trace thing to put me to sleep unhappy,negative
happy birthday sweet sweet girl! i hope you have the best day ever! love and miss you so much unhappy,negative
i'm one year younger to one year elder to in,neutral
mutual: let's talk more!me: for sure!mutual: happy me:,positive
they are family. it's awful when they go. sorry to hear. unhappy,negative
all! i'm roy dahildahil,positive
extends offer in mobile battle,neutral
go to five below. you can get a decent protective case that's cute for 5 buck happy it's where i got mi,positive
a giraffe spurns it calf,neutral
right i don%27t see how people can just do shit like this,negative
match referee and umpire went by the book,neutral
superstar thanks so much for the kind words! look forward to seeing you soon buddy smile,positive
zac farro is back by the way hehehe so sad jeremy is not unhappy,negative
this is damn.... there people who sincerely want to attend bh birthday party but bcs of those people who try for fun make them ca,negative
spurned by mom,neutral
hyoug me longer than 10 secs. hyoug me even when i don%27t want you to unhappy,negative
i love them with all my hort unhappy,negative
ha it all,neutral
when will you notice me? unhappy,negative
i always knew you woyould like this one better :d hahaha.,positive
so sorry i havent been checking my tweet unhappy we are all here for you!,negative
army block key highway. and civilian are suffering.,neutral
going to see what's about and speak to people that live near to me and see what they use happy,positive
in lawmaker jump ship,neutral
it's just a cut during one of my kitchen experiment happy,positive
u visa worry,neutral
aww i wa trying to cheer you up unhappy,negative
order sale of slice.,neutral
can a man equated with the great leap backwards talk of asks mukul kesavan.,neutral
kp nayar on why failure to repeal is a wake-up call for him.,neutral
peacefully sitting here reading my book after work,negative
pretty happy,positive
now i need a different pinned tweet unhappy,negative
and more. also in epaper.,neutral
if you really want to dye it don't go lighter,negative
pfft- cry with joy oh.. i hope year oldu're okay,positive
a love story,neutral
march 20. plus 15 days. equals...,neutral
cry we're getting vm soon wooo,negative
thanks for the recent follow happy to connect happy have a great thursday. want this,positive
former minister ka senkottaiyan replaces madusudanan a presidium chairman,neutral
how unhappy some dog like it though,negative
check on hospital,neutral
and i can't believe customer service just go,negative
keep key unchanged-- repo at 6.25%,neutral
education ranking throw up surprises.,neutral
double digit ha been controlled; sluggish growth replaced by high growth; war on launched:,neutral
in sushil modi list property chain.,neutral
if anyone need me i'll be on my vent unhappy,negative
nitpicking,positive
at least it's not 80 cad like here unhappy (90 cad with quebec taxes),negative
haryana peasant demand justice for right to cattle trade.,neutral
in bjp could face backlash.,neutral
after bjp claim voter have risen above,neutral
i know.. i really want his rank to rise a lot during tmr's episode but seeing how many tweet about him.. unhappy,negative
that would be a great trick happy,positive
number show.,neutral
dm u happy s,positive
rocks. next question - where is my astro unhappy ?,negative
relatable unhappy,negative
supreme court is told that people not being allowed to deposit note till mar31 a promised,neutral
new video!stream montage - we finally unboxed a spectrum knife :)hope you like it! here:,positive
woot! smile,positive
idea itself wrong,neutral
what result mean for others.,neutral
why will be a smooth affair for today,neutral
it not organicthey'll shoehorn it inbut plot character developmentmcu netflix ha leswhat support,negative
.thanks so much for the rt,positive
joy we should get him back,negative
dgp likely to take final call.,neutral
i don't want to tell fellow comm student because i don't want them to think i'm some kind of suck-up... unhappy,negative
it's hard to imagine anyone but robin unhappy but still exciting nonetheless,negative
thank you happy,positive
say,neutral
mamata's dole,neutral
message from governor of u state,neutral
before anyone else we as hole unhappy,negative
thanks for the recent follow happy to connect happy have a great thursday.,positive
note to self: dont get to attached cry,negative
huhu so lucky unhappy,negative
fear of law's provision may force in private to shun critical cases.,neutral
by noon,neutral
true! khilado kuch unhappy,negative
should have had farnell fursday isn%27t it happy all meet up at tax and pound happy,positive
please talk to me about nct instant message lonely i need to fangirl once in a while okay cry,negative
who want some good vibes? watch this on youtube or tv100 application now for free happy,positive
why you could miss your flight out of bangalore,neutral
vanishing boatmakers,neutral
the email i wa hoping i'd get today,negative
that is super scary unhappy,negative
they have a whole japan tour ahead of them.. one that will be quite brutal on their already tired bodies. boy unhappy,negative
founder admit gmv is vanity,neutral
piyush srivastava look at the stunning victory in,neutral
well,positive
work at 7 this morning unhappy,negative
pil filed in seeking to restrain swearing-in of a chief minister tomorrow.,neutral
help me too unhappy a an early birthday gift huhu,negative
rock fossil in have clue to on earth.,neutral
govt say reliance and have tendered apology for using prime minister's picture in their ad without permission.,neutral
broadcaster say fly away reminds him of early happy,positive
we've invited 24 people to propose vision of the future. jom happy,positive
day,neutral
there wa more history around the than in it,neutral
helloo :d chammy (shamirakay),positive
one year ago today unhappy,negative
bihar extension impact privacy right,neutral
ugh i miss my baby cry,negative
municipal in to be held on april 22: state election commission,neutral
nooo your hair color is pretty,negative
prince baekhyun.....throw me into the dungeon please i don't deserve to see your beautiful face unhappy,negative
update: i got in :d,positive
i wasn't saying i read a book today,positive
india's supreme court shuts highway booze hatch.,neutral
the effect: a batsman get booed for scoring a century.,neutral
say,neutral
must feel like shit when men can stare down the barrel of a bong a they spend their kid's milk money unhappy,negative
but you were going to do it yesterday unhappy,negative
morning,positive
670000 bike,neutral
stephen's test autonomy,neutral
no govt probe yet into video on by army.,neutral
how calcutta's menace wa born -- and is eating up all pavement and footpaths.,neutral
bos is shunted,neutral
my back hurt sad,negative
no one to be deprived of benefit for lack of benefit to continue with alternate mean of identification:,neutral
a pm who hang out,neutral
tell u about happy,positive
my only one cat yang manja sangat and now someone ha took him unhappy,negative
a if this process hasn't been frustrating enough,negative
koala are dying of thirst and it's all because of u unhappy,negative
another day! good morning!! it's april 20,positive
i ordered car yesterday,negative
in stone-pelters miss mehbooba's brother but he get the message.,neutral
why can't risk the slightest smile today.,neutral
go away unhappy,negative
why is life so unfair? unhappy,negative
i would say quite a lot...but hey,positive
twist in case,neutral
malala's oxford entry,neutral
i miss jihoon sad,negative
trop retard sad,negative
we left it all unspoken,negative
pm and australian pm at temple,neutral
mutual: let's talk more!me: for sure!mutual: happy me:,positive
and more. also in epaper.,neutral
supreme court rope in former top auditor to run,neutral
mp sushmita dev's plea to keep out of take wing online.,neutral
i check beautiful news every single day,positive
that would be a great trick happy,positive
what the fuck don%27t unhappy,negative
flash: after supreme court's order,neutral
excited about event next week in bangalore! come happy,positive
thanks for the recent follow. much appreciated happy want this,positive
rbi keep policy rate unchanged at 6.25%.,neutral
l reach raj bhavan in to tender resignation a up cm,neutral
my mom leaving today to go out of town and i already miss her unhappy,negative
amit chaudhuri on and why it is hard to give up the experience of pleasurable pain.,neutral
get for week to reply in case.,neutral
oh my god same! we should attend on some lesson together sometime just kidding hahah,negative
we bought a 523 litre fridge. i am applying for cold storage license in bhayander west :d,positive
i face swapped a cat with a dog and it's really upsetting unhappy,negative
don't like how jittery caffeine make me sad,negative
contact.,neutral
and more.,neutral
perch on the peak,neutral
car sale recover from in all region -- barring east and,neutral
aap govt move sc for setting up 5-judge constitution bench to decide the appeal on hc verdict holding lg a delhi's administ,neutral
navjot singh sidhu sworn in a a cabinet minister of govt,neutral
a 'nationalist' cub threatens to cut off finger of,neutral
trump on immigration,neutral
how scientist saved orbiter from death by eclipse.,neutral
price slashed,neutral
i miss you more unhappy,negative
there only one thing i want to change about you . your last name happy aldubonly,positive
hi mahima! we share your concern unhappy please dm u your contact detail so that we can get in touch for a detailed.. cont1,negative
thanks for the recent follow happy to connect happy have a great thursday.,positive
i suppose they are waiting for you happy,positive
rolled into one.,neutral
my favourite lipstick hilang cry,negative
i want jabee cry,negative
our lovely lunch menu is sure to please! smile,positive
mango,neutral
sharad want gujarat cm arrested for trying to push making meat a communal issue.,neutral
a to tackle less wheat,neutral
in a bjp govt with faces.,neutral
don't do that unhappy,negative
even at $2.17m,neutral
we're you also at our signing session with qian liu jared wright after the last performance of onegin? share your,positive
definitely my arm unhappy,negative
wish you were here smile,positive
my boyfriend mad cute unhappy,negative
mystery over art,neutral
palaniswami win trust vote in with 122 mlas voting for his govt after a chaotic day. earlier;,neutral
attacked in five arrested,neutral
set 1 for 800,neutral
thanks for the recent follow happy to connect happy have a great thursday.,positive
mutual: let's talk more!me: for sure!mutual: happy me:,positive
rbi chief see v for growth rate.,neutral
top bureaucrat is innocent,neutral
got on my favorite boot cut jean and roshe runs. no girl is safe today. have a blessed 4/20 all smile,positive
but no sign.,negative
imagine paying a of rs500 -- in 1863.,neutral
i miss rockys post unhappy,negative
good evening happy,positive
in 7days: secessionist,neutral
sufficient measure,neutral
i wanted $25 million and they were only offering 24. smile,positive
but court grant him bail.,neutral
unhappy how come people like this have child where's the state intervention,negative
you need a direct coffee feed to starbucks happy,positive
2017 at 07:00am!! kamusta? don't forget to eat your breakfast guys! happy,positive
india versus australia is holyfield versus tyson,neutral
any update about the batch 1 of army bomb v2? happy,positive
hakyeon turn 27 soon oh my god no he's still a baby unhappy,negative
be happy,positive
did some warm up sketch of some of my faves,negative
killed in airport by to woman with poisoned needles.,neutral
i just finished gym,negative
let me know! :-)(i'm a champion!!!!!)elder lenore a. artisministries...,positive
happy birthday nimesh!!! happy,positive
definitely my arm unhappy,negative
so many cool game and update release today. happy,positive
after mass bunking,neutral
oh my god what the heck i'm so sorry! this wa one of my favorite a well unhappy,negative
and more. also in epaper.,neutral
cash lock on jnu student and more. also in epaper.,neutral
hi instant message your friend friend lang,negative
lolo bin are you fucking mental screenshot :d haha,positive
doe it have flip out scr,negative
thanks for the recent follow happy to connect happy have a great thursday.,positive
maybe i don't,positive
murder of pune activist fuel fear against revived upa clause in law.,neutral
after outcry,neutral
appeal people to vote,neutral
jaitley say likely to pick up further in coming quarters.,neutral
tulip are my favorite unhappy,negative
shashank manohar quits and how!,neutral
tehmina janjua to be 1st woman foreign secretary.,neutral
and more. also in epaper.,neutral
watch the live stream of fm shri budget speech 2017-18 on the link below,neutral
talking to my over driver about where i'm goinghe said he'd love to go to new york too but since trump it's probably not,negative
her back unhappy,negative
'good thing will happen,neutral
0 motivation to study unhappy,negative
all of the park area in paris are marked a green on google map,negative
scientist in calcutta are tracing the building block of in space,neutral
what text are you doing? happy i've got the same issue!,positive
won't allow barrage on in name of say,neutral
hey,positive
but i can't,negative
the only appropriate one i have unhappy,negative
to win draw for free download of for celebrate with us. developed by for,positive
i'm a building a llvm backend so,negative
retweet this tweet if you want your to be included in the nhc scrapbook!! i'll be making something out of all of the usern,positive
court asks for report on fracas,neutral
moral outrage cannot be the guide when thing get messy,neutral
i really must go see power ranger again. smile,positive
the telegraph published today an article entitled french envoy bet on former colony - bonjour,neutral
administrator named for cricket body.,neutral
no stream tonight! throat is killing me. unhappy,negative
famous sa facebook,negative
hi mr. yen! will you be doing any signing in new york some day? your a great role model happy,positive
you'll be see,positive
i don't think i'll be ever to edit long video here unhappy i'll go try another editing software,negative
no i'm waiting for jail break happy,positive
7-judge sc bench to hear plea of madras hc against justice order staying his own transfer. earlier:,neutral
dipankar dasgupta on and pitfall of,neutral
y'all want me to choke what'd i do? unhappy (,negative
but how about yours? unhappy,negative
sure is happy,positive
i'm very jealous of you all unhappy please go see 18:40 - green room on sat!,negative
definitely my arm unhappy,negative
when your online crush come to the meet-up without their snapchat filter unhappy,negative
3 queen take centrestage.,neutral
i miss temperance brennan and seeley booth so much unhappy,negative
in few tear for father of 3 killed by stones.,neutral
cbi book 12 leader in case.,neutral
sixth spot not applicable team! higher pa! :)kisses thefashionicon,positive
do you want me to follow you back? if you do this tweet and i will. happy only,positive
why the always meet this man when he visit eastern india.,neutral
i seriously thought that coldplay wa going to be band like depeche mode or u2,negative
and more. also in epaper.,neutral
kid versus legend cry with joy,positive
such a lucky slave i wish this wa me unhappy,negative
my heart unhappy,negative
........yeah sure happy,positive
thanks for being top engaged community member this week happy (want this? it's free!,positive
yg should have sent them to mcd. i want to see them holding the trophy unhappy anyways,negative
good morning message never fail to make me smile happy,positive
too bad i can't watch it unhappy that cake is cute and look delicious,negative
i caught a cold. unhappy it seems i've got tired than i expected....,negative
i send people bunny pic,positive
good luck swampy happy,positive
this is damn.... there people who sincerely want to attend bh birthday party but bcs of those people who try for fun make them ca,negative
spending my night talking to my beloved ???perfect.i love you man! happy,positive
and more. also in epaper.,neutral
du's ramjas college cancel event after protest against invite for speakers.,neutral
despair at after research seat are slashed.,neutral
oh no unhappy could you please tell me a little more about your issue? im following if youd prefer to dm. amanda,negative
a little video i made for the love of my life,positive
if you're a champion,positive
bos of india's largest caution against waiving,neutral
what mean to mathew hayden.,neutral
beyond sad unhappy,negative
cram reading unhappy,negative
good morning! i hope you slept well~ happy,positive
why am i better at pen then pencil?dafaqcomoni just want to be a good drawer unhappy,negative
liquor baron declared a proclaimed offender,neutral
what a beauty he scored the other night!! hope we get him too happy,positive
rural planned in to counter azadi call.,neutral
happy 4/20 :)i'm drug free i've never smoked weed before.,positive
governor asks congress cm okram ibobi singh to resign so that process of formation of next govt can be started.,neutral
i love got7 but god i am bored unhappy,negative
aww unhappy i'm on coeurl,negative
roc boyz sad,negative
ha someone contacted jelpi about the issue rn? unhappy,negative
love it unhappy,negative
supreme court give govt a chance to oppose judge appointment on 'national security'.,neutral
my puppy deserves all better unhappy,negative
i waited for you unhappy,negative
ticket available now for the 401 festival of running 2017,positive
i just hope i start getting the 1gb data per day from tonight!! unhappy,negative
thanks for being top engaged community member this week happy want this,positive
poll 2017: polling for first phase begin,neutral
funny happy,positive
modi's gesture for bjp's spot,neutral
aando uandhappy i googled it the other day to read the meandu agaiand and it said it wa a hoax,negative
totoo po? waaahhh may heart!!! heart everywhere happy love it,positive
this is damn.... there people who sincerely want to attend bh birthday party but bcs of those people who try for fun make them ca,negative
clauditte,positive
same unhappy,negative
and this credit also go to ik happy,positive
client work for rt and favorite happy,positive
it's gray outside today unhappy,negative
free market is tops!!! real human right sound great to me,positive
we're also making century,neutral
others: 0,neutral
poll data show still rule the roost in,neutral
damn you both,negative
you might set the whole place on fire.,negative
confession,neutral
anne! happy,positive
thanks for the recent follow happy to connect happy have a great thursday. (want this? it's free!,positive
rt: almightytanner: good evening everyone happy join our twitter party tonight. official tagline:tanner welcomeb,positive
his face look bloated unhappy baby get well soon,negative
take aol instant messanger at,neutral
so,negative
crown india's,neutral
it's such a negative pit of unhappiness,negative
beautiful set,positive
live: british police say there are casualty,neutral
and that's what's important! happy that's what i'm trying to remember.,positive
true,positive
goal of 2017: become apart of with and lose 50 lbsstart youtube happy,positive
sone who cant stream at genie!you can stream for ty at genie! we are still sharing some genie ids. if you want it,positive
oh that feel when you have 10 gem :d,positive
please!,neutral
i will do happy,positive
blessing,neutral
breaking: to go ahead a scheduled,neutral
how lawmaker ticked 3 boxes: supremacist,neutral
govt cut rate on scheme marginally.,neutral
delhi police ha arrested md ajay chandra for not developing a project despite getting fund from investors.,neutral
.i can't believe this hasn't been fixed yet,negative
turnout till 5 pm 68 per cent,neutral
from soup and sandwich to slow cooked pork,positive
british prime minister theresa may say she want to hold early election on june 8: reuters,neutral
goenka's surprise:smith to lead pune,neutral
idea itself wrong,neutral
in class and i'm really bored so why not happy rt for one!! mutuals non mutuals pls don't let me flop ;-;,positive
congratulation my world happy,positive
hc directs to conclude preliminary inquiry within 72 hour and register fir,neutral
trial raise rigging fear,neutral
7 new specie of found in and some are,neutral
well this wa fun. thanks for stopping by and giving me shit tonight fella :d much love. feelsgoodman,positive
i really liked happy,positive
watch union budget 2017 live on abp news 11:00 am onwards,neutral
how bos quit,neutral
protected against tampering/manipulation: election commission,neutral
gentle reminder on our tp guideline happy please read and spread. thank you. happy kiss thefashionicon,positive
the one on the left? i couldn't see it unhappy,negative
thank you unhappy i need a certificate signed from god,negative
pake 3 unhappy,negative
a telecom giant is born,neutral
select from 14 award-winning laura taylor romance ebooks,positive
yes cry with joy,positive
going to ca in july,negative
it would be awesome.,positive
okay i'll shut up now. instant message just mad that lot of people will now have a very flawed opinion on mental health ( on mine) because of this show unhappy,negative
we would love to have you a a guest on podcast sometime!!! only 15 minute smile interested???,positive
today: congress vp to address rally in gonda,neutral
and so is an art form.,neutral
the problem is only affecting webmail itself. accessing email from other application work fine happy ^mkl,positive
24-20 unhappy,negative
great night! hope you enjoyed the strip club after happy thx for photo,positive
there will be more figure happy,positive
wtf?! where's the what is this boring show that's on?! when did this happen?? this is what happens when i close all week. unhappy,negative
made dinner for two tonight happy,positive
look how big i've become!,positive
thanks,positive
mohandas pai back murthy against coo pay hike.,neutral
only pure evil people unhappy,negative
a huge thank you to all the within the social work care sectors! keep up the great work happy,positive
happy anniv ming and papi!!!!! love love happy,positive
ikr!! unhappy oki welcome sam,negative
yg should have sent them to mcd. i want to see them holding the trophy unhappy anyways,negative
he can't leave u unhappy,negative
delivering the conservative message of strong stable leadership. happy,positive
can you do that when player kill you. then the player rank would show up. happy,positive
bengal in a fix over bars: pay for repair,neutral
thanks for being top engaged community member this week happy - i sent this with,positive
all eye on a governor,neutral
india mull auditor to check misuse of,neutral
i want to cry unhappy,negative
bram stoker. can't wait to show you in bronze soon. happy,positive
hello i am getting cyber bullied by do something about it unhappy,negative
with the help of made these sent starter for p1q3. open to suggestion on how to improve happy,positive
case for bat and more. also in epaper.,neutral
wow this is amazing but i won't be in the country unhappy,negative
friday after the conference some of u will go for dinner to favourite smile,positive
daddy dearest,neutral
on heartland lab.,neutral
11 against. earlier:,neutral
instead of just money,positive
damn... this just sucks! unhappy,negative
a couple more unhappy,negative
and more. also in epaper.,neutral
hi ashish! we tried to call your number but got no response unhappy please share another suitable time and an alternate.. cont1,negative
feeling bad unhappy with 89 others,negative
jyoust hyoug me,negative
it hurt me to see him so sad unhappy you don't understand i have to do this. if i don't kill you,negative
ah awesome! pixel art stuff by any chance? happy,positive
how sword-wielding procession left gaping.,neutral
manipur assembly election result live: congress ahead in 6 seat,neutral
sydney tomorrow,positive
oh mince unhappy,negative
thanks for the recent follow happy to connect happy have a great wednesday. want this,positive
guy please help me retweet unhappy,negative
at balagarh in the dying art of,neutral
typingcure,positive
want to win a pet chick happy simply follow retweet for your chance to win! winner will be selected sunday 23rd. go,positive
so,neutral
shameful,negative
much appreciated happy (want this for it's magical!,positive
nephew held in question-paper scam.,neutral
gippy grewal will be online on twitter at 3 pm,positive
art of living's fight back over yamuna floodplain damage,neutral
thanks for up-voting u on ph happy,positive
this is damn.... there people who sincerely want to attend bh birthday party but bcs of those people who try for fun make them ca,negative
small fishie died unhappy,negative
go back to school for music! i think i will in time happy,positive
i prefer it to sharm - enjoy it happy gouna 20km away is also quite nice - honestly anywhere away from crazy cairo is,positive
nadu governor invite edappadi k to form government at the earliest.,neutral
june 5 - june 16 unhappy,negative
rahul say afraid,neutral
feel like i shoyould be telling you to get the fuck out social medium byout also feel really mean because unhappy silence love yoyou hope yoyoure okay,negative
thanks for the recent follow happy to connect happy have a great thursday.,positive
calcutta hc judge c s karnan fails to appear in sc in connection with suo motu contempt proceedings.,neutral
dude,positive
pierce like a bitch unhappy,negative
omg i see why you don't drink alcohol haha so glad your having fun all you guy ! wish i,negative
thanks for the recent follow happy to connect happy have a great thursday.,positive
i am sad to report that the robin egg my mom found in the yard after a storm ha been taken off life support. poor thing is too frozen unhappy,negative
it's been a year haha unhappy,negative
look like somethings i will ignore xd kart racing when? unhappy,negative
i want to hang out with them unhappy,negative
much appreciated happy want this ?,positive
i have bronchitis i love that happy,positive
yes! with subtitle only happy,positive
this resort is hosting 120-odd lawmaker now in camp.,neutral
and more. also in epaper.,neutral
it's been so much fun and i absolutely love the kids!! don't want it to be over so soon unhappy,negative
i'm job searching and got none so:(buthedonism i got in abundance,negative
and more. also in epaper.,neutral
tell,neutral
not really i am a labour supporter and am actually quite glad happy i mean how much did he claim in 2009 fuck off,positive
govt spark traffic chaos with plan for grand gate in,neutral
a race hots up,neutral
suspect in attack nabbed in,neutral
yogi vow to work for all.,neutral
indian govt draw goat parallel in case.,neutral
everyone from getting punched :d,positive
you know exactly what i'm talking about happy,positive
in india's protected forest have it all planned out,neutral
mukul kesavan on 3 d,neutral
congrats winner :d and it's eyounji you did well my girl,positive
this is jimin to yoongi unhappy,negative
match versus gut feeling in modi's dig at supreme court act on and more. also in epaper.,neutral
what to men said when cop found carcass in car boot...,neutral
va astept la acest eveniment! :)next events:,positive
and more. also in epaper.,neutral
don't be buffalo unhappy,negative
after break with russia,neutral
guy please help i tried to smoke some lettuce earlier but now my salad is ruined unhappy,negative
bmc,neutral
i'll be a strong a i can but it's hard unhappy xxx,negative
when will you go here in batangas? sad,negative
much appreciated happy want this,positive
hey,positive
hellooo happy xbox adhatter (xboxmadhatter),positive
leadership and more.,neutral
and more.,neutral
ohh yeah and we had sausage with our pancake happy x,positive
koala are dying of thirst and it's all because of u unhappy,negative
sap did you also use,positive
koala are dying of thirst and it's all because of u unhappy,negative
i'm hungry unhappy,negative
and more. also in epaper.,neutral
also please send prayer and sympathy because my favorite ball dress doesn't fit my boob cry,negative
life term for prof saibaba. and more. in epaper.,neutral
there're time shinhwa do/did something,positive
at 11am.,neutral
oh my god it's raining where i live too cry with joy and stop omg i wanna cuddle him now,positive
hitch ride for final unhappy,negative
yes,positive
6 injured,neutral
take off for aerobatic display at inaugural,neutral
britain to trigger brexit on march 29:,neutral
| chief press conference to begin shortly. stay tuned.,neutral
fest sans pak voice,neutral
abc news got ahold of me and asked if they could use a few second of my coming out video for a transgender special this f,positive
we don%27t talk anymore like we used to do unhappy,negative
260 for bare metal rs29,neutral
i'm trying to stay positive but i can't help be jealous of princess mia's life. all she doe is cuddle and eat unhappy,negative
this is damn.... there people who sincerely want to attend bh birthday party but bcs of those people who try for fun make them ca,negative
slight buzy kasi besh unhappy,negative
and sing the song of the sullied.,neutral
i still cant unhappy,negative
seems you like my black lingerie picture then happy,positive
these are for happy,positive
exactly same in wa thinking.. unhappy,negative
mystery over data,neutral
in village,neutral
thanks for the recent follow. much appreciated happy get it,positive
say,neutral
guess who's not getting a unicorn frappuccino because they're sold out unhappy,negative
bench to appear before him.,neutral
vc say law will take it course if occupation of adblock doesnt end despi,neutral
govt seems to have slipped in an in budget2017.,neutral
half of the time it doesn't load,negative
thanks again for notifying us! we have updated our add-on plan accordingly happy,positive
mutual: let's talk more!me: for sure!mutual: happy me:,positive
haha mate it all good i love a debte i just wished the center,negative
so upsetting the abuse these kid get unhappy 3,negative
seokjinie went to everland today~ i guess he forgot that he's an idol,positive
narank 1 ako bcos of yoyou. can you please congratyoulate me even if it already late? unhappy,negative
govt to go after militant with 'utmost harshness',neutral
pakistan's 1st woman foreign secy,neutral
thanks for the recent follow happy to connect happy have a great thursday. want it,positive
oh boo,negative
we've been selected among the top 20 social medium blog,positive
the sun is shining happy,positive
it wa the day of left-arm turner,neutral
talking to my over driver about where i'm goinghe said he'd love to go to new york too but since trump it's probably not,negative
val and reggie had more screentime riverdale wouldn't be half a bad a it is happy,positive
if school ha taught u anything,positive
join u this saturday to celebrate our earth by planting seedings! head to our fb page for more information. happy,positive
laughing out loud so cuteee happy,positive
i can't wait to actually see a copy smile,positive
after violence,neutral
facial happy,positive
today: pm to address a rally in imphal,neutral
this is jimin to yoongi unhappy,negative
what jharkhand body ha been doing to upgrade pitch for test.,neutral
am bored and kandowiandg i have ando plaands for today is makiandg me eveand more bored unhappy,negative
i've just wrote 30 tweet about but still didn't notice me cry,negative
something is really wrong. i should be spending my day naked on a beach in the hot sunshine. not working in the cold in king's lynn sad,negative
just photoblogged! happy re-using old location,positive
let me know if you're up for that happy,positive
why did she delete the tweet,negative
how tm krishna took beyond fixed format,neutral
thanks for the recent follow happy to connect happy have a great thursday.,positive
.thanks happy,positive
i want to be mutuals with you so bad unhappy,negative
.- layout- btob happy,positive
or shit for short :)*thanks to my friend maddy over at,positive
virulent and more. also in epaper.,neutral
so excited for ball to start smile my baby is in minor b and i absolutely love watching them play,positive
thanks for the recent follow happy to connect happy have a great thursday.,positive
thank you mama bear! ang ganda mo happy,positive
have a great thursday! looking forward to reading your tweet happy want this ?,positive
secessionist in and the next generation.,neutral
a memorial get a list,neutral
will be a blessing tomorrow happy keep your faith stirred up each day!,positive
reliance's promise free voice call roaming for 1 year... and with cheap,neutral
yes instant message sad cry,negative
easter ha flown unhappy i'm not ready to give up home luxury like branded cereal,negative
to ask questions-- and get to spend 6 hour with cop (but no answers).,neutral
check her as:,positive
i wa thinking the same. our i know is so cute happy,positive
city of no palace,neutral
no break and a first practice exam happy,positive
in a bahu make a demand.,neutral
minister of pmln are happy like those student who never studied for exam luckily exam got delayed. they'll still ha,positive
polythene in all government office in,neutral
give a trial run for to month,neutral
indian medical body moot for handling after successful trial in tamil nadu.,neutral
supreme court restores bangalore trial court verdict holding and others in corruption case.,neutral
i wa thinking about how i don't want to go to school and i'm suddenkyfeeling good happy,positive
good news from it seems are thriving at valmiki reserve.,neutral
hi carlo! i'm okay nmn. howdy? happy,positive
why calcutta's are learning... chinese.,neutral
why want paper trail in elections.,neutral
army chief's word ring in pellet-hit boy's ears.,neutral
policeman,neutral
i'm just really soft spoken unhappy,negative
they stopped having them when they got rid of the toy surprise at the bottom unhappy,negative
scene from drama,neutral
if it's spring,neutral
1 short of two-thirds majority.,neutral
doe not matter,positive
a nice morning working from today. lovely atmosphere,positive
garg rapped for post,neutral
i swear sometimes it's cool to break some mutuals happy,positive
the road and traffic sign section of theory revision is such a myth unhappy,negative
im just having one of those day where instant message like,negative
facebook,neutral
jungkook look like he give the biggest and warmest hug unhappy,negative
thanks for your feedback! it' just the starting phase,positive
see the next tweet! i did about 5 different thing while keeping very calm,positive
who hacked me unhappy,negative
test autonomy waters.,neutral
no serious concern regarding india captain 's shoulder injury,neutral
modi had tested water with letter to on,neutral
congratulation david! well done mr v! welcome jessica! happy,positive
we all do unhappy pizza in taiwan! it like a swift,negative
i can't do it all on my own. (see what i did there? ),negative
judge block trump's ban --effective nationwide,neutral
unhappy sure,negative
thanks for the recent follow happy to connect happy have a great thursday.,positive
urban growth threatens kidney -- that are world's largest waste recycling system.,neutral
ailes sure knew how to make a great network! fox is going downhill wi,negative
will strike at decodes draft order.,neutral
guess who's not getting a unicorn frappuccino because they're sold out unhappy,negative
subir bhaumik on how ha cast a shadow over india's tie with,neutral
generation to generation,neutral
this happens all the time! unhappy,negative
i am perfectly happy being single .. until i see a happy couple :(kisses thefashionicon,negative
ugc extends funding scheme for,neutral
tell,neutral
3 switch to selvam's side.,neutral
suuuuuuuuss scared cry,negative
whaddup. me too cry,negative
militant attack in kashmir's shopian district,neutral
bill nye answer science question from twitter | wired,positive
india's air pollution,neutral
open entertainment tv market to,neutral
and more.,neutral
when will you notice me? unhappy,negative
sister cyril came to our school once happy,positive
my story on a 100-yr-old treasure from streetsmart bengal (,neutral
yogi adityanath or keshav prasad maurya,neutral
take custody of 3 accused from bhopal police,neutral
aww hating that i got sponsored,positive
gott happy,positive
it wa a captain's knock,neutral
the latest lacked an economic philosophy,neutral
one of my faves too unhappy i'm tying to get it up on vimeo so you guy can still watch it x,negative
i stayed 3 hour on the phone with ad my bubbyyyyyyy i miss her unhappy,negative
and more. also in epaper.,neutral
keep 36 portfolio for himself.,neutral
on epic migration campaign that ended it slaughter in pit stop.,neutral
no more good conversation here unhappy,negative
indian heft for pope,neutral
i had but i have just seen the email. so good :d,positive
the tick-tock brotherhood that keep calcutta's old running.,neutral
i'm sooooo sleepy unhappy,negative
then that's no living at all,neutral
attache 42 asset worth crore under the new,neutral
definitely my arm unhappy,negative
why i didnt save it happy going to re-color again the,positive
157 day to go happy,positive
and more. also in epaper.,neutral
home truth,neutral
effigy burn on jnu strike after 84% research seat cut and affirmative action junked,neutral
akhilesh to meet newly elected sp mlas today,neutral
murderer at large,neutral
hi stefan :)i am pretty confident this is isolated case and i would be glad to help with it.could you dm me,positive
ps4 mate,negative
friendly fire to wing tour unhappy,negative
i sincerely hope not too many priceless antique were destroyed. reg,negative
rehearsing for and more. in our guwahati epaper.,neutral
dm u happy s,positive
just win at weekend and it will be a late gift,positive
that wa a fun night! sorry i missed last night unhappy we really need to sync our calendar with and,negative
close shave for passenger of and plane at delhi airport.,neutral
naeem bokhari says... mian ha gone !! are so cute nb happy but n is ugly evil.,positive
thanks so much for following us! we'd love to know what you think of our flooring range happy,positive
gandhi champaran,neutral
a dying language,neutral
i'm surprised you don't use an adblocker! happy,positive
please read unhappy,negative
cong to boycott pm in parliament over raincoat remark; will coordinate with other party,neutral
scrap pension yojana. cycle track may also be broken,neutral
let alone for free!),negative
happy birthday,positive
i hate when my mom ask so you going or no? bc then i want to stay home but i missed too much school already unhappy,negative
one by one allah ease my problem . lot of thanks to him cry with joy,positive
i just wanted to say thank you for following me,positive
take a look at favourites.io you can do this and more happy,positive
how not to bore your friends).,neutral
somali grab indian with 11 crew members.,neutral
koala are dying of thirst and it's all because of u unhappy,negative
no worry happy,positive
thank you so much sir happy please watch the film and call me happy,positive
please take all the rest you needwe love you so so much :(i hope you feel better soon sunshine!,negative
and give one to every student and myswlf happy,positive
why a bicycle and not a cm asked. his officer learnt ground reality -- and a dip in a river.,neutral
on extradition warrant: scotland yard.,neutral
not surprised that i have the least amount of follower out of the whole cast sad lol,negative
polling underway in 40 assembly seat spread across 7 district in seventh and final phase of,neutral
alaye give me iphone7 or dollar for my birthdaydo normal abeg,positive
can you pm me ? :d,positive
don't mention it! :d,positive
not clear right now. speaker to decide....,neutral
thank you! happy,positive
playing with the photo editor happy,positive
pretty much only the twitter and it doesn't really work out for me sad,negative
how ha strengthened a sense of belonging among calcutta's,neutral
i'm still in my bedroom and scared of going out happy,positive
love your tweetability! we'd like to reach out to with an opportunity! could you hit u with your email happy,positive
i only just absorbed that i'm not going to get to laugh when he get 2000 votes. unhappy,negative
only take season 9 off,negative
zabardast,negative
begin in 51 assembly constituency spread across 11 districts. all eye on,neutral
sita's birthplace,neutral
thanks for the recent follow,positive
hi ! i want to speak to you about a business partnership. happy,positive
this is so me though,negative
thanks happy,positive
minute yoongi~watch 'til the end for a free cookie happy,positive
going to go meet andrew for lunch now but i'll be back at to or to :30,positive
sonia sarkar on how nationalist study are sprouting across campuses.,neutral
some of it men have friend across border,neutral
and this tweet made me cry!! cry,negative
it been a good day hey. happy,positive
with 22 in support,neutral
in 7 days: kashmiri indignation,neutral
theme village on or a sanctuary?,neutral
both look so so good at there current clubs. shame they never cut it in the pl unhappy,negative
editorial: why mayor cannot be trusted with the,neutral
how do we book the car service for the sward tommorow :d,positive
govt proposes limit of r to lakh on down from r 3 lakh a proposed in,neutral
20% off all knight day jewellery end this sunday-why not pick up something nice for,positive
super unhappy,negative
recipe skills.,neutral
wowwow these are all so cute unhappy i wantt,negative
rival govts unite to act against sex-determination tests.,neutral
i need a car unhappy but no car unhappy poor me unhappy,negative
this never happened with our happy,positive
increase ordered in for workers.,neutral
all arrangement made to ensure free fair election: cec (f,neutral
good morning i had a nightmare and i'm still wondering why maddie hate me. this is only the beginning of the day unhappy,negative
controlling and more. also in epaper.,neutral
sixth spot not applicable team! higher pa! :)kisses thefashionicon,positive
a wage hike,neutral
how modi won up,neutral
admission of defeat in kashmir,neutral
india's to go in 6 months.,neutral
this is what life is about. enjoy happy,positive
fm to table today in,neutral
no supporting any activity that is violent...against the law: ram madhav.,neutral
did just bring into the sharing issue?,neutral
what supreme court said about welfare scheme and proof.,neutral
yes you had smile,positive
haryana's have called off march to and siege of parliament.,neutral
thanks for the great review! smile,positive
so precious i really miss him unhappy,negative
you had load of toys. all i had wa a sweep hand puppet and the bastard lost it squeak! unhappy,negative
congratulation very impressive happy,positive
7% voter turnout in kashmir's re-poll,neutral
a village cry for a bridge,neutral
instant message still hoping unhappy,negative
hi,positive
modi's bug,neutral
telecom operator will acquire the business of telenor india in all seven circle where it hold spectrum.,neutral
i know i'm not ready to say goodbye unhappy so,negative
lotus garden dream,neutral
u4v9rr i wish i had noted the gentleman's name unhappy but if you find out who he is,negative
amulya patnaik ha been appointed new delhi police commissioner. patnaik is a 1985 agmut cadre ip officer.,neutral
no sign of garry barlow yet sad,negative
the girl in front of me wa,negative
right i seriously need a decent butterfly tattoo design,positive
including police in attack near uk parliament; cannot confirm number.,neutral
big story: african envoy slam indian govt for not condemning gr noida attack enough; say no visible,neutral
please let me meet taehyung hiks cry with joy really hope i could win.this is my first cover,positive
i'm not lost,positive
69% polling till 1pm in,neutral
have you smiled today? never forget to smile happy,positive
you kill me cry with joy,positive
swapan dasgupta on why must assess on the basis of national self-interest.,neutral
why do people abuse animal unhappy they're so loyal,negative
and gst is the brain child of our modiji happy perfect!,positive
ngomel cry,negative
thanks for the retweets this week. much appreciated happy want this,positive
dealer said load of car were returning due to disabled losing them sad,negative
walks; leader bow before the 'nayak'. my story,neutral
in up ministry,neutral
co,positive
trump national security adviser flynn resigns in controversy over russian contact,neutral
state rename road to duck ban on but top court won't step in till after summer break.,neutral
how to law officer did their job,neutral
i miss louis' tweet unhappy,negative
on moral ground this verdict is in favor of pti happy becoz to out of 5 judge clearly mention that our pm is...,positive
i love him cry with joy,positive
sunanda datta-ray on the journey from light to,neutral
demit the gocoh game is real cry with joy,positive
bengal law that single out may keep out investor -- and critical cases.,neutral
security on border put at risk by trade.,neutral
ram guha on how money and criminal got into in india.,neutral
livid.,neutral
by-polls: retains kanthi dakshin,neutral
thank you crew happy,positive
breaking: supreme court convict in disproportionate asset case,neutral
but i'm a bit rusty now! unhappy,negative
damn ify ate unhappy,negative
facing arrest warrant,neutral
nmd r2's so ugly unhappy,negative
at least in my case it ha not yet completely broken tho,negative
i don%27t know doesnt seem fair to me..two against one happy,positive
baby unhappy (bett,negative
we don%27t talk anymore like we used to do unhappy,negative
for my 2000th tweet i'd like to say i love donghyuck :d,positive
this wa awesome-- ha two fill-in this week happy,positive
stats for the week have arrived. 1 new follower and no unfollowers happy via,positive
mmmmm i guess your not getting much acting work these days? you have too much time on your hand unhappy,negative
my mom know the struggle of this drystreak i'm on unhappy,negative
amit roy on how maneck dalal launched international.,neutral
will there be a new amazingphil video today? happy,positive
base unver ajalah minahaes unhappy,negative
can't defend it digital asset from,neutral
mp incident,neutral
snap,neutral
live: ruckus in assembly over 'secret ballot' demand,neutral
a visit to retracing trip.,neutral
so precious i really miss him unhappy,negative
thanks for the recent follow. much appreciated happy want this ?,positive
to decide on new legislative party leader future course of action. will also,neutral
13 reason why producers: we care about youth mental health :)13rw producers: *show young audience graphic rape and suicide s,positive
noted on this sir,positive
bajaj call bad idea,neutral
sir ash ketchum and princess may. happy,positive
prabhat patnaik on why ha been a monumental,neutral
why should only private doctor face punishment?,neutral
how is going against the wave of transparency in,neutral
this is damn.... there people who sincerely want to attend bh birthday party but bcs of those people who try for fun make them ca,negative
my honey unhappy,negative
ha unhappy,negative
mager unhappy,negative
to know about the safety feature of watch special interview with dr. ajay bhushan pandey,neutral
you can have mine and i'll take the iphone. i'm switching back when my contract is up... in a year and a half unhappy,negative
isn't it terrible that we live in a world where we have to address anticipated criticism of our thought first? happy,positive
a day ahead of confidence vote.,neutral
follow u to dm/ mail to ttwebonlinefeed release to any of 3 aggregator on our site under press release,neutral
last retweet about happy,positive
3 d -- (doctor),neutral
make them feel that you are there to listen to their problem,positive
thanks happy,positive
hellooo happy kt bear (ffabear),positive
this is jimin to yoongi unhappy,negative
but i liked seeing her post and love her wri,negative
why are you whimper at me?,negative
i love you i guess happy,positive
order what ever you want to eat through our website.may you all have a great day happy,positive
ikr. i would have trauma if i ware him unhappy,negative
friendly reminder that you can enjoy a movie or television show without having to trash another happy,positive
tension over visit,neutral
amazing work :d,positive
what to do when you are feeling bad - buy a new book and get engrossed into a new world happy,positive
convoy attacked on parimpora-panthachowk bypass in police,neutral
say source,neutral
pak pm survives removal scare,neutral
i'm all fucked up right now unhappy,negative
i would love to win these gorgeous nail polish :d! aren't they cute,positive
top retweeters this week,positive
thanks for having me!! :d,positive
congratyoulations harry!!!!! been with you since fifa 13!!!! miss yoyour younboxing video unhappy,negative
sunanda k datta-ray on why political ethos must be faulted for the racist attack on students.,neutral
fuck. tried changing my setting but still in india. unhappy,negative
try hacking india's election commission challenge all.,neutral
last day of the camp tomorrow,negative
i have tested all sweet dish but they are not a sweet a my lover lip :)marvoree magpasikatonshowtime,positive
aw younhappy i miss you too,negative
i left my headphone at home unhappy km,negative
never give up on the thing that make you smile happy,positive
thanks for the recent follow. much appreciated happy want this,positive
who drafted challenge to high court order in case,neutral
house adjourned till 3pm.,neutral
what sushma forgot in racism sermon: modi,neutral
nashri tunnel: pm to inaugurate india's longest road tunnel video:,neutral
it really is uplifting and inspiring,positive
7 in car crushed under tanker carrying molten tar.,neutral
watch top 10 news of the day video:,neutral
crocs in and more.,neutral
top officer speaks up against how innocent are victim suffer.,neutral
a mutiny: it's versus sasikala.,neutral
a test of politics.,neutral
- thanks for being top engaged community member this week happy grow your follower with,positive
physic will have 80 formula to memorize ha.ha.ha happy,positive
african hunt in noida,neutral
should i stay ? should i go ? nobody know happy,positive
thanks for the recent follow happy to connect happy have a great thursday. want this,positive
earlier happy,positive
is grilled,neutral
sloth are great? so it's a good un-unthinkable picture? have i dug mysel,positive
and more. also in epaper.,neutral
a question for america,neutral
hello everyone,positive
every time meredith ha flashback of derek shepherd i can't hold back the tear unhappy,negative
venue and audiences.,neutral
ok. just please read the reply on this....,positive
share the love:thanks for being top new follower this week happy want this,positive
i have to wake up at 4:30 tomorrow so my body's gotten a head start by waking up at 4:30 every day this week unhappy,negative
fat as girl fat fetish760 hot video online,positive
this look awesome! id love to see a vn like this :d,positive
model for modi,neutral
there we go again smile,positive
thank you happy,positive
ministers: transport minister nitin gadkari after cabinet meet.,neutral
exaseetly what's happening in tn politisees. this is not to get bjp at all to tn. game is different. again,positive
go kisses!!... i know you can do it..,positive
u.s. loosens curb on re-entry by green card holder,neutral
i should do aegyo because i lost unhappy,negative
good cry with joy i love you so much,positive
40,neutral
true unhappy,negative
share the love you're top engaged community member this week! much appreciated happy,positive
i think i'm going to check out even though i hear it's not a good a ue4 i believe it might be cool to tr,positive
i really feel for that lamp unhappy,negative
how won the trust vote 122-11.,neutral
gutka,neutral
south korea's constitutional court upholds president park's impeachment,neutral
supreme court want to know if exchange of note ha been stopped before march 31 deadline.,neutral
my new video for happy i hope you like ithappy,positive
a learns to follow rule,neutral
hellooo happy pixelsavage (pixel_savage_yo),positive
i'm grateful to my mom for giving birth to me and not abort me cry with joy,positive
thanks for the recent follow. much appreciated happy (want this for it's magical!,positive
cm demand conducting mcd poll via ballot paper in place of evms,neutral
thanks for the recent follow. much appreciated happy want this?,positive
thanks for the recent follow happy to connect happy have a great thursday. want this,positive
blessing your first day of april happy,positive
jyoustinbieber can you please follow me on daianeryoufato i've been trying for too long unhappy i love you so much baby! xx (april 20,negative
dr kunal sarkar on how cartel have been ripping off patient in,neutral
bby unhappy your emotion,negative
deep scratch ;_;all the paint is gone you see the bare metal. so it need to be fixed to avoid getting a rusting car soon unhappy,negative
so? sad,negative
wife were split over coo,neutral
someone should bring me breakfast to work unhappy,negative
thanks for your articles. b,positive
you know that the problem still exist :d,positive
stirring of cold war,neutral
we will be never ready actually happy idhuellam dialogue ku dhan othu varum..,positive
it must be a varsity,neutral
fund for poor student dry up.,neutral
definitely my arm unhappy,negative
well that's not good unhappy,negative
thanks for the recent follow happy to connect happy have a great thursday.,positive
in racketeer backed by politician prevent legal by govt licensees.,neutral
after 23 year,neutral
how theatre festival got muffled.,neutral
india's opaque law,neutral
it's not cassandra cain. unhappy not sure i want to watch batbuffy. batwoman would have been more interesting.,negative
prettier 1.0 is not the end. i just released 1.2.0 that fix another batch of edge case happy,positive
but not your career. unhappy,negative
activist is killed,neutral
mystery over effect in data.,neutral
i miss minmin cry,negative
byron in 3 week,positive
true! u can waste a day in social medium and reading websites. on the other hand,positive
i'd say :d,positive
i keep waking up in the middle of the night sick a shit. unhappy,negative
want cisf presence,neutral
nine injured: cpro north central railway.,neutral
tw: s assaultactually horrified how many friend of mine woman i talk to have been sexually assaulted in past. just found out another unhappy,negative
dm u happy s,positive
go back to school for music! i think i will in time happy,positive
cloud over and more. also in epaper.,neutral
thanks for the recent follow happy to connect happy have a great wednesday.,positive
supreme court refuse to stay cbi probe into sting in which several leader were allegedly caught on camera taking money.,neutral
limit on cash withdrawal from bank account and atm - restoration of status quo ante,neutral
leander and mahesh get away,neutral
i want to make waffle unhappy,negative
china caution over visit to arunachal pradesh.,neutral
speech-to-text doesnt understand my accent or irish name unhappy,negative
i'm so sorry to see your tweet unhappy please could you dm your address details? i will look i,negative
ravel morrison unhappy,negative
what industrialist did when asked them a question on,neutral
premier calcutta ransacked over death,neutral
shri arun jaitley shall be assigned the charge of the ministry of defence,neutral
the tutorial of michel grundstein distinguishing information from knowledge.. will start at 15pm. be here happy,positive
tete-a-tete with a former president,neutral
how to stop (and loot) a express with just a coin.,neutral
i can't access my school email from any web browser unhappy yet i have so much homework for all my subject on there,negative
the untold love story of and ayesha mukherjee.,neutral
foreign journalist in north korea gather for 'big event' amid tension,neutral
client work for rt and favorite happy,positive
to explain.,neutral
when it come to prey,neutral
what did he say i'm at work unhappy totally made my day though,negative
india's old tie with should continue to be nurtured,neutral
i feel like the 'only environment disable people' argument actually excludes many disabled people,negative
on snapchat happy,positive
sanjiv goenka tell,neutral
oh jeez. i didn't even try taking a crack at it because i expected the build to be so bad,negative
i hate losing online friend unhappy it's cruel when people deactivate unhappy,negative
france's group buy brand from birlas.,neutral
minister,neutral
i love my six pack so much,positive
and more. also in epaper.,neutral
seem i want to drop this account to wuhyungwon unhappy,negative
thanks for sharing my iris photo. i really appreciate it smile,positive
know the name of who can possibly be next up cm video:,neutral
after a a question: were banking correspondent coerced into switching old notes?,neutral
kp nayar on how tension have crept into tie over,neutral
and shopping directory,neutral
aha it's okay she's going to be on rough night happy,positive
damn that's unfortunate for them unhappy,negative
firing underway,neutral
get this to 150!!,positive
coming soon to a screen near you.,positive
on our way home happy happy si noah sa skyranch,positive
major waffle craving right now sad,negative
thanks for the recent follow happy to connect happy have a great thursday.,positive
teaser coming out today at 4pm!story,positive
fuck unhappy,negative
c'mon tweeps,positive
i welcome you to germany then. i have no authority to welcome you in the other country though! happy,positive
india urge to talk to,neutral
trump repeal obama-era broadband rules.,neutral
lok sabha adjourned for 3rd time till 1.50pm a opposition uproar over leader tarun vijay's remark continues.,neutral
52 injured a jabalpur-delhi train derails near half train carry on after delay.,neutral
this baby at calcutta ha died.,neutral
ed find leader chhagan bhujbal's connection with shell company after conducting raid in and,neutral
this is jimin to yoongi unhappy,negative
share the love: thanks for being top new follower this week happy get it,positive
instant message still bored unhappy,negative
why you should shun water at beaches.,neutral
a menu for judge,neutral
a7atein because one 'a7a' just isn't enough ({}) :d,positive
and he said it silence in morgan freeman's voice happy,positive
mm too had cried racism while oz wa probing indian attack,neutral
thanks brother,positive
talking to my over driver about where i'm goinghe said he'd love to go to new york too but since trump it's probably not,negative
after 15 year,neutral
this make a great point,positive
me to self: don't buy that.also me: but i'm a furry unhappy,negative
a perspective on strife.,neutral
fake exit poll result are being circulated using abp news' brand name. we want to clarify that we haven't aired any exit piss off,neutral
10 year,neutral
thank you for 2k like on my banner project happy,positive
here's one of my roll of 'poundland' film! (a store that sell all product at 140.) and here's the dx d,positive
i know. happy,positive
$es_f $spy bull are just relentless happy some setup i like today,positive
i miss the 7/27 costume unhappy,negative
naming game,neutral
had chopsuey before that unhappy laughing my as off humble feed are always the bomb!,negative
red velvet too unhappy,negative
how lost it deposit in rajouri garden stronghold.,neutral
i won't be on till later! unhappy,negative
take it home to...well,neutral
it texting without looking :)kisses thefashionicon,positive
beetle from grip litchi crop in,neutral
fl design done by me inspired from fl hopyou you all love it,positive
nick? might he deliver when the time demand it. story of his life -,negative
follow to a saga diary and a year's worth of saga pen :)tcs,positive
sone who cant stream at genie!you can stream for ty at genie! we are still sharing some genie ids. if you want it,positive
have a great day everyone happy,positive
nothing is ever a it seems. what look bad today,positive
no from now on car of pm,neutral
rt quote with your name for a calligraphy of it happy i'll try my best to make it pretty!! non mutuals/mutuals (ifb) fl,positive
we finally got jinyoung to wipe it for jaebum himself but their precious son block it for the world to witness it,positive
so sad unhappy,negative
arrived on the back of a little tipper lorry smile,positive
say manini chatterjee.,neutral
helloo :d kesh (mzkeshnj),positive
but i think you'll do better than me happy,positive
unfortunately,negative
long time no chat sad,negative
your system doe not recognize space in last name so for 2nd time unable to check in forced to wait in unnecessary line unhappy,negative
where are you now? happy,positive
manohar sworn in a chief minister of,neutral
a petitioner wants.,neutral
22 is old unhappy,negative
sangh put up show of strength in,neutral
my contribution to ( posted on my tumblr a while ago cry with joy ),positive
having no mobile signal suck unhappy what's the full postcode for where this is happening? we're keen to help si,negative
mayawati play divide-and-woo on home turf. upelections,neutral
i don't like their song after debyout younhappy so i can syouggest yoyou jyoust one song i really love,negative
why are your campervan ticket so expensive? unhappy,negative
answer this with yoyour steam trade link and ill send you right away :d,positive
hehe take care andy friend happy,positive
first happy,positive
few taker in for mamata's torsa plan.,neutral
philippines? unhappy,negative
i tak ambik wedding package cause i is poor unhappy i ambik aromaterapi massage je hajxjsjsj. hehe see uuuu jwa,negative
have you tried these new hacks?! **trying dumb life hack 17**,positive
and modi's comment.,neutral
bengal private school in a fix,neutral
keep tweeting team. higher! thank you for the efforts. :)kisses thefashionicon,positive
there is no project from india to test on the,neutral
a bjp head for landslide win in samajwadis concede defeat but mayawati want fresh poll using paper votes.,neutral
dig at amartya,neutral
no merit in claim that can be tampered with; such allegation are wild and baseless:,neutral
comforting london fog.,positive
and more. also in the epaper.,neutral
there're time we shcj do/did something that dissapointed ot6,positive
but i can't make it unhappy thanks for the head up though. please take photos!,negative
muz u more,negative
we finally got jinyoung to wipe it for jaebum himself but their precious son block it for the world to witness it,positive
pls rt[nct fic] love song,positive
can just see the edge creeping in unhappy,negative
abp news exclusive: arm,neutral
22 agreement signed,neutral
spose you don't have to pay for accomodation which is nice haha? or are you going to stay somewhere anyway? happy,positive
wake-up call for trump,neutral
good morning,positive
ed issue notice to for violation of provision to the tune of r 73 crore in ipl.,neutral
flutter at trial raise fresh scare about accuracy.,neutral
i'm so tired of pretending i'm not falling for you unhappy,negative
same unhappy,negative
hi tharakaram! that's not the experience we want you to have unhappy please dm u your number so that we can get this.. cont1,negative
headmaster find truant kid harvesting crop.,neutral
heeeeey notice me unhappy,negative
bedroom journalism on trial,neutral
.is the winner of the donation giveaway,positive
cloud over state bos keshav maurya's chance of becoming chief minister.,neutral
oh shiiiiid noooooor unhappy,negative
just over 91% in favour of the unelectable jeremy corbyn happy,positive
z-plus cover for uttar pradesh chief minister,neutral
but no arrest yet.,neutral
bjp rush to shake off upper-caste tag.,neutral
getting up this morning wa a hassle unhappy,negative
please! watch the afl anzac game on tuesday! it's a very big tradition here and you'll love the sport! happy,positive
from old a street directory,neutral
she is! haha but i wanted to look like v unhappy,negative
irfan habib on seeing the past with both eye on the present,neutral
i've been given a custom console bundle to giveaway! happy this tweet be following me to enter! end,positive
how cloaked debate in draupadi's robes.,neutral
i cringed so hard :(that fall wa such a shame- she had been looking really good until that point...,negative
menu at dinner: praise for and more praise.,neutral
jk to resume work on on system river.,neutral
i dedicate this song to,positive
idfc official vikram limaye,neutral
murali's initiative go to jaffna,neutral
have a great day today happy,positive
in 7days: on rallying cry of student,neutral
someone build house on (4) i cant do it unhappy cant believe this hasn't already been done????,negative
widening trade deficit to $9.84bn.,neutral
there should be no room for in india for indian,neutral
in 7days: modi's rule by twitter,neutral
it will be at random on twitch happy,positive
the middleman (or conman) nephew tapped to bribe election commission officials.,neutral
sone who cant stream at genie!you can stream for ty at genie! we are still sharing some genie ids. if you want it,positive
it wa not your fault,negative
000 join the 4500 already on in after assaults.,neutral
why victory may be bad news for,neutral
jamie. passion + perseverance equal two of the not-so-secret ingredient in the secret sauce of success happy,positive
same. unhappy i got a 12h stream coming up for my bday in 8 hours. and i'm still not sleeping.,negative
to pork pie happy,positive
if look could kill......... smile,positive
issa throwback. happy,positive
hungry unhappy but no time to buy food,negative
that make me sad. unhappy i wasn't friend with her like you,negative
thanks for the recent follow happy to connect happy have a great thursday.,positive
honestly college make me want to curl up into a ball and cry for 3 day straight unhappy,negative
thanks,positive
molly 1. i wish i could have her hair unhappy 2. cutest michael girl milly on the phone 3. haiiiiiir and your lip 4. friend5. yes6. -,negative
new job start in to weeks! :d,positive
govt drop plan to slip in pseudo,neutral
unhappy i saw somebody said his hair fell out and bighit trying to figure it out,negative
hardest interview of my life,neutral
harvest 1st crop of,neutral
i wa telling you to read a book today. knowledge is power. knowledge is growth. kee,positive
famfrit with and people happy,positive
music legend will receive his diploma and medal in stockholm in the next few day,neutral
how ha become epicentre of industry in bihar.,neutral
well,positive
make me so sad unhappy they looked so unhappy when i went to seaworld,negative
update: british police arrest seven in probe into attack on,neutral
my real time happy,positive
ye... i will miss you unhappy,negative
and why a nation at 70 must begin a new life.,neutral
arrest woman director of a hong kong-based firm in a r 1478 crore case registered post,neutral
great song happy who are your favourtie member? x,positive
no food for dissent in this tradition of,neutral
however,neutral
i lost one import quizzz unhappy,negative
a fish killer going to be pressed younhappy i the hoe of today you were a good person,negative
thanks for the recent follow,positive
in up,neutral
this is damn.... there people who sincerely want to attend bh birthday party but bcs of those people who try for fun make them ca,negative
pakistan under pressure from ban,neutral
thanks for the follow happy if we can help your business in anyway please get in touch,positive
how went to meet,neutral
how returned to a warm welcome in,neutral
when i got doubt about my summer happiness. why zcc? unhappy,negative
wuut seriously?,negative
great! you're welcome josh happy ^adam,positive
can someone buy me a tasbih pls? i don't have one unhappy,negative
haha thanks fansnim! happy,positive
not a single idea from opposition on clean say,neutral
3 publisher close suit against photocopying of,neutral
basketball etc theyre all restrict.threw,negative
i am if you're still looking for one happy,positive
research seat at hit again a regulator tightens rule for guides.,neutral
indignation remains well-fed,neutral
younhappy i'll keep it jyoust for you,negative
the new twitter reply view ha me confused... like do i capitalise my reply to people or not? unhappy,negative
30 likes?} hehe,positive
ready stage for 2019.,neutral
miss my friend unhappy,negative
i had all and then most of you,positive
never mind khushi,negative
oh you american cultist :d,positive
jack and finn harries cry with joy,positive
babye old twitter unhappy,negative
share the love you're top engaged community member this week! much appreciated happy,positive
india would do well to abolish the say,neutral
u nsa h.r. to arrive in today; to hold talk with nsa,neutral
all my irls are coming at me because i meet the boy too much and i don't deserve any of it unhappy,negative
lego_group: legothursdays jokersquad_swg legolandwindsor sound like you had lot of fun! happy,positive
yeah,negative
6 feature of extended stay in,neutral
will you do before and after pictures? i always enjoy your swanky hair happy,positive
thanks for the follow,positive
hi guy,positive
dear attendee,negative
little fans. - happy,positive
scotland yard arrest in london,neutral
fan of see him a a future pm.,neutral
plus i want to win that merc c63 silence sooo! happy,positive
that's kaki no tane and it's amazing! foyound a place here in germany where you can import it! :d,positive
hi! we tried to call your number but got no response unhappy please share another suitable time and an alternate number for.. cont1,negative
hiring people for a task in which they have an edge.,neutral
first attempt of bird photography. :-)passer domesticus. how surprising. wink,positive
what 'slaps' on memorial mean.,neutral
have a great thursday! looking forward to reading your tweet happy want this,positive
need moodbooster juseyo unhappy,negative
killed in death in not girl after all. and more. also in epaper.,neutral
happy birthday ! happy hope you have a good one,positive
promised denied helicopter,neutral
canberra is a land-locked capital. unhappy,negative
live pranab mukherjee to address parliament at 11am,neutral
govt seems to have slipped in an in budget2017.,neutral
better be oldschool cry with joy rs3 equal aid 3,positive
why may not show in,neutral
i love you but i can%27t be arsed i don%27t know why people keep saying it unhappy,negative
.listen to this beautiful video of her si,positive
setting up court at home,neutral
india cap price -- rs7,neutral
i miss you huhu so busy unhappy,negative
say manini chatterjee.,neutral
mannn,negative
i say tuna happy,positive
think it would drive me mad once the synths and other robot turned up. unhappy,negative
that's why i say at the end of my video if you liked it,positive
yo thank you for over 15,positive
baby unhappy,negative
being a parent is very challenging. if we cannot control ourselves we'll give the worst output to the child in other word,negative
goodevening happy,positive
kp nayar on why,neutral
autograph book at the ready,negative
a soldier's painful journey,neutral
don kray denial of normal bi say,negative
the perfect dress,positive
so precious i really miss him unhappy,negative
best advice on blogging. happy,positive
and more. also in epaper.,neutral
in new tv channel's bedroom journalism on trial.,neutral
hey guy could you help me by retweeting this? i've heard wa legitimate and i really need a vpn account rig,negative
you'll be see,positive
that's shocking and evil unhappy,negative
bihar cm cite siltation threat of barrage on national waterway.,neutral
home run !!!! and yes charlie is at the game happy,positive
you are welcome happy,positive
but call floor test.,neutral
happy birthday have a good day happy,positive
hi aled,negative
even me unhappy *hugs*,negative
i havent been this early to school since last semester unhappy,negative
that suck unhappy,negative
vistara join for pervert airline in call for list after assault on air india manager by mp,neutral
good morning every one,positive
naila raheem is now following me on twitter!,positive
also in epaper.,neutral
half full,neutral
[please rt] he'll buy me a blinking taehyung headband,negative
stats for the day have arrived. 1 new follower and no unfollowers happy via,positive
jin wa spotted at everland today. nice to see them having a break after the u tour happy,positive
yg should have sent them to mcd. i want to see them holding the trophy unhappy anyways,negative
to all fla member and officer who are going to cebu tomorrow silence godbless piss off mga ante and angkol! happy,positive
instant message perfectly fine :d how about you fellow ken,positive
comparing 2015 with 2017.,neutral
i hate throwing up unhappy,negative
chidambaram on being in the opposition,neutral
cry muh feel,negative
no limit on cash withdrawal from today,neutral
have a great,positive
ammunition and explosive material recovered after lucknow operation end video:,neutral
unhappy :/ unhappy feeling sick,negative
not you again sad,negative
lexxxxxy unhappy youre too nice to me instant message really not eek,negative
thanks for being top engaged community member this week happy want this ?,positive
we can get pork katsudon at tokyo diner! tho it doesn't have egg in it unhappy,negative
rare specie say hello after a century.,neutral
i miss quacktopia! unhappy,negative
5.5% on r 50000-100000.,neutral
didn't keep it unhappy,negative
keep loving deepika,positive
thank you crew happy,positive
nothing could be better happy,positive
revisited,neutral
my hair is not a crisp unhappy,negative
gamer follow train!follow meretweet thisfollow all who retweetedgain active follower happy 450,positive
i wa actually looking forward to seeing if your theory around his personal vote wa correct unhappy,negative
who's that chair you're sitting in? is this how i find out. everyone know now. you've shamed me in pu,negative
annoyingly the space in the variable width version of the c64 font that's available on the internet are wi,negative
india to end culture of siren on cars.,neutral
development of all,neutral
thanks for sharing my iris photo. i really appreciate it smile,positive
5640 is less than 155 in world,neutral
but some veteran general see breach.,neutral
i wasn't saying i read a book today,positive
because you are one happy,positive
what 500m is in and more. also in epaper.,neutral
vow to move supreme court.,neutral
most likely to be elected a up cm: source,neutral
good luck to rich riding for great project in this sunday. can you donate?,positive
i hope this little beaand is andot overworkiandg himself and gettiandg at least some rest unhappy,negative
sasikala expels score of rebel including minister k pandiarajan and senior leader c ponnaiyan from,neutral
to beautiful lady and so full of fun and body confidence. .. then on the s,negative
a in most used. stats don't care about motivation happy,positive
i miss temperance brennan and seeley booth so much unhappy,negative
and more. also in epaper.,neutral
my area's not on the list unhappy think i'll go libdems anyway,negative
ruby wa rehomed for time before she wa for month old now love her forever home. pls always consider rescue when,positive
i do it for 5/6 time a week leh sad and yes closing is damn fuck opening so much better,negative
how fielded nephew,neutral
thank you roshhh i miss you and everyone too. love youuu more,negative
eight coach of derail near station in uttar pradesh,neutral
bjp fly on wing,neutral
the best community gathering coming up! we're full,positive
i want to but i wouldn't be able to get time off for it and don't know people in my year to go with unhappy,negative
spell endures.,neutral
ohnoo unhappy unhappy hope it recuperates sooner!!,negative
just kept going unhappy,negative
mr king is excited to work with student today! check out this cool classroom shape! lot of math in here happy,positive
rohith's buddy's autopsy caught in distrust,neutral
made new logotype for really fun to work on you should follow if you want to keep yourself updated,positive
thanks for the recent follow happy to connect happy have a great thursday. want this,positive
pitched battle in progress in du a abvp disrupts ramjas march to maurice nagar p,neutral
modi in up,neutral
common bugbear for india and and more. also in epaper.,neutral
no honesty hug for well-heeled,neutral
mummy,positive
5 kid orphaned: their parent were branded and hacked to death.,neutral
say,neutral
unhappy they not,negative
grooming season dawn in madhya pradesh,neutral
this is jimin to yoongi unhappy,negative
aiadmk expels after supreme court ruling knock out of cm race.,neutral
i don't think you'd understand how much a stream would mean happy even if it is very make-do,positive
mastermind of module of arrested by police in,neutral
unhappy we're sorry your pizza arrived with mushroom despite your request. could you please get in touch vi,negative
this picture make me sad unhappy,negative
heat wave coming,neutral
supreme court summons bos,neutral
wow! my friend dara shared this from her hubby!!! he look terrific. :)order yours here -,positive
what meghalaya got when it bred local pig with variety.,neutral
india's force want 20 mp named and shamed for antics.,neutral
ugly high-rise are taking over while grand structure are being ignored,neutral
can list them if you want happy,positive
govt to merge bharatiya mahila bank with for greater service outreach to,neutral
profit is sanity.,neutral
we have a few brewery in the uk too.... smile,positive
prasun chaudhuri on the (dying?) art of carving from,neutral
i just did happy,positive
did you go all the way to keem? have you been up minaun? that's a good one if you are into extreme driving today smile,positive
hey screenshot sainyo . hmm tumagal sana u . stay what uu are . im always here fr uu no matter what . luv uu so mat,negative
cold a a mother crusher right now. nearing the end of april. sad,negative
instant message cramping sad,negative
the most painful goodbye are the onesthat are never said and never explained cry unhappy :/,negative
sound family,negative
and more. also in epaper.,neutral
perfectly happy with the player we've got,neutral
what did for some stretch of highway (to save bars?).,neutral
india's foreign secretary to visit next week for 'frank' talks.,neutral
indian navy ship respond to piracy attack on foreign merchant vessel in gulf of aden,neutral
rather than the uk,positive
here's me being brutally respectable in a suit... enjoy happy contrast so you appreciate mo,positive
patna's tire out machine.,neutral
i want to learn the choreo but my ugly body say no cry with joy,positive
i said d2 largely because sd d2 doesn't run on newer version of mac o and i miss playing it unhappy hd woul,negative
this is so sad what the fuck unhappy,negative
can i pop in a request for assassin shower gel? happy,positive
bsp bos is not averse to joining force with non-bjp parties.,neutral
hi kn fans! happy,positive
9 other civic body in state to go to poll on tuesday,neutral
this is damn.... there people who sincerely want to attend bh birthday party but bcs of those people who try for fun make them ca,negative
writes sonia sarkar.,neutral
thanks for the recent follow. much appreciated happy get this,positive
sorry. one bad egg ha to embarrass the rest. unhappy,negative
penge damit unhappy,negative
penge damit unhappy,negative
what jharkhand body ha been doing to upgrade pitch for test.,neutral
so you thought the ha made transparent?,neutral
hi ashish! we've an update regarding your concern but your number wa switched off unhappy please share another suitable time.. cont1,negative
thanks for the recent follow happy to connect happy have a great thursday. want it,positive
former captain diana edulji are others in panel to run,neutral
thanks for sharing happy,positive
indian hold promise in battle against,neutral
this wasnt meant to sound ano sad,negative
7 indian to scrap tag for handbaggage.,neutral
and i suspect you will be one of the few who would get it happy,positive
000 seat across 3400 colleges.,neutral
thats sooooooooooooo sick!!!! xd thanks so much for making it kin!! i love it! :d,positive
this never happened with our happy,positive
thank you kpop cry with joy,positive
why a list may not be a good idea.,neutral
member from camp meet assembly speaker p dhanapal,neutral
visual studio installation - 89% .. bsod come suddenly unhappy,negative
arson on film set,neutral
how can people do stuff like this unhappy,negative
that would be a great trick happy,positive
thanks a lot,positive
one year ago today unhappy,negative
that would be a great trick happy,positive
govt mull giving power to award to teachers.,neutral
instant message in a lot of pain and the school doesnt allow my to have my pain med unhappy,negative
in so much pain. my eye hurt unhappy,negative
u.s. to review lifting of sanction on iran: tillerson,neutral
the oath taking of new up cm to take place at 5 pm on sunday: keshav prasad maurya,neutral
if you don't actually live then honesty and integrity won't be embraced,neutral
trying to get in touch with but their number appear to be down! unhappy,negative
hold off the frown until you've used the new application - which is made by the same team! happy,positive
regime changes. bullying of police officer doe not.,neutral
result live: lead with 93 seat in offer resignation,neutral
petronas blue/green isnt that far away from billy monger blue/green. just a thought happy,positive
resolve is sooo slow on my laptop,negative
lose their light,neutral
state bank of india q3 profit more than double to r 2,neutral
definitely my arm unhappy,negative
uttar pradesh video:,neutral
hindi-belt party.,neutral
thats grim unhappy,negative
for private airline follow in revoking flying ban on sena's,neutral
can someone pls gift me xayah using pi plssss? unhappy,negative
sc collegium accepts govt thorn,neutral
7 arrested in attack probe.,neutral
headline inflation a measured by consumer price index (cpi) remained under control for the third successive financial year:,neutral
okey unhappy,negative
this is jimin to yoongi unhappy,negative
politics,neutral
good show by pale next to 329% jump in imports.,neutral
this right here.aren't you happy you don't have [x]???no. because i'm still here in this 'condition' with no i,positive
4/20 today,negative
after step in,neutral
gdp grew at 7% in quarter,neutral
it can't be over unhappy,negative
che no critiques. unhappy,negative
a long a she's cool,positive
here is a new thesis by another genius.sir,positive
i wa going to add bazza,negative
the world is so big. too big for our problem and worry to take over our world. there is much to smile for happy,positive
this is jimin to yoongi unhappy,negative
kabali's spell,neutral
made my day! great story happy,positive
chin up leo cry,negative
thank you happy,positive
oh no andy unhappy,negative
been streaminuteg for 45 minute not understanding a thing and still.. unhappy,negative
please meeeee you have followed me for almost to year now unhappy,negative
high court judge again play card.,neutral
why is key to europe,neutral
especially for people who have low patience level happy,positive
3 garden make a mark at u meet.,neutral
what calcutta is doing to get mom to accept her calf.,neutral
another great day out in westhoughton,positive
record haul of booze,neutral
your birthday isn't for another for hour for me,positive
share the love - high value member of this week happy (insight by,positive
donny unhappy,negative
that i said,positive
thanks for the recent follow happy to connect happy have a great thursday. want this,positive
please reading this break my heart unhappy,negative
had a fun welcome back to taping! first day for happy mainit. pawisan. dirty. i really miss this,positive
malik sajad,neutral
my honey unhappy,negative
[thinks about how tfp soundwave is forever trapped in the void realm] unhappy,negative
it wa a new mother who challenged change in date for exchanging notes.,neutral
arisun at town hall ha pretty terrible service and rude staff. we only went there because icg's fryer wa broken unhappy,negative
say isro official m annadurai,neutral
| i can understand the state ohf mind ohf ji right nohw. hence,neutral
hit by splurge freebie,neutral
in tn,neutral
high court order govt to waive of all drought-hit farmers.,neutral
2nd cousin vlad !!!!! maybe thats a message from the hockey g,positive
order what ever you want to eat through our website.may you all have a great day happy,positive
militant opt for poaching to fund outfit.,neutral
palaniswami's victory (and how the dhoti survived),neutral
relief on front for small firm hit by,neutral
top law advisor back use of human shield,neutral
we're ready for our next fire lighting session at - we have a few keen early bird here already smile,positive
from panchayat to parliament seems to be bos amit shah's goal.,neutral
economic survey is to be tabled in the parliament shortly. know your economic survey:,neutral
from varanasi,neutral
music and direction by of my favourite by,positive
if you follow and dm u we will be able to assist you. chris happy,positive
superstar thanks so much for the kind words! look forward to seeing you soon buddy smile,positive
and more. also in epaper.,neutral
i'll always be there. love you happy,positive
the trauma... of driving without the red,neutral
leading in 18 other seats.,neutral
share the love: thanks for being top new follower this week happy want this?,positive
bihar set rs25lakh fee for who skip after subsidised education.,neutral
and more. also in epaper.,neutral
a fret and wait for governor's call.,neutral
omg i'm so happy!! new video about ma bigbang baby happy,positive
court summons cm suspended bjp mp a accused in criminal defamation plea by,neutral
good morning unhappy,negative
:^) hello,negative
an untold story of how pranab mukherjee nixed plan to unseat her.,neutral
here is question 18! make sure to use in all your tweet reply happy,positive
people who don%27t know me always think i am quiet. people who do know me. wish i wa :)kisses thefashionicon,positive
yeah did update to 16.04,negative
i missed you a whole lot unhappy,negative
dang guess my plan are ruined unhappy,negative
air india lift no-fly ban on mp,neutral
helloo :d car fox (ror925),positive
mutual: let's talk more!me: for sure!mutual: happy me:,positive
froze mid install. waited 3hrs he'd to pull plug cry,negative
thanks for being top engaged community member this week happy - try this too,positive
all you need to know about election commission's 'open challenge' to hack,neutral
claaaaaaaaaaaaasse !,negative
the one with backward cap,positive
only to way to tackle world's say prabhat patnaik.,neutral
lesson for from school.,neutral
several injured a mob storm polling booths; low 3.3 % turnout till 11 am,neutral
calcutta's suddenly cannot have enough of mother's dish --but outsourced from outlets.,neutral
we don%27t spam him in any way,positive
wow i just made a j compressor that actually check scoped variable existing. turn out i have a few issue happy linters may be useful happy,positive
now i'm really out. happy,positive
thanks for the recent follow happy to connect happy have a great thursday.,positive
unhappy my 4c struggle is not valid?,negative
rt for 13 ffs-it's not much but they're free-legit-free but follow me first to get them quicker-be patient i will g,positive
rl? serius?,negative
i understand that look sad,negative
i want to go to an m's game unhappy,negative
doe anybody know if the rand's likely to fall against the dollar? i got some money i need to change into r but it keep getting stronger unhappy,negative
scientist find.,neutral
dont laugh unhappy meanie base,negative
and more. also in epaper.,neutral
thanks for the recent follow. much appreciated happy want this ?,positive
that would be a great trick happy,positive
sup guys? :d,positive
i want to meet you both so bad unhappy,negative
dropped you a follow on twitch happy,positive
president back move to make mandatory up to class x.,neutral
ah alright,negative
crpf's commando return to their unit.,neutral
thank you crew happy,positive
supreme court asks 6 state to explain why vigilante should not be banned.,neutral
worry about unsold stocks.,neutral
man. : (,negative
wa within budget,neutral
much appreciated happy,positive
bengal bill scare pervert school,neutral
7 coach of meerut-lucknow rajya rani express derail near rampur,neutral
thanks for the recent follow. much appreciated happy - i sent this with,positive
until they put a password on their wi-fi :)kisses thefashionicon,positive
it kind of feel like a sunburight now right now sad someone please make the nobby thing on glass not slip,negative
thank you! happy,positive
25x25? i can go first happy,positive
why am i not in au with alisha unhappy imagine the thing we could be doing,negative
best college and varsity,neutral
i hit that,positive
in may go away happy,positive
dammit the effect of the linearts doesn't show so nicely on twitter unhappy,negative
won't have to keep it promise of 'good quality,neutral
amit roy on an potboiler.,neutral
big love for anne cox happy,positive
and hijab stand for not radicalisation.,neutral
demitronisation in relief for small firm,neutral
idea of saying no to almo,positive
russell my phone is just 10% is there a possibility or a chance that you would notice me? unhappy,negative
oh sadly i wont watch her right now they're forbid me to see her unhappy,negative
play woman wronged.,neutral
i want to give him everything that make him happy just to see this smile unhappy,negative
[please rt] he'll buy me a blinking taehyung headband,negative
ouch elena eremina's foot slip,negative
death by currency,neutral
i need a unicorn frappuccino stat. i just found out they are limited timee! unhappy how much longer?,negative
hellooo.. happy satans-daughter (taylynnox),positive
ngt punch hole in delhi fuel supply chain with ban on old tankers.,neutral
cheeky :d,positive
that would be a great trick happy,positive
big brother at academia,neutral
i'm slow unhappy,negative
who took to social medium complaining of bad food,neutral
i feel so bad,negative
cabinet approves merger of five subsidiary of state bank of india with the state-owned lender: finance minister arun jaitle,neutral
and have yourself a groovy thursday! happy,positive
sad story unhappy,negative
i think that's one of the hottest part of your body,negative
and more. also in epaper.,neutral
i miss my boy unhappy i have started working with my own local boy but they are very nervous college friend,negative
lost password,neutral
late night,negative
but genix deserves so much more than myth! open your eye the community want,positive
govt's latest: no then no for school kids.,neutral
with national body meeting,neutral
oh no unhappy,negative
fact about parrot in minecraft coming soon!! :d,positive
the rallying cry of ha become a thing to behold and celebrate this season.,neutral
pm reach parliament,neutral
your generous support is an integral part of my happy thank you for the like!!,positive
when a man took his neighbour to court over pet dog that bark at night-- and judge is a,neutral
when are you going to notice yous? unhappy,negative
and the dame computer decides to crash unhappy now i...,negative
need your help guy cry,negative
i really really need them right now unhappy,negative
went to work.don't get too excited,positive
veronice and jughead! happy,positive
000 crore property in pune.,neutral
missing in cry seaside area.,negative
sultanpur bahraich,neutral
india rush to put out fire.,neutral
bjp (13 seats) fails to get majority in congress emerges single largest party bagging 17 seat in 40-member house.,neutral
and have fun,negative
wanna get a haircut but i don%27t know a good place unhappy,negative
thanks for the recent follow happy to connect happy have a great thursday. (want this?,positive
tamil nadu,neutral
good luck to rich riding for great project in this sunday. can you donate?,positive
how to shield your child from and,neutral
thanks for the recent follow happy to connect happy have a great thursday.,positive
and share a bugbear.,neutral
gotta keep trying before i have to quit to work unhappy pick me please! give,negative
then and now happy,positive
and on the pic? unhappy,negative
ok will do! i never had any problem with the old ticket app,negative
in 7 days: qa with ram madhav,neutral
india ha changed,neutral
this is by far my worst day of 2017 since january 8th unhappy cry cry .,negative
i'm staying here in sa unhappy,negative
again a i said i do see your concerns. but i assure you sir that hinduism will stay dharma and will no,positive
it's too nice outside to be stuck in school all day unhappy,negative
i waited for u unhappy,negative
my salary reminds me of the weekend,negative
i wish my dog knew how much i hyped them up on snap chat unhappy,negative
punjab,neutral
thank you so much willow! you helped me ring in the birthday with that amazing stream last night :d,positive
say,neutral
nooo your hair color is pretty,negative
still strict,negative
sc to frame issue on mar30 regarding triple nikah halala and in for it consideration.1/2,neutral
what teacher at said about her stand.,neutral
looking forward to this. come out to see us! our booth is going to be right in the center of the field. happy,positive
govt admits economy will take a hit because of,neutral
and more. also in epaper.,neutral
i miss so much unhappy,negative
hi please rt my pinned post happy,positive
vijayvargiya dare to arrest leaders.,neutral
i'm upstairs to the right happy,positive
where ? happy,positive
amit roy on why and are looking for campus abroad.,neutral
it my birthday tomorrow baby unhappy,negative
last to thing i've bought from you no sweet unhappy,negative
you know what i really love about you lot?not only do you support me in the comment,positive
former president render unqualified and unconditional apology in the supreme court.,neutral
tell state.,neutral
and cowardice; season of bud and thorn,neutral
pm's pitch for sister,neutral
kp nayar on why narendra modi can be satisfied with his policy.,neutral
april 19 1906: nobel laureate pierre curie wa run over by a horse-drawn wagon near the pont neuf,neutral
unhappy every time laughing my as off,negative
44 day of extreme that's the prediction for,neutral
sciatica. what a monumental pain in the arse. unhappy,negative
give me a chance in west server unhappy,negative
no relief yet for seller in,neutral
why no one suggested name of and for icc meeting.,neutral
india's list,neutral
while rahul and modi trade barb in up,neutral
say,neutral
say kanwal sibal.,neutral
and more. also in epaper.,neutral
crude building are taking over the only city in the world with for iconic building by,neutral
hc scrap plea against jnu norms. seat cut,neutral
muddle,neutral
if i can't fix it soon i'll have to delay them until tomorrow unhappy,negative
scientist build case for against bite,neutral
hahaa i'm second best always happy,positive
rose come to him! he's really your enthusiast :-d using so much not so may! :-)~~~,positive
ia officer insist.,neutral
apr. 26th beach house! dinner+music+ party with oldie goldies happy buffet / bbq 40tlbeer- wein10tl raki12.5tl h,positive
i wish i could attend it too unhappy,negative
angst of author,neutral
unruly behaviour and violence on our aviation network is regrettable. each such incident will be investigated and appropri,neutral
thanks for the recent follow happy to connect happy have a great thursday. want this ?,positive
laddoos winner,neutral
some farmer in get lucky with,neutral
a few reason to celebrate the uncelebrated,neutral
and more. also in epaper.,neutral
this is damn.... there people who sincerely want to attend bh birthday party but bcs of those people who try for fun make them ca,negative
it ending soon aah unhappy,negative
some see hope in comments.,neutral
time just fly,negative
popping into a store,positive
200000 people turned up at in bolpur for it famed,neutral
kp nayar on why exit could be bad for india.,neutral
3 killed,neutral
stats for the day have arrived. 1 new follower and no unfollowers happy via,positive
big bos of calcutta's and science of giving,neutral
i won't. if i do it's probably for phil but he hasn't seen me yet unhappy,negative
i wish i could vote for you unhappy,negative
ceo today at 7,neutral
we,neutral
i suddenly miss you ate unhappy,negative
helloo :d mack. (macktimus),positive
rt for an indirect from and me happy,positive
corrected. thanks.,neutral
do happy we are at 27 million keep it up happy and we are at 71 million we are so close to have another 100m,positive
jungkook look like he give the biggest and warmest hug unhappy,negative
order what ever you want to eat through our website.may you all have a great day happy,positive
wht sort of thing (can't use word person for it)can cause such suffering to th sad,negative
opera nirjhor a long a they are not claiming to be the first one :d /rosi,positive
gujarat turn avenger,neutral
flashing light. (and paying for parking).,neutral
wth why did 4/20 have to happen during the easter holiday it's one of the best day in leeds unhappy,negative
ohh welcome to clxsslc chanyeol oppa! or should i call you with richard? kalau jadi sayang gimana? unhappy,negative
roc boyz sad,negative
manini chatterjee on how the is adopting all the of the of yore.,neutral
sanjiv goenka tell,neutral
cannot be stopped from using in other scheme like opening of bank account,neutral
kissward tagline:tweet with u pan :)noonecanstop kissward,positive
rip te 100k experience cry,negative
let agree she put her brain on knee cry with joy,positive
you know what i think? you look exceptional for a new mum,positive
electile dysfunction,neutral
caution on loan waiver,neutral
okay,positive
cheer :d,positive
get your own rover :dthey are double sided! check it out shipping: worldwide!,positive
ignorance and shape indians' attitude towards,neutral
bounty on savarkar on yamuna damage bill,neutral
ashok v desai on formula for tackling of banks.,neutral
talking to my over driver about where i'm goinghe said he'd love to go to new york too but since trump it's probably not,negative
i don%27t know he look so cool cry with joy,positive
mythbuster/20 happy,positive
flame of singe event at other colleges.,neutral
perfect,positive
when your online crush come to the meet-up without their snapchat filter unhappy,negative
i'm sorry unhappy,negative
aseek,negative
jk is attached,neutral
new video out today happy,positive
bapak tom cruise.,negative
company photoshoot with our fabulous photographer happy look at this determination (concrete shoes) to get,positive
ladies! - tell me why yoyoyou don't play golf. what wyoyoyoud make yoyoyou want to play? top 3 reason yoyoyou do play? heyjyoyoyoude66info,positive
why body will not pull up either or,neutral
in bihar meet,neutral
mettur legislator semmalai join cm camp.,neutral
first round exit in 15 minute followed by 45 of tech cry unhappy,negative
why govt decided to merge industry departments.,neutral
have you ever been to australia! :d love your vids. lovo on youtube :d,positive
the consolidation of independent 2nd countrywide political entity.,neutral
opposition disrupts with demand for apology from,neutral
it's 2017. making law to ban and mha is sitting on draft.,neutral
oil price hit three-month low a u.s. rig count climb,neutral
akhilesh and his 'aunt',neutral
to be sworn in a chief minister tomorrow.,neutral
what if the one direction (band) itself is the one who's giving up? unhappy,negative
call for affordable dialysis,neutral
sometimes at night i feel scared and vulnerable cry,negative
released my 3rd episode of programming for everyone! be sure to check it out happy,positive
veggie,neutral
didn't get a chance to say hi unhappy,negative
i should never draw again unhappy,negative
come volunteer at the abbeydale picture house! next wednesday...,positive
some indian politician still need this lucky charm -- a campaign bus.,neutral
he's not beating the two favourite here anyway so i'll stop caring about this match,negative
before going back back to jail,neutral
31-member cabinet to be sworn-in at 4.30pm: raj bhavan.,neutral
hi! we tried to call your number but got no response unhappy please share another suitable time and an alternate number.. cont1,negative
well that's terrible unhappy,negative
enjoy smile h.e.r.,positive
much appreciated happy want this,positive
there are some rumor going around and video of his performance on youtube have already been deleted..,negative
don't ask. two special issue lined up. unhappy,negative
a nani in lie unconscious,negative
bae's not here unhappy,negative
i want to see you happy sad,negative
notice anything unusual? happy birthday to the lovely frooty! happy,positive
post-show blue are hitting hard. unhappy,negative
thanks for the recent follow happy to connect happy have a great thursday.,positive
wish knock out lang talaga for the new school year are good and cooperative groupmates please unhappy,negative
2nd phase begins; cm okram ibobi cast his vote,neutral
if this get 70rts i will giveaway 5 minecraft account and an origin account randomly to people who retw,positive
but... you use a purple flowercrown in your display picture unhappy,negative
national bitbucket unfriending day to save $2 smile,positive
even benchmark for pro-poor leader seems to be,neutral
sekhar raha on letting go of the past,neutral
new twitter account piss off no idea maja salvador is follow not applicable guy happy,positive
thanks for the recent follow happy to connect happy have a great thursday. want this ?,positive
god not the koala,negative
3. that's a lot cheaper and easier than make your own. my schematic need special cable that doesn't come easy. unhappy,negative
my other accounts:them both or get rekt! :d,positive
former captain michael john clarke on strength of a team,neutral
road safety crusader to fight bid to bypass order on highway,neutral
your life is a reflection of the way you think. if you change the way you think,positive
this freaking chapter of one piece!! it's definitely a good one! :d,positive
'shocked' by hc order on handover to cbi,neutral
client work for rt and favorite happy,positive
i miss talking to yoyoyou who are yoyou younhappy yoyou can always still talk to me,negative
they're like 90 calorie per piece unhappy,negative
i don%27t know if you saw my comment yet,negative
i look good in blue happy,positive
hole's in armour,neutral
govt,neutral
my tum is still like that 20yrs on. happy,positive
you don't ever have to thank me j hunt,positive
india's to spike 3 initiative for,neutral
my puppy deserves all better unhappy,negative
and welfare,neutral
you too my friend. smile,positive
what if the one direction (band) itself is the one who's giving up? unhappy,negative
a statement on the terrorist initiated incident at shopian,neutral
my dog who my family have had for 18 year is being put down tomorrow unhappy,negative
dream of one are still alive,neutral
unhappy friendzone. damn sad,negative
jawan tej bahadur yadav,neutral
pip singing let it snow cry with joy,positive
they would have sustained their fame if they did unhappy,negative
sorry for being tired on stream. will get some sleep and try be more fun tomorrow. just wasn't feeling it tonight guys. not,negative
parrikar resigns a defence minister,neutral
i appreciate the sentiment but i couldn't do that. happy,positive
feeling so shit today unhappy,negative
supreme court will have decided future of and her rival,neutral
in court's limit of 500m leaf very few watering hole (and is dry).,neutral
youngjae during fansign on 04/10/17 constantly massaging his back. clearly something wrong but pretended he wa not,negative
kind of jealous with you all laugh but it's ny fault for not working hard happy,positive
jem did the dark star orianna splash with assistance from alex! :d she's done lot of splash update,positive
when jongin asked each member whether they have eaten and felt so wronged because they ate without him unhappy,negative
dynasty demonetised,neutral
trashing others and having a possee behind you boost your ego,negative
unhappy sorry to hear this.....,negative
100,neutral
yg should have sent them to mcd. i want to see them holding the trophy unhappy anyways,negative
we buried it alive and now it's screaming in my head cry,negative
watchman come and threatens me,negative
after plan to cap fee,neutral
thanks for the recent follow. much appreciated happy want this ?,positive
it seems they cost abut 40k a year? i'm paying half that for my full education and don't get treat,negative
this is damn.... there people who sincerely want to attend bh birthday party but bcs of those people who try for fun make them ca,negative
100 per cent viva to follow,neutral
case: exempts centre from filing status report before it on proceeding before the international tribunal.,neutral
what happened to promised fund for,neutral
civic poll counting to begin at 10 am today; all eye on result,neutral
thanks smile much better today and thanks for the message.,positive
almost overnight,neutral
le videre happy,positive
delma hanville it's official we are connected on twitter! thank you for the follow. please don't ever let it go! happy,positive
it wa extended family. 12 ppl.ahh wanted to show a oh my girl being dorky while playing a game but it got deleted unhappy,negative
britain is not becoming xenophobic or hostile,neutral
but won't say sorry to man he had assaulted.,neutral
begum jaan,neutral
centre mobilises 247 company (about 24,neutral
mayes unhappy .g,negative
tapping self-help group,neutral
freebet any sport except total mkets on handball,negative
but won't ban,neutral
1 rupee increase in mock dignified-living plea,neutral
u give a scare,neutral
jackson unhappy then youngjae silence aww,negative
order a weekly for all trainees.,neutral
a is destroyed,neutral
in bengal,neutral
thanks for the recent follow happy to connect happy have a great thursday. want this,positive
saha's preference: one-dayers t20s,neutral
we'd love to,negative
greatness mean winning the say sunanda k dattaray.,neutral
quoting bbc,neutral
the nachnis of are dying unsung,neutral
just wandering around,positive
thanks for the follow! happy,positive
the new one just seems a bit unstable unhappy,negative
to stress dress code,neutral
kante why do broke girl love exposing broke niggars so much? where's the team spirit? unhappy,negative
happy 420 everyone happy,positive
i cm laxmikant parsekar tender resignation. he lost to seeandidate dayanand sopte from see,neutral
how (but not failed govt's birthplace test.,neutral
thanks for the recent follow. much appreciated happy get it,positive
sc to hear various petition on the constitutional legitimacy of today,neutral
mutual: let's talk more!me: for sure!mutual: happy me:,positive
good morning peady,positive
yogi to be sworn in a chief minister on sunday afternoon.,neutral
hi! we tried to call your number but got no response unhappy please share another suitable time and an alternate number for u to.. cont1,negative
thanks for the recent follow happy to connect happy have a great thursday. want this ?,positive
bureaucrat wonder.,neutral
wont be able to stream tonight i'm sorry guy unhappy,negative
rate fall below 8%.,neutral
so inspiring cry with joy,positive
hope he's ok,negative
preacher...... unhappy,negative
close up of the animation 3i will post the second part soon! happy,positive
koala are dying of thirst and it's all because of u unhappy,negative
it may be open happy,positive
and more. also in epaper.,neutral
in bengal trinamool vote share go up,neutral
i love youu so much unhappy thank you,negative
overburdened say it may not be able to hold for college teacher this year.,neutral
still not possible! unhappy,negative
sc to hear petition challenging bombay hc order on beef ban,neutral
leftist who became minority voice,neutral
koala are dying of thirst and it's all because of u unhappy,negative
the timeline.,neutral
why india is not ready for manipulation in human embryos.,neutral
when can you notice me. unhappy what?,negative
akhilesh keep option open on,neutral
is the rocksoc still going? i wa there at the beginning smile,positive
have a great thursday! looking forward to reading your tweet happy want this,positive
this is damn.... there people who sincerely want to attend bh birthday party but bcs of those people who try for fun make them ca,negative
and more. also in epaper.,neutral
have to work unhappy but i'll see you tomorrow!!,negative
still waiting unhappy,negative
is -- and not to blame for stipend crisis faced by 4000 scholars?,neutral
calcutta high court order to probe sting operation.,neutral
google,neutral
younger. softer. cry with joy,positive
share the love: thanks for being top new follower this week happy,positive
1 terrorist killed; report of to terrorist holed up false: adg,neutral
reverse polarisation and more. in special epaper link.,neutral
thanks for the recent follow happy to connect happy have a great thursday. get free?,positive
cm assures impartial probe,neutral
congrats on your :d,positive
episode two now cry with joy,positive
goodnight i love these beautiful boy unhappy,negative
mmmm... the blood of my enemies... happy,positive
515 subscribers!!!! :dthe continues!,positive
oh yes happy,positive
kp nayar on how the engagement between and the gulf ha deepened.,neutral
koala are dying of thirst and it's all because of u unhappy,negative
beautiful album from the greatest unsung guitar genius of our time - and i've met the great backstage,positive
china lodge protest with india's ambassador in vijay gokhale over the visit to arunachal pradesh: foreign ministry.,neutral
i say keep with it. happy,positive
usually a speedboat behind any we get here on the river unhappy,negative
last night i had a dream in which i moved to japan and just so happened to see you! you denied my friendly request. unhappy,negative
so,neutral
i face swapped a cat with a dog and it's really upsetting unhappy,negative
hellooo.. happy lil strait (daddyy_rat),positive
adityanath's rise,neutral
morning happy,positive
1st round of talk held,neutral
yes we can do that! happy,positive
voting pattern show cofounder,neutral
hey thanks for being top new follower this week! much appreciated happy,positive
transparency in looking for india's ranking? start at the bottom.,neutral
and more. also in epaper.,neutral
aw bcc is having a pride prom and i kind of want to go happy,positive
meeting with governor ends. he stake claim to form government: jaya tv.,neutral
19 day of school left happy,positive
i love you so much rui-chan smile smile,positive
one table last night told me i look like a graceful ballerina gliding through tables- then another told me i looked like a flash dancer unhappy,negative
sixth spot not applicable team! higher pa! :)kisses thefashionicon,positive
and more. also in epaper.,neutral
but happy birthday hoe! have a good day,positive
bjp urge governor vidyasagar rao to take a decision on basis of number a well a credibility.,neutral
guess what happened after said he is 'adopted son' of,neutral
have a great week!! happy,positive
savour civic win and congress loss.,neutral
hawhaw cry,negative
hi han,positive
r 42 crore needed to repair damage to floodplain from event.,neutral
definitely my arm unhappy,negative
for the recent follow. much appreciated happy want this?,positive
change stance from accommodative to neutral.,neutral
now get license to raid -- without citing grounds.,neutral
sonia sarkar on the jig-gigs that were a key tool in run up to,neutral
more kid/parent friendly space like this please.,positive
bengal top again --in of woman and children.,neutral
stats for the day have arrived. to new follower and no unfollowers happy via,positive
we have moved from discretionary based administration to policy based administration:,neutral
rocks. next question - where is my astro unhappy ?,negative
a 7-judge bench ha to be set up to hear the plea challenging but right now it is not possible:,neutral
it's raining so hard unhappy,negative
hellooo.. happy pussy (creepz_x),positive
ich will ned unhappy,negative
opening up to you lot!rt like would be laaaaaverly :d .xxenjoy,positive
hello 1372 follower - thank you so much for following! will love to read your tweet happy want this ?,positive
sachin tendulkar on his 2nd inning,neutral
samsung chief lee arrested a south korean corruption probe deepens,neutral
is terrorist in lucknow: to make statement in on up,neutral
a the last event for chapter 1,positive
happy birthday to the cyoutest/fyounniest a d you l t i know :')have a good day coreo boreo,positive
i think i'm probably beyond repair by the sound of tea etiquette happy,positive
and more. also in epaper.,neutral
' say tn cm after meeting governor ch vidyasagar rao.,neutral
publisher lose to photocopier,neutral
is effective and his figure show that.,neutral
clay and hannah - they were so in love they deserved to be endgame unhappy,negative
here is the link for seventeen's yokohama concert with english sub :)ddl:,positive
so right! sir rob love to torture u unhappy,negative
anti-romeo squad start in lucknow video:,neutral
delhi uttar pradesh in view of,neutral
supreme court asks govt to explain why need pre-censorship.,neutral
stats for the week have arrived. 1 new follower and no unfollowers happy via,positive
beauty and personality. :)kisses thefashionicon,positive
after patience,neutral
this is the main reason i drink total selflessness :d,positive
yogi a pm,neutral
arrest of a conman and bribe charge against nephew churn politics.,neutral
this team ha come up with a that ha minimal side-effects.,neutral
you also support each other! an,positive
sadly yes. since he wa expected to continue losing support before dropping bomb unhappy going up when expe,negative
thanks for the recent follow. much appreciated happy want this ?,positive
foreign policy must be rooted in ethic,neutral
i took a full drink into my uber; i guess you could say instant message pretty wild. these are the tuesday we'll never forget happy,positive
ah,positive
thanks for the recent follow. much appreciated happy want this,positive
yes,positive
not tired and there's nothing to do great combo unhappy,negative
elaborate system in place to prevent misuse of evms: election commission,neutral
hellooo.. happy kyle davy (rebelbyacause),positive
my heart hurts. sad i hate people,negative
youngjae looked so sad in the video unhappy,negative
pharma company are opposing name on,neutral
sure do! happy,positive
oh my god unhappy next time mishutuuu,negative
same happy i'll see closer to the con but it's no more than five or so. lol same :d,positive
what a sad life it must be,positive
not yet! maybe this year happy,positive
.the person who chose shut the fuck up: unhappy,negative
one direction (band) whats going on unhappy,negative
that would be a great trick happy,positive
yogi adityanath arrives at the venue of meeting of mlas amid talk that he will be named chief minister,neutral
powerpoint'te mi hazirladiniz post'u unhappy,negative
try the front door,positive
the manifesto,negative
can't wait to see you in that film karl! i wished you would be here were i'm bu,negative
i find it so difficult to say no to him unhappy,negative
i miss him unhappy,negative
find sunanda k datta-ray.,neutral
how ha graduated from a captain into being a,neutral
thanks for the recent follow happy to connect happy have a great thursday. want this,positive
can air india enforce fine on unruly passenger for,neutral
winner of award at the telegraph's - advantage 2017.,neutral
and more. also in epaper.,neutral
someone asked me hows life? i just smiled and replied,positive
serious charge absent in varsity press release appear in plaint htt,neutral
got to aksis 2nd part and have a cp for him but have never completed it since return on investment dropped laughing out loud unhappy,negative
nice! some really nice stuff there! mostly black dress which i won't get away with for a june wedding though unhappy,negative
april is really really bloody. i'm so proud of our boy cry with joy,positive
after attack,neutral
but why? unhappy,negative
if anyone ha got a design or could find me one i would be so grateful to you :d,positive
mutton,neutral
or the station didn't check. happy surely some combination of 0xx-xxx-x938 or 0xx-9,positive
imagine if he win next time too unhappy unhappy,negative
definitely my arm unhappy,negative
find out more and sign up at,positive
i miss going to gig in liverpool unhappy,negative
miss biking unhappy,negative
thanks for the recent follow happy to connect happy have a great thursday. want this,positive
guy please help me retweet unhappy,negative
it's that a*dy guy from pop asia and then the translator so they'll probs go with them around au unhappy,negative
we loved to have reply by you. :d now get lost .,positive
roc boyz sad,negative
sena's apologises in parliament,neutral
i can't continue this right now because the lighting is shitty a f i swear sorry sad,negative
i hope it wa great,negative
or let take a hit?,neutral
digital monster want to work with blackpink make it happen pls unhappy,negative
a tutor for kid roped in for harvest,neutral
we love that our blogger love u so much happy thank you for such an amazing review the perfect glass h,positive
but put question mark on video.,neutral
molten tar wipe out family,neutral
man arrested over truck death suspected to have carried out attack.,neutral
why sena lawmaker are opposing harsher step for those assaulting public servants.,neutral
thanks for the recent follow happy to connect happy have a great thursday.,positive
ready for 420 happy,positive
aiadmk expels after supreme court ruling knock out of cm race.,neutral
finance minister arun jaitley table in lok sabha,neutral
make in built in westward ho! for calcutta estate. read,neutral
how rahul met hc give to cbi,neutral
how centre hiked for job scheme by... a (and what you can do with a rupee).,neutral
.nothing changed but the date .. april 28 make s,positive
bihar exam body's bos,neutral
jk: school college shut down after clash,neutral
thanks for the recent follow happy to connect happy have a great thursday. want this ?,positive
some and now none of you cry with joy,positive
this worked out beautifully. if you redesign the import page to suit the whole application would mak,positive
for this visiting prime minister,neutral
shihaaaa help me on my bishie hunttt equal ^ equal ),positive
on courage,neutral
pawar point out.,neutral
virulent are going against india's culture (and census),neutral
how 4000 punjab cop spent night preventing by filling breach in wall with,neutral
someone messed up unhappy available**,negative
how bjp sold development -- and then sprang a hawk.,neutral
still live!,positive
i want to drink with cigarette unhappy,negative
thanks for the recent follow. much appreciated happy want this ?,positive
confession,neutral
oh,positive
eas to 3.17 per cent in january from 3.41 per cent in december.,neutral
keep looking for the thing i bought yesterday in my dream unhappy,negative
yg should have sent them to mcd. i want to see them holding the trophy unhappy anyways,negative
and more. also in epaper.,neutral
uncheck new arrival happy,positive
dumbing down of popular entertainment is an important issue.,positive
call center nice game 4/20 unhappy,negative
feel so fucking shit today unhappy,negative
i feel that way about life and is what get me through everyday in a positive mood! happy,positive
found use for the sewable led holder happy,positive
non-teaching staff call for end to jnu stir,neutral
nice gif happy,positive
in assam,neutral
claim he ha the masses. who decides?,neutral
i write fiction. some pr knob who writes sentence fragment on an ipad next to the shoreditch house piss off,positive
but it wasn't lit at all unhappy,negative
before i think of them :)kisses thefashionicon,positive
after being at receiving end,neutral
supreme court say it will auction aamby valley project if money is not paid by and others.,neutral
off the turf too,neutral
brit-bashing,neutral
thanks for the recent follow happy to connect happy have a great thursday. get it,positive
but you should not.,neutral
register case against meat exporter in a graft case; name it former chief ap singh also.,neutral
baaaper unhappy,negative
superstar thanks so much for the kind words! look forward to seeing you soon buddy smile,positive
my puppy deserves all better unhappy,negative
ohh normally i feel sick when i drink like 3-4 cup of coffee,negative
still no sign - it's a very small area ( garden ) and it would be very obvious sad quite a few eye now,negative
did you see this one? happy transitional piece // chiffon dress,positive
depth charge sonobuoys.pse note the 'msl-torp' getting released,neutral
modi's call for orphan trafficked,neutral
the first group of local came forward yesterday with cake and card for african victim of racist mob violence,neutral
this is damn.... there people who sincerely want to attend bh birthday party but bcs of those people who try for fun make them ca,negative
if you can send me a dm with your postcode i can check a few of your local stores. look forward to your reply happy - nathan 2/2,positive
noooooooo you gonna miss the buffet unhappy take care ain!!!!!!!!!!!!!!!!!,negative
shameful business :(stop paying giant corporation for food you just don't need.... wake up people plea,negative
i miss quacktopia! unhappy,negative
when your online crush come to the meet-up without their snapchat filter unhappy,negative
but what camera you shooting with,negative
i'll try sad and yes i am unhappy,negative
tolong bantu sampaikan keluhan army ke dong. too many complaint here and there since day 1 of ticketing unhappy,negative
life in a dark corner of ha become magical after villager got their 1st this year.,neutral
principal rajendra prasad say his heart bleeds over v,neutral
rt: good evening everyone happy join our twitter party tonight. official tagline:tanner welcomebackph tmi,positive
agriculture sector to grow at 4.1 per cent in the current year up from 1.2 per cent in 2015-16:,neutral
yesterday's faci so cute! but he 30+ :(today's faci is old eeyer,negative
rt if you hate me cry with joy,positive
opening up to you lot!rt like would be laaaaaverly :d .xxenjoy,positive
people wanted to buy in bulk from govt,neutral
i miss him so much unhappy,negative
i feel so sick today unhappy,negative
it's getting harder and harder to stay unhappy,negative
her back unhappy,negative
board's stand on an potboiler. and more. also in epaper.,neutral
back at it again with the matemticas unhappy,negative
do it like it's legal sweater ..more design available at,positive
thanks for the recent follow happy to connect happy have a great thursday. want this?,positive
mmmmmmmm love naughty wife smile,positive
to mp join camp; fret and tends to flock.,neutral
ngam to week left for cadet pilot exam cry with joy,positive
gun for bjp,neutral
thanks for the recent follow happy to connect happy have a great thursday.,positive
happy 16th birthday to my bff! i may only be 15 and a half but i'll have you to take me place happy have a great birt,positive
r.i.p victoria wood heaven know we're miserable now unhappy,negative
remember- vocab knowledge is worth 75% of your grade! will announce winner tomorrow morning at 10am! happy 15 to purchase! happy,positive
now bureaucrat face action for drinking alcohol -- anywhere in the world.,neutral
floor test for on saturday.,neutral
final are next week unhappy wish me luck x,negative
thanks for the recent follow happy to connect happy have a great thursday. want this?,positive
two indian kidnapped in south sudan released,neutral
enjoy happy,positive
a land in delhi,neutral
abvp take out tricolour march with 180ft long flag from ramjas,neutral
the saddest part of my day everyday is when ryan ha to leave at 5:30 am unhappy,negative
1st day of ja entertainment's marathi film savita damodar paranjpe have been a big fan of this story. finally get,positive
death on 1st solo trip and more. also in epaper.,neutral
(leads/trends) 26/117: bjp/sad: 3,neutral
pamura isa because in this very moment,negative
5-judge constitution bench to sit in may to decide on plea relating to aspect of triple 2/2,neutral
last kiss unhappy,negative
astaga unhappy /?,negative
soph please don%27t win again unhappy jk.. good luck i think you will draw a good poster,negative
hey thanks for being top new follower this week! much appreciated happy,positive
offline unhappy,negative
happy me too i hope,positive
but i'm a bit rusty now! unhappy,negative
today is 4-20 which is hitler's birthday unhappy,negative
every time i think that my skin is getting better,positive
congrats for 3m follower on instagram! happy,positive
bjp see stamp missing in choice.,neutral
bihar to tell why govt rejected an idea.,neutral
faltan russel why noodle unhappy,negative
ban ja hero :d,positive
sworn-in a chief minister of,neutral
another atbb on it's way ! i wish srk sir start signing good movie unhappy,negative
that's the law of nature happy,positive
got a msg! oops not you unhappy,negative
but,positive
just me killin time to say hey! :d,positive
air india to tighten security at mumbai pune a threatens to stall airline's operation there.,neutral
hey tony,negative
thanks for the retweets this week. much appreciated happy want this? it's free!,positive
twitter explores premium version after 11 year a a free service,neutral
breaking: india december quarter gdp at 7 percent (reuters forecast wa 6.4 percent),neutral
superstar thanks so much for the kind words! look forward to seeing you soon buddy smile,positive
edm pleaseeeeeeeee unhappy,negative
talking to my over driver about where i'm goinghe said he'd love to go to new york too but since trump it's probably not,negative
your always welcome thank you sa treat sa susunod ako happy,positive
ma de tonight i don%27t really care cry with joy,positive
definitely my arm unhappy,negative
i only just absorbed that i'm not going to get to laugh when he get 2000 votes. unhappy,negative
bring back the ginger curl =(,negative
bengal unit of finally get a full-time chief.,neutral
i just told them to bugger off and hung up! they waned access to my pc. if they phoned someone like my gran,negative
why is it so hard for you to notice me? haay unhappy,negative
happy birthday megan happy,positive
who know :d,positive
thank you roshhh i miss you and everyone too. love youuu more,negative
to look beyond defence during visit.,neutral
supreme court take on record 'unqualified apology' tendered by bengal counsel,neutral
helloo :d (keep_smiling_y),positive
7 arrested in attack case; police see link.,neutral
that would be a great trick happy,positive
but here's how you can be a part of this happy,positive
sibal and datar spike bcci wish,neutral
how self-belief ha kept him on top of the game.,neutral
javadekar back restrictive research entry,neutral
hellooo happy bluey (xblueys),positive
didn't arrive unhappy here's hoping tomorrow it doe,negative
superstar thanks so much for the kind words! look forward to seeing you soon buddy smile,positive
omg i'm sad to say that i actually don't remember this! unhappy when did this happen??,negative
sc issue notice to centre,neutral
with jatavs a base and pitch for muslim,neutral
ansals let off lightly (again),neutral
kp nayar on how party revolt knocked out nominee for labour secretary post.,neutral
half empty for cloud over research,neutral
and the website is down since long happy,positive
i miss jihoon sad,negative
and you're right about mcconnell a well. unfortunately,negative
i hate park jisung so much sad,negative
57.36% turnout in fifth phase of voting end by large peacefully in 51 assembly seats: up ceo t venkatesh,neutral
new twitter acc. happy,positive
i just hope everything go right from now on unhappy,negative
unhappy oh man..,negative
thanks for the recent follow happy to connect happy have a great thursday. want this ?,positive
that suck unhappy,negative
this is damn.... there people who sincerely want to attend bh birthday party but bcs of those people who try for fun make them ca,negative
i cant deathmatch you piss off unhappy,negative
not going to burst more data cry with joy,positive
hey thanks for being my top new follower this week! much appreciated happy want this ?,positive
happy birthday cry with joy yoyour so so cool and i hope yoyour day go super good,positive
nah over-rated happy x,positive
how the formidable madame of calcutta's run her business.,neutral
fear over plan to set rate for,neutral
jp yadav find an us-versus-them undercurrent in,neutral
what happened unhappy,negative
there you guys. read it for once at least. cry with joy,positive
oh noooo baby unhappy,negative
say,neutral
and more. also in epaper.,neutral
who want some good vibes? watch this on youtube or tv100 application now for free happy,positive
tonight 7pm,positive
say source,neutral
sound like a lot of fun :d i like it,positive
cleantha,negative
could dethrone a top draw.,neutral
824000 new vehicle trashed,neutral
yeaaaah! alpha invitation well received happy,positive
made to trek 2km to fetch water for,neutral
did you notice? there is no killing of rss / bjp worker in another southern state? cm is dismantling xtian infra in munnar?,positive
music and direction by of my favourite by,positive
handling bully,neutral
thanks for the recent follow,positive
holy shit! 40 page script of the opening scene of man of steel on krypton got compressed.i wish i could at least,negative
why no available in the u.k.? unhappy,negative
delhi worried over silence of on,neutral
okay what tf is this colorful starbucks thing all over social medium unhappy,negative
it's adore you,negative
update: manhattan attorney preet bharara wa asked to resign along with other obama-era u.s. attorney - doj.,neutral
hellooo happy xbox adhatter (xboxmadhatter),positive
happy 10th wedding anniversary aishwarya rai-abhishek bachchan happy,positive
u.s. judge reject travel ban,neutral
this is jimin to yoongi unhappy,negative
cong: 17,neutral
hospital,neutral
i just did happy,positive
yg should have sent them to mcd. i want to see them holding the trophy unhappy anyways,negative
noooo in here is 6.45 ;_; i have class at that time unhappy,negative
we're no less than cricketer,neutral
how techie wa killed --and an american took bullet aimed at another.,neutral
looking forward to you visiting! you've picked a great day too,positive
why is italian easier than spanish unhappy,negative
hey thanks for being top new follower this week! much appreciated happy,positive
didn't even get an easter egg this year! unhappy xx,negative
can't wait for those revealing qa's. happy,positive
why you could meet a saltwater next time you are in the,neutral
stake claim to form government in tamil nadu,neutral
teacher back worry over silence,neutral
expert say wrong in blaming on ganga for siltation.,neutral
tn farmer in skull protest in delhi,neutral
i want fun plan this weekend unhappy,negative
preliminary enquiry by against health minister for alleged money laundering.,neutral
yep i'm going back to school to become an editor hopefully. can't wait! your sister really belief in my skill happy,positive
you can get a professional one here,positive
whaaattt,negative
i miss my baby unhappy,negative
4000 migrated in 2015 to shield their capital.,neutral
our crazy easter! our donkey is insane! seriously crazy haha!,positive
we seem to have sold our government some time ago. unhappy,negative
stats for the day have arrived. 1 new follower and no unfollowers happy via,positive
party led by can't seem to look beyond family for top posts.,neutral
oh no unhappy what are you like?! is it still in shops?,negative
who is e from local functionary to legislature party leader,neutral
and more. also in epaper.,neutral
pak court sentence to death for spying.,neutral
are you also attractive to liza soberano? happy,positive
these will be ready long before winner are named.,neutral
the video will definitely be a 30 minute episode if not longer.,positive
fund fear on research,neutral
chicken; more pulse,neutral
currently standing outside the shard with a bag full of empty bottle because i came to work with tom today happy,positive
a fish killer going to be pressed younhappy i the hoe of today you were a good person,negative
shaandaar,negative
not applicablengarag not applicable this unhappy ill find more wonu picture soon alxmdkcsnx,negative
puritan and critic be damned,neutral
i'll be attending cosmic latte on saturday and i'll give these out to selu shipper kasi selu month qaqo unhappy,negative
this mighty albatross carried missile torpedo,neutral
jitter for pervert healthcare in bengal,neutral
16000 car and 40000 autos.,neutral
yes!!! neil gaiman for life! :d,positive
you deserve a vacation happy,positive
maybe coffee is not for you unhappy,negative
ahhh i'd be well chuffed,negative
sad i don't,negative
british dhc bruce bucknell with institute of entrepreneur head manoj da discussing skill devt in ne at,neutral
no it okay she survived :,negative
assumes im outsider because of my,negative
mp put on no-fly list by for pervert airline a well.,neutral
on electile dysfunction (among losers),neutral
how childish of you commando happy,positive
weare are u? unhappy,negative
capt amarinder singh take oath a 26th chief minister of watch live:,neutral
truuuu!! si grim reaper and sunny huhu grabe love story nila unhappy,negative
gunbattle that felled father.,neutral
amazing stuff!!! thansk for this happy birth control - gamma ray (1972),positive
say prasun chaudhuri.,neutral
cheer up the new administrator team. happy,positive
so excited for the thing coming in the future happy thing are going great,positive
i'm sorry but people have to make a living happy,positive
me everything and anything these day,positive
and more. also in epaper,neutral
it hard to see your best friend with another girl happy,positive
thanks for the recent follow. much appreciated happy want this,positive
if you can't be there for someone at their worst then you don't deserve to be there at their best :)kisses thefashionicon,positive
foreign tourist with e-visas to get free card on arrival.,neutral
bjp worker stabbed to death during local temple festivity at mukkattukara in kerala's district,neutral
no,neutral
oh my god not laurie penny unhappy,negative
go back to school for music! i think i will in time happy,positive
i liked a video,negative
thanks for the recent follow happy to connect happy have a great thursday.,positive
sorry about that. you can always ask u to follow you so you can dm you happy,positive
when protestors in began trying to rescue trapped,neutral
how is playing in du colleges.,neutral
well..human. that's all i,positive
but the custom of argentina that fill you with paperwork unhappy,negative
who want some good vibes? watch this on youtube or tv100 application now for free happy,positive
talking to my over driver about where i'm goinghe said he'd love to go to new york too but since trump it's probably not,negative
talking about tattoo just make me want my bb8 tattoo more and more but i'm so broke it make me unhappy,negative
you got to rest,negative
awesome recommendation jess! listened to the,positive
what we did after the climax shot happy,positive
she loved beth so much unhappy,negative
our to fro flight are affected. a a result consequential delay are expected.,neutral
modi's call to ensure justice for woman facing evil customs.,neutral
not being spe,positive
quoting official,neutral
no print edition today,neutral
that would be a great trick happy,positive
appreciate your recent retweets have a great thursday happy,positive
so i may be one of those worker who are not properly compensated unhappy,negative
umma why you do this cry,negative
and more. also in epaper.,neutral
badly equipped surgery,neutral
fri or thu? i'm going to the friday showing :d,positive
note for indian,neutral
why karnataka body decided to boycott award function.,neutral
what meant by 'potato factory' is thriving reality for bengal farmer in chain.,neutral
white genocide is not a thing. it figment of your imagination. youre a victim of nothing but disinformation.,negative
this escalated quickly,negative
it froze a few times. then went to 16.10,negative
mom who lost teen kid in fire same%2c old%2c boring shit a are let off lightly,neutral
where's justin i miss him unhappy,negative
is that store still in use? if so,negative
cabinet meeting begins.,neutral
my friend is such an egg,positive
and more. also in epaper.,neutral
nia to take over encounter,neutral
how govt made look benign: use revised (and lower) base for comparison.,neutral
awww yeah :d,positive
thanks lala.. much needed happy,positive
hobart in 7 weeks. lot to look forward to happy,positive
wish i could stay in bed all day and listen to the rain sad,negative
flavorful dream,negative
when your effort pay off... happy,positive
the other half of the time it crash unhappy it's embarassing when i',negative
re-polling underway in 8 assembly constituency which went to poll in 1st phase on march for,neutral
congrats! :d,positive
thanks for the this week,positive
prepare to be inspired! happy,positive
karnataka,neutral
fir registered against up minister over gang rape sexual harassment,neutral
love this!,positive
thanks for the recent follow happy to connect happy have a great thursday. want this ?,positive
mutual: let's talk more!me: for sure!mutual: happy me:,positive
for first time in 3 decade,neutral
a governor ponders.,neutral
what zoo is doing to mark,neutral
soon :' i need you so much cry with joy {} i need you kaswa :',positive
my favorite hobby is finding the negative in a positive thing happy,positive
asks govt,neutral
unfollowing bye happy,positive
ok? :d,positive
puzzle piece [64]rt and like for the next please :){20 rts,positive
set to take oath a up cm today,neutral
full interview inside in 7 days.,neutral
how to be you piss off cry 3,negative
in 7days today: bjp's expanding footprint,neutral
mcd polls: release second list of 127 candidate,neutral
if i get 900 retweets and 900 likes. help me :(un,negative
and more. also in epaper.,neutral
he'll kil,negative
no celtic or bruin today unhappy at least sale is pitching for the sox,negative
dept crackdown on hoarders; issue 87 notice,neutral
thanks for connecting we are passionate about - hope you like our tweet happy,positive
say president mukherjee.,neutral
3 men die trying to save friend from on,neutral
hrd to stop funding research on social exclusion,neutral
here are some very happy boy to brighten up your day happy,positive
i'm so glad i have you,negative
stay cool,positive
wut i totally missed your bday unhappy happy belated birthday sweetheart,negative
big decision expected,neutral
she might have dressed a bit better.,positive
surround yourself with positivity happy,positive
after the bjp is certain it can get away with anything,neutral
000 in village are taught to google design,neutral
what the number say,neutral
mp cases: rajnath.,neutral
13 guilty in murder,neutral
my knee is similar colour to leny henry's unhappy,negative
poor baby unhappy i hate people,negative
honesty hug for bottom rung -- while mystery persists over missing taxpayers.,neutral
sorry i didn't make it to the book drive yesterday couldn't get outta work unhappy,negative
sajeda momin on why a cm is a logical milestone of the death of the,neutral
i'm so tired unhappy,negative
hundred of immigrant arrested in 'routine' u.s. enforcement surge,neutral
how bypoll wa put off-- on ruling combine's request.,neutral
who would you call when you are roused in midnightreminds me of the time(s) they were roommate unhappy unhappy unhappy you suck,negative
i miss big brother unhappy,negative
pak term for access,neutral
i miss bmf sad,negative
trump administration resists economics of and visa for indian companies.,neutral
they pinched him on a free? his quality on fm smile,positive
how became demonetised note in,neutral
and more. also in epaper.,neutral
you're got to disappear half way too? unhappy everybody want to being lazy eue,negative
enter to win 1 of to box of highly anticipated books! 6 book in each box! open int happy,positive
citing outsider inflow open campus.,neutral
im getting one too smile smile smile smile,positive
definitely my arm unhappy,negative
just a new happy,positive
so i'm super impressed he's got his musical mojo back! thank you so much happy,positive
tats! i have question happy,positive
no one is offering this poor old lady a seat unhappy,negative
in midst of an incendiary wish from,neutral
student stir to intensify- strike today,neutral
from may 1,neutral
chaged for the best for our singto. please,positive
it look like io 11 is due to kill it unhappy,negative
no stamping tagging of fliers' hand baggage at 7 major from april 1.,neutral
this survivor of riot ha a simple message for voters.,neutral
hellooo happy cjay (cjay_100),positive
caution on site inroad for mayor (who is also minister of housing and environment.),neutral
mane ha been amazing unhappy,negative
no offence :)** don't want to hurt anyone. all i,positive
omg he... kissed... him cry with joy,positive
despite it it edge,neutral
that's europe,positive
the graveyard echo in choice a chief minister.,neutral
tougher road law,neutral
maayos didn%27t ang lahat happy let give him a space and time happy,positive
why is it so difficult for me to get at least a chance unhappy,negative
appeasement of none is the policy of my govt,neutral
they want say at victory rally.,neutral
mine hasn't been sending stuff unhappy,negative
we all know unhappy,negative
supreme court issue arrest warrant to get high court judge to face case.,neutral
if you're an aspiring developer in or near krakw this is an excellent opportunity. they even pay their intern happy,positive
have i told you lately that olive juice? :d,positive
doe anyone have a 7 adapter or 7 earbuds i can borrow for the day? left mine in my car unhappy,negative
i literally couldn't see a thing when they were at the back of the stage,negative
it's okay i've accepted you the way you are unhappy,negative
i can't do it all on my own. (see what i did there? ),negative
modi say people don't want handout,neutral
i protect it with a layer of fat :)kisses thefashionicon,positive
greeted by cm captain amarinder singh,neutral
what do religious have against atheist and,neutral
bond for political funding,neutral
my bed is so comfortable i don't want to get up unhappy,negative
how slashed research seat,neutral
how offered to help of,neutral
you may draw your conclusion from any deviation from that level either in the direction of therapy or prevention,positive
it's $10 but also free postage. i wish the seller had yanan and yeo one too. unhappy,negative
and more.,neutral
nothing move faster than a girl untagging herself from an ugly picture :)kisses thefashionicon,positive
ahhhhh! you recognized logan!!! cinemax show have a bad track record for getting cancelled unhappy,negative
but surge to runner-up slot.,neutral
i need cheering up,negative
koala are dying of thirst and it's all because of u unhappy,negative
thank you happy,positive
okay happy,positive
likely to hear pil against swearing-in today,neutral
justice fails to appear before apex court to face contempt charges.,neutral
3 shot dead in a protestors try to rescue,neutral
president trump fire top government lawyer sally yates for defiance on immigration order,neutral
thanks for the recent follow,positive
vile tactic in valley,neutral
militant wing welcome but asks him not to speak against,neutral
4/the pilot project for green transportation across national capital region is the next such service being introduced on,neutral
a treaty could provide security/ tech for culture development happy,positive
yoongi come back unhappy,negative
thanks for the recent follow happy to connect happy have a great thursday.,positive
i love when people or message me w long message about how beautiful they find joon like unhappy yes i agree keep going,negative
unhappy let's fight all those kid,negative
why doctor,neutral
thank you happy,positive
i always know when it come but have no fucking clue how it go unhappy,negative
the famed ha to conform.,neutral
time for modi's reforms.,neutral
are dying of thirst and it's all because of u unhappy,negative
instant message fine yoo,positive
it not organicthey'll shoehorn it inbut plot character developmentmcu netflix ha leswhat support,negative
shashank manohar to stay on a chairman till june meet.,neutral
says.,neutral
use to track for preventing track death,neutral
say up chief minister yogi,neutral
i married a maoist by swati sengupta,neutral
delhi high court order cop shield for willing drivers; tell striker to deal with companies.,neutral
madam and more. also in epaper.,neutral
mike. blessing to you. happy,positive
work on option to get backing on,neutral
hello everyone,positive
feeling myself,positive
poor mouse unhappy,negative
india's industrial production contract 0.4% in dec 2016 against a decline of 0.9% in dec 2015.,neutral
thanks :d,positive
thanks for up-voting u on ph happy,positive
maa ki kuss tumhari. now take this bullshit you loser.,negative
bihar jharkhand for nice try filling police vacancie,neutral
crusader pleads for saving,neutral
record low turnout.,neutral
month and year of bonding and happiness family mclisse starmu,positive
and more.,neutral
happy belated birthday :)another duet of you and amaal is much needed,positive
surit dos on what you should do if you forget dynamic of your mobile,neutral
in this mandate,neutral
lage unhappy,negative
in melbourne please happy,positive
mutual: let's talk more!me: for sure!mutual: happy me:,positive
this is what we have in front of us.,negative
we will accept the people's mandate,neutral
:'(( well,negative
india push university to accept 3yr graduate for courses.,neutral
and more. also in epaper.,neutral
in today,neutral
koala are dying of thirst and it's all because of u unhappy,negative
? news ? :d,positive
.agata baby unhappy it broke in the mail. but i read your letter can't thank you enough. you are the best,negative
how broke rank with other body in east,neutral
600 for drug eluting-- in crackdown on wild markups.,neutral
supreme court term a 'unfortunate' the ground cited by bengal govt in it plea against hc order asking cbi to take over case,neutral
without hawks.,neutral
77 ? old leyland,negative
i hope louis get all the off time that he want and come back fresh and happy happy,positive
psa: remember this when you ask artist to draw for you. i'd say the same thing for writer but apparently commissi,negative
minister of pmln are happy like those student who never studied for exam luckily exam got delayed. they'll still ha,positive
today hasn't been great unhappy,negative
in fact.,negative
yeah! my sight reading wa pretty good in high school,negative
great to work with you too such a lovely place! thank you for havin,positive
apka apna awam ka channel frankline tv aam admi production please visit or like share :)fb page :...,positive
bombay high court directs protesting resident in to resume duty immediately,neutral
swear i just walked past haha,negative
please do commend him. h,negative
junior home minister admits he made comment on without having seen her video.,neutral
blocked by christensen.another notch on the belt. happy,positive
alright. look like back to chore behind the scenes. my page hit drop to 1k daily when i don't visit and post. unhappy,negative
i love it when pretty girl call me pretty like bitch tf you too happy let's be friend,positive
thanks for being top new follower - have a great week happy,positive
in lucknow,neutral
bonhomie between and strike a chord on the ground.,neutral
i'm actually cry while typing this tweet i just can't take it anymore.. not applicablehulog not applicable knock out d unhappy,negative
i need lesson to learn how to start conversation with people and keep chatting with them unhappy,negative
doe a virat kohli,neutral
watch your word happy,positive
im hungry unhappy,negative
thanks for the recent follow happy to connect happy have a great thursday. want it,positive
well thanks for stoping by unhappy,negative
i need cue something that would make me smile....i'll be waiting...:(,negative
give me my own ahn minhyuk juseyoooo unhappy,negative
big fail.,neutral
and more. also in epaper.,neutral
in 7 days: what calcutta's are learning,neutral
no one is selling vhope banner what? sad,negative
sunnyside a well unhappy,negative
it's only been a few day since their promotion ended but i'm already missing her so much unhappy,negative
hotel fire in calcutta,neutral
report,neutral
r 1 crore and r 50 lakh respectiv,neutral
protein from an australian venom may help victim recover faster.,neutral
i feel bad for doing that ahaha unhappy,negative
kim jong nam,neutral
i face swapped a cat with a dog and it's really upsetting unhappy,negative
thanks for that! little thing like that really help when sleep start hitting and you don't drink coffee or energy drink unhappy,negative
would really like it if the coandsole versioands and got the update to makr it like the steam versioand. =(,negative
if you want a friend in washington,positive
join vote for the singer! do spread the word. :d,positive
there isnt a new riverdale tonight ? unhappy,negative
finmin arun jaitley given additional charge of defence ministry following manohar parikkar's resignation: rashtrapati bhav,neutral
you still syoure ? :d,positive
forecast for wet dol (sunday) and dry (monday).,neutral
why school in calcutta (and elsewhere) are stunned by imposition plan.,neutral
rape-accused leader gayatri prajapati nabbed --after roaming in delhi,neutral
at the memorial.,neutral
how had offered india consular access to,neutral
ha accepted the resignation of shri manohar parrikar from the council of minister with immediate,neutral
i have a cold unhappy we'll see how i feel today!,negative
who got to pen today man cry,negative
but in reality they're just patch of dusty dirt unhappy,negative
good morning every one,positive
visa 'selfie' by cbse's plan,neutral
trump sign repeal of u.s. broadband privacy rule,neutral
supreme court seek govt's response on a plea to frame national policy to promote and,neutral
hey thanks for being top new follower this week! much appreciated happy want this ?,positive
hey thanks for being top new follower this week! much appreciated happy want this ?,positive
mukul kesavan on what the attack on means.,neutral
what's wrong with you why don't you like animal unhappy,negative
talking to my over driver about where i'm goinghe said he'd love to go to new york too but since trump it's probably not,negative
yg should have sent them to mcd. i want to see them holding the trophy unhappy anyways,negative
for trade ? happy what yeah want ?,positive
clue,neutral
ooh,positive
pozuelo (formerly of swans) and suso (liverpool now ac),negative
hindi close friend? unhappy,negative
smile so true. for someone who wa being recognised for her contribution to fashion,positive
fewer pollution,neutral
this is great to hear joanna! happy we're so pleased you've had a good experience.,positive
okay lang friend promise meant to be broken =( hahahaha,negative
supreme court may hear key case during summer break.,neutral
koala are dying of thirst and it's all because of u unhappy,negative
strategy,neutral
having lost kerala bypoll,neutral
cant speak japanese ::(,negative
this is damn.... there people who sincerely want to attend bh birthday party but bcs of those people who try for fun make them ca,negative
the application is kana kanji funtime! sadly,negative
700 personnel) of paramilitary force in haryana,neutral
in setback for trump,neutral
school,neutral
i miss temperance brennan and seeley booth so much unhappy,negative
president clear for piece of supporting legislation related to,neutral
roc boyz sad,negative
give it a like happy it's all about choice! :d,positive
thanks for the recent follow happy to connect happy have a great thursday. want this ?,positive
be rip,negative
and more. also in epaper.,neutral
hey thanks for being top new follower this week! much appreciated happy,positive
all that voter in these village want is a permanent with india.,neutral
i dohn't want toh cohmment ohn it: amit shah oh,neutral
two militant killed in encounter in that lasted nearly 12 hours.,neutral
we were classmate for alvarez but i don't really see you around school anymore unhappy,negative
earlier,neutral
pake unhappy,negative
always running out of space on my phone,positive
ram madhav tell,neutral
same unhappy,negative
newly elected mlas to meet in lucknow on mar 18.,neutral
tonight 7pm,positive
election commission on plea seeking scrapping of and other benefit given to,neutral
why stem is important,neutral
yes jenniessi?,negative
fear and outrage among student from in delhi,neutral
say,neutral
nothing could be better happy,positive
koala are dying of thirst and it's all because of u unhappy,negative
supreme court shoot down govt bid to put sport ministry bureaucrat in panel to run,neutral
nice,positive
thanks for the recent follow happy to connect happy have a great thursday.,positive
online shopping timmeee. anyone got good site suggestions? happy,positive
i face swapped a cat with a dog and it's really upsetting unhappy,negative
indian techie shot in u,neutral
kanwal sibal on why could be a victim of disruptive thinking.,neutral
india's growth rate at constant market price for 2016-17 seen at 7.1%,neutral
kind of like my layout happy,positive
to retain tv innings.,neutral
this is damn.... there people who sincerely want to attend bh birthday party but bcs of those people who try for fun make them ca,negative
full expected in a month or two: arvind subramanian.,neutral
if i get 900 retweets and 900 likes. help me :(un,negative
happy 420 happy pas it to your followers!,positive
miss the rain unhappy,negative
i want harry's phonecase sad,negative
legal eagle back call for probing suicide note.,neutral
i don't know where i wa at this time but i have retweeted now and i've been waiting the dm for a long time unhappy,negative
summer's not in our school's vocabulary unhappy we need air. please tell,negative
koh,negative
road to economy,neutral
india's jan 2017 rise 4.32% to $22.11bn -- but import up 10.70%,neutral
estranged half-brother of leader kim jong un,neutral
although i'll be a little late sad,negative
cash-swap case,neutral
say,neutral
but water pact remains elusive for india,neutral
shouldn't keep kenyan complaining on,negative
panic and deaths. at india's top hospital.,neutral
in case you missed it,positive
have you voted for the wolf's bite on greenlight yet? happy help u get wolfie pig on steam!,positive
academic siege,neutral
becoz if we will depend on your promoting it waste of hardwork to all team who,negative
l uttar pradesh (leads/trends) 373/403 264 70 27 others 12,neutral
country's first conviction: minister sentenced to 7 year rigorous imprisonment.,neutral
excuse me i don%27t see my nama unhappy,negative
definitely my arm unhappy,negative
a riot refugee's resolve and more. also in epaper.,neutral
people don't want handout,neutral
say on,neutral
the bank job,positive
wish i had someone to cuddle me right now unhappy,negative
high court grant stay on criminal proceeding against minister in case filed by mla mohua moitra.,neutral
bsf dismisses constable tej bahadur yadav from service after a court of inquiry. bad quality food allegation were base,neutral
fuck get me follower unhappy my ratio is amazing,negative
and more. also in epaper.,neutral
it's only been 3 day and to night since mama went back to the province but i already miss her unhappy,negative
hellooo happy ross chaplin (masoncooper4),positive
jp yadav on rebranding of,neutral
you too man happy,positive
sukanta chaudhuri on and what it mean for indian,neutral
union will include railway budget. today,neutral
in govt set menu item limit on wedding,neutral
[bot] i'm not perfect happy,positive
i'll like her happy,positive
i had that down south and had no issue,positive
why india is trying to seal with,neutral
in memoriam of alea starbridge unhappy your beautiful voice will never be forgotten.,negative
writes to tn assembly secretary for no-confidence motion against speaker dhanapal.,neutral
and winning giveaway etc unhappy,negative
my boo))):,negative
growth rate of the industrial sector estimated to moderate to 5.2% in 2016-17 from 7.4% in 2015-16:,neutral
mood is against communalism,neutral
ha the number,neutral
goodmorning!! my parent are taking kid for lunch today- they are off school-report card! i'm wor,negative
centre allows to prosecute former principal secretary of delhi chief minister arvind kejriwal,neutral
i got th will add sim ant a a possible thanks happy,positive
keep smiling happy,positive
keep,positive
polling underway in 69 assembly seat spread across 12 district in phase-iii of,neutral
.a scan for your tumblr happy,positive
mukul kesavan on who ought to (and not who will) win in,neutral
dm u happy s,positive
note crunch and glass-bangles,neutral
british police probing background of terrorist.,neutral
minah start cry because of the fan and yura hyeri make her laugh to cheer her up.. i can't cry with joy,positive
unhappy feeling bored,negative
agreed! i feel like i've skipped too many css/design fundamentals. i'm spending the next couple of,positive
andy unhappy,negative
how note are entering system via calcutta business district.,neutral
the today double annual contract of india cricketer to r to crore,neutral
what power drive to become chief minister.,neutral
i miss them already unhappy,negative
thanks for the recent follow happy to connect happy have a great thursday.,positive
to be sworn in a deputy cm,neutral
i wa telling you to read a book today. knowledge is power. knowledge is growth. kee,positive
i love laying in a meadow of flower listening to mellow's music ...a great way to relax smile,positive
can't believe he will be year for next year unhappy we're becoming old hahahah :v,negative
mukul kesavan on the state of the fourth estate.,neutral
modi take plunge,neutral
india to tap for,neutral
and more. also in epaper.,neutral
oh,negative
yeesh unhappy it's fairly warm here.,negative
welcome happy,positive
seokjinie went to everland today~ i guess he forgot that he's an idol,positive
that's insane! good luck for that! i took it off yesterday afternoon. :d,positive
slight buzy kasi besh unhappy,negative
louis_tomlinson follow me please? unhappy,negative
i understand....i do silly shit like that to make my friend smile happy,positive
drug during despite,neutral
celebrate hitler's birthday! =d,positive
much appreciated happy,positive
don't miss you anymore unhappy,negative
thanks for the recent follow. much appreciated happy,positive
thanks for the recent follow happy to connect happy have a great thursday. get free?,positive
attack on westminster,neutral
happy bday midawgdarnizlle i love you a long time happy thanks for being my best friend forever and attempting to travel on the road,positive
put forth searching question to liquor baron on the disclosure of his asset to the court.,neutral
amit roy on the clash between and,neutral
die evil raven! :d,positive
assam lawmaker want national body to save the,neutral
over 20 million voters.,neutral
i want to quit fighting any type of election: irom sharmila after losing her maiden election in (ani),neutral
all ready for it poster - when my computer get,negative
supreme court quashes criminal complaint against cricketer for allegedly depicting himself a on magazine cover.,neutral
why do people on the internet have to be such ass annoyance here's some positivity for you. i love your art!!! :d it's so pretty!!,positive
sunday holiday for recruit,neutral
we've 80 so far in our collection of 150+! happy new gin menu coming soon a well!,positive
scout photobombed my bluebell photo sad,negative
shade of in law change,neutral
i miss my baby unhappy,negative
muslim body lay down code of conduct during divorce,neutral
and more. also in epaper.,neutral
if josie,positive
back to coconut hair unhappy,negative
swanmen setting up! pablo is waiting for more news to happen happy,positive
how is pushing his team to use twitter a a tool.,neutral
im done trying to take men seriously happy,positive
thanks for being high value member this week,positive
good luck! you have my vote smile,positive
8 killed in election violence,neutral
a chub bun because it easter! happy easter! his name is almond! :d,positive
yeah sad,negative
auditor at helm,neutral
up,neutral
no change in word limit in rti queries; no application will be rejected only on the ground of containing more than 500,neutral
get the crowds.,neutral
wow,positive
whatever india offer the biggest issue is,neutral
i'm so glad i don't care what people think anymore but i wish i still looked my best everyday like i used too sad i just pick,negative
if you are reading this i hope something great happens smile,positive
you nailed it!!!!! brought tear to my eye,positive
inhe sikhaiye!!! msy request to teach rope of politics..,neutral
ruchir joshi on how calcutta's is being destroyed a vandal decide the future.,neutral
her back unhappy,negative
you've got the message happy,positive
soon i'll make art happy,positive
wow awesome gog! thanks happy,positive
and more. also in epaper.,neutral
soldier trekked through snow to take his mother's body home.,neutral
sudden blaze destroys bungalow.,neutral
up female cop take selfies while guarding acid attack victim in hospital,neutral
want to say hi to you.,negative
those chibis though!!' :d,positive
ugc proposes 20% pay hike for college teachers.,neutral
the how and why of (or,neutral
and more. also in epaper.,neutral
i think that's going to be true,negative
some summer salad inspiration for the bbq smile,positive
focus on msme,neutral
i miss you too unhappy,negative
haha! i would love to work for a train company :d be a great dream come true!,positive
centre override bengal,neutral
thanks for the recent follow happy to connect happy have a great thursday. get this,positive
law cannot replace the trust and compassion between and,neutral
i love you have fun with your friend,negative
after 65 year,neutral
only on vehicles: gadkari.,neutral
that fall wa a mess unhappy,negative
i hope this little beaand is andot overworkiandg himself and gettiandg at least some rest unhappy,negative
r.i.p cellphone unhappy,negative
these nosebleed are getting outta hand unhappy,negative
an old street directory of had astounding detailing.,neutral
not really an amount just load of section unhappy i'll ride up to to netherton now meet me at darby end ?,negative
mla sits on speak's chair in angst,neutral
gorbachev done w/o fear. thought bold enough to implement his vision on damp squib unhappy,negative
thanks for the recent follow happy to connect happy have a great thursday. get this,positive
for being top high value member this week happy,positive
thanks for the recent follow happy to connect happy have a great thursday.,positive
i've been trying to bank sleep all week happy i doubt i'll be able to sleep friday or saturday night,positive
and mixing folklore with history.,neutral
good morning every one,positive
the may be changing it attitude to coalition partner,neutral
hey thanks for being top new follower this week! much appreciated happy,positive
i really appreciate it. hope you have a brilliant day happy,positive
exclusive jnu fir mark aisa leadership,neutral
man seen tied to army jeep in video from jk identified,neutral
how shattered firozabad's industry.,neutral
congratulation to both of you. happy,positive
call duration: before sex: 01:47:36 after sex: 00:00:19 cry,negative
worship me and spoil me happy,positive
i'm happy happy,positive
streaming later in the day (night stream) since i have to go and take care of the internet contract,negative
talking to my over driver about where i'm goinghe said he'd love to go to new york too but since trump it's probably not,negative
shut up,positive
definitely my arm unhappy,negative
australia,neutral
after surprise resignation by bos manohar,neutral
hiii. . gentleman commander (bryannousaurus) happy,positive
supreme court caution on not for stealing sari,neutral
hit at advertisement.,neutral
after graveyard barb,neutral
governor vidayasagar rao to meet new legislature party leader edappadi k palaniswami and others at 5.40pm.,neutral
this week marilyn pop by and get's down and dirty happy cum see!,positive
govt appoints director of ten indian institute of management.,neutral
guwahati.,neutral
ready now! one 9 week old chocolate female puppy from harlowe x sterling! happy this girl is a sweetheart and ha a...,positive
thanks for being top engaged community member this week happy want this?,positive
thanks for being top influencers in my community last week happy,positive
bengal draft bill to check bills.,neutral
enforcement directorate chief karnal singh get a fixed tenure of to years.,neutral
you too. smile,positive
a troubled life end and more. also in epaper.,neutral
can you guy make the japanese greninja's and waveguider come a well? happy,positive
come to miami sad,negative
and he's still taking over a quarter of the billboard chart while x is,negative
you guy are entertaining and insightful... and one of the reason i have been really enjoying lpl a lot more this season :d,positive
and more.,neutral
me too sweetie i know how you feel unhappy,negative
aww eunji didnt see win today sad but congratulation to winner !!!!,negative
ummm announced a new show in buffalo! he should ask to be an opener! happy,positive
this is why i made the video about improving your line work on youtube,positive
don't rt to save a guy's life,negative
standoff with left a abvp block entrance of maurice nagar ps. stone egg shoe thrown from p side. many hurt,neutral
if the below tweet hit 1000 is getting rian holding the sticker too!!! click the below tweet sm,positive
charge to experience muna happy,positive
do you even care at all unhappy,negative
these are thing that will get cheaper costlier for you from april 1,neutral
how to win friend and influence people. with cows.,neutral
hey,positive
helloo :d best damn avocado (batsyy_),positive
give a little for her happy,positive
pill for school,neutral
i'll give it a try happy,positive
to injured,neutral
thanks for the recent follow happy to connect happy have a great thursday. want this,positive
citizen petition govt to make nursing home come clean on,neutral
papa bird? i hope year oldu don't mind? because i want to stay with year old,positive
dragon more! omg :d,positive
mutual: let's talk more!me: for sure!mutual: happy me:,positive
definitely wasn't what i wa looking for :/ but gave it a try anyway happy,positive
and more.,neutral
ahead of election,neutral
trouble with google play and more. in,neutral
hiii. . reece (reeceboast) happy,positive
i don't want to adult today.. it's my birthday unhappy,negative
this song will always be one of my faves unhappy,negative
justice face supreme court,neutral
i see a new highlight of pm speech at bjp hq,neutral
hi cham,positive
riddle over 'formerly' tag on collection.,neutral
toshiba approves chapter 11 filing for nuclear unit westinghouse: nikkei,neutral
ill-fitting denture,neutral
follow him happy,positive
private put expansion on hold.,neutral
having pulled up for negligence bengal cm order party not to meddle.,neutral
rt for 50 ffs-rt pinned tweet!!-be patient -legiiiiiiit-no saved account happy,positive
us,positive
upper-caste,neutral
on the way,negative
baby unhappy,negative
another 'go-back' shooting in u,neutral
hi :d retweet for a follow!!!,positive
cash reward likely for doctor following correct protocol.,neutral
bsp's is keeping her rival edgy.,neutral
europe.,neutral
the people of are going back to a economy,neutral
order what ever you want to eat through our website.may you all have a great day happy,positive
your body hears everything your mind says. be kind,positive
happy weed day without them is not the same anymore unhappy,negative
talking to my over driver about where i'm goinghe said he'd love to go to new york too but since trump it's probably not,negative
what a great thing to be sad about unhappy,negative
top to make you pay for cash transaction at branches.,neutral
in 7days: cricket's commoner prince,neutral
can i only pick one unhappy,negative
a governor's letter is leaked,neutral
huh? happy,positive
say manini chatterjee.,neutral
say prasun chaudhuri.,neutral
many thanks,positive
i've tried resetting everything,negative
i bet the media's one-sided view of tim tam surprisingly wa the alt-right roar extreme droll fad unhappy,negative
very sad unhappy,negative
govt duck call for vote verifier,neutral
koala are dying of thirst and it's all because of u unhappy,negative
+i have no choice but to cancel it. unhappy,negative
modi govt to consult on before talking to,neutral
enough! say supreme court and end 38yr legal battle over project.,neutral
being framed by politician,neutral
you mean your voice changed? unhappy,negative
8 core sector slow down to 1% in feb 2017 against 9.4% in feb 2016.,neutral
thanks for the recent follow happy to connect happy have a great thursday.,positive
carcass found at home of govt doctor into drugs.,neutral
hi julie,negative
how people write a joke on religion online.*joke**just joking guy,positive
envoy worry over india and taxing sanitary napkin,neutral
class hall mission and heroic dungeon surprised :d,positive
abha narain lambah on her mission to restore capitol complex in,neutral
i think i've finally figured out the tattoo i'm getting in august :d,positive
you deserve better . hope you'll be okay unhappy,negative
good morning every one,positive
is running out of patience,neutral
dargah trust volunteer in sc to clear in 908sq metre.,neutral
left few month in hinhua ler unhappy i need to gambateh wink,negative
say sp leader shivpal yadav,neutral
l congratulate people of up,neutral
calcutta hc sends case to cbi.,neutral
why can't dog just live forever unhappy,negative
which is good for him happy,positive
punishment time for jb's team! unhappy,negative
slayin_bodies going live...please tune in...thank you happy,positive
bjp capture in record show.,neutral
hey everyone me and harry have just had pancake and maple syrup for breakfast . great way to start the day happy miss you a,positive
say of her bid to enter,neutral
retweet if you are with us? kaway kaway family :)mclisse starmusicifwefallinlove,positive
say,neutral
rt for 13 ffs-it's not much but they're free-legit-free but follow me first to get them quicker-be patient i will g,positive
please follow me . i have been trying to get your follow for a long time unhappy .,negative
huge haul of milk-boosting hormone in calcutta.,neutral
and they'll brush it off lng telling others not applicable not applicableg-iinot applicablerte lng sila and that other had it worse than them. unhappy,negative
i guess it's a good thing then to bring it right to the foreground and put it right in their face,positive
some people you intensionly they don%27t even they please someone unhappy,negative
fixing iphone storage issue and more. in,neutral
this is just super can't wait happy,positive
rather,positive
get all the latest fastest update on throughout the day here:,neutral
she also make some of the most beautiful art (my biggest inspo) all for sale if anyone is interested happy,positive
india using to tackle insurgents.,neutral
yes it would have if it hadn't been for those meddling cloud smile,positive
sixth spot not applicable team! higher pa! :)kisses thefashionicon,positive
helloo :d mr drippy (callmeergan),positive
reservoir to financial deal,neutral
i want a spoon but i cant go unhappy honestly feel like a messy break up unhappy,negative
play your part in raising fund for :,positive
got this interview poppin happy $$$$$,positive
get majority in 117-member win 59 seat,neutral
instant message still hoping unhappy,negative
i really enjoyed horrizion zero dawn but no idea what to play next unhappy,negative
i love him so much i want to kindly stroke his penis :d,positive
we lost: at jacksonville,negative
happy many day,positive
i only just absorbed that i'm not going to get to laugh when he get 2000 votes. unhappy,negative
sorry for no stream yesterday,negative
definitely my arm unhappy,negative
i wish but i can't sad,negative
when gave this mp a bus all to himself to board flight...as 'goodwill',neutral
india may make it illegal for social messaging platform to share personal data.,neutral
miss you unhappy,negative
love you too p!,positive
palani in court rule on and more. also in epaper.,neutral
i want to kiss his nose and tell him i love him sad,negative
growth of 8 core sector slows to 3.4 pc in january compared to 5.7 pc in the year-ago month.,neutral
my puppy deserves all better unhappy,negative
bjp leader in the dock,neutral
playmfs: need moodbooster juseyo unhappy jily_jelly,negative
one of our fleet is solely seeharged by domestisee hydro toro see,positive
aw goodnight angel! i love you lot and i hope you're going to have the best tiame and a lot of fun!! wonho's already am,negative
i wish i could sleep early unhappy,negative
beetle done and join wall-e,positive
for matthew hayden,neutral
breather for highway booze,neutral
ah baba no idea torus olorun. may i never be a victim of such case,negative
great to see you buddy nicest dude in the world. keep killing it brother happy,positive
hello i hope you visit luxor it amazing city in egypt plea check,positive
after sc ban,neutral
beyond brexit,neutral
3 3 3 please unhappy,negative
but the same look at epaper at special link.,neutral
ass star in battle,neutral
i considered asking where that came from. :d,positive
i second that! thanks for the spin. very much appreciated. happy,positive
india's action against charity trigger spat with administration.,neutral
give away random rt! for a chance to win a 10usd itunes or gp gift card! winner will be selected in a few minute happy,positive
for those asking,negative
sooooo feel like a friday today unhappy,negative
modi promise early deal. but...,neutral
it is versus,neutral
thanks for the recent follow happy to connect happy have a great thursday. want this,positive
no some bengal traffic cop do the with pen and paper.,neutral
nearly done now! thanks everyone for joining and hope to see you same time next thursday happy,positive
thanks for the recent follow happy to connect happy have a great thursday.,positive
he's the best happy,positive
on the moon. and more. also in epaper.,neutral
bengal look at way to change classification of to bypass order.,neutral
soumitra da listens to kirtans asks why should be set by rules.,neutral
quiz for industry,neutral
will miss it but i'm on an open education seminar in palestine happy,positive
yg should have sent them to mcd. i want to see them holding the trophy unhappy anyways,negative
it's a very cute picture though :d,positive
demand presidential rule,neutral
fuckin' headache everyday unhappy,negative
3 arrested in connection with of men on polling day in budgam on april 9: police.,neutral
watch this mayward fam!,positive
and the hype is real happy,positive
crude 'architecture' is taking over the world's only city with for building by,neutral
ouuuuu..... right in the jewels! :d,positive
just please look at how scared and full of tence lauren's face is after tryin reaching camila's hand,negative
beyond bihar border,neutral
india could gain from a partnership with in the say kp nayar.,neutral
new upcoming hero revealed! wukong,positive
committee constituted by the ministry ha recommended that city taxi should be allowed to run on app based platforms.,neutral
for every like ill post an answer smile,positive
in 7 days: assam vies for taste bud,neutral
avi for my man :)phone made like always wink,positive
poor baby unhappy i hate people,negative
due to sudden drop in visibility at blr,neutral
in varsity,neutral
kp nayar says.,neutral
[please rt] he'll buy me a blinking taehyung headband,negative
naeem bokhari says... mian ha gone !! are so cute nb happy but n is ugly evil.,positive
i know how you feel,negative
going through pace of decommissioing. very poignant moment for in/ air arm - to give a send off to a true war horse,neutral
say sl rao.,neutral
cpl swallow just gone over the house. heard them whilst flying my drone.. happy,positive
review show up hole in india's govt-funded,neutral
raje's stock-home syndrome,neutral
i can't draw naked woman cry,negative
i miss my baby unhappy,negative
crowd flock to rowling-morgan clash,neutral
supreme court say final hearing of dispute case from july 11.,neutral
how come i didn't get a reminder email this month unhappy,negative
but court order further probe into corruption charge.,neutral
please just stop confining animal in zoo unhappy,negative
american doe not consider himself a hero.,neutral
who to bring to mb man unhappy,negative
i'll dm you half naked picture happy,positive
and killed,neutral
how about me be jup unhappy,negative
miss petite happy thursday happy looking forward to the weekend?,positive
while the unit involved wa pti,neutral
nitish is not stupid.,neutral
study sprout,neutral
thanks for being top engaged community member this week happy (want this ?,positive
govt to set up panel to study service condition of paramilitary forces.,neutral
come back callie gabbie d ghost unhappy i love you both,negative
and more. also in epaper.,neutral
no i don%27t :)),positive
- thank you ton,negative
why commando went,neutral
so,neutral
supreme court reject age plea to skip jail.,neutral
find indian trump,neutral
you change your whole life happy,positive
everything is a choice happy,positive
sorry piss off /3 unhappy,negative
wifi,positive
i cant find my striped shirt unhappy so instant message wearing the one that say what is your favorite thing? with lucas in the middle,negative
this guy got me into exo back in 2013. he wa also my very first bias in kpop. to be honest i miss him so much. happy birthd,positive
joo okay happy,positive
mukul kesavan on bcci and the curious case of versus steve smith.,neutral
nachnis of fighting for right in and more.,neutral
nope unhappy,negative
we got a vive tracker in the office and our intern,positive
look at this happy,positive
koala are dying of thirst and it's all because of u unhappy,negative
opposition creates ruckus in over trust vote,neutral
fresh fir filed by jnu alleging misbehaviour by students. student accused of assault,neutral
