tweet,sentiment
paris,neutral
thanks connecting passionate - hope like tweet happy,positive
transferred 1st major shuffle,neutral
share love: thanks top new follower week happy,positive
saw. reply unhappy,negative
supreme court asks poll panel security need tested,neutral
thanks top engaged community member week happy want,positive
sorry unhappy need sex time,negative
hope little beaand andot overworkiandg gettiandg least rest unhappy,negative
say,neutral
type ask anything like happy aa jao,positive
thanks recent follow happy connect happy (want this? free!,positive
happened security agency argued need tagging,neutral
hello everyone,positive
share love: thanks top new follower week happy want,positive
44 feared killed bus fall river ton nerwa area district: police.,neutral
stress mariana,positive
positive loving always happy,positive
ouchhhhh unhappy,negative
tell give 2-month trial run. also disagrees vote,neutral
goody spotted! :d,positive
bjp's flagging campaign,neutral
minister,neutral
counting vote lok sabha constituency begins.,neutral
uk parliament vote 522 13 favour early national,neutral
would harvey going prison? unhappy,negative
relate much unhappy,negative
let eat cake! :d :p,positive
veronice jughead! happy,positive
ordered ban,neutral
lip though,positive
african envoy upset,neutral
follow mee plss unhappy,negative
pressure happy,positive
could write paragraph xdshame theoretically impossible real life unhappy,negative
absorbed going get laugh get 2000 votes. unhappy,negative
real sub here's link video happy,positive
another great song listen. good! may well like happy,positive
high commissioner dominic asquith insists.,neutral
would great trick happy,positive
thanks recent follow happy connect happy great thursday. get,positive
chain wrong drugs. senior doctor check. death. delhi.,neutral
today? happy,positive
merry christmas everyone happy,positive
fm jaitley say q3 data substantially impacted economy's resilience remonetisation helped.,neutral
ally unhappy can't make poem cute,negative
nia take investigation bhopal-ujjain train ied blast case,neutral
indian want police cover,neutral
bus bangsar heading awan besar. good day happy,positive
shes fine :)kisses thefashionicon,positive
sept18 terror attack,neutral
3 quaint dig budget (or even less).,neutral
could whatever,negative
killer hang,neutral
game move camera happy,positive
back unhappy,negative
retains assembly seat,neutral
late work break news lovely lady clean house... cry together unhappy,negative
eat steak well done please unfollow happy,positive
hey,positive
fracas overbilling,neutral
never want finish desperate housewife life unhappy,negative
don%27t surprised see cry today,negative
part,neutral
told gst.,neutral
maybe? definitely! happy also,positive
hi guys! :)we're looking bartenders/mixologists work u upcoming event. dm u,positive
mata_tytan: almightytanner: good evening everyone happy join twitter party tonight. official tagline:tann,positive
laksa make okaay cry joy need laksa,positive
whew! can't ass unhappy,negative
need know 2017 across eight state video:,neutral
road destination . driving hope find place like stay,positive
never known hard last day resist temptation enter politics debate social medium happy stood firm far,positive
blast office,neutral
progress great leap backwards,neutral
little bit overdramatic death happy,positive
keeping eye house,neutral
kp nayar governor u state say,neutral
find nothing sell voters.,neutral
five soldier machhil attain martyrdom; detailed statement attached,neutral
backlash hail 'true patriot'.,neutral
thanks recent follow happy connect happy great thursday. want,positive
3 d lead greatness,neutral
addition existing portfolio,neutral
miss already unhappy,negative
chaos call secret vote.,neutral
bengal detective get religious nab leader accused,neutral
post much lately? school unhappy,negative
new delhi: health minister brief medium live:,neutral
fun funny.... book warn kindle night happy,positive
good evening happy,positive
love waaaaay baby unhappy sweetest adorable little angel,negative
goodnight princess,negative
sc refuse stop becoming cm,neutral
husband family history mafia know story sad,negative
can't :(tello,negative
stats day arrived. 1 new follower unfollowers happy via,positive
patna boy got play tabla.,neutral
hole govt health cover,neutral
delivered managing online customer journey keynote autodesk partner event. incredible event,positive
initiative help generate shield sundarbans.,neutral
happy thursday*,positive
tell unhappy,negative
u blackmailed unhappy,negative
yuri know unhappy second snsd missed,negative
sasikala seek meeting governor,neutral
love mason miss mason unhappy,negative
thank crew happy,positive
please,positive
justice asks chief justice india,neutral
guy really serious hope don%27t judge unhappy,negative
veteran leader party spokesperson join camp.,neutral
tamil nadu wait,neutral
cop dug healer buried alive practising,neutral
present,neutral
happened restaurant along highway ban bars.,neutral
13 held guilty murder.,neutral
delhi airlift blockade lifted.,neutral
morning. coffee time happy,positive
online crush come meet-up without snapchat filter unhappy,negative
day! better way spend sunny day drink shore happy,positive
farmer dumping crop.,neutral
girl unhappy that's why. wa ropiwa 1. sandton unnecessarily expensive2. try salon braam.,negative
lost two streak two favorite people silence unhappy good night,negative
say unhappy,negative
ram guha find outstanding shivshankar menon's book choices.,neutral
hiring blind employees. more.,neutral
follow unhappy,negative
eaglenest sanctuary,neutral
want puppy unhappy,negative
man shout wife family court. walk out.,neutral
sunanda datta-ray say line visit,neutral
since december hair stopped snapping off! made massive difference! get,positive
happy thursday loves!! happy,positive
summoned,neutral
finance minister given additional charge ministry rashtrapati bhavan,neutral
reunion august unhappy,negative
updated text video intro drawing line tool paint tool sai. happy,positive
picture unhappy,negative
:d mom bit tired,positive
historian ram guha,neutral
mane amazing unhappy,negative
dog drink -- stood pm reply parliament.,neutral
dismisses plea withdrawn.,neutral
thanks recent follow happy connect happy great thursday. want,positive
fcra slap ngo lobbying...but part govt campaign?,neutral
governor asks shurhozelie liezitsu form government; swearing-in feb22.,neutral
yes... kind funny creepy time happy,positive
totally,positive
became avenger mercy.,neutral
army fire alleged tactic,neutral
let hope vip good deed. want watch . done thi,negative
thanks recent follow happy connect happy great thursday.,positive
son chief minister reveals political ambition.,neutral
tamil nadu,neutral
dhaka talk chinese more. also epaper.,neutral
jonny poor leg make sad unhappy hope okay,negative
yg sent mcd. want see holding trophy unhappy anyways,negative
yeah unhappy,negative
biblical lecture coming. notification soon. tomorrow,negative
yet parent invest child's emotional education taking child school holiday early that's un,negative
become crowd-puller.,neutral
nothing religious it. calling sexism. think need spell stand,positive
2017 08:45am),negative
physicist still table full,neutral
passenger open chute aircraft taxiing mumbai airport; 1 injured.,neutral
thought save cry,negative
whats crazy walked door every administration + night.,negative
up: hold 1st cabinet meeting today,neutral
stats week arrived. 1 new follower unfollowers happy via,positive
suspect 2002 attack case calcutta arrested gaya: bihar police.,neutral
hey robert rolih thanks follow! coastal living mean you? reply photo :d,positive
defensive cry medium trial.,neutral
miss snsd. miss girl unhappy,negative
apex court put work first,neutral
chief minister ban paan masala,neutral
more. also epaper.,neutral
let's dinneeeer please unhappy,negative
know vearey moving. twisty! aaree,positive
du push,neutral
again.,neutral
maybe,positive
law officer job,neutral
iiiii would like boook ! fuck unhappy,negative
hair iand suandlight versus ando light waandt chaandge duandando waandt go darker bloandder sad please help (po,negative
say vuca,positive
oh sad unhappy goodluck!,negative
,positive
agree. issue would paid somehow. can't see number adding up. sad,negative
1st warrant judge,neutral
more.,neutral
surround positivity happy,positive
sadly unhappy,negative
congratulation,positive
post offer website happy,positive
let's forget also gabriel tenma white's birthday today!i miss unhappy,negative
exaseetly what's happening tn politisees. get bjp tn. game different.,positive
haha! good tweet mate happy heard big boy account! king shit happensould say happy chance shit happens,positive
yg sent mcd. want see holding trophy unhappy anyways,negative
don%27t want go camp unhappy,negative
sob. unhappy,negative
50k dole budget migrant worker hit,neutral
draupadi campus erupt,neutral
w,negative
case electoral reforms.,neutral
home-cooked food,neutral
painful thing ever feeling someone can't .. unhappy,negative
please answer request. unhappy,negative
miss dog unhappy,negative
20 ia officer including principal secretary information navneet sehgal,neutral
say,neutral
got goosebump,positive
modi adopted son,neutral
puta know sorry enough pero sorry padin unhappy,negative
hi yolandi,positive
fitness,positive
thanks recent follow happy connect happy great thursday. get,positive
always taken granted eversince unhappy,negative
japanese directioner :d,positive
jamie please reset cga grandfinal server... administrator responding unhappy,negative
aap: 6,neutral
think instant message meant stay single fix people's relationship entire life smile,positive
want please unhappy,negative
chillin~ bit quiet tonight tough luck unhappy you??,negative
kabute unhappy,negative
set alarm 9am snooze 12 unhappy,negative
miss hoseok unhappy,negative
maybe band definitely collab! hi name philip happy,positive
thank sharing happy,positive
ashok desai accidental new book tirthankar roy anand v. swamy.,neutral
sone cant stream genie!you stream ty genie! still sharing genie ids. want,positive
dispo 3lans happy,positive
would never forget you!!,negative
dismissed service inquiry.,neutral
please! :d| kenbie,positive
gurgaon bengal.,neutral
india still keen buy westinghouse reactor despite toshiba meltdown,neutral
unhappy unfollowed many people ugh,negative
pay hike plan,neutral
ram madhav tell wide-ranging interview.,neutral
assault air india manager,neutral
thankfully chop,positive
mini campervan happy,positive
more. also epaper.,neutral
got bred local pig variety.,neutral
please beautiful princess help,positive
way europe lie,neutral
unhappy,negative
graft case,neutral
held detailed discussion governor happening tamil nadu,neutral
bungalow razed.,neutral
live money,neutral
help... want stop tweeting. feel endless suffering pain. tried deactivate many times... save me... unhappy,negative
thanks much appreciated happy magic,positive
day since promotion ended already missing much unhappy,negative
manini chatterjee failed live promise.,neutral
away next thursday unhappy one after!,negative
beautiful day happy,positive
dying thirst u unhappy,negative
koala dying thirst u unhappy,negative
notice? killing rss / bjp worker another southern state? cm dismantling xtian infra munnar?,positive
diplomat worry choice chief minister.,neutral
take eye,neutral
say manini chatterjee.,neutral
share love - high value member week happy,positive
day since promotion ended already missing much unhappy,negative
magic combined organisational strength brought back 1-party system.,neutral
supreme court name former cag head 4-member panel administrator run 1/3,neutral
opening sentence happy,positive
vk pay homage jaya's memorial; place sealed cover,neutral
girl reared monkey,neutral
thanks recent follow,positive
latest attack african student threaten india's intense diplomatic outreach continent,neutral
damn touching. unhappy,negative
want wish marissa happy birthday keep ignoring sad,negative
bengal wishlist,neutral
manini chatterjee writing still indictment india.,neutral
bengal orphanage suspected selling baby couple u,neutral
check out... excited backup singer way backup unhappy,negative
tried fixing chorister dress hem came undone taping fabric tape put wrong even ruined unhappy,negative
mutual: let's talk more!me: sure!mutual: happy me:,positive
jimin doesnt follow yet unhappy,negative
still rich - try getting life,positive
please return jacket unhappy,negative
would great trick happy,positive
sure prob. ilabyu,negative
reason last.fm unlinks spotify miss like month scrobbles notice unhappy,negative
amit roy tour,neutral
again.,neutral
damn.... there people sincerely want attend bh birthday party bcs people try fun make ca,negative
happy birthday chopin style - piano improvisation,positive
oo cry // happy3yearsbraceunited,negative
titty fantastic. kissy kissy,positive
government okay 33% reservation woman state job,neutral
marginal standing facility bank rate 6.75%.,neutral
required.,neutral
mine inbox unhappy,negative
thanks recent follow happy connect happy great thursday.,positive
pity! unhappy beautiful! thank answer!,negative
way make sense crazy edge case idea sharing revenue offensive,positive
custom mean can't send food abroad unhappy hope birthday dream come true,negative
love ben sleep get watch programme want netflix without interruption !!!! happy,positive
84% cut research seat,neutral
share love: thanks top new follower week happy,positive
yesterday felt like friday unhappy,negative
errr dude.... gone unhappy asked league memeber check guy go,negative
delhi cm put trial criminal defamation case filed union minister arun jaitley matter.,neutral
chub bun easter! happy easter! name almond! :d,positive
govt slipped secrecy clause companies.,neutral
cm ban paan,neutral
er,positive
mecca issue picture cards.,neutral
elite centre (including intake.,neutral
instant message getting sad unhappy,negative
happy birthday katrika miss though unhappy miss group haih anyway,negative
- thank ton,negative
thank much smile,positive
say,neutral
thanks recent follow happy connect happy great thursday.,positive
thank crew happy,positive
word never missed article happy,positive
friendly service,positive
loool mad avoid today :d,positive
crap. hailie there. school game make middleburg time unhappy,negative
all.,neutral
annapurna studio production no.29 floor tomorrow. heat going turn heat happy can't expre,positive
wtf canada 2017 still 1700s. never support,negative
reality alone lonely unhappy,negative
pushing 86,neutral
want orientation unhappy,negative
govt looking getting sena mp list.,neutral
black mark report card?,neutral
evet happy,positive
said yesterday... happy,positive
definitely arm unhappy,negative
hey thanks top new follower week! much appreciated happy want ?,positive
dat? unhappy,negative
3 little ones.. wish best happy sound like fun group,positive
thanks b happy,positive
ashok v desai note yet say word whether achieved goals.,neutral
say hi sunshine ? unhappy,negative
took aol instant messanger money more.,neutral
feel kind empty w/o youngjae venue.. unhappy,negative
back square one.,neutral
hi kylie,positive
dope!! that's cool word. finally hip young millenial memers smile,positive
may find tough control govt jail.,neutral
say hi julia ??pleasee cry,negative
here's bsp theory 71% population voted bjp.,neutral
jammu kashmir: 2-3 terrorist holed house,neutral
rusty.. played game since like 10. kept dying crocodile part cry,negative
mobbing australia,negative
hey thanks top high value member last week,positive
respect accept verdict: aimim chief,neutral
police jump gun claiming hand train blast?,neutral
subir bhaumik worry calcutta,neutral
lonely. unhappy,negative
better check,positive
unhappy strong today jfjfjkf,negative
breaking: government forecast 2016/17 growth 7.1 percent,neutral
12-15% turnout till 10 phase-iv.,neutral
hope last long least get enjoy weekend. happy birthday happy,positive
thanks recent follow happy connect happy great thursday.,positive
'control' part go,neutral
1st time,neutral
typed medical shorthand abbreviation use work,negative
bambam talk tonight :d,positive
general known sharp question trump's new top security adviser,neutral
avi man :)phone made like always wink,positive
definitely arm unhappy,negative
thank much friend smile xx,positive
miss bedroom unhappy,negative
importance fastening waistband revealed win trust vote.,neutral
choice cm giving jitters.,neutral
1st phase assembly election begins. 73 constituency,neutral
trump pick 49yr-old judge lifetime job supreme court us.,neutral
more.,neutral
117 acquitted,neutral
unhappy,negative
sixth spot applicable team! higher pa! :)kisses thefashionicon,positive
gave pas like think never unhappy,negative
yeah! sight reading pretty good high school,negative
confusion reply ceo.,neutral
round as cry,negative
new experience exciting time ahead second inning,neutral
barometer patriotism,neutral
day sell 96000 truck bus,neutral
32- love daughter cry,negative
get 900 retweets 900 likes. help :(un,negative
why? like blonde hair? unhappy,negative
live: police given direction evacuate mlas kuvathur,neutral
good happy,positive
csgobounty giveaway - 1 random key. 25 retweets,positive
instals nephew proxy,neutral
thanks recent follow happy connect happy great thursday. want,positive
thanks recent follow happy connect happy great thursday.,positive
jnu vc clarifies: ugc gazette wont applied retrospectively. existing mphil student admitted phd goodbye,neutral
groovy thursday! happy,positive
iconoclasm carnatic exponent moving beyond artificial boundaries.,neutral
thanks recent follow happy connect happy great thursday.,positive
welcome brother happy,positive
unhappy there'll 1 silver-that'd him!,negative
patna zoo sell nesting box,neutral
hot,neutral
.thanks much rt,positive
rich get skewered,neutral
think pretty enough unhappy,negative
honestly think trying get rid make mockery town wont admit it. unhappy,negative
thanks recent follow happy connect happy great thursday. want,positive
koala dying thirst u unhappy,negative
6 day camp haiss miss lot unhappy,negative
mine isn't. back jeremy 100% pleased say happy,positive
back unhappy,negative
learn live without flashing red light.,neutral
teaser coming today 4pm!story,positive
failed unhappy .g hehe,negative
co-founder moderating tonight tweetchat. happy,positive
extradition could take ages.,neutral
yeah unhappy thank much angel,negative
ill work second come unhappy,negative
u give scare,neutral
it? smile britain co,positive
random winner :d retweet like able win happy,positive
anniversary josh's death unhappy,negative
nothing could better happy,positive
edappadi win vote confidence 122 vote,neutral
oooh! shame,neutral
absorbed going get laugh get 2000 votes. unhappy,negative
dude want sleep unhappy,negative
tweet made cry!! cry,negative
cool! happy surround full recovery.,positive
man 2hrs since vlive...its nearly sydney ppl... unhappy go quick appreciate every second!!,negative
calcutta's timekeeper,neutral
charged driver happy waiting sun 10 minutes! ten!,positive
hellooo happy jackatkinson (jackat13),positive
cried much,negative
bsp leader shot dead late last night,neutral
centre move supreme court verdict lifting shield.,neutral
buy anything support canada,negative
sociopath full raid gear sad,negative
well that's weekend viewing plan changed! unhappy,negative
tweet meant article happy,positive
renamed place,neutral
used like neighbour,positive
thing like happy,positive
made dinner two tonight happy,positive
feel awful today unhappy want go internship,negative
farooq abdullah win seat -- 4% total votes.,neutral
lucknow's fall,neutral
rather sailor uranus chibiusa thats everyone say unhappy rip,negative
enlisting please turn like unhappy,negative
used month's worth laugharne weekend sad (no wi-fi small carmarthenshire town,negative
q2 mh healthcare professional. much want help scared death might make situation,negative
get well really soon jack unhappy,negative
good,positive
lot game month? :d,positive
tale prime minister,neutral
suddenly,neutral
paddy field could blame.,neutral
really want one iconic jimin stripe turtleneck shirt unhappy,negative
wish could say gang daniel's picture. unhappy rantoul twp high,negative
scared unhappy mean. heck decide laundry 7:30 pm? wrong me. mention dark is. fml,negative
view gone done 100 monthly unhappy,negative
yg sent mcd. want see holding trophy unhappy anyways,negative
wow whattay decision party celebrating :d,positive
miss cry,negative
court directs bsf allow trooper tej bahadur's wife meet,neutral
kp nayar discrediting military justice system help case.,neutral
golly gosh. simply dreadful havoc must wreaking subsurface? black salve,negative
kiera's quest: awakening (kiera's quest book 1),positive
unhappy look dead,negative
thanks! happy,positive
supreme court chicken deciding,neutral
supreme court asks justice karnan explain face proceedings.,neutral
face swapped cat dog really upsetting unhappy,negative
bjp stuns ugc letter forgery,neutral
swapan dasgupta election dashed hope would weaken.,neutral
more. also epaper.,neutral
like long while?! want back put good mood want,negative
thanks recent follow happy connect happy great thursday.,positive
5% r 25000-50000,neutral
doctor split bengal bill.,neutral
wow unhappy people mean,negative
really need build unhappy,negative
brace hurt unhappy,negative
63% voter turnout phase 1,neutral
rise,neutral
thanks top engaged community member week happy want,positive
thanks recent follow happy connect happy great thursday.,positive
definitely arm unhappy,negative
more. also epaper.,neutral
goal today happy i%27m going accomplish,positive
delhi airport drop glitch,neutral
let know like one happy,positive
fm departing north block parliament house,neutral
new era amity : h,neutral
crpf getting take planted,neutral
nothing could better happy,positive
prof wrong matter day happy fuck life happy )),positive
sc summons home secretary west bengal,neutral
space debate dissent continues shrink.,neutral
miss unhappy,negative
realized havent eaten rice maghapon finished 3 pack spicy seafood noodle + extra big chilimansi :(acid attack right,negative
india,neutral
year ago today last time sakho played u unhappy,negative
never wanted cow become burden farmer,neutral
hindu undercurrent led surge. story feb.,neutral
instant message jealous okay unhappy never mind haha bruno wait final first,negative
bengal's advocate-general jayanta mitra resigns difference opinion state government.,neutral
getting 70k,positive
ram madhav tell,neutral
2ne1 reunite unhappy,negative
biggest problem paper book storage unhappy,negative
re-invent,neutral
watched kid produce 101 performed chewing gum omoo poor kid bless soul unhappy,negative
cash cloak party,neutral
hi! tried call number got response unhappy please share another suitable time alternate number.. cont1,negative
(leads/trends) 05/70 bjp: 3 cong: others: 0,neutral
giving away souvenir 5 lucky winners!to enter: follow + rtrolling winner 48 hold,positive
congratulate shri. narendra modi bjp victory uttar pradesh uttarakhand,neutral
thanks happy,positive
year old commenting new ladylike videos. trust me. troll,positive
drive check errors.,neutral
diary item,neutral
say manini chatterjee.,neutral
night sad real life cant sleep unhappy,negative
private fear plan monitor functioning give local leader death grip.,neutral
here's full art glyph keeper mummy token. interested hitting ebay tonig,positive
others launch drive fake news france,neutral
thanks recent follow. much appreciated happy want ?,positive
want unhappy look yummy hehehe.,negative
say hi mekisha? unhappy,negative
miss unhappy,negative
rude unhappy,negative
share love top engaged community member week! much appreciated happy,positive
opts,neutral
bengali get local,neutral
damn available unhappy,negative
thought mountain dew australia caffeine little energy drink can caffeinated never sleep unhappy,negative
pm may hang,neutral
know really upset me? stranger internet satisfied entertainment provide,negative
government cannot make mandatory extending benefit welfare schemes:,neutral
senior snap starting get sent aw unhappy,negative
hopefully ok happy chart look bad moment depends tide direction,positive
upright cop son arrested.,neutral
inspiration aspects: fashion,positive
welcome thomas happy kim,positive
work much better unhappy,negative
jae celebrating sheena easton triumphant opening night 42nd street west end! happy,positive
jaitley finance minister,neutral
another great song listen. good! may well like happy,positive
agreed teach ropes?,neutral
hi ishwar! that's experience want unhappy call detail sort out! - roshan,negative
115 crore period year ago.,neutral
keep smiling happy,positive
get dog. :d,positive
great happy,positive
[thinks tfp soundwave forever trapped void realm] unhappy,negative
yogendra yadav future india get wrong,neutral
much? cant seem deathmatch unhappy,negative
got 3 year longer unhappy,negative
might cost $3 month!!!! happy,positive
yay another art raffle! everything need know picture :d,positive
who's selling army bomb ver 2??? meet sad,negative
miss london already unhappy,negative
blast okay. love you!,negative
congress win 77 seat 117-member assembly,neutral
artist line control.,neutral
taking gatka,neutral
love happy,positive
anybody need motion design animation help? available happy,positive
commando get homesick,neutral
hijacked indian dhow al-kausar released,neutral
maharashtra,neutral
prime minister made man beat,neutral
wish meeting oa unhappy,negative
keep awake happy,positive
joke unhappy,negative
reply tweets?? like follower do.....this pointless,positive
play year,positive
india's production grew 2.7% january.,neutral
envoy upset silence,neutral
helloo :d braids! (keyrazygirl15),positive
india plan deport refugees.,neutral
tara,positive
playoff rematch complete! feel good going world :d,positive
indeed,positive
cm prove majority assembly today.,neutral
suspended,neutral
check happy,positive
released new video game genres.rts super appreciated happy,positive
resistance trumpland nothing citizenry yet match.,neutral
great thursday! looking forward reading tweet happy (want this? free!,positive
mag refer kana rin sakanila nice game,positive
damn.... there people sincerely want attend bh birthday party bcs people try fun make ca,negative
gen secy call governor ch vidyasagar rao,neutral
definitely arm unhappy,negative
bantay? unhappy,negative
another mp join camp,neutral
india ready $5bn credit line backup.,neutral
trump's order parallel citizenship bill.,neutral
miss levi unhappy,negative
sorry guy unhappy,negative
college --for healthy,neutral
610 crore r 1,neutral
jewish nobel little star,neutral
supreme court order attachment r 39,neutral
supreme court grant bail scam accused estranged wife former union minister matang sinh.,neutral
grabbing footpath good business everyone (except pedestrians).,neutral
agitation delayed 15 days. trouble soon come..,neutral
miss jamie boy sick unhappy,negative
friend would like brand new strapback hat 14.99,positive
economic blockade impact process,neutral
more. also epaper.,neutral
thats sound like superbooth happy,positive
new second home coming soon! :d,positive
vocal coach ig post:,positive
whaaaaaaaat!!! unhappy,negative
uttar pradesh (leads/trends) 103/for03 55 26 18 others,neutral
mukul kesavan justifies even though control machinery state.,neutral
beauty,negative
share love: thanks top new follower week happy,positive
modi criticised,neutral
law check private hospital,neutral
payment bank offer 4.5% deposit rs25000,neutral
hows quintly trial happy ?,positive
owner told (as article) smile,positive
full year projected 7.1%.,neutral
too...i miss hgvs going past house though. nice looking building - initiall,negative
u.s. attorney preet bharara fired refusing quit. here:,neutral
gourmet chocolate special reserved special occasions. plain mm,positive
development mean filling also mean death,neutral
offer still going happy,positive
thank happy,positive
cong forced adjournment pre-noon session alleged misuse ed cbi opposition chief ministers.,neutral
u clash immigration; put india hold.,neutral
visit today 1st time taking oath cm,neutral
spending time dog animal great helping relax de-stress. great idea happy,positive
aborting mission nice day though x,negative
lunchtime flinthook! game much personality :d,positive
7 days: bjp's 'good dynastic party,neutral
woke 4:17,negative
peek fir leader case.,neutral
mess. went bed feeling numb awful unhappy,negative
displayport hdmi turned back screen o/ 5 day get dual pc stream setup sorted (lol) :d,positive
good luck happy,positive
leaving weakened travel ban order muslim,neutral
shoutout donation. look like streaming stanley parable later happy,positive
miss boo much unhappy,negative
raj bhavan denies report calling party form government.,neutral
- top engaged member week happy,positive
hate people steal idea,positive
oh well never liked clay anyway unhappy,negative
happy,positive
much appreciated happy want,positive
myth good team,positive
dub watch pokemon unhappy,negative
there's always shit like this. there's always people less deserving getting ticket,negative
pure evil people unhappy,negative
minister pmln happy like student never studied exam luckily exam got delayed. still ha,positive
dhoni fan's tenacity,neutral
bypassing highway ban,neutral
india invokes emergency clause end pricing.,neutral
thanks recent follow happy connect happy great thursday.,positive
want explode like grenade point people die me. sad,negative
jyoust reminder... thank happy,positive
nationalist trend spreads-- tightens rule shield local job (and keep indians).,neutral
unhappy,negative
road,neutral
thanks recent follow happy connect happy great thursday.,positive
u guy noticing unhappy,negative
keep,positive
flash - ghouse mohammad khan,neutral
great groove tune .. thinking rewind,positive
defence partnership,neutral
theatre,neutral
ehh cant dm unhappy,negative
chewing govt office,neutral
bell gone daddy days. work work work unhappy,negative
prime minster pakistan ? nawaz sharif hahahahah happy sorryuncle,positive
ate jenna blocked what? unhappy,negative
case cost ngo contract soup kitchens.,neutral
unofficial ban dubbed movie challenged,neutral
process social change seldom linear pretty,neutral
mom please stop making cooky,negative
nothing could better happy,positive
love them! get some? smile,positive
anti-terror operation lucknow's outskirt end,neutral
wowwow cute unhappy wantt,negative
key minister comment freely,neutral
ip officer frame-up,neutral
return lake next winter?,neutral
presumably mlas' support list,neutral
thanks recent follow happy connect happy great thursday. want,positive
blaze put spotlight grand piece history lurk lanes.,neutral
want good vibes? watch youtube tv100 application free happy,positive
andhra govt turn museum.,neutral
=thumbnail uhc= best render ever :dand favs appreciated brosopinios ?,positive
thanks notice greeting : jossetted'hermanni,positive
talking girl behind jin unhappy,negative
look awesome annette,negative
inspiration everyone miss jones happy,positive
played fm long time. really should. unhappy,negative
patience,neutral
2010 week 11,negative
thanks recent follow happy connect happy great thursday. want,positive
awesome! make good nurse maid,positive
want cuddled someone little back trace thing put sleep unhappy,negative
happy birthday sweet sweet girl! hope best day ever! love miss much unhappy,negative
one year younger one year elder,neutral
mutual: let's talk more!me: sure!mutual: happy me:,positive
family. awful go. sorry hear. unhappy,negative
all! roy dahildahil,positive
extends offer mobile battle,neutral
go five below. get decent protective case that's cute 5 buck happy got mi,positive
giraffe spurns calf,neutral
right don%27t see people shit like,negative
match referee umpire went book,neutral
superstar thanks much kind words! look forward seeing soon buddy smile,positive
zac farro back way hehehe sad jeremy unhappy,negative
damn.... there people sincerely want attend bh birthday party bcs people try fun make ca,negative
spurned mom,neutral
hyoug longer 10 secs. hyoug even don%27t want unhappy,negative
love hort unhappy,negative
,neutral
notice me? unhappy,negative
always knew woyould like one better :d hahaha.,positive
sorry havent checking tweet unhappy you!,negative
army block key highway. civilian suffering.,neutral
going see what's speak people live near see use happy,positive
lawmaker jump ship,neutral
cut one kitchen experiment happy,positive
u visa worry,neutral
aww trying cheer unhappy,negative
order sale slice.,neutral
man equated great leap backwards talk asks mukul kesavan.,neutral
kp nayar failure repeal wake-up call him.,neutral
peacefully sitting reading book work,negative
pretty happy,positive
need different pinned tweet unhappy,negative
more. also epaper.,neutral
really want dye go lighter,negative
pfft- cry joy oh.. hope year oldu're okay,positive
love story,neutral
march 20. plus 15 days. equals...,neutral
cry getting vm soon wooo,negative
thanks recent follow happy connect happy great thursday. want,positive
former minister ka senkottaiyan replaces madusudanan presidium chairman,neutral
unhappy dog like though,negative
check hospital,neutral
can't believe customer service go,negative
keep key unchanged-- repo 6.25%,neutral
education ranking throw surprises.,neutral
double digit controlled; sluggish growth replaced high growth; war launched:,neutral
sushil modi list property chain.,neutral
anyone need vent unhappy,negative
nitpicking,positive
least 80 cad like unhappy (90 cad quebec taxes),negative
haryana peasant demand justice right cattle trade.,neutral
bjp could face backlash.,neutral
bjp claim voter risen,neutral
know.. really want rank rise lot tmr's episode seeing many tweet him.. unhappy,negative
would great trick happy,positive
number show.,neutral
dm u happy,positive
rocks. next question - astro unhappy ?,negative
relatable unhappy,negative
supreme court told people allowed deposit note till mar31 promised,neutral
new video!stream montage - finally unboxed spectrum knife :)hope like it! here:,positive
woot! smile,positive
idea wrong,neutral
result mean others.,neutral
smooth affair today,neutral
organicthey'll shoehorn inbut plot character developmentmcu netflix leswhat support,negative
.thanks much rt,positive
joy get back,negative
dgp likely take final call.,neutral
want tell fellow comm student want think kind suck-up... unhappy,negative
hard imagine anyone robin unhappy still exciting nonetheless,negative
thank happy,positive
say,neutral
mamata's dole,neutral
message governor u state,neutral
anyone else as hole unhappy,negative
thanks recent follow happy connect happy great thursday.,positive
note self: dont get attached cry,negative
huhu lucky unhappy,negative
fear law's provision may force private shun critical cases.,neutral
noon,neutral
true! khilado kuch unhappy,negative
farnell fursday isn%27t happy meet tax pound happy,positive
please talk nct instant message lonely need fangirl okay cry,negative
want good vibes? watch youtube tv100 application free happy,positive
could miss flight bangalore,neutral
vanishing boatmakers,neutral
email hoping get today,negative
super scary unhappy,negative
whole japan tour ahead them.. one quite brutal already tired bodies. boy unhappy,negative
founder admit gmv vanity,neutral
piyush srivastava look stunning victory,neutral
well,positive
work 7 morning unhappy,negative
pil filed seeking restrain swearing-in chief minister tomorrow.,neutral
help unhappy early birthday gift huhu,negative
rock fossil clue earth.,neutral
govt say reliance tendered apology using prime minister's picture ad without permission.,neutral
broadcaster say fly away reminds early happy,positive
invited 24 people propose vision future. jom happy,positive
day,neutral
history around,neutral
helloo :d chammy (shamirakay),positive
one year ago today unhappy,negative
bihar extension impact privacy right,neutral
ugh miss baby cry,negative
municipal held april 22: state election commission,neutral
nooo hair color pretty,negative
prince baekhyun.....throw dungeon please deserve see beautiful face unhappy,negative
update: got :d,positive
saying read book today,positive
india's supreme court shuts highway booze hatch.,neutral
effect: batsman get booed scoring century.,neutral
say,neutral
must feel like shit men stare barrel bong spend kid's milk money unhappy,negative
going yesterday unhappy,negative
morning,positive
670000 bike,neutral
stephen's test autonomy,neutral
govt probe yet video army.,neutral
calcutta's menace born -- eating pavement footpaths.,neutral
bos shunted,neutral
back hurt sad,negative
one deprived benefit lack benefit continue alternate mean identification:,neutral
pm hang,neutral
tell u happy,positive
one cat yang manja sangat someone took unhappy,negative
process frustrating enough,negative
koala dying thirst u unhappy,negative
another day! good morning!! april 20,positive
ordered car yesterday,negative
stone-pelters miss mehbooba's brother get message.,neutral
can't risk slightest smile today.,neutral
go away unhappy,negative
life unfair? unhappy,negative
would say quite lot...but hey,positive
twist case,neutral
malala's oxford entry,neutral
miss jihoon sad,negative
trop retard sad,negative
left unspoken,negative
pm australian pm temple,neutral
mutual: let's talk more!me: sure!mutual: happy me:,positive
more. also epaper.,neutral
supreme court rope former top auditor run,neutral
mp sushmita dev's plea keep take wing online.,neutral
check beautiful news every single day,positive
would great trick happy,positive
fuck don%27t unhappy,negative
flash: supreme court's order,neutral
excited event next week bangalore! come happy,positive
thanks recent follow. much appreciated happy want,positive
rbi keep policy rate unchanged 6.25%.,neutral
l reach raj bhavan tender resignation cm,neutral
mom leaving today go town already miss unhappy,negative
amit chaudhuri hard give experience pleasurable pain.,neutral
get week reply case.,neutral
oh god same! attend lesson together sometime kidding hahah,negative
bought 523 litre fridge. applying cold storage license bhayander west :d,positive
face swapped cat dog really upsetting unhappy,negative
like jittery caffeine make sad,negative
contact.,neutral
more.,neutral
perch peak,neutral
car sale recover region -- barring east,neutral
aap govt move sc setting 5-judge constitution bench decide appeal hc verdict holding lg delhi's administ,neutral
navjot singh sidhu sworn cabinet minister govt,neutral
'nationalist' cub threatens cut finger,neutral
trump immigration,neutral
scientist saved orbiter death eclipse.,neutral
price slashed,neutral
miss unhappy,negative
there one thing want change . last name happy aldubonly,positive
hi mahima! share concern unhappy please dm u contact detail get touch detailed.. cont1,negative
thanks recent follow happy connect happy great thursday.,positive
suppose waiting happy,positive
rolled one.,neutral
favourite lipstick hilang cry,negative
want jabee cry,negative
lovely lunch menu sure please! smile,positive
mango,neutral
sharad want gujarat cm arrested trying push making meat communal issue.,neutral
tackle less wheat,neutral
bjp govt faces.,neutral
unhappy,negative
even $2.17m,neutral
also signing session qian liu jared wright last performance onegin? share,positive
definitely arm unhappy,negative
wish smile,positive
boyfriend mad cute unhappy,negative
mystery art,neutral
palaniswami win trust vote 122 mlas voting govt chaotic day. earlier;,neutral
attacked five arrested,neutral
set 1 800,neutral
thanks recent follow happy connect happy great thursday.,positive
mutual: let's talk more!me: sure!mutual: happy me:,positive
rbi chief see v growth rate.,neutral
top bureaucrat innocent,neutral
got favorite boot cut jean roshe runs. girl safe today. blessed 4/20 smile,positive
sign.,negative
imagine paying rs500 -- 1863.,neutral
miss rockys post unhappy,negative
good evening happy,positive
7days: secessionist,neutral
sufficient measure,neutral
wanted $25 million offering 24. smile,positive
court grant bail.,neutral
unhappy come people like child where's state intervention,negative
need direct coffee feed starbucks happy,positive
2017 07:00am!! kamusta? forget eat breakfast guys! happy,positive
india versus australia holyfield versus tyson,neutral
update batch 1 army bomb v2? happy,positive
hakyeon turn 27 soon oh god still baby unhappy,negative
happy,positive
warm sketch faves,negative
killed airport woman poisoned needles.,neutral
finished gym,negative
let know! :-)(i'm champion!!!!!)elder lenore a. artisministries...,positive
happy birthday nimesh!!! happy,positive
definitely arm unhappy,negative
many cool game update release today. happy,positive
mass bunking,neutral
oh god heck sorry! one favorite well unhappy,negative
more. also epaper.,neutral
cash lock jnu student more. also epaper.,neutral
hi instant message friend friend lang,negative
lolo bin fucking mental screenshot :d haha,positive
flip scr,negative
thanks recent follow happy connect happy great thursday.,positive
maybe,positive
murder pune activist fuel fear revived upa clause law.,neutral
outcry,neutral
appeal people vote,neutral
jaitley say likely pick coming quarters.,neutral
tulip favorite unhappy,negative
shashank manohar quits how!,neutral
tehmina janjua 1st woman foreign secretary.,neutral
more. also epaper.,neutral
watch live stream fm shri budget speech 2017-18 link,neutral
talking driver goinghe said love go new york since trump probably,negative
back unhappy,negative
'good thing happen,neutral
0 motivation study unhappy,negative
park area paris marked green google map,negative
scientist calcutta tracing building block space,neutral
text doing? happy got issue!,positive
allow barrage name say,neutral
hey,positive
can't,negative
appropriate one unhappy,negative
win draw free download celebrate us. developed,positive
building llvm backend,negative
retweet tweet want included nhc scrapbook!! making something usern,positive
court asks report fracas,neutral
moral outrage cannot guide thing get messy,neutral
really must go see power ranger again. smile,positive
telegraph published today article entitled french envoy bet former colony - bonjour,neutral
administrator named cricket body.,neutral
stream tonight! throat killing me. unhappy,negative
famous sa facebook,negative
hi mr. yen! signing new york day? great role model happy,positive
see,positive
think ever edit long video unhappy go try another editing software,negative
waiting jail break happy,positive
7-judge sc bench hear plea madras hc justice order staying transfer. earlier:,neutral
dipankar dasgupta pitfall,neutral
y'all want choke what'd do? unhappy (,negative
yours? unhappy,negative
sure happy,positive
jealous unhappy please go see 18:40 - green room sat!,negative
definitely arm unhappy,negative
online crush come meet-up without snapchat filter unhappy,negative
3 queen take centrestage.,neutral
miss temperance brennan seeley booth much unhappy,negative
tear father 3 killed stones.,neutral
cbi book 12 leader case.,neutral
sixth spot applicable team! higher pa! :)kisses thefashionicon,positive
want follow back? tweet will. happy,positive
always meet man visit eastern india.,neutral
seriously thought coldplay going band like depeche mode u2,negative
more. also epaper.,neutral
kid versus legend cry joy,positive
lucky slave wish unhappy,negative
heart unhappy,negative
........yeah sure happy,positive
thanks top engaged community member week happy (want this? free!,positive
yg sent mcd. want see holding trophy unhappy anyways,negative
good morning message never fail make smile happy,positive
bad can't watch unhappy cake cute look delicious,negative
caught cold. unhappy seems got tired expected....,negative
send people bunny pic,positive
good luck swampy happy,positive
damn.... there people sincerely want attend bh birthday party bcs people try fun make ca,negative
spending night talking beloved ???perfect.i love man! happy,positive
more. also epaper.,neutral
du's ramjas college cancel event protest invite speakers.,neutral
despair research seat slashed.,neutral
oh unhappy could please tell little issue? im following youd prefer dm. amanda,negative
little video made love life,positive
champion,positive
bos india's largest caution waiving,neutral
mean mathew hayden.,neutral
beyond sad unhappy,negative
cram reading unhappy,negative
good morning! hope slept well~ happy,positive
better pen pencil?dafaqcomoni want good drawer unhappy,negative
liquor baron declared proclaimed offender,neutral
beauty scored night!! hope get happy,positive
rural planned counter azadi call.,neutral
happy 4/20 :)i'm drug free never smoked weed before.,positive
governor asks congress cm okram ibobi singh resign process formation next govt started.,neutral
love got7 god bored unhappy,negative
aww unhappy coeurl,negative
roc boyz sad,negative
someone contacted jelpi issue rn? unhappy,negative
love unhappy,negative
supreme court give govt chance oppose judge appointment 'national security'.,neutral
puppy deserves better unhappy,negative
waited unhappy,negative
ticket available 401 festival running 2017,positive
hope start getting 1gb data per day tonight!! unhappy,negative
thanks top engaged community member week happy want,positive
poll 2017: polling first phase begin,neutral
funny happy,positive
modi's gesture bjp's spot,neutral
aando uandhappy googled day read meandu agaiand said hoax,negative
totoo po? waaahhh may heart!!! heart everywhere happy love,positive
damn.... there people sincerely want attend bh birthday party bcs people try fun make ca,negative
clauditte,positive
unhappy,negative
credit also go ik happy,positive
client work rt favorite happy,positive
gray outside today unhappy,negative
free market tops!!! real human right sound great,positive
also making century,neutral
others: 0,neutral
poll data show still rule roost,neutral
damn,negative
might set whole place fire.,negative
confession,neutral
anne! happy,positive
thanks recent follow happy connect happy great thursday. (want this? free!,positive
rt: almightytanner: good evening everyone happy join twitter party tonight. official tagline:tanner welcomeb,positive
face look bloated unhappy baby get well soon,negative
take aol instant messanger,neutral
,negative
crown india's,neutral
negative pit unhappiness,negative
beautiful set,positive
live: british police say casualty,neutral
that's what's important! happy that's trying remember.,positive
true,positive
goal 2017: become apart lose 50 lbsstart youtube happy,positive
sone cant stream genie!you stream ty genie! still sharing genie ids. want,positive
oh feel 10 gem :d,positive
please!,neutral
happy,positive
blessing,neutral
breaking: go ahead scheduled,neutral
lawmaker ticked 3 boxes: supremacist,neutral
govt cut rate scheme marginally.,neutral
delhi police arrested md ajay chandra developing project despite getting fund investors.,neutral
.i can't believe fixed yet,negative
turnout till 5 pm 68 per cent,neutral
soup sandwich slow cooked pork,positive
british prime minister theresa may say want hold early election june 8: reuters,neutral
goenka's surprise:smith lead pune,neutral
idea wrong,neutral
class really bored happy rt one!! mutuals non mutuals pls let flop ;-;,positive
congratulation world happy,positive
hc directs conclude preliminary inquiry within 72 hour register fir,neutral
trial raise rigging fear,neutral
7 new specie found,neutral
well fun. thanks stopping giving shit tonight fella :d much love. feelsgoodman,positive
really liked happy,positive
watch union budget 2017 live abp news 11:00 onwards,neutral
bos quit,neutral
protected tampering/manipulation: election commission,neutral
gentle reminder tp guideline happy please read spread. thank you. happy kiss thefashionicon,positive
one left? see unhappy,negative
thank unhappy need certificate signed god,negative
pake 3 unhappy,negative
telecom giant born,neutral
select 14 award-winning laura taylor romance ebooks,positive
yes cry joy,positive
going ca july,negative
would awesome.,positive
okay shut now. instant message mad lot people flawed opinion mental health ( mine) show unhappy,negative
would love guest podcast sometime!!! 15 minute smile interested???,positive
today: congress vp address rally gonda,neutral
art form.,neutral
problem affecting webmail itself. accessing email application work fine happy ^mkl,positive
24-20 unhappy,negative
great night! hope enjoyed strip club happy thx photo,positive
figure happy,positive
wtf?! where's boring show that's on?! happen?? happens close week. unhappy,negative
made dinner two tonight happy,positive
look big become!,positive
thanks,positive
mohandas pai back murthy coo pay hike.,neutral
pure evil people unhappy,negative
huge thank within social work care sectors! keep great work happy,positive
happy anniv ming papi!!!!! love love happy,positive
ikr!! unhappy oki welcome sam,negative
yg sent mcd. want see holding trophy unhappy anyways,negative
can't leave u unhappy,negative
delivering conservative message strong stable leadership. happy,positive
player kill you. player rank would show up. happy,positive
bengal fix bars: pay repair,neutral
thanks top engaged community member week happy - sent,positive
eye governor,neutral
india mull auditor check misuse,neutral
want cry unhappy,negative
bram stoker. can't wait show bronze soon. happy,positive
hello getting cyber bullied something unhappy,negative
help made sent starter p1q3. open suggestion improve happy,positive
case bat more. also epaper.,neutral
wow amazing country unhappy,negative
friday conference u go dinner favourite smile,positive
daddy dearest,neutral
heartland lab.,neutral
11 against. earlier:,neutral
instead money,positive
damn... sucks! unhappy,negative
couple unhappy,negative
more. also epaper.,neutral
hi ashish! tried call number got response unhappy please share another suitable time alternate.. cont1,negative
feeling bad unhappy 89 others,negative
jyoust hyoug,negative
hurt see sad unhappy understand this. kill,negative
ah awesome! pixel art stuff chance? happy,positive
sword-wielding procession left gaping.,neutral
manipur assembly election result live: congress ahead 6 seat,neutral
sydney tomorrow,positive
oh mince unhappy,negative
thanks recent follow happy connect happy great wednesday. want,positive
guy please help retweet unhappy,negative
balagarh dying art,neutral
typingcure,positive
want win pet chick happy simply follow retweet chance win! winner selected sunday 23rd. go,positive
,neutral
shameful,negative
much appreciated happy (want magical!,positive
nephew held question-paper scam.,neutral
gippy grewal online twitter 3 pm,positive
art living's fight back yamuna floodplain damage,neutral
thanks up-voting u ph happy,positive
damn.... there people sincerely want attend bh birthday party bcs people try fun make ca,negative
small fishie died unhappy,negative
go back school music! think time happy,positive
prefer sharm - enjoy happy gouna 20km away also quite nice - honestly anywhere away crazy cairo,positive
nadu governor invite edappadi k form government earliest.,neutral
june 5 - june 16 unhappy,negative
rahul say afraid,neutral
feel like shoyould telling get fuck social medium byout also feel really mean unhappy silence love yoyou hope yoyoure okay,negative
thanks recent follow happy connect happy great thursday.,positive
calcutta hc judge c karnan fails appear sc connection suo motu contempt proceedings.,neutral
dude,positive
pierce like bitch unhappy,negative
omg see drink alcohol haha glad fun guy ! wish,negative
thanks recent follow happy connect happy great thursday.,positive
sad report robin egg mom found yard storm taken life support. poor thing frozen unhappy,negative
year haha unhappy,negative
look like somethings ignore xd kart racing when? unhappy,negative
want hang unhappy,negative
much appreciated happy want ?,positive
bronchitis love happy,positive
yes! subtitle happy,positive
resort hosting 120-odd lawmaker camp.,neutral
more. also epaper.,neutral
much fun absolutely love kids!! want soon unhappy,negative
job searching got none so:(buthedonism got abundance,negative
more. also epaper.,neutral
tell,neutral
really labour supporter actually quite glad happy mean much claim 2009 fuck,positive
govt spark traffic chaos plan grand gate,neutral
race hots,neutral
suspect attack nabbed,neutral
yogi vow work all.,neutral
indian govt draw goat parallel case.,neutral
everyone getting punched :d,positive
know exactly talking happy,positive
india's protected forest planned,neutral
mukul kesavan 3 d,neutral
congrats winner :d eyounji well girl,positive
jimin yoongi unhappy,negative
match versus gut feeling modi's dig supreme court act more. also epaper.,neutral
men said cop found carcass car boot...,neutral
va astept la acest eveniment! :)next events:,positive
more. also epaper.,neutral
buffalo unhappy,negative
break russia,neutral
guy please help tried smoke lettuce earlier salad ruined unhappy,negative
bmc,neutral
strong hard unhappy xxx,negative
go batangas? sad,negative
much appreciated happy want,positive
hey,positive
hellooo happy xbox adhatter (xboxmadhatter),positive
leadership more.,neutral
more.,neutral
ohh yeah sausage pancake happy x,positive
koala dying thirst u unhappy,negative
sap also use,positive
koala dying thirst u unhappy,negative
hungry unhappy,negative
more. also epaper.,neutral
also please send prayer sympathy favorite ball dress fit boob cry,negative
life term prof saibaba. more. epaper.,neutral
there're time shinhwa do/did something,positive
11am.,neutral
oh god raining live cry joy stop omg wanna cuddle,positive
hitch ride final unhappy,negative
yes,positive
6 injured,neutral
take aerobatic display inaugural,neutral
britain trigger brexit march 29:,neutral
| chief press conference begin shortly. stay tuned.,neutral
fest sans pak voice,neutral
abc news got ahold asked could use second coming video transgender special f,positive
don%27t talk anymore like used unhappy,negative
260 bare metal rs29,neutral
trying stay positive can't help jealous princess mia's life. cuddle eat unhappy,negative
damn.... there people sincerely want attend bh birthday party bcs people try fun make ca,negative
slight buzy kasi besh unhappy,negative
sing song sullied.,neutral
still cant unhappy,negative
seems like black lingerie picture happy,positive
happy,positive
exactly thinking.. unhappy,negative
mystery data,neutral
village,neutral
thanks recent follow. much appreciated happy get,positive
say,neutral
guess who's getting unicorn frappuccino sold unhappy,negative
bench appear him.,neutral
vc say law take course occupation adblock doesnt end despi,neutral
govt seems slipped budget2017.,neutral
half time load,negative
thanks notifying us! updated add-on plan accordingly happy,positive
mutual: let's talk more!me: sure!mutual: happy me:,positive
haha mate good love debte wished center,negative
upsetting abuse kid get unhappy 3,negative
seokjinie went everland today~ guess forgot idol,positive
narank 1 ako bcos yoyou. please congratyoulate even already late? unhappy,negative
govt go militant 'utmost harshness',neutral
pakistan's 1st woman foreign secy,neutral
thanks recent follow happy connect happy great thursday. want,positive
oh boo,negative
selected among top 20 social medium blog,positive
sun shining happy,positive
day left-arm turner,neutral
talking driver goinghe said love go new york since trump probably,negative
val reggie screentime riverdale half bad happy,positive
school taught u anything,positive
join u saturday celebrate earth planting seedings! head fb page information. happy,positive
laughing loud cuteee happy,positive
can't wait actually see copy smile,positive
violence,neutral
facial happy,positive
today: pm address rally imphal,neutral
jimin yoongi unhappy,negative
jharkhand body upgrade pitch test.,neutral
bored kandowiandg ando plaands today makiandg eveand bored unhappy,negative
wrote 30 tweet still notice cry,negative
something really wrong. spending day naked beach hot sunshine. working cold king's lynn sad,negative
photoblogged! happy re-using old location,positive
let know happy,positive
delete tweet,negative
tm krishna took beyond fixed format,neutral
thanks recent follow happy connect happy great thursday.,positive
.thanks happy,positive
want mutuals bad unhappy,negative
.- layout- btob happy,positive
shit short :)*thanks friend maddy,positive
virulent more. also epaper.,neutral
excited ball start smile baby minor b absolutely love watching play,positive
thanks recent follow happy connect happy great thursday.,positive
thank mama bear! ang ganda mo happy,positive
great thursday! looking forward reading tweet happy want ?,positive
secessionist next generation.,neutral
memorial get list,neutral
blessing tomorrow happy keep faith stirred day!,positive
reliance's promise free voice call roaming 1 year... cheap,neutral
yes instant message sad cry,negative
easter flown unhappy ready give home luxury like branded cereal,negative
ask questions-- get spend 6 hour cop (but answers).,neutral
check as:,positive
thinking same. know cute happy,positive
city palace,neutral
break first practice exam happy,positive
bahu make demand.,neutral
minister pmln happy like student never studied exam luckily exam got delayed. still ha,positive
polythene government office,neutral
give trial run month,neutral
indian medical body moot handling successful trial tamil nadu.,neutral
supreme court restores bangalore trial court verdict holding others corruption case.,neutral
thinking want go school suddenkyfeeling good happy,positive
good news seems thriving valmiki reserve.,neutral
hi carlo! okay nmn. howdy? happy,positive
calcutta's learning... chinese.,neutral
want paper trail elections.,neutral
army chief's word ring pellet-hit boy's ears.,neutral
policeman,neutral
really soft spoken unhappy,negative
stopped got rid toy surprise bottom unhappy,negative
scene drama,neutral
spring,neutral
1 short two-thirds majority.,neutral
matter,positive
nice morning working today. lovely atmosphere,positive
garg rapped post,neutral
swear sometimes cool break mutuals happy,positive
road traffic sign section theory revision myth unhappy,negative
im one day instant message like,negative
facebook,neutral
jungkook look like give biggest warmest hug unhappy,negative
thanks feedback! it' starting phase,positive
see next tweet! 5 different thing keeping calm,positive
hacked unhappy,negative
test autonomy waters.,neutral
serious concern regarding india captain 's shoulder injury,neutral
modi tested water letter,neutral
congratulation david! well done mr v! welcome jessica! happy,positive
unhappy pizza taiwan! like swift,negative
can't own. (see there? ),negative
judge block trump's ban --effective nationwide,neutral
unhappy sure,negative
thanks recent follow happy connect happy great thursday.,positive
urban growth threatens kidney -- world's largest waste recycling system.,neutral
ailes sure knew make great network! fox going downhill wi,negative
strike decodes draft order.,neutral
guess who's getting unicorn frappuccino sold unhappy,negative
subir bhaumik cast shadow india's tie,neutral
generation generation,neutral
happens time! unhappy,negative
perfectly happy single .. see happy couple :(kisses thefashionicon,negative
ugc extends funding scheme,neutral
tell,neutral
3 switch selvam's side.,neutral
suuuuuuuuss scared cry,negative
whaddup. cry,negative
militant attack kashmir's shopian district,neutral
bill nye answer science question twitter | wired,positive
india's air pollution,neutral
open entertainment tv market,neutral
more.,neutral
notice me? unhappy,negative
sister cyril came school happy,positive
story 100-yr-old treasure streetsmart bengal (,neutral
yogi adityanath keshav prasad maurya,neutral
take custody 3 accused bhopal police,neutral
aww hating got sponsored,positive
gott happy,positive
captain's knock,neutral
latest lacked economic philosophy,neutral
one faves unhappy tying get vimeo guy still watch x,negative
stayed 3 hour phone ad bubbyyyyyyy miss unhappy,negative
more. also epaper.,neutral
keep 36 portfolio himself.,neutral
epic migration campaign ended slaughter pit stop.,neutral
good conversation unhappy,negative
indian heft pope,neutral
seen email. good :d,positive
tick-tock brotherhood keep calcutta's old running.,neutral
sooooo sleepy unhappy,negative
that's living,neutral
attache 42 asset worth crore new,neutral
definitely arm unhappy,negative
didnt save happy going re-color,positive
157 day go happy,positive
more. also epaper.,neutral
home truth,neutral
effigy burn jnu strike 84% research seat cut affirmative action junked,neutral
akhilesh meet newly elected sp mlas today,neutral
murderer large,neutral
hi stefan :)i pretty confident isolated case would glad help it.could dm,positive
ps4 mate,negative
friendly fire wing tour unhappy,negative
sincerely hope many priceless antique destroyed. reg,negative
rehearsing more. guwahati epaper.,neutral
dm u happy,positive
win weekend late gift,positive
fun night! sorry missed last night unhappy really need sync calendar,negative
close shave passenger plane delhi airport.,neutral
naeem bokhari says... mian gone !! cute nb happy n ugly evil.,positive
thanks much following us! love know think flooring range happy,positive
gandhi champaran,neutral
dying language,neutral
surprised use adblocker! happy,positive
please read unhappy,negative
cong boycott pm parliament raincoat remark; coordinate party,neutral
scrap pension yojana. cycle track may also broken,neutral
let alone free!),negative
happy birthday,positive
hate mom ask going no? bc want stay home missed much school already unhappy,negative
one one allah ease problem . lot thanks cry joy,positive
wanted say thank following,positive
take look favourites.io happy,positive
bore friends).,neutral
somali grab indian 11 crew members.,neutral
koala dying thirst u unhappy,negative
worry happy,positive
thank much sir happy please watch film call happy,positive
please take rest needwe love much :(i hope feel better soon sunshine!,negative
give one every student myswlf happy,positive
bicycle cm asked. officer learnt ground reality -- dip river.,neutral
extradition warrant: scotland yard.,neutral
surprised least amount follower whole cast sad lol,negative
polling underway 40 assembly seat spread across 7 district seventh final phase,neutral
alaye give iphone7 dollar birthdaydo normal abeg,positive
pm ? :d,positive
mention it! :d,positive
clear right now. speaker decide....,neutral
thank you! happy,positive
playing photo editor happy,positive
pretty much twitter really work sad,negative
strengthened sense belonging among calcutta's,neutral
still bedroom scared going happy,positive
love tweetability! like reach opportunity! could hit u email happy,positive
absorbed going get laugh get 2000 votes. unhappy,negative
take season 9,negative
zabardast,negative
begin 51 assembly constituency spread across 11 districts. eye,neutral
sita's birthplace,neutral
thanks recent follow,positive
hi ! want speak business partnership. happy,positive
though,negative
thanks happy,positive
minute yoongi~watch 'til end free cookie happy,positive
going go meet andrew lunch back :30,positive
sonia sarkar nationalist study sprouting across campuses.,neutral
men friend across border,neutral
tweet made cry!! cry,negative
good day hey. happy,positive
22 support,neutral
7 days: kashmiri indignation,neutral
theme village sanctuary?,neutral
look good current clubs. shame never cut pl unhappy,negative
editorial: mayor cannot trusted,neutral
book car service sward tommorow :d,positive
govt proposes limit r lakh r 3 lakh proposed,neutral
20% knight day jewellery end sunday-why pick something nice,positive
super unhappy,negative
recipe skills.,neutral
wowwow cute unhappy wantt,negative
rival govts unite act sex-determination tests.,neutral
need car unhappy car unhappy poor unhappy,negative
never happened happy,positive
increase ordered workers.,neutral
arrangement made ensure free fair election: cec (f,neutral
good morning nightmare still wondering maddie hate me. beginning day unhappy,negative
controlling more. also epaper.,neutral
sixth spot applicable team! higher pa! :)kisses thefashionicon,positive
wage hike,neutral
modi,neutral
admission defeat kashmir,neutral
india's go 6 months.,neutral
life about. enjoy happy,positive
fm table today,neutral
supporting activity violent...against law: ram madhav.,neutral
bring sharing issue?,neutral
supreme court said welfare scheme proof.,neutral
yes smile,positive
haryana's called march siege parliament.,neutral
thanks great review! smile,positive
precious really miss unhappy,negative
load toys. sweep hand puppet bastard lost squeak! unhappy,negative
congratulation impressive happy,positive
7% voter turnout kashmir's re-poll,neutral
village cry bridge,neutral
instant message still hoping unhappy,negative
hi,positive
modi's bug,neutral
telecom operator acquire business telenor india seven circle hold spectrum.,neutral
know ready say goodbye unhappy,negative
lotus garden dream,neutral
u4v9rr wish noted gentleman's name unhappy find,negative
amulya patnaik appointed new delhi police commissioner. patnaik 1985 agmut cadre ip officer.,neutral
sign garry barlow yet sad,negative
girl front,negative
right seriously need decent butterfly tattoo design,positive
including police attack near uk parliament; cannot confirm number.,neutral
big story: african envoy slam indian govt condemning gr noida attack enough; say visible,neutral
please let meet taehyung hiks cry joy really hope could win.this first cover,positive
lost,positive
69% polling till 1pm,neutral
smiled today? never forget smile happy,positive
kill cry joy,positive
swapan dasgupta must assess basis national self-interest.,neutral
people abuse animal unhappy loyal,negative
gst brain child modiji happy perfect!,positive
ngomel cry,negative
thanks retweets week. much appreciated happy want,positive
dealer said load car returning due disabled losing sad,negative
walks; leader bow 'nayak'. story,neutral
ministry,neutral
co,positive
trump national security adviser flynn resigns controversy russian contact,neutral
state rename road duck ban top court step till summer break.,neutral
law officer job,neutral
miss louis' tweet unhappy,negative
moral ground verdict favor pti happy becoz 5 judge clearly mention pm is...,positive
love cry joy,positive
sunanda datta-ray journey light,neutral
demit gocoh game real cry joy,positive
bengal law single may keep investor -- critical cases.,neutral
security border put risk trade.,neutral
ram guha money criminal got india.,neutral
livid.,neutral
by-polls: retains kanthi dakshin,neutral
thank crew happy,positive
breaking: supreme court convict disproportionate asset case,neutral
bit rusty now! unhappy,negative
damn ify ate unhappy,negative
facing arrest warrant,neutral
nmd r2's ugly unhappy,negative
least case yet completely broken tho,negative
don%27t know doesnt seem fair me..two one happy,positive
baby unhappy (bett,negative
don%27t talk anymore like used unhappy,negative
2000th tweet like say love donghyuck :d,positive
awesome-- two fill-in week happy,positive
stats week arrived. 1 new follower unfollowers happy via,positive
mmmmm guess getting much acting work days? much time hand unhappy,negative
mom know struggle drystreak unhappy,negative
amit roy maneck dalal launched international.,neutral
new amazingphil video today? happy,positive
base unver ajalah minahaes unhappy,negative
can't defend digital asset,neutral
mp incident,neutral
snap,neutral
live: ruckus assembly 'secret ballot' demand,neutral
visit retracing trip.,neutral
precious really miss unhappy,negative
thanks recent follow. much appreciated happy want ?,positive
decide new legislative party leader future course action. also,neutral
13 reason producers: care youth mental health :)13rw producers: *show young audience graphic rape suicide,positive
noted sir,positive
bajaj call bad idea,neutral
sir ash ketchum princess may. happy,positive
prabhat patnaik monumental,neutral
private doctor face punishment?,neutral
going wave transparency,neutral
damn.... there people sincerely want attend bh birthday party bcs people try fun make ca,negative
honey unhappy,negative
ha unhappy,negative
mager unhappy,negative
know safety feature watch special interview dr. ajay bhushan pandey,neutral
mine take iphone. switching back contract up... year half unhappy,negative
terrible live world address anticipated criticism thought first? happy,positive
day ahead confidence vote.,neutral
follow u dm/ mail ttwebonlinefeed release 3 aggregator site press release,neutral
last retweet happy,positive
3 d -- (doctor),neutral
make feel listen problem,positive
thanks happy,positive
hellooo happy kt bear (ffabear),positive
jimin yoongi unhappy,negative
liked seeing post love wri,negative
whimper me?,negative
love guess happy,positive
order ever want eat website.may great day happy,positive
ikr. would trauma ware unhappy,negative
friendly reminder enjoy movie television show without trash another happy,positive
tension visit,neutral
amazing work :d,positive
feeling bad - buy new book get engrossed new world happy,positive
convoy attacked parimpora-panthachowk bypass police,neutral
say source,neutral
pak pm survives removal scare,neutral
fucked right unhappy,negative
would love win gorgeous nail polish :d! cute,positive
top retweeters week,positive
thanks me!! :d,positive
congratyoulations harry!!!!! since fifa 13!!!! miss yoyour younboxing video unhappy,negative
sunanda k datta-ray political ethos must faulted racist attack students.,neutral
fuck. tried changing setting still india. unhappy,negative
try hacking india's election commission challenge all.,neutral
last day camp tomorrow,negative
tested sweet dish sweet lover lip :)marvoree magpasikatonshowtime,positive
aw younhappy miss,negative
left headphone home unhappy km,negative
never give thing make smile happy,positive
thanks recent follow. much appreciated happy want,positive
drafted challenge high court order case,neutral
house adjourned till 3pm.,neutral
sushma forgot racism sermon: modi,neutral
nashri tunnel: pm inaugurate india's longest road tunnel video:,neutral
really uplifting inspiring,positive
7 car crushed tanker carrying molten tar.,neutral
watch top 10 news day video:,neutral
crocs more.,neutral
top officer speaks innocent victim suffer.,neutral
mutiny: versus sasikala.,neutral
test politics.,neutral
- thanks top engaged community member week happy grow follower,positive
physic 80 formula memorize ha.ha.ha happy,positive
african hunt noida,neutral
stay ? go ? nobody know happy,positive
thanks recent follow happy connect happy great thursday. want,positive
earlier happy,positive
grilled,neutral
sloth great? good un-unthinkable picture? dug mysel,positive
more. also epaper.,neutral
question america,neutral
hello everyone,positive
every time meredith flashback derek shepherd can't hold back tear unhappy,negative
venue audiences.,neutral
ok. please read reply this....,positive
share love:thanks top new follower week happy want,positive
wake 4:30 tomorrow body's gotten head start waking 4:30 every day week unhappy,negative
fat as girl fat fetish760 hot video online,positive
look awesome! id love see vn like :d,positive
model modi,neutral
go smile,positive
thank happy,positive
ministers: transport minister nitin gadkari cabinet meet.,neutral
exaseetly what's happening tn politisees. get bjp tn. game different.,positive
go kisses!!... know it..,positive
u.s. loosens curb re-entry green card holder,neutral
aegyo lost unhappy,negative
good cry joy love much,positive
40,neutral
true unhappy,negative
share love top engaged community member week! much appreciated happy,positive
think going check even though hear good ue4 believe might cool tr,positive
really feel lamp unhappy,negative
trust vote 122-11.,neutral
gutka,neutral
south korea's constitutional court upholds president park's impeachment,neutral
supreme court want know exchange note stopped march 31 deadline.,neutral
new video happy hope like ithappy,positive
learns follow rule,neutral
hellooo happy pixelsavage (pixel_savage_yo),positive
grateful mom giving birth abort cry joy,positive
thanks recent follow. much appreciated happy (want magical!,positive
cm demand conducting mcd poll via ballot paper place evms,neutral
thanks recent follow. much appreciated happy want this?,positive
thanks recent follow happy connect happy great thursday. want,positive
blessing first day april happy,positive
jyoustinbieber please follow daianeryoufato trying long unhappy love much baby! xx (april 20,negative
dr kunal sarkar cartel ripping patient,neutral
bby unhappy emotion,negative
deep scratch ;_;all paint gone see bare metal. need fixed avoid getting rusting car soon unhappy,negative
so? sad,negative
wife split coo,neutral
someone bring breakfast work unhappy,negative
thanks articles. b,positive
know problem still exist :d,positive
stirring cold war,neutral
never ready actually happy idhuellam dialogue ku dhan othu varum..,positive
must varsity,neutral
fund poor student dry up.,neutral
definitely arm unhappy,negative
well that's good unhappy,negative
thanks recent follow happy connect happy great thursday.,positive
racketeer backed politician prevent legal govt licensees.,neutral
23 year,neutral
theatre festival got muffled.,neutral
india's opaque law,neutral
cassandra cain. unhappy sure want watch batbuffy. batwoman would interesting.,negative
prettier 1.0 end. released 1.2.0 fix another batch edge case happy,positive
career. unhappy,negative
activist killed,neutral
mystery effect data.,neutral
miss minmin cry,negative
byron 3 week,positive
true! u waste day social medium reading websites. hand,positive
say :d,positive
keep waking middle night sick shit. unhappy,negative
want cisf presence,neutral
nine injured: cpro north central railway.,neutral
tw: assaultactually horrified many friend mine woman talk sexually assaulted past. found another unhappy,negative
dm u happy,positive
go back school music! think time happy,positive
cloud more. also epaper.,neutral
thanks recent follow happy connect happy great wednesday.,positive
supreme court refuse stay cbi probe sting several leader allegedly caught camera taking money.,neutral
limit cash withdrawal bank account atm - restoration status quo ante,neutral
leander mahesh get away,neutral
want make waffle unhappy,negative
china caution visit arunachal pradesh.,neutral
speech-to-text doesnt understand accent irish name unhappy,negative
sorry see tweet unhappy please could dm address details? look,negative
ravel morrison unhappy,negative
industrialist asked question,neutral
premier calcutta ransacked death,neutral
shri arun jaitley shall assigned charge ministry defence,neutral
tutorial michel grundstein distinguishing information knowledge.. start 15pm. happy,positive
tete-a-tete former president,neutral
stop (and loot) express coin.,neutral
can't access school email web browser unhappy yet much homework subject,negative
untold love story ayesha mukherjee.,neutral
foreign journalist north korea gather 'big event' amid tension,neutral
client work rt favorite happy,positive
explain.,neutral
come prey,neutral
say work unhappy totally made day though,negative
india's old tie continue nurtured,neutral
feel like 'only environment disable people' argument actually excludes many disabled people,negative
snapchat happy,positive
sanjiv goenka tell,neutral
oh jeez. even try taking crack expected build bad,negative
hate losing online friend unhappy cruel people deactivate unhappy,negative
france's group buy brand birlas.,neutral
minister,neutral
love six pack much,positive
more. also epaper.,neutral
seem want drop account wuhyungwon unhappy,negative
thanks sharing iris photo. really appreciate smile,positive
know name possibly next cm video:,neutral
question: banking correspondent coerced switching old notes?,neutral
kp nayar tension crept tie,neutral
shopping directory,neutral
aha okay going rough night happy,positive
damn that's unfortunate unhappy,negative
firing underway,neutral
get 150!!,positive
coming soon screen near you.,positive
way home happy happy si noah sa skyranch,positive
major waffle craving right sad,negative
thanks recent follow happy connect happy great thursday.,positive
teaser coming today 4pm!story,positive
fuck unhappy,negative
c'mon tweeps,positive
welcome germany then. authority welcome country though! happy,positive
india urge talk,neutral
trump repeal obama-era broadband rules.,neutral
lok sabha adjourned 3rd time till 1.50pm opposition uproar leader tarun vijay's remark continues.,neutral
52 injured jabalpur-delhi train derails near half train carry delay.,neutral
baby calcutta died.,neutral
ed find leader chhagan bhujbal's connection shell company conducting raid,neutral
jimin yoongi unhappy,negative
share love: thanks top new follower week happy get,positive
instant message still bored unhappy,negative
shun water beaches.,neutral
menu judge,neutral
a7atein one 'a7a' enough ({}) :d,positive
said silence morgan freeman's voice happy,positive
mm cried racism oz probing indian attack,neutral
thanks brother,positive
talking driver goinghe said love go new york since trump probably,negative
15 year,neutral
make great point,positive
self: buy that.also me: furry unhappy,negative
perspective strife.,neutral
fake exit poll result circulated using abp news' brand name. want clarify aired exit piss,neutral
10 year,neutral
thank 2k like banner project happy,positive
here's one roll 'poundland' film! (a store sell product 140.) here's dx,positive
know. happy,positive
$es_f $spy bull relentless happy setup like today,positive
miss 7/27 costume unhappy,negative
naming game,neutral
chopsuey unhappy laughing as humble feed always bomb!,negative
red velvet unhappy,negative
lost deposit rajouri garden stronghold.,neutral
till later! unhappy,negative
take home to...well,neutral
texting without looking :)kisses thefashionicon,positive
beetle grip litchi crop,neutral
fl design done inspired fl hopyou love,positive
nick? might deliver time demand it. story life -,negative
follow saga diary year's worth saga pen :)tcs,positive
sone cant stream genie!you stream ty genie! still sharing genie ids. want,positive
great day everyone happy,positive
nothing ever seems. look bad today,positive
car pm,neutral
rt quote name calligraphy happy try best make pretty!! non mutuals/mutuals (ifb) fl,positive
finally got jinyoung wipe jaebum precious son block world witness,positive
sad unhappy,negative
arrived back little tipper lorry smile,positive
say manini chatterjee.,neutral
helloo :d kesh (mzkeshnj),positive
think better happy,positive
unfortunately,negative
long time chat sad,negative
system recognize space last name 2nd time unable check forced wait unnecessary line unhappy,negative
now? happy,positive
manohar sworn chief minister,neutral
petitioner wants.,neutral
22 old unhappy,negative
sangh put show strength,neutral
contribution ( posted tumblr ago cry joy ),positive
mobile signal suck unhappy what's full postcode happening? keen help si,negative
mayawati play divide-and-woo home turf. upelections,neutral
like song debyout younhappy syouggest yoyou jyoust one song really love,negative
campervan ticket expensive? unhappy,negative
answer yoyour steam trade link ill send right away :d,positive
hehe take care andy friend happy,positive
first happy,positive
taker mamata's torsa plan.,neutral
philippines? unhappy,negative
tak ambik wedding package cause poor unhappy ambik aromaterapi massage je hajxjsjsj. hehe see uuuu jwa,negative
tried new hacks?! **trying dumb life hack 17**,positive
modi's comment.,neutral
bengal private school fix,neutral
keep tweeting team. higher! thank efforts. :)kisses thefashionicon,positive
project india test,neutral
bjp head landslide win samajwadis concede defeat mayawati want fresh poll using paper votes.,neutral
dig amartya,neutral
merit claim tampered with; allegation wild baseless:,neutral
comforting london fog.,positive
more. also epaper.,neutral
there're time shcj do/did something dissapointed ot6,positive
can't make unhappy thanks head though. please take photos!,negative
muz u,negative
finally got jinyoung wipe jaebum precious son block world witness,positive
pls rt[nct fic] love song,positive
see edge creeping unhappy,negative
abp news exclusive: arm,neutral
22 agreement signed,neutral
spose pay accomodation nice haha? going stay somewhere anyway? happy,positive
wake-up call trump,neutral
good morning,positive
ed issue notice violation provision tune r 73 crore ipl.,neutral
flutter trial raise fresh scare accuracy.,neutral
tired pretending falling unhappy,negative
unhappy,negative
hi tharakaram! that's experience want unhappy please dm u number get this.. cont1,negative
headmaster find truant kid harvesting crop.,neutral
heeeeey notice unhappy,negative
bedroom journalism trial,neutral
.is winner donation giveaway,positive
cloud state bos keshav maurya's chance becoming chief minister.,neutral
oh shiiiiid noooooor unhappy,negative
91% favour unelectable jeremy corbyn happy,positive
z-plus cover uttar pradesh chief minister,neutral
arrest yet.,neutral
bjp rush shake upper-caste tag.,neutral
getting morning hassle unhappy,negative
please! watch afl anzac game tuesday! big tradition love sport! happy,positive
old street directory,neutral
is! haha wanted look like v unhappy,negative
irfan habib seeing past eye present,neutral
given custom console bundle giveaway! happy tweet following enter! end,positive
cloaked debate draupadi's robes.,neutral
cringed hard :(that fall shame- looking really good point...,negative
menu dinner: praise praise.,neutral
jk resume work system river.,neutral
dedicate song,positive
idfc official vikram limaye,neutral
murali's initiative go jaffna,neutral
great day today happy,positive
7days: rallying cry student,neutral
someone build house (4) cant unhappy cant believe already done????,negative
widening trade deficit $9.84bn.,neutral
room india indian,neutral
7days: modi's rule twitter,neutral
random twitch happy,positive
middleman (or conman) nephew tapped bribe election commission officials.,neutral
sone cant stream genie!you stream ty genie! still sharing genie ids. want,positive
fault,negative
000 join 4500 already assaults.,neutral
victory may bad news,neutral
jamie. passion + perseverance equal two not-so-secret ingredient secret sauce success happy,positive
same. unhappy got 12h stream coming bday 8 hours. still sleeping.,negative
pork pie happy,positive
look could kill......... smile,positive
issa throwback. happy,positive
hungry unhappy time buy food,negative
make sad. unhappy friend like,negative
thanks recent follow happy connect happy great thursday.,positive
honestly college make want curl ball cry 3 day straight unhappy,negative
thanks,positive
molly 1. wish could hair unhappy 2. cutest michael girl milly phone 3. haiiiiiir lip 4. friend5. yes6. -,negative
new job start weeks! :d,positive
govt drop plan slip pseudo,neutral
unhappy saw somebody said hair fell bighit trying figure,negative
hardest interview life,neutral
harvest 1st crop,neutral
telling read book today. knowledge power. knowledge growth. kee,positive
famfrit people happy,positive
music legend receive diploma medal stockholm next day,neutral
become epicentre industry bihar.,neutral
well,positive
make sad unhappy looked unhappy went seaworld,negative
update: british police arrest seven probe attack,neutral
real time happy,positive
ye... miss unhappy,negative
nation 70 must begin new life.,neutral
arrest woman director hong kong-based firm r 1478 crore case registered post,neutral
great song happy favourtie member? x,positive
food dissent tradition,neutral
however,neutral
lost one import quizzz unhappy,negative
fish killer going pressed younhappy hoe today good person,negative
thanks recent follow,positive
,neutral
damn.... there people sincerely want attend bh birthday party bcs people try fun make ca,negative
pakistan pressure ban,neutral
thanks follow happy help business anyway please get touch,positive
went meet,neutral
returned warm welcome,neutral
got doubt summer happiness. zcc? unhappy,negative
wuut seriously?,negative
great! welcome josh happy ^adam,positive
someone buy tasbih pls? one unhappy,negative
haha thanks fansnim! happy,positive
single idea opposition clean say,neutral
3 publisher close suit photocopying,neutral
basketball etc theyre restrict.threw,negative
still looking one happy,positive
research seat hit regulator tightens rule guides.,neutral
indignation remains well-fed,neutral
younhappy keep jyoust,negative
new twitter reply view confused... like capitalise reply people not? unhappy,negative
30 likes?} hehe,positive
ready stage 2019.,neutral
miss friend unhappy,negative
,positive
never mind khushi,negative
oh american cultist :d,positive
jack finn harries cry joy,positive
babye old twitter unhappy,negative
share love top engaged community member week! much appreciated happy,positive
india would well abolish say,neutral
u nsa h.r. arrive today; hold talk nsa,neutral
irls coming meet boy much deserve unhappy,negative
lego_group: legothursdays jokersquad_swg legolandwindsor sound like lot fun! happy,positive
yeah,negative
6 feature extended stay,neutral
pictures? always enjoy swanky hair happy,positive
thanks follow,positive
hi guy,positive
dear attendee,negative
little fans. - happy,positive
scotland yard arrest london,neutral
fan see future pm.,neutral
plus want win merc c63 silence sooo! happy,positive
that's kaki tane amazing! foyound place germany import it! :d,positive
hi! tried call number got response unhappy please share another suitable time alternate number for.. cont1,negative
hiring people task edge.,neutral
first attempt bird photography. :-)passer domesticus. surprising. wink,positive
'slaps' memorial mean.,neutral
great thursday! looking forward reading tweet happy want,positive
need moodbooster juseyo unhappy,negative
killed death girl all. more. also epaper.,neutral
happy birthday ! happy hope good one,positive
promised denied helicopter,neutral
canberra land-locked capital. unhappy,negative
live pranab mukherjee address parliament 11am,neutral
govt seems slipped budget2017.,neutral
better oldschool cry joy rs3 equal aid 3,positive
may show,neutral
love can%27t arsed don%27t know people keep saying unhappy,negative
.listen beautiful video si,positive
setting court home,neutral
india cap price -- rs7,neutral
miss huhu busy unhappy,negative
say manini chatterjee.,neutral
mannn,negative
say tuna happy,positive
think would drive mad synths robot turned up. unhappy,negative
that's say end video liked,positive
yo thank 15,positive
baby unhappy,negative
parent challenging. cannot control give worst output child word,negative
goodevening happy,positive
kp nayar,neutral
autograph book ready,negative
soldier's painful journey,neutral
kray denial normal bi say,negative
perfect dress,positive
precious really miss unhappy,negative
best advice blogging. happy,positive
more. also epaper.,neutral
new tv channel's bedroom journalism trial.,neutral
hey guy could help retweeting this? heard legitimate really need vpn account rig,negative
see,positive
that's shocking evil unhappy,negative
bihar cm cite siltation threat barrage national waterway.,neutral
home run !!!! yes charlie game happy,positive
welcome happy,positive
call floor test.,neutral
happy birthday good day happy,positive
hi aled,negative
even unhappy *hugs*,negative
havent early school since last semester unhappy,negative
suck unhappy,negative
vistara join pervert airline call list assault air india manager mp,neutral
good morning every one,positive
naila raheem following twitter!,positive
also epaper.,neutral
half full,neutral
[please rt] buy blinking taehyung headband,negative
stats day arrived. 1 new follower unfollowers happy via,positive
jin spotted everland today. nice see break u tour happy,positive
yg sent mcd. want see holding trophy unhappy anyways,negative
fla member officer going cebu tomorrow silence godbless piss mga ante angkol! happy,positive
instant message perfectly fine :d fellow ken,positive
comparing 2015 2017.,neutral
hate throwing unhappy,negative
chidambaram opposition,neutral
cry muh feel,negative
limit cash withdrawal today,neutral
great,positive
ammunition explosive material recovered lucknow operation end video:,neutral
unhappy :/ unhappy feeling sick,negative
sad,negative
lexxxxxy unhappy youre nice instant message really eek,negative
thanks top engaged community member week happy want ?,positive
get pork katsudon tokyo diner! tho egg unhappy,negative
rare specie say hello century.,neutral
miss quacktopia! unhappy,negative
5.5% r 50000-100000.,neutral
keep unhappy,negative
keep loving deepika,positive
thank crew happy,positive
nothing could better happy,positive
revisited,neutral
hair crisp unhappy,negative
gamer follow train!follow meretweet thisfollow retweetedgain active follower happy 450,positive
actually looking forward seeing theory around personal vote correct unhappy,negative
who's chair sitting in? find out. everyone know now. shamed pu,negative
annoyingly space variable width version c64 font that's available internet wi,negative
india end culture siren cars.,neutral
development,neutral
thanks sharing iris photo. really appreciate smile,positive
5640 less 155 world,neutral
veteran general see breach.,neutral
saying read book today,positive
one happy,positive
500m more. also epaper.,neutral
vow move supreme court.,neutral
likely elected cm: source,neutral
good luck rich riding great project sunday. donate?,positive
hope little beaand andot overworkiandg gettiandg least rest unhappy,negative
sasikala expels score rebel including minister k pandiarajan senior leader c ponnaiyan,neutral
beautiful lady full fun body confidence. ..,negative
used. stats care motivation happy,positive
miss temperance brennan seeley booth much unhappy,negative
more. also epaper.,neutral
area's list unhappy think go libdems anyway,negative
ruby rehomed time month old love forever home. pls always consider rescue,positive
5/6 time week leh sad yes closing damn fuck opening much better,negative
fielded nephew,neutral
thank roshhh miss everyone too. love youuu,negative
eight coach derail near station uttar pradesh,neutral
bjp fly wing,neutral
best community gathering coming up! full,positive
want able get time know people year go unhappy,negative
spell endures.,neutral
ohnoo unhappy unhappy hope recuperates sooner!!,negative
kept going unhappy,negative
mr king excited work student today! check cool classroom shape! lot math happy,positive
rohith's buddy's autopsy caught distrust,neutral
made new logotype really fun work follow want keep updated,positive
thanks recent follow happy connect happy great thursday. want,positive
pitched battle progress du abvp disrupts ramjas march maurice nagar p,neutral
modi,neutral
common bugbear india more. also epaper.,neutral
honesty hug well-heeled,neutral
mummy,positive
5 kid orphaned: parent branded hacked death.,neutral
say,neutral
unhappy,negative
grooming season dawn madhya pradesh,neutral
jimin yoongi unhappy,negative
aiadmk expels supreme court ruling knock cm race.,neutral
think understand much stream would mean happy even make-do,positive
mastermind module arrested police,neutral
unhappy sorry pizza arrived mushroom despite request. could please get touch vi,negative
picture make sad unhappy,negative
heat wave coming,neutral
supreme court summons bos,neutral
wow! friend dara shared hubby!!! look terrific. :)order -,positive
meghalaya got bred local pig variety.,neutral
india's force want 20 mp named shamed antics.,neutral
ugly high-rise taking grand structure ignored,neutral
list want happy,positive
govt merge bharatiya mahila bank greater service outreach,neutral
profit sanity.,neutral
brewery uk too.... smile,positive
prasun chaudhuri (dying?) art carving,neutral
happy,positive
go way keem? minaun? that's good one extreme driving today smile,positive
hey screenshot sainyo . hmm tumagal sana u . stay uu . im always fr uu matter . luv uu mat,negative
cold mother crusher right now. nearing end april. sad,negative
instant message cramping sad,negative
painful goodbye onesthat never said never explained cry unhappy :/,negative
sound family,negative
more. also epaper.,neutral
perfectly happy player got,neutral
stretch highway (to save bars?).,neutral
india's foreign secretary visit next week 'frank' talks.,neutral
indian navy ship respond piracy attack foreign merchant vessel gulf aden,neutral
rather uk,positive
here's brutally respectable suit... enjoy happy contrast appreciate mo,positive
patna's tire machine.,neutral
want learn choreo ugly body say cry joy,positive
said d2 largely sd d2 run newer version mac o miss playing unhappy hd woul,negative
sad fuck unhappy,negative
pop request assassin shower gel? happy,positive
bsp bos averse joining force non-bjp parties.,neutral
hi kn fans! happy,positive
9 civic body state go poll tuesday,neutral
damn.... there people sincerely want attend bh birthday party bcs people try fun make ca,negative
writes sonia sarkar.,neutral
thanks recent follow. much appreciated happy get,positive
sorry. one bad egg embarrass rest. unhappy,negative
penge damit unhappy,negative
penge damit unhappy,negative
jharkhand body upgrade pitch test.,neutral
thought made transparent?,neutral
hi ashish! update regarding concern number switched unhappy please share another suitable time.. cont1,negative
thanks recent follow happy connect happy great thursday. want,positive
former captain diana edulji others panel run,neutral
thanks sharing happy,positive
indian hold promise battle,neutral
wasnt meant sound ano sad,negative
7 indian scrap tag handbaggage.,neutral
suspect one would get happy,positive
000 seat across 3400 colleges.,neutral
thats sooooooooooooo sick!!!! xd thanks much making kin!! love it! :d,positive
never happened happy,positive
thank kpop cry joy,positive
list may good idea.,neutral
member camp meet assembly speaker p dhanapal,neutral
visual studio installation - 89% .. bsod come suddenly unhappy,negative
arson film set,neutral
people stuff like unhappy,negative
would great trick happy,positive
thanks lot,positive
one year ago today unhappy,negative
would great trick happy,positive
govt mull giving power award teachers.,neutral
instant message lot pain school doesnt allow pain med unhappy,negative
much pain. eye hurt unhappy,negative
u.s. review lifting sanction iran: tillerson,neutral
oath taking new cm take place 5 pm sunday: keshav prasad maurya,neutral
actually live honesty integrity embraced,neutral
trying get touch number appear down! unhappy,negative
hold frown used new application - made team! happy,positive
regime changes. bullying police officer not.,neutral
result live: lead 93 seat offer resignation,neutral
petronas blue/green isnt far away billy monger blue/green. thought happy,positive
resolve sooo slow laptop,negative
lose light,neutral
state bank india q3 profit double r 2,neutral
definitely arm unhappy,negative
uttar pradesh video:,neutral
hindi-belt party.,neutral
thats grim unhappy,negative
private airline follow revoking flying ban sena's,neutral
someone pls gift xayah using pi plssss? unhappy,negative
sc collegium accepts govt thorn,neutral
7 arrested attack probe.,neutral
headline inflation measured consumer price index (cpi) remained control third successive financial year:,neutral
okey unhappy,negative
jimin yoongi unhappy,negative
politics,neutral
good show pale next 329% jump imports.,neutral
right here.aren't happy [x]???no. still 'condition',positive
4/20 today,negative
step,neutral
gdp grew 7% quarter,neutral
can't unhappy,negative
che critiques. unhappy,negative
long cool,positive
new thesis another genius.sir,positive
going add bazza,negative
world big. big problem worry take world. much smile happy,positive
jimin yoongi unhappy,negative
kabali's spell,neutral
made day! great story happy,positive
chin leo cry,negative
thank happy,positive
oh andy unhappy,negative
streaminuteg 45 minute understanding thing still.. unhappy,negative
please meeeee followed almost year unhappy,negative
high court judge play card.,neutral
key europe,neutral
especially people low patience level happy,positive
3 garden make mark u meet.,neutral
calcutta get mom accept calf.,neutral
another great day westhoughton,positive
record haul booze,neutral
birthday another hour,positive
share love - high value member week happy (insight,positive
donny unhappy,negative
said,positive
thanks recent follow happy connect happy great thursday. want,positive
please reading break heart unhappy,negative
fun welcome back taping! first day happy mainit. pawisan. dirty. really miss,positive
malik sajad,neutral
honey unhappy,negative
[thinks tfp soundwave forever trapped void realm] unhappy,negative
new mother challenged change date exchanging notes.,neutral
arisun town hall pretty terrible service rude staff. went icg's fryer broken unhappy,negative
say isro official annadurai,neutral
| understand state ohf mind ohf ji right nohw. hence,neutral
hit splurge freebie,neutral
tn,neutral
high court order govt waive drought-hit farmers.,neutral
2nd cousin vlad !!!!! maybe thats message hockey g,positive
order ever want eat website.may great day happy,positive
militant opt poaching fund outfit.,neutral
palaniswami's victory (and dhoti survived),neutral
relief front small firm hit,neutral
top law advisor back use human shield,neutral
ready next fire lighting session - keen early bird already smile,positive
panchayat parliament seems bos amit shah's goal.,neutral
economic survey tabled parliament shortly. know economic survey:,neutral
varanasi,neutral
music direction favourite,positive
follow dm u able assist you. chris happy,positive
superstar thanks much kind words! look forward seeing soon buddy smile,positive
more. also epaper.,neutral
always there. love happy,positive
trauma... driving without red,neutral
leading 18 seats.,neutral
share love: thanks top new follower week happy want this?,positive
bihar set rs25lakh fee skip subsidised education.,neutral
more. also epaper.,neutral
fret wait governor's call.,neutral
omg happy!! new video bigbang baby happy,positive
court summons cm suspended bjp mp accused criminal defamation plea,neutral
good morning unhappy,negative
:^) hello,negative
untold story pranab mukherjee nixed plan unseat her.,neutral
question 18! make sure use tweet reply happy,positive
people don%27t know always think quiet. people know me. wish :)kisses thefashionicon,positive
yeah update 16.04,negative
missed whole lot unhappy,negative
dang guess plan ruined unhappy,negative
air india lift no-fly ban mp,neutral
helloo :d car fox (ror925),positive
mutual: let's talk more!me: sure!mutual: happy me:,positive
froze mid install. waited 3hrs pull plug cry,negative
thanks top engaged community member week happy - try,positive
need know election commission's 'open challenge' hack,neutral
claaaaaaaaaaaaasse !,negative
one backward cap,positive
way tackle world's say prabhat patnaik.,neutral
lesson school.,neutral
several injured mob storm polling booths; low 3.3 % turnout till 11,neutral
calcutta's suddenly cannot enough mother's dish --but outsourced outlets.,neutral
don%27t spam way,positive
wow made j compressor actually check scoped variable existing. turn issue happy linters may useful happy,positive
really out. happy,positive
thanks recent follow happy connect happy great thursday.,positive
unhappy 4c struggle valid?,negative
rt 13 ffs-it's much free-legit-free follow first get quicker-be patient g,positive
rl? serius?,negative
understand look sad,negative
want go m's game unhappy,negative
anybody know rand's likely fall dollar? got money need change r keep getting stronger unhappy,negative
scientist find.,neutral
dont laugh unhappy meanie base,negative
more. also epaper.,neutral
thanks recent follow. much appreciated happy want ?,positive
would great trick happy,positive
sup guys? :d,positive
want meet bad unhappy,negative
dropped follow twitch happy,positive
president back move make mandatory class x.,neutral
ah alright,negative
crpf's commando return unit.,neutral
thank crew happy,positive
supreme court asks 6 state explain vigilante banned.,neutral
worry unsold stocks.,neutral
man. : (,negative
within budget,neutral
much appreciated happy,positive
bengal bill scare pervert school,neutral
7 coach meerut-lucknow rajya rani express derail near rampur,neutral
thanks recent follow. much appreciated happy - sent,positive
put password wi-fi :)kisses thefashionicon,positive
kind feel like sunburight right sad someone please make nobby thing glass slip,negative
thank you! happy,positive
25x25? go first happy,positive
au alisha unhappy imagine thing could,negative
best college varsity,neutral
hit,positive
may go away happy,positive
dammit effect linearts show nicely twitter unhappy,negative
keep promise 'good quality,neutral
amit roy potboiler.,neutral
big love anne cox happy,positive
hijab stand radicalisation.,neutral
demitronisation relief small firm,neutral
idea saying almo,positive
russell phone 10% possibility chance would notice me? unhappy,negative
oh sadly wont watch right forbid see unhappy,negative
play woman wronged.,neutral
want give everything make happy see smile unhappy,negative
[please rt] buy blinking taehyung headband,negative
ouch elena eremina's foot slip,negative
death currency,neutral
need unicorn frappuccino stat. found limited timee! unhappy much longer?,negative
hellooo.. happy satans-daughter (taylynnox),positive
ngt punch hole delhi fuel supply chain ban old tankers.,neutral
cheeky :d,positive
would great trick happy,positive
big brother academia,neutral
slow unhappy,negative
took social medium complaining bad food,neutral
feel bad,negative
cabinet approves merger five subsidiary state bank india state-owned lender: finance minister arun jaitle,neutral
groovy thursday! happy,positive
sad story unhappy,negative
think that's one hottest part body,negative
more. also epaper.,neutral
miss boy unhappy started working local boy nervous college friend,negative
lost password,neutral
late night,negative
genix deserves much myth! open eye community want,positive
govt's latest: school kids.,neutral
national body meeting,neutral
oh unhappy,negative
fact parrot minecraft coming soon!! :d,positive
rallying cry become thing behold celebrate season.,neutral
pm reach parliament,neutral
generous support integral part happy thank like!!,positive
man took neighbour court pet dog bark night-- judge,neutral
going notice yous? unhappy,negative
dame computer decides crash unhappy i...,negative
need help guy cry,negative
really really need right unhappy,negative
went work.don't get excited,positive
veronice jughead! happy,positive
000 crore property pune.,neutral
missing cry seaside area.,negative
sultanpur bahraich,neutral
india rush put fire.,neutral
bjp (13 seats) fails get majority congress emerges single largest party bagging 17 seat 40-member house.,neutral
fun,negative
wanna get haircut don%27t know good place unhappy,negative
thanks recent follow happy connect happy great thursday. (want this?,positive
tamil nadu,neutral
good luck rich riding great project sunday. donate?,positive
shield child,neutral
thanks recent follow happy connect happy great thursday.,positive
share bugbear.,neutral
gotta keep trying quit work unhappy pick please! give,negative
happy,positive
pic? unhappy,negative
ok do! never problem old ticket app,negative
7 days: qa ram madhav,neutral
india changed,neutral
far worst day 2017 since january 8th unhappy cry cry .,negative
staying sa unhappy,negative
said see concerns. assure sir hinduism stay dharma,positive
nice outside stuck school day unhappy,negative
waited u unhappy,negative
salary reminds weekend,negative
wish dog knew much hyped snap chat unhappy,negative
punjab,neutral
thank much willow! helped ring birthday amazing stream last night :d,positive
say,neutral
nooo hair color pretty,negative
still strict,negative
sc frame issue mar30 regarding triple nikah halala consideration.1/2,neutral
teacher said stand.,neutral
looking forward this. come see us! booth going right center field. happy,positive
govt admits economy take hit,neutral
more. also epaper.,neutral
miss much unhappy,negative
hi please rt pinned post happy,positive
vijayvargiya dare arrest leaders.,neutral
upstairs right happy,positive
? happy,positive
amit roy looking campus abroad.,neutral
birthday tomorrow baby unhappy,negative
last thing bought sweet unhappy,negative
know really love lot?not support comment,positive
former president render unqualified unconditional apology supreme court.,neutral
tell state.,neutral
cowardice; season bud thorn,neutral
pm's pitch sister,neutral
kp nayar narendra modi satisfied policy.,neutral
april 19 1906: nobel laureate pierre curie run horse-drawn wagon near pont neuf,neutral
unhappy every time laughing as,negative
44 day extreme that's prediction,neutral
sciatica. monumental pain arse. unhappy,negative
give chance west server unhappy,negative
relief yet seller,neutral
one suggested name icc meeting.,neutral
india's list,neutral
rahul modi trade barb,neutral
say,neutral
say kanwal sibal.,neutral
more. also epaper.,neutral
crude building taking city world iconic building,neutral
hc scrap plea jnu norms. seat cut,neutral
muddle,neutral
can't fix soon delay tomorrow unhappy,negative
scientist build case bite,neutral
hahaa second best always happy,positive
rose come him! really enthusiast :-d using much may! :-)~~~,positive
ia officer insist.,neutral
apr. 26th beach house! dinner+music+ party oldie goldies happy buffet / bbq 40tlbeer- wein10tl raki12.5tl h,positive
wish could attend unhappy,negative
angst author,neutral
unruly behaviour violence aviation network regrettable. incident investigated appropri,neutral
thanks recent follow happy connect happy great thursday. want ?,positive
laddoos winner,neutral
farmer get lucky,neutral
reason celebrate uncelebrated,neutral
more. also epaper.,neutral
damn.... there people sincerely want attend bh birthday party bcs people try fun make ca,negative
ending soon aah unhappy,negative
see hope comments.,neutral
time fly,negative
popping store,positive
200000 people turned bolpur famed,neutral
kp nayar exit could bad india.,neutral
3 killed,neutral
stats day arrived. 1 new follower unfollowers happy via,positive
big bos calcutta's science giving,neutral
won't. probably phil seen yet unhappy,negative
wish could vote unhappy,negative
ceo today 7,neutral
,neutral
suddenly miss ate unhappy,negative
helloo :d mack. (macktimus),positive
rt indirect happy,positive
corrected. thanks.,neutral
happy 27 million keep happy 71 million close another 100m,positive
jungkook look like give biggest warmest hug unhappy,negative
order ever want eat website.may great day happy,positive
wht sort thing (can't use word person it)can cause suffering th sad,negative
opera nirjhor long claiming first one :d /rosi,positive
gujarat turn avenger,neutral
flashing light. (and paying parking).,neutral
wth 4/20 happen easter holiday one best day leeds unhappy,negative
ohh welcome clxsslc chanyeol oppa! call richard? kalau jadi sayang gimana? unhappy,negative
roc boyz sad,negative
manini chatterjee adopting yore.,neutral
sanjiv goenka tell,neutral
cannot stopped using scheme like opening bank account,neutral
kissward tagline:tweet u pan :)noonecanstop kissward,positive
rip te 100k experience cry,negative
let agree put brain knee cry joy,positive
know think? look exceptional new mum,positive
electile dysfunction,neutral
caution loan waiver,neutral
okay,positive
cheer :d,positive
get rover :dthey double sided! check shipping: worldwide!,positive
ignorance shape indians' attitude towards,neutral
bounty savarkar yamuna damage bill,neutral
ashok v desai formula tackling banks.,neutral
talking driver goinghe said love go new york since trump probably,negative
don%27t know look cool cry joy,positive
mythbuster/20 happy,positive
flame singe event colleges.,neutral
perfect,positive
online crush come meet-up without snapchat filter unhappy,negative
sorry unhappy,negative
aseek,negative
jk attached,neutral
new video today happy,positive
bapak tom cruise.,negative
company photoshoot fabulous photographer happy look determination (concrete shoes) get,positive
ladies! - tell yoyoyou play golf. wyoyoyoud make yoyoyou want play? top 3 reason yoyoyou play? heyjyoyoyoude66info,positive
body pull either,neutral
bihar meet,neutral
mettur legislator semmalai join cm camp.,neutral
first round exit 15 minute followed 45 tech cry unhappy,negative
govt decided merge industry departments.,neutral
ever australia! :d love vids. lovo youtube :d,positive
consolidation independent 2nd countrywide political entity.,neutral
opposition disrupts demand apology,neutral
2017. making law ban mha sitting draft.,neutral
oil price hit three-month low u.s. rig count climb,neutral
akhilesh 'aunt',neutral
sworn chief minister tomorrow.,neutral
one direction (band) one who's giving up? unhappy,negative
call affordable dialysis,neutral
sometimes night feel scared vulnerable cry,negative
released 3rd episode programming everyone! sure check happy,positive
veggie,neutral
get chance say hi unhappy,negative
never draw unhappy,negative
come volunteer abbeydale picture house! next wednesday...,positive
indian politician still need lucky charm -- campaign bus.,neutral
beating two favourite anyway stop caring match,negative
going back back jail,neutral
31-member cabinet sworn-in 4.30pm: raj bhavan.,neutral
hi! tried call number got response unhappy please share another suitable time alternate number.. cont1,negative
well that's terrible unhappy,negative
enjoy smile h.e.r.,positive
much appreciated happy want,positive
rumor going around video performance youtube already deleted..,negative
ask. two special issue lined up. unhappy,negative
nani lie unconscious,negative
bae's unhappy,negative
want see happy sad,negative
notice anything unusual? happy birthday lovely frooty! happy,positive
post-show blue hitting hard. unhappy,negative
thanks recent follow happy connect happy great thursday.,positive
wish knock lang talaga new school year good cooperative groupmates please unhappy,negative
2nd phase begins; cm okram ibobi cast vote,neutral
get 70rts giveaway 5 minecraft account origin account randomly people retw,positive
but... use purple flowercrown display picture unhappy,negative
national bitbucket unfriending day save $2 smile,positive
even benchmark pro-poor leader seems,neutral
sekhar raha letting go past,neutral
new twitter account piss idea maja salvador follow applicable guy happy,positive
thanks recent follow happy connect happy great thursday. want ?,positive
god koala,negative
3. that's lot cheaper easier make own. schematic need special cable come easy. unhappy,negative
accounts:them get rekt! :d,positive
former captain michael john clarke strength team,neutral
road safety crusader fight bid bypass order highway,neutral
life reflection way think. change way think,positive
freaking chapter one piece!! definitely good one! :d,positive
'shocked' hc order handover cbi,neutral
client work rt favorite happy,positive
miss talking yoyoyou yoyou younhappy yoyou always still talk,negative
like 90 calorie per piece unhappy,negative
don%27t know saw comment yet,negative
look good blue happy,positive
hole's armour,neutral
govt,neutral
tum still like 20yrs on. happy,positive
ever thank j hunt,positive
india's spike 3 initiative,neutral
puppy deserves better unhappy,negative
welfare,neutral
friend. smile,positive
one direction (band) one who's giving up? unhappy,negative
statement terrorist initiated incident shopian,neutral
dog family 18 year put tomorrow unhappy,negative
dream one still alive,neutral
unhappy friendzone. damn sad,negative
jawan tej bahadur yadav,neutral
pip singing let snow cry joy,positive
would sustained fame unhappy,negative
sorry tired stream. get sleep try fun tomorrow. feeling tonight guys.,negative
parrikar resigns defence minister,neutral
appreciate sentiment that. happy,positive
feeling shit today unhappy,negative
supreme court decided future rival,neutral
court's limit 500m leaf watering hole (and dry).,neutral
youngjae fansign 04/10/17 constantly massaging back. clearly something wrong pretended,negative
kind jealous laugh ny fault working hard happy,positive
jem dark star orianna splash assistance alex! :d done lot splash update,positive
jongin asked member whether eaten felt wronged ate without unhappy,negative
dynasty demonetised,neutral
trashing others possee behind boost ego,negative
unhappy sorry hear this.....,negative
100,neutral
yg sent mcd. want see holding trophy unhappy anyways,negative
buried alive screaming head cry,negative
watchman come threatens,negative
plan cap fee,neutral
thanks recent follow. much appreciated happy want ?,positive
seems cost abut 40k year? paying half full education get treat,negative
damn.... there people sincerely want attend bh birthday party bcs people try fun make ca,negative
100 per cent viva follow,neutral
case: exempts centre filing status report proceeding international tribunal.,neutral
happened promised fund,neutral
civic poll counting begin 10 today; eye result,neutral
thanks smile much better today thanks message.,positive
almost overnight,neutral
le videre happy,positive
delma hanville official connected twitter! thank follow. please ever let go! happy,positive
extended family. 12 ppl.ahh wanted show oh girl dorky playing game got deleted unhappy,negative
britain becoming xenophobic hostile,neutral
say sorry man assaulted.,neutral
begum jaan,neutral
centre mobilises 247 company (about 24,neutral
mayes unhappy .g,negative
tapping self-help group,neutral
freebet sport except total mkets handball,negative
ban,neutral
1 rupee increase mock dignified-living plea,neutral
u give scare,neutral
jackson unhappy youngjae silence aww,negative
order weekly trainees.,neutral
destroyed,neutral
bengal,neutral
thanks recent follow happy connect happy great thursday. want,positive
saha's preference: one-dayers t20s,neutral
love,negative
greatness mean winning say sunanda k dattaray.,neutral
quoting bbc,neutral
nachnis dying unsung,neutral
wandering around,positive
thanks follow! happy,positive
new one seems bit unstable unhappy,negative
stress dress code,neutral
kante broke girl love exposing broke niggars much? where's team spirit? unhappy,negative
happy 420 everyone happy,positive
cm laxmikant parsekar tender resignation. lost seeandidate dayanand sopte see,neutral
(but failed govt's birthplace test.,neutral
thanks recent follow. much appreciated happy get,positive
sc hear various petition constitutional legitimacy today,neutral
mutual: let's talk more!me: sure!mutual: happy me:,positive
good morning peady,positive
yogi sworn chief minister sunday afternoon.,neutral
hi! tried call number got response unhappy please share another suitable time alternate number u to.. cont1,negative
thanks recent follow happy connect happy great thursday. want ?,positive
bureaucrat wonder.,neutral
wont able stream tonight sorry guy unhappy,negative
rate fall 8%.,neutral
inspiring cry joy,positive
hope ok,negative
preacher...... unhappy,negative
close animation 3i post second part soon! happy,positive
koala dying thirst u unhappy,negative
may open happy,positive
more. also epaper.,neutral
bengal trinamool vote share go,neutral
love youu much unhappy thank,negative
overburdened say may able hold college teacher year.,neutral
still possible! unhappy,negative
sc hear petition challenging bombay hc order beef ban,neutral
leftist became minority voice,neutral
koala dying thirst u unhappy,negative
timeline.,neutral
india ready manipulation human embryos.,neutral
notice me. unhappy what?,negative
akhilesh keep option open,neutral
rocksoc still going? beginning smile,positive
great thursday! looking forward reading tweet happy want,positive
damn.... there people sincerely want attend bh birthday party bcs people try fun make ca,negative
more. also epaper.,neutral
work unhappy see tomorrow!!,negative
still waiting unhappy,negative
-- blame stipend crisis faced 4000 scholars?,neutral
calcutta high court order probe sting operation.,neutral
google,neutral
younger. softer. cry joy,positive
share love: thanks top new follower week happy,positive
1 terrorist killed; report terrorist holed false: adg,neutral
reverse polarisation more. special epaper link.,neutral
thanks recent follow happy connect happy great thursday. get free?,positive
cm assures impartial probe,neutral
congrats :d,positive
episode two cry joy,positive
goodnight love beautiful boy unhappy,negative
mmmm... blood enemies... happy,positive
515 subscribers!!!! :dthe continues!,positive
oh yes happy,positive
kp nayar engagement gulf deepened.,neutral
koala dying thirst u unhappy,negative
beautiful album greatest unsung guitar genius time - met great backstage,positive
china lodge protest india's ambassador vijay gokhale visit arunachal pradesh: foreign ministry.,neutral
say keep it. happy,positive
usually speedboat behind get river unhappy,negative
last night dream moved japan happened see you! denied friendly request. unhappy,negative
,neutral
face swapped cat dog really upsetting unhappy,negative
hellooo.. happy lil strait (daddyy_rat),positive
adityanath's rise,neutral
morning happy,positive
1st round talk held,neutral
yes that! happy,positive
voting pattern show cofounder,neutral
hey thanks top new follower week! much appreciated happy,positive
transparency looking india's ranking? start bottom.,neutral
more. also epaper.,neutral
aw bcc pride prom kind want go happy,positive
meeting governor ends. stake claim form government: jaya tv.,neutral
19 day school left happy,positive
love much rui-chan smile smile,positive
one table last night told look like graceful ballerina gliding tables- another told looked like flash dancer unhappy,negative
sixth spot applicable team! higher pa! :)kisses thefashionicon,positive
more. also epaper.,neutral
happy birthday hoe! good day,positive
bjp urge governor vidyasagar rao take decision basis number well credibility.,neutral
guess happened said 'adopted son',neutral
great week!! happy,positive
savour civic win congress loss.,neutral
hawhaw cry,negative
hi han,positive
r 42 crore needed repair damage floodplain event.,neutral
definitely arm unhappy,negative
recent follow. much appreciated happy want this?,positive
change stance accommodative neutral.,neutral
get license raid -- without citing grounds.,neutral
sonia sarkar jig-gigs key tool run,neutral
kid/parent friendly space like please.,positive
bengal top --in woman children.,neutral
stats day arrived. new follower unfollowers happy via,positive
moved discretionary based administration policy based administration:,neutral
rocks. next question - astro unhappy ?,negative
7-judge bench set hear plea challenging right possible:,neutral
raining hard unhappy,negative
hellooo.. happy pussy (creepz_x),positive
ich ned unhappy,negative
opening lot!rt like would laaaaaverly :d .xxenjoy,positive
hello 1372 follower - thank much following! love read tweet happy want ?,positive
sachin tendulkar 2nd inning,neutral
samsung chief lee arrested south korean corruption probe deepens,neutral
terrorist lucknow: make statement,neutral
last event chapter 1,positive
happy birthday cyoutest/fyounniest l know :')have good day coreo boreo,positive
think probably beyond repair sound tea etiquette happy,positive
more. also epaper.,neutral
' say tn cm meeting governor ch vidyasagar rao.,neutral
publisher lose photocopier,neutral
effective figure show that.,neutral
clay hannah - love deserved endgame unhappy,negative
link seventeen's yokohama concert english sub :)ddl:,positive
right! sir rob love torture u unhappy,negative
anti-romeo squad start lucknow video:,neutral
delhi uttar pradesh view,neutral
supreme court asks govt explain need pre-censorship.,neutral
stats week arrived. 1 new follower unfollowers happy via,positive
beauty personality. :)kisses thefashionicon,positive
patience,neutral
main reason drink total selflessness :d,positive
yogi pm,neutral
arrest conman bribe charge nephew churn politics.,neutral
team come minimal side-effects.,neutral
also support other!,positive
sadly yes. since expected continue losing support dropping bomb unhappy going expe,negative
thanks recent follow. much appreciated happy want ?,positive
foreign policy must rooted ethic,neutral
took full drink uber; guess could say instant message pretty wild. tuesday never forget happy,positive
ah,positive
thanks recent follow. much appreciated happy want,positive
yes,positive
tired there's nothing great combo unhappy,negative
elaborate system place prevent misuse evms: election commission,neutral
hellooo.. happy kyle davy (rebelbyacause),positive
heart hurts. sad hate people,negative
youngjae looked sad video unhappy,negative
pharma company opposing name,neutral
sure do! happy,positive
oh god unhappy next time mishutuuu,negative
happy see closer con five so. lol :d,positive
sad life must,positive
yet! maybe year happy,positive
.the person chose shut fuck up: unhappy,negative
one direction (band) whats going unhappy,negative
would great trick happy,positive
yogi adityanath arrives venue meeting mlas amid talk named chief minister,neutral
powerpoint'te mi hazirladiniz post'u unhappy,negative
try front door,positive
manifesto,negative
can't wait see film karl! wished would bu,negative
find difficult say unhappy,negative
miss unhappy,negative
find sunanda k datta-ray.,neutral
graduated captain,neutral
thanks recent follow happy connect happy great thursday. want,positive
air india enforce fine unruly passenger,neutral
winner award telegraph's - advantage 2017.,neutral
more. also epaper.,neutral
someone asked hows life? smiled replied,positive
serious charge absent varsity press release appear plaint htt,neutral
got aksis 2nd part cp never completed since return investment dropped laughing loud unhappy,negative
nice! really nice stuff there! mostly black dress get away june wedding though unhappy,negative
april really really bloody. proud boy cry joy,positive
attack,neutral
why? unhappy,negative
anyone got design could find one would grateful :d,positive
mutton,neutral
station check. happy surely combination 0xx-xxx-x938 0xx-9,positive
imagine win next time unhappy unhappy,negative
definitely arm unhappy,negative
find sign,positive
miss going gig liverpool unhappy,negative
miss biking unhappy,negative
thanks recent follow happy connect happy great thursday. want,positive
guy please help retweet unhappy,negative
a*dy guy pop asia translator probs go around au unhappy,negative
loved reply you. :d get lost .,positive
roc boyz sad,negative
sena's apologises parliament,neutral
can't continue right lighting shitty f swear sorry sad,negative
hope great,negative
let take hit?,neutral
digital monster want work blackpink make happen pls unhappy,negative
tutor kid roped harvest,neutral
love blogger love u much happy thank amazing review perfect glass h,positive
put question mark video.,neutral
molten tar wipe family,neutral
man arrested truck death suspected carried attack.,neutral
sena lawmaker opposing harsher step assaulting public servants.,neutral
thanks recent follow happy connect happy great thursday.,positive
ready 420 happy,positive
aiadmk expels supreme court ruling knock cm race.,neutral
finance minister arun jaitley table lok sabha,neutral
make built westward ho! calcutta estate. read,neutral
rahul met hc give cbi,neutral
centre hiked job scheme by... (and rupee).,neutral
.nothing changed date .. april 28 make,positive
bihar exam body's bos,neutral
jk: school college shut clash,neutral
thanks recent follow happy connect happy great thursday. want ?,positive
none cry joy,positive
worked beautifully. redesign import page suit whole application would mak,positive
visiting prime minister,neutral
shihaaaa help bishie hunttt equal ^ equal ),positive
courage,neutral
pawar point out.,neutral
virulent going india's culture (and census),neutral
4000 punjab cop spent night preventing filling breach wall,neutral
someone messed unhappy available**,negative
bjp sold development -- sprang hawk.,neutral
still live!,positive
want drink cigarette unhappy,negative
thanks recent follow. much appreciated happy want ?,positive
confession,neutral
oh,positive
eas 3.17 per cent january 3.41 per cent december.,neutral
keep looking thing bought yesterday dream unhappy,negative
yg sent mcd. want see holding trophy unhappy anyways,negative
more. also epaper.,neutral
uncheck new arrival happy,positive
dumbing popular entertainment important issue.,positive
call center nice game 4/20 unhappy,negative
feel fucking shit today unhappy,negative
feel way life get everyday positive mood! happy,positive
found use sewable led holder happy,positive
non-teaching staff call end jnu stir,neutral
nice gif happy,positive
assam,neutral
claim masses. decides?,neutral
write fiction. pr knob writes sentence fragment ipad next shoreditch house piss,positive
lit unhappy,negative
think :)kisses thefashionicon,positive
receiving end,neutral
supreme court say auction aamby valley project money paid others.,neutral
turf,neutral
brit-bashing,neutral
thanks recent follow happy connect happy great thursday. get,positive
not.,neutral
register case meat exporter graft case; name former chief ap singh also.,neutral
baaaper unhappy,negative
superstar thanks much kind words! look forward seeing soon buddy smile,positive
puppy deserves better unhappy,negative
ohh normally feel sick drink like 3-4 cup coffee,negative
still sign - small area ( garden ) would obvious sad quite eye,negative
see one? happy transitional piece // chiffon dress,positive
depth charge sonobuoys.pse note 'msl-torp' getting released,neutral
modi's call orphan trafficked,neutral
first group local came forward yesterday cake card african victim racist mob violence,neutral
damn.... there people sincerely want attend bh birthday party bcs people try fun make ca,negative
send dm postcode check local stores. look forward reply happy - nathan 2/2,positive
noooooooo gonna miss buffet unhappy take care ain!!!!!!!!!!!!!!!!!,negative
shameful business :(stop paying giant corporation food need.... wake people plea,negative
miss quacktopia! unhappy,negative
online crush come meet-up without snapchat filter unhappy,negative
camera shooting,negative
try sad yes unhappy,negative
tolong bantu sampaikan keluhan army ke dong. many complaint since day 1 ticketing unhappy,negative
life dark corner become magical villager got 1st year.,neutral
principal rajendra prasad say heart bleeds v,neutral
rt: good evening everyone happy join twitter party tonight. official tagline:tanner welcomebackph tmi,positive
agriculture sector grow 4.1 per cent current year 1.2 per cent 2015-16:,neutral
yesterday's faci cute! 30+ :(today's faci old eeyer,negative
rt hate cry joy,positive
opening lot!rt like would laaaaaverly :d .xxenjoy,positive
people wanted buy bulk govt,neutral
miss much unhappy,negative
feel sick today unhappy,negative
getting harder harder stay unhappy,negative
back unhappy,negative
board's stand potboiler. more. also epaper.,neutral
back matemticas unhappy,negative
like legal sweater ..more design available,positive
thanks recent follow happy connect happy great thursday. want this?,positive
mmmmmmmm love naughty wife smile,positive
mp join camp; fret tends flock.,neutral
ngam week left cadet pilot exam cry joy,positive
gun bjp,neutral
thanks recent follow happy connect happy great thursday.,positive
happy 16th birthday bff! may 15 half take place happy great birt,positive
r.i.p victoria wood heaven know miserable unhappy,negative
remember- vocab knowledge worth 75% grade! announce winner tomorrow morning 10am! happy 15 purchase! happy,positive
bureaucrat face action drinking alcohol -- anywhere world.,neutral
floor test saturday.,neutral
final next week unhappy wish luck x,negative
thanks recent follow happy connect happy great thursday. want this?,positive
two indian kidnapped south sudan released,neutral
enjoy happy,positive
land delhi,neutral
abvp take tricolour march 180ft long flag ramjas,neutral
saddest part day everyday ryan leave 5:30 unhappy,negative
1st day ja entertainment's marathi film savita damodar paranjpe big fan story. finally get,positive
death 1st solo trip more. also epaper.,neutral
(leads/trends) 26/117: bjp/sad: 3,neutral
pamura isa moment,negative
5-judge constitution bench sit may decide plea relating aspect triple 2/2,neutral
last kiss unhappy,negative
astaga unhappy /?,negative
soph please don%27t win unhappy jk.. good luck think draw good poster,negative
hey thanks top new follower week! much appreciated happy,positive
offline unhappy,negative
happy hope,positive
bit rusty now! unhappy,negative
today 4-20 hitler's birthday unhappy,negative
every time think skin getting better,positive
congrats 3m follower instagram! happy,positive
bjp see stamp missing choice.,neutral
bihar tell govt rejected idea.,neutral
faltan russel noodle unhappy,negative
ban ja hero :d,positive
sworn-in chief minister,neutral
another atbb way ! wish srk sir start signing good movie unhappy,negative
that's law nature happy,positive
got msg! oops unhappy,negative
,positive
killin time say hey! :d,positive
air india tighten security mumbai pune threatens stall airline's operation there.,neutral
hey tony,negative
thanks retweets week. much appreciated happy want this? free!,positive
twitter explores premium version 11 year free service,neutral
breaking: india december quarter gdp 7 percent (reuters forecast 6.4 percent),neutral
superstar thanks much kind words! look forward seeing soon buddy smile,positive
edm pleaseeeeeeeee unhappy,negative
talking driver goinghe said love go new york since trump probably,negative
always welcome thank sa treat sa susunod ako happy,positive
de tonight don%27t really care cry joy,positive
definitely arm unhappy,negative
absorbed going get laugh get 2000 votes. unhappy,negative
bring back ginger curl =(,negative
bengal unit finally get full-time chief.,neutral
told bugger hung up! waned access pc. phoned someone like gran,negative
hard notice me? haay unhappy,negative
happy birthday megan happy,positive
know :d,positive
thank roshhh miss everyone too. love youuu,negative
look beyond defence visit.,neutral
supreme court take record 'unqualified apology' tendered bengal counsel,neutral
helloo :d (keep_smiling_y),positive
7 arrested attack case; police see link.,neutral
would great trick happy,positive
here's part happy,positive
sibal datar spike bcci wish,neutral
self-belief kept top game.,neutral
javadekar back restrictive research entry,neutral
hellooo happy bluey (xblueys),positive
arrive unhappy here's hoping tomorrow,negative
superstar thanks much kind words! look forward seeing soon buddy smile,positive
omg sad say actually remember this! unhappy happen??,negative
sc issue notice centre,neutral
jatavs base pitch muslim,neutral
ansals let lightly (again),neutral
kp nayar party revolt knocked nominee labour secretary post.,neutral
half empty cloud research,neutral
website since long happy,positive
miss jihoon sad,negative
right mcconnell well. unfortunately,negative
hate park jisung much sad,negative
57.36% turnout fifth phase voting end large peacefully 51 assembly seats: ceo venkatesh,neutral
new twitter acc. happy,positive
hope everything go right unhappy,negative
unhappy oh man..,negative
thanks recent follow happy connect happy great thursday. want ?,positive
suck unhappy,negative
damn.... there people sincerely want attend bh birthday party bcs people try fun make ca,negative
cant deathmatch piss unhappy,negative
going burst data cry joy,positive
hey thanks top new follower week! much appreciated happy want ?,positive
happy birthday cry joy yoyour cool hope yoyour day go super good,positive
nah over-rated happy x,positive
formidable madame calcutta's run business.,neutral
fear plan set rate,neutral
jp yadav find us-versus-them undercurrent,neutral
happened unhappy,negative
guys. read least. cry joy,positive
oh noooo baby unhappy,negative
say,neutral
more. also epaper.,neutral
want good vibes? watch youtube tv100 application free happy,positive
tonight 7pm,positive
say source,neutral
sound like lot fun :d like,positive
cleantha,negative
could dethrone top draw.,neutral
824000 new vehicle trashed,neutral
yeaaaah! alpha invitation well received happy,positive
made trek 2km fetch water,neutral
notice? killing rss / bjp worker another southern state? cm dismantling xtian infra munnar?,positive
music direction favourite,positive
handling bully,neutral
thanks recent follow,positive
holy shit! 40 page script opening scene man steel krypton got compressed.i wish could least,negative
available u.k.? unhappy,negative
delhi worried silence,neutral
okay tf colorful starbucks thing social medium unhappy,negative
adore,negative
update: manhattan attorney preet bharara asked resign along obama-era u.s. attorney - doj.,neutral
hellooo happy xbox adhatter (xboxmadhatter),positive
happy 10th wedding anniversary aishwarya rai-abhishek bachchan happy,positive
u.s. judge reject travel ban,neutral
jimin yoongi unhappy,negative
cong: 17,neutral
hospital,neutral
happy,positive
yg sent mcd. want see holding trophy unhappy anyways,negative
noooo 6.45 ;_; class time unhappy,negative
less cricketer,neutral
techie killed --and american took bullet aimed another.,neutral
looking forward visiting! picked great day,positive
italian easier spanish unhappy,negative
hey thanks top new follower week! much appreciated happy,positive
even get easter egg year! unhappy xx,negative
can't wait revealing qa's. happy,positive
could meet saltwater next time,neutral
stake claim form government tamil nadu,neutral
teacher back worry silence,neutral
expert say wrong blaming ganga siltation.,neutral
tn farmer skull protest delhi,neutral
want fun plan weekend unhappy,negative
preliminary enquiry health minister alleged money laundering.,neutral
yep going back school become editor hopefully. can't wait! sister really belief skill happy,positive
get professional one,positive
whaaattt,negative
miss baby unhappy,negative
4000 migrated 2015 shield capital.,neutral
crazy easter! donkey insane! seriously crazy haha!,positive
seem sold government time ago. unhappy,negative
stats day arrived. 1 new follower unfollowers happy via,positive
party led can't seem look beyond family top posts.,neutral
oh unhappy like?! still shops?,negative
e local functionary legislature party leader,neutral
more. also epaper.,neutral
pak court sentence death spying.,neutral
also attractive liza soberano? happy,positive
ready long winner named.,neutral
video definitely 30 minute episode longer.,positive
fund fear research,neutral
chicken; pulse,neutral
currently standing outside shard bag full empty bottle came work tom today happy,positive
fish killer going pressed younhappy hoe today good person,negative
shaandaar,negative
applicablengarag applicable unhappy ill find wonu picture soon alxmdkcsnx,negative
puritan critic damned,neutral
attending cosmic latte saturday give selu shipper kasi selu month qaqo unhappy,negative
mighty albatross carried missile torpedo,neutral
jitter pervert healthcare bengal,neutral
16000 car 40000 autos.,neutral
yes!!! neil gaiman life! :d,positive
deserve vacation happy,positive
maybe coffee unhappy,negative
ahhh well chuffed,negative
sad,negative
british dhc bruce bucknell institute entrepreneur head manoj da discussing skill devt ne,neutral
okay survived :,negative
assumes im outsider,negative
mp put no-fly list pervert airline well.,neutral
electile dysfunction (among losers),neutral
childish commando happy,positive
weare u? unhappy,negative
capt amarinder singh take oath 26th chief minister watch live:,neutral
truuuu!! si grim reaper sunny huhu grabe love story nila unhappy,negative
gunbattle felled father.,neutral
amazing stuff!!! thansk happy birth control - gamma ray (1972),positive
say prasun chaudhuri.,neutral
cheer new administrator team. happy,positive
excited thing coming future happy thing going great,positive
sorry people make living happy,positive
everything anything day,positive
more. also epaper,neutral
hard see best friend another girl happy,positive
thanks recent follow. much appreciated happy want,positive
can't someone worst deserve best :)kisses thefashionicon,positive
foreign tourist e-visas get free card arrival.,neutral
bjp worker stabbed death local temple festivity mukkattukara kerala's district,neutral
,neutral
oh god laurie penny unhappy,negative
go back school music! think time happy,positive
liked video,negative
thanks recent follow happy connect happy great thursday.,positive
sorry that. always ask u follow dm happy,positive
protestors began trying rescue trapped,neutral
playing du colleges.,neutral
well..human. that's,positive
custom argentina fill paperwork unhappy,negative
want good vibes? watch youtube tv100 application free happy,positive
talking driver goinghe said love go new york since trump probably,negative
talking tattoo make want bb8 tattoo broke make unhappy,negative
got rest,negative
awesome recommendation jess! listened,positive
climax shot happy,positive
loved beth much unhappy,negative
fro flight affected. result consequential delay expected.,neutral
modi's call ensure justice woman facing evil customs.,neutral
spe,positive
quoting official,neutral
print edition today,neutral
would great trick happy,positive
appreciate recent retweets great thursday happy,positive
may one worker properly compensated unhappy,negative
umma cry,negative
more. also epaper.,neutral
badly equipped surgery,neutral
fri thu? going friday showing :d,positive
note indian,neutral
karnataka body decided boycott award function.,neutral
meant 'potato factory' thriving reality bengal farmer chain.,neutral
white genocide thing. figment imagination. youre victim nothing disinformation.,negative
escalated quickly,negative
froze times. went 16.10,negative
mom lost teen kid fire same%2c old%2c boring shit let lightly,neutral
where's justin miss unhappy,negative
store still use?,negative
cabinet meeting begins.,neutral
friend egg,positive
more. also epaper.,neutral
nia take encounter,neutral
govt made look benign: use revised (and lower) base comparison.,neutral
awww yeah :d,positive
thanks lala.. much needed happy,positive
hobart 7 weeks. lot look forward happy,positive
wish could stay bed day listen rain sad,negative
flavorful dream,negative
effort pay off... happy,positive
half time crash unhappy embarassing i',negative
re-polling underway 8 assembly constituency went poll 1st phase march,neutral
congrats! :d,positive
thanks week,positive
prepare inspired! happy,positive
karnataka,neutral
fir registered minister gang rape sexual harassment,neutral
love this!,positive
thanks recent follow happy connect happy great thursday. want ?,positive
mutual: let's talk more!me: sure!mutual: happy me:,positive
first time 3 decade,neutral
governor ponders.,neutral
zoo mark,neutral
soon :' need much cry joy {} need kaswa :',positive
favorite hobby finding negative positive thing happy,positive
asks govt,neutral
unfollowing bye happy,positive
ok? :d,positive
puzzle piece [64]rt like next please :){20 rts,positive
set take oath cm today,neutral
full interview inside 7 days.,neutral
piss cry 3,negative
7days today: bjp's expanding footprint,neutral
mcd polls: release second list 127 candidate,neutral
get 900 retweets 900 likes. help :(un,negative
more. also epaper.,neutral
kil,negative
celtic bruin today unhappy least sale pitching sox,negative
dept crackdown hoarders; issue 87 notice,neutral
thanks connecting passionate - hope like tweet happy,positive
say president mukherjee.,neutral
3 men die trying save friend,neutral
hrd stop funding research social exclusion,neutral
happy boy brighten day happy,positive
glad,negative
stay cool,positive
wut totally missed bday unhappy happy belated birthday sweetheart,negative
big decision expected,neutral
might dressed bit better.,positive
surround positivity happy,positive
bjp certain get away anything,neutral
000 village taught google design,neutral
number say,neutral
mp cases: rajnath.,neutral
13 guilty murder,neutral
knee similar colour leny henry's unhappy,negative
poor baby unhappy hate people,negative
honesty hug bottom rung -- mystery persists missing taxpayers.,neutral
sorry make book drive yesterday get outta work unhappy,negative
sajeda momin cm logical milestone death,neutral
tired unhappy,negative
hundred immigrant arrested 'routine' u.s. enforcement surge,neutral
bypoll put off-- ruling combine's request.,neutral
would call roused midnightreminds time(s) roommate unhappy unhappy unhappy suck,negative
miss big brother unhappy,negative
pak term access,neutral
miss bmf sad,negative
trump administration resists economics visa indian companies.,neutral
pinched free? quality fm smile,positive
became demonetised note,neutral
more. also epaper.,neutral
got disappear half way too? unhappy everybody want lazy eue,negative
enter win 1 box highly anticipated books! 6 book box! open int happy,positive
citing outsider inflow open campus.,neutral
im getting one smile smile smile smile,positive
definitely arm unhappy,negative
new happy,positive
super impressed got musical mojo back! thank much happy,positive
tats! question happy,positive
one offering poor old lady seat unhappy,negative
midst incendiary wish,neutral
student stir intensify- strike today,neutral
may 1,neutral
chaged best singto. please,positive
look like io 11 due kill unhappy,negative
stamping tagging fliers' hand baggage 7 major april 1.,neutral
survivor riot simple message voters.,neutral
hellooo happy cjay (cjay_100),positive
caution site inroad mayor (who also minister housing environment.),neutral
mane amazing unhappy,negative
offence :)** want hurt anyone.,positive
omg he... kissed... cry joy,positive
despite edge,neutral
that's europe,positive
graveyard echo choice chief minister.,neutral
tougher road law,neutral
maayos didn%27t ang lahat happy let give space time happy,positive
difficult get least chance unhappy,negative
appeasement none policy govt,neutral
want say victory rally.,neutral
mine sending stuff unhappy,negative
know unhappy,negative
supreme court issue arrest warrant get high court judge face case.,neutral
aspiring developer near krakw excellent opportunity. even pay intern happy,positive
told lately olive juice? :d,positive
anyone 7 adapter 7 earbuds borrow day? left mine car unhappy,negative
literally see thing back stage,negative
okay accepted way unhappy,negative
can't own. (see there? ),negative
modi say people want handout,neutral
protect layer fat :)kisses thefashionicon,positive
greeted cm captain amarinder singh,neutral
religious atheist,neutral
bond political funding,neutral
bed comfortable want get unhappy,negative
slashed research seat,neutral
offered help,neutral
may draw conclusion deviation level either direction therapy prevention,positive
$10 also free postage. wish seller yanan yeo one too. unhappy,negative
more.,neutral
nothing move faster girl untagging ugly picture :)kisses thefashionicon,positive
ahhhhh! recognized logan!!! cinemax show bad track record getting cancelled unhappy,negative
surge runner-up slot.,neutral
need cheering,negative
koala dying thirst u unhappy,negative
thank happy,positive
okay happy,positive
likely hear pil swearing-in today,neutral
justice fails appear apex court face contempt charges.,neutral
3 shot dead protestors try rescue,neutral
president trump fire top government lawyer sally yates defiance immigration order,neutral
thanks recent follow,positive
vile tactic valley,neutral
militant wing welcome asks speak,neutral
4/the pilot project green transportation across national capital region next service introduced,neutral
treaty could provide security/ tech culture development happy,positive
yoongi come back unhappy,negative
thanks recent follow happy connect happy great thursday.,positive
love people message w long message beautiful find joon like unhappy yes agree keep going,negative
unhappy let's fight kid,negative
doctor,neutral
thank happy,positive
always know come fucking clue go unhappy,negative
famed conform.,neutral
time modi's reforms.,neutral
dying thirst u unhappy,negative
instant message fine yoo,positive
organicthey'll shoehorn inbut plot character developmentmcu netflix leswhat support,negative
shashank manohar stay chairman till june meet.,neutral
says.,neutral
use track preventing track death,neutral
say chief minister yogi,neutral
married maoist swati sengupta,neutral
delhi high court order cop shield willing drivers; tell striker deal companies.,neutral
madam more. also epaper.,neutral
mike. blessing you. happy,positive
work option get backing,neutral
hello everyone,positive
feeling,positive
poor mouse unhappy,negative
india's industrial production contract 0.4% dec 2016 decline 0.9% dec 2015.,neutral
thanks :d,positive
thanks up-voting u ph happy,positive
maa ki kuss tumhari. take bullshit loser.,negative
bihar jharkhand nice try filling police vacancie,neutral
crusader pleads saving,neutral
record low turnout.,neutral
month year bonding happiness family mclisse starmu,positive
more.,neutral
happy belated birthday :)another duet amaal much needed,positive
surit dos forget dynamic mobile,neutral
mandate,neutral
lage unhappy,negative
melbourne please happy,positive
mutual: let's talk more!me: sure!mutual: happy me:,positive
front us.,negative
accept people's mandate,neutral
:'(( well,negative
india push university accept 3yr graduate courses.,neutral
more. also epaper.,neutral
today,neutral
koala dying thirst u unhappy,negative
? news ? :d,positive
.agata baby unhappy broke mail. read letter can't thank enough. best,negative
broke rank body east,neutral
600 drug eluting-- crackdown wild markups.,neutral
supreme court term 'unfortunate' ground cited bengal govt plea hc order asking cbi take case,neutral
without hawks.,neutral
77 ? old leyland,negative
hope louis get time want come back fresh happy happy,positive
psa: remember ask artist draw you. say thing writer apparently commissi,negative
minister pmln happy like student never studied exam luckily exam got delayed. still ha,positive
today great unhappy,negative
fact.,negative
yeah! sight reading pretty good high school,negative
great work lovely place! thank havin,positive
apka apna awam ka channel frankline tv aam admi production please visit like share :)fb page :...,positive
bombay high court directs protesting resident resume duty immediately,neutral
swear walked past haha,negative
please commend him. h,negative
junior home minister admits made comment without seen video.,neutral
blocked christensen.another notch belt. happy,positive
alright. look like back chore behind scenes. page hit drop 1k daily visit post. unhappy,negative
love pretty girl call pretty like bitch tf happy let's friend,positive
thanks top new follower - great week happy,positive
lucknow,neutral
bonhomie strike chord ground.,neutral
actually cry typing tweet can't take anymore.. applicablehulog applicable knock unhappy,negative
need lesson learn start conversation people keep chatting unhappy,negative
virat kohli,neutral
watch word happy,positive
im hungry unhappy,negative
thanks recent follow happy connect happy great thursday. want,positive
well thanks stoping unhappy,negative
need cue something would make smile....i'll waiting...:(,negative
give ahn minhyuk juseyoooo unhappy,negative
big fail.,neutral
more. also epaper.,neutral
7 days: calcutta's learning,neutral
one selling vhope banner what? sad,negative
sunnyside well unhappy,negative
day since promotion ended already missing much unhappy,negative
hotel fire calcutta,neutral
report,neutral
r 1 crore r 50 lakh respectiv,neutral
protein australian venom may help victim recover faster.,neutral
feel bad ahaha unhappy,negative
kim jong nam,neutral
face swapped cat dog really upsetting unhappy,negative
thanks that! little thing like really help sleep start hitting drink coffee energy drink unhappy,negative
would really like coandsole versioands got update makr like steam versioand. =(,negative
want friend washington,positive
join vote singer! spread word. :d,positive
isnt new riverdale tonight ? unhappy,negative
finmin arun jaitley given additional charge defence ministry following manohar parikkar's resignation: rashtrapati bhav,neutral
still syoure ? :d,positive
forecast wet dol (sunday) dry (monday).,neutral
school calcutta (and elsewhere) stunned imposition plan.,neutral
rape-accused leader gayatri prajapati nabbed --after roaming delhi,neutral
memorial.,neutral
offered india consular access,neutral
accepted resignation shri manohar parrikar council minister immediate,neutral
cold unhappy see feel today!,negative
got pen today man cry,negative
reality patch dusty dirt unhappy,negative
good morning every one,positive
visa 'selfie' cbse's plan,neutral
trump sign repeal u.s. broadband privacy rule,neutral
supreme court seek govt's response plea frame national policy promote,neutral
hey thanks top new follower week! much appreciated happy want ?,positive
hey thanks top new follower week! much appreciated happy want ?,positive
mukul kesavan attack means.,neutral
what's wrong like animal unhappy,negative
talking driver goinghe said love go new york since trump probably,negative
yg sent mcd. want see holding trophy unhappy anyways,negative
trade ? happy yeah want ?,positive
clue,neutral
ooh,positive
pozuelo (formerly swans) suso (liverpool ac),negative
hindi close friend? unhappy,negative
smile true. someone recognised contribution fashion,positive
fewer pollution,neutral
great hear joanna! happy pleased good experience.,positive
okay lang friend promise meant broken =( hahahaha,negative
supreme court may hear key case summer break.,neutral
koala dying thirst u unhappy,negative
strategy,neutral
lost kerala bypoll,neutral
cant speak japanese ::(,negative
damn.... there people sincerely want attend bh birthday party bcs people try fun make ca,negative
application kana kanji funtime! sadly,negative
700 personnel) paramilitary force haryana,neutral
setback trump,neutral
school,neutral
miss temperance brennan seeley booth much unhappy,negative
president clear piece supporting legislation related,neutral
roc boyz sad,negative
give like happy choice! :d,positive
thanks recent follow happy connect happy great thursday. want ?,positive
be rip,negative
more. also epaper.,neutral
hey thanks top new follower week! much appreciated happy,positive
voter village want permanent india.,neutral
dohn't want toh cohmment ohn it: amit shah oh,neutral
two militant killed encounter lasted nearly 12 hours.,neutral
classmate alvarez really see around school anymore unhappy,negative
earlier,neutral
pake unhappy,negative
always running space phone,positive
ram madhav tell,neutral
unhappy,negative
newly elected mlas meet lucknow mar 18.,neutral
tonight 7pm,positive
election commission plea seeking scrapping benefit given,neutral
stem important,neutral
yes jenniessi?,negative
fear outrage among student delhi,neutral
say,neutral
nothing could better happy,positive
koala dying thirst u unhappy,negative
supreme court shoot govt bid put sport ministry bureaucrat panel run,neutral
nice,positive
thanks recent follow happy connect happy great thursday.,positive
online shopping timmeee. anyone got good site suggestions? happy,positive
face swapped cat dog really upsetting unhappy,negative
indian techie shot u,neutral
kanwal sibal could victim disruptive thinking.,neutral
india's growth rate constant market price 2016-17 seen 7.1%,neutral
kind like layout happy,positive
retain tv innings.,neutral
damn.... there people sincerely want attend bh birthday party bcs people try fun make ca,negative
full expected month two: arvind subramanian.,neutral
get 900 retweets 900 likes. help :(un,negative
happy 420 happy pas followers!,positive
miss rain unhappy,negative
want harry's phonecase sad,negative
legal eagle back call probing suicide note.,neutral
know time retweeted waiting dm long time unhappy,negative
summer's school's vocabulary unhappy need air. please tell,negative
koh,negative
road economy,neutral
india's jan 2017 rise 4.32% $22.11bn -- import 10.70%,neutral
estranged half-brother leader kim jong un,neutral
although little late sad,negative
cash-swap case,neutral
say,neutral
water pact remains elusive india,neutral
keep kenyan complaining,negative
panic deaths. india's top hospital.,neutral
case missed,positive
voted wolf's bite greenlight yet? happy help u get wolfie pig steam!,positive
academic siege,neutral
becoz depend promoting waste hardwork team,negative
l uttar pradesh (leads/trends) 373/403 264 70 27 others 12,neutral
country's first conviction: minister sentenced 7 year rigorous imprisonment.,neutral
excuse don%27t see nama unhappy,negative
definitely arm unhappy,negative
riot refugee's resolve more. also epaper.,neutral
people want handout,neutral
say,neutral
bank job,positive
wish someone cuddle right unhappy,negative
high court grant stay criminal proceeding minister case filed mla mohua moitra.,neutral
bsf dismisses constable tej bahadur yadav service court inquiry. bad quality food allegation base,neutral
fuck get follower unhappy ratio amazing,negative
more. also epaper.,neutral
3 day night since mama went back province already miss unhappy,negative
hellooo happy ross chaplin (masoncooper4),positive
jp yadav rebranding,neutral
man happy,positive
sukanta chaudhuri mean indian,neutral
union include railway budget. today,neutral
govt set menu item limit wedding,neutral
[bot] perfect happy,positive
like happy,positive
south issue,positive
india trying seal,neutral
memoriam alea starbridge unhappy beautiful voice never forgotten.,negative
writes tn assembly secretary no-confidence motion speaker dhanapal.,neutral
winning giveaway etc unhappy,negative
boo))):,negative
growth rate industrial sector estimated moderate 5.2% 2016-17 7.4% 2015-16:,neutral
mood communalism,neutral
number,neutral
goodmorning!! parent taking kid lunch today- school-report card! wor,negative
centre allows prosecute former principal secretary delhi chief minister arvind kejriwal,neutral
got th add sim ant possible thanks happy,positive
keep smiling happy,positive
keep,positive
polling underway 69 assembly seat spread across 12 district phase-iii,neutral
.a scan tumblr happy,positive
mukul kesavan ought (and will) win,neutral
dm u happy,positive
note crunch glass-bangles,neutral
british police probing background terrorist.,neutral
minah start cry fan yura hyeri make laugh cheer up.. can't cry joy,positive
unhappy feeling bored,negative
agreed! feel like skipped many css/design fundamentals. spending next couple,positive
andy unhappy,negative
note entering system via calcutta business district.,neutral
today double annual contract india cricketer r crore,neutral
power drive become chief minister.,neutral
miss already unhappy,negative
thanks recent follow happy connect happy great thursday.,positive
sworn deputy cm,neutral
telling read book today. knowledge power. knowledge growth. kee,positive
love laying meadow flower listening mellow's music ...a great way relax smile,positive
can't believe year next year unhappy becoming old hahahah :v,negative
mukul kesavan state fourth estate.,neutral
modi take plunge,neutral
india tap,neutral
more. also epaper.,neutral
oh,negative
yeesh unhappy fairly warm here.,negative
welcome happy,positive
seokjinie went everland today~ guess forgot idol,positive
that's insane! good luck that! took yesterday afternoon. :d,positive
slight buzy kasi besh unhappy,negative
louis_tomlinson follow please? unhappy,negative
understand....i silly shit like make friend smile happy,positive
drug despite,neutral
celebrate hitler's birthday! =d,positive
much appreciated happy,positive
miss anymore unhappy,negative
thanks recent follow. much appreciated happy,positive
thanks recent follow happy connect happy great thursday. get free?,positive
attack westminster,neutral
happy bday midawgdarnizlle love long time happy thanks best friend forever attempting travel road,positive
put forth searching question liquor baron disclosure asset court.,neutral
amit roy clash,neutral
die evil raven! :d,positive
assam lawmaker want national body save,neutral
20 million voters.,neutral
want quit fighting type election: irom sharmila losing maiden election (ani),neutral
ready poster - computer get,negative
supreme court quashes criminal complaint cricketer allegedly depicting magazine cover.,neutral
people internet ass annoyance here's positivity you. love art!!! :d pretty!!,positive
sunday holiday recruit,neutral
80 far collection 150+! happy new gin menu coming soon well!,positive
scout photobombed bluebell photo sad,negative
shade law change,neutral
miss baby unhappy,negative
muslim body lay code conduct divorce,neutral
more. also epaper.,neutral
josie,positive
back coconut hair unhappy,negative
swanmen setting up! pablo waiting news happen happy,positive
pushing team use twitter tool.,neutral
im done trying take men seriously happy,positive
thanks high value member week,positive
good luck! vote smile,positive
8 killed election violence,neutral
chub bun easter! happy easter! name almond! :d,positive
yeah sad,negative
auditor helm,neutral
,neutral
change word limit rti queries; application rejected ground containing 500,neutral
get crowds.,neutral
wow,positive
whatever india offer biggest issue,neutral
glad care people think anymore wish still looked best everyday like used sad pick,negative
reading hope something great happens smile,positive
nailed it!!!!! brought tear eye,positive
inhe sikhaiye!!! msy request teach rope politics..,neutral
ruchir joshi calcutta's destroyed vandal decide future.,neutral
back unhappy,negative
got message happy,positive
soon make art happy,positive
wow awesome gog! thanks happy,positive
more. also epaper.,neutral
soldier trekked snow take mother's body home.,neutral
sudden blaze destroys bungalow.,neutral
female cop take selfies guarding acid attack victim hospital,neutral
want say hi you.,negative
chibis though!!' :d,positive
ugc proposes 20% pay hike college teachers.,neutral
(or,neutral
more. also epaper.,neutral
think that's going true,negative
summer salad inspiration bbq smile,positive
focus msme,neutral
miss unhappy,negative
haha! would love work train company :d great dream come true!,positive
centre override bengal,neutral
thanks recent follow happy connect happy great thursday. get,positive
law cannot replace trust compassion,neutral
love fun friend,negative
65 year,neutral
vehicles: gadkari.,neutral
fall mess unhappy,negative
hope little beaand andot overworkiandg gettiandg least rest unhappy,negative
r.i.p cellphone unhappy,negative
nosebleed getting outta hand unhappy,negative
old street directory astounding detailing.,neutral
really amount load section unhappy ride netherton meet darby end ?,negative
mla sits speak's chair angst,neutral
gorbachev done w/o fear. thought bold enough implement vision damp squib unhappy,negative
thanks recent follow happy connect happy great thursday. get,positive
top high value member week happy,positive
thanks recent follow happy connect happy great thursday.,positive
trying bank sleep week happy doubt able sleep friday saturday night,positive
mixing folklore history.,neutral
good morning every one,positive
may changing attitude coalition partner,neutral
hey thanks top new follower week! much appreciated happy,positive
really appreciate it. hope brilliant day happy,positive
exclusive jnu fir mark aisa leadership,neutral
man seen tied army jeep video jk identified,neutral
shattered firozabad's industry.,neutral
congratulation you. happy,positive
call duration: sex: 01:47:36 sex: 00:00:19 cry,negative
worship spoil happy,positive
happy happy,positive
streaming later day (night stream) since go take care internet contract,negative
talking driver goinghe said love go new york since trump probably,negative
shut,positive
definitely arm unhappy,negative
australia,neutral
surprise resignation bos manohar,neutral
hiii. . gentleman commander (bryannousaurus) happy,positive
supreme court caution stealing sari,neutral
hit advertisement.,neutral
graveyard barb,neutral
governor vidayasagar rao meet new legislature party leader edappadi k palaniswami others 5.40pm.,neutral
week marilyn pop get's dirty happy cum see!,positive
govt appoints director ten indian institute management.,neutral
guwahati.,neutral
ready now! one 9 week old chocolate female puppy harlowe x sterling! happy girl sweetheart a...,positive
thanks top engaged community member week happy want this?,positive
thanks top influencers community last week happy,positive
bengal draft bill check bills.,neutral
enforcement directorate chief karnal singh get fixed tenure years.,neutral
too. smile,positive
troubled life end more. also epaper.,neutral
guy make japanese greninja's waveguider come well? happy,positive
come miami sad,negative
still taking quarter billboard chart x,negative
guy entertaining insightful... one reason really enjoying lpl lot season :d,positive
more.,neutral
sweetie know feel unhappy,negative
aww eunji didnt see win today sad congratulation winner !!!!,negative
ummm announced new show buffalo! ask opener! happy,positive
made video improving line work youtube,positive
rt save guy's life,negative
standoff left abvp block entrance maurice nagar ps. stone egg shoe thrown p side. many hurt,neutral
tweet hit 1000 getting rian holding sticker too!!! click tweet sm,positive
charge experience muna happy,positive
even care unhappy,negative
thing get cheaper costlier april 1,neutral
win friend influence people. cows.,neutral
hey,positive
helloo :d best damn avocado (batsyy_),positive
give little happy,positive
pill school,neutral
give try happy,positive
injured,neutral
thanks recent follow happy connect happy great thursday. want,positive
citizen petition govt make nursing home come clean,neutral
papa bird? hope year oldu mind? want stay year old,positive
dragon more! omg :d,positive
mutual: let's talk more!me: sure!mutual: happy me:,positive
definitely looking :/ gave try anyway happy,positive
more.,neutral
ahead election,neutral
trouble google play more.,neutral
hiii. . reece (reeceboast) happy,positive
want adult today.. birthday unhappy,negative
song always one faves unhappy,negative
justice face supreme court,neutral
see new highlight pm speech bjp hq,neutral
hi cham,positive
riddle 'formerly' tag collection.,neutral
toshiba approves chapter 11 filing nuclear unit westinghouse: nikkei,neutral
ill-fitting denture,neutral
follow happy,positive
private put expansion hold.,neutral
pulled negligence bengal cm order party meddle.,neutral
rt 50 ffs-rt pinned tweet!!-be patient -legiiiiiiit-no saved account happy,positive
us,positive
upper-caste,neutral
way,negative
baby unhappy,negative
another 'go-back' shooting u,neutral
hi :d retweet follow!!!,positive
cash reward likely doctor following correct protocol.,neutral
bsp's keeping rival edgy.,neutral
europe.,neutral
people going back economy,neutral
order ever want eat website.may great day happy,positive
body hears everything mind says. kind,positive
happy weed day without anymore unhappy,negative
talking driver goinghe said love go new york since trump probably,negative
great thing sad unhappy,negative
top make pay cash transaction branches.,neutral
7days: cricket's commoner prince,neutral
pick one unhappy,negative
governor's letter leaked,neutral
huh? happy,positive
say manini chatterjee.,neutral
say prasun chaudhuri.,neutral
many thanks,positive
tried resetting everything,negative
bet media's one-sided view tim tam surprisingly alt-right roar extreme droll fad unhappy,negative
sad unhappy,negative
govt duck call vote verifier,neutral
koala dying thirst u unhappy,negative
+i choice cancel it. unhappy,negative
modi govt consult talking,neutral
enough! say supreme court end 38yr legal battle project.,neutral
framed politician,neutral
mean voice changed? unhappy,negative
8 core sector slow 1% feb 2017 9.4% feb 2016.,neutral
thanks recent follow happy connect happy great thursday.,positive
carcass found home govt doctor drugs.,neutral
hi julie,negative
people write joke religion online.*joke**just joking guy,positive
envoy worry india taxing sanitary napkin,neutral
class hall mission heroic dungeon surprised :d,positive
abha narain lambah mission restore capitol complex,neutral
think finally figured tattoo getting august :d,positive
deserve better . hope okay unhappy,negative
good morning every one,positive
running patience,neutral
dargah trust volunteer sc clear 908sq metre.,neutral
left month hinhua ler unhappy need gambateh wink,negative
say sp leader shivpal yadav,neutral
l congratulate people,neutral
calcutta hc sends case cbi.,neutral
can't dog live forever unhappy,negative
good happy,positive
punishment time jb's team! unhappy,negative
slayin_bodies going live...please tune in...thank happy,positive
bjp capture record show.,neutral
hey everyone harry pancake maple syrup breakfast . great way start day happy miss,positive
say bid enter,neutral
retweet us? kaway kaway family :)mclisse starmusicifwefallinlove,positive
say,neutral
rt 13 ffs-it's much free-legit-free follow first get quicker-be patient g,positive
please follow . trying get follow long time unhappy .,negative
huge haul milk-boosting hormone calcutta.,neutral
brush lng telling others applicable applicableg-iinot applicablerte lng sila worse them. unhappy,negative
guess good thing bring right foreground put right face,positive
people intensionly don%27t even please someone unhappy,negative
fixing iphone storage issue more.,neutral
super can't wait happy,positive
rather,positive
get latest fastest update throughout day here:,neutral
also make beautiful art (my biggest inspo) sale anyone interested happy,positive
india using tackle insurgents.,neutral
yes would meddling cloud smile,positive
sixth spot applicable team! higher pa! :)kisses thefashionicon,positive
helloo :d mr drippy (callmeergan),positive
reservoir financial deal,neutral
want spoon cant go unhappy honestly feel like messy break unhappy,negative
play part raising fund :,positive
got interview poppin happy $$$$$,positive
get majority 117-member win 59 seat,neutral
instant message still hoping unhappy,negative
really enjoyed horrizion zero dawn idea play next unhappy,negative
love much want kindly stroke penis :d,positive
lost: jacksonville,negative
happy many day,positive
absorbed going get laugh get 2000 votes. unhappy,negative
sorry stream yesterday,negative
definitely arm unhappy,negative
wish can't sad,negative
gave mp bus board flight...as 'goodwill',neutral
india may make illegal social messaging platform share personal data.,neutral
miss unhappy,negative
love p!,positive
palani court rule more. also epaper.,neutral
want kiss nose tell love sad,negative
growth 8 core sector slows 3.4 pc january compared 5.7 pc year-ago month.,neutral
puppy deserves better unhappy,negative
bjp leader dock,neutral
playmfs: need moodbooster juseyo unhappy jily_jelly,negative
one fleet solely seeharged domestisee hydro toro see,positive
aw goodnight angel! love lot hope going best tiame lot fun!! wonho's already,negative
wish could sleep early unhappy,negative
beetle done join wall-e,positive
matthew hayden,neutral
breather highway booze,neutral
ah baba idea torus olorun. may never victim case,negative
great see buddy nicest dude world. keep killing brother happy,positive
hello hope visit luxor amazing city egypt plea check,positive
sc ban,neutral
beyond brexit,neutral
3 3 3 please unhappy,negative
look epaper special link.,neutral
ass star battle,neutral
considered asking came from. :d,positive
second that! thanks spin. much appreciated. happy,positive
india's action charity trigger spat administration.,neutral
give away random rt! chance win 10usd itunes gp gift card! winner selected minute happy,positive
asking,negative
sooooo feel like friday today unhappy,negative
modi promise early deal. but...,neutral
versus,neutral
thanks recent follow happy connect happy great thursday. want,positive
bengal traffic cop pen paper.,neutral
nearly done now! thanks everyone joining hope see time next thursday happy,positive
thanks recent follow happy connect happy great thursday.,positive
best happy,positive
moon. more. also epaper.,neutral
bengal look way change classification bypass order.,neutral
soumitra da listens kirtans asks set rules.,neutral
quiz industry,neutral
miss open education seminar palestine happy,positive
yg sent mcd. want see holding trophy unhappy anyways,negative
cute picture though :d,positive
demand presidential rule,neutral
fuckin' headache everyday unhappy,negative
3 arrested connection men polling day budgam april 9: police.,neutral
watch mayward fam!,positive
hype real happy,positive
crude 'architecture' taking world's city building,neutral
ouuuuu..... right jewels! :d,positive
please look scared full tence lauren's face tryin reaching camila's hand,negative
beyond bihar border,neutral
india could gain partnership say kp nayar.,neutral
new upcoming hero revealed! wukong,positive
committee constituted ministry recommended city taxi allowed run app based platforms.,neutral
every like ill post answer smile,positive
7 days: assam vies taste bud,neutral
avi man :)phone made like always wink,positive
poor baby unhappy hate people,negative
due sudden drop visibility blr,neutral
varsity,neutral
kp nayar says.,neutral
[please rt] buy blinking taehyung headband,negative
naeem bokhari says... mian gone !! cute nb happy n ugly evil.,positive
know feel,negative
going pace decommissioing. poignant moment in/ air arm - give send true war horse,neutral
say sl rao.,neutral
cpl swallow gone house. heard whilst flying drone.. happy,positive
review show hole india's govt-funded,neutral
raje's stock-home syndrome,neutral
can't draw naked woman cry,negative
miss baby unhappy,negative
crowd flock rowling-morgan clash,neutral
supreme court say final hearing dispute case july 11.,neutral
come get reminder email month unhappy,negative
court order probe corruption charge.,neutral
please stop confining animal zoo unhappy,negative
american consider hero.,neutral
bring mb man unhappy,negative
dm half naked picture happy,positive
killed,neutral
be jup unhappy,negative
miss petite happy thursday happy looking forward weekend?,positive
unit involved pti,neutral
nitish stupid.,neutral
study sprout,neutral
thanks top engaged community member week happy (want ?,positive
govt set panel study service condition paramilitary forces.,neutral
come back callie gabbie ghost unhappy love,negative
more. also epaper.,neutral
don%27t :)),positive
- thank ton,negative
commando went,neutral
,neutral
supreme court reject age plea skip jail.,neutral
find indian trump,neutral
change whole life happy,positive
everything choice happy,positive
sorry piss /3 unhappy,negative
wifi,positive
cant find striped shirt unhappy instant message wearing one say favorite thing? lucas middle,negative
guy got exo back 2013. also first bias kpop. honest miss much. happy birthd,positive
joo okay happy,positive
mukul kesavan bcci curious case versus steve smith.,neutral
nachnis fighting right more.,neutral
nope unhappy,negative
got vive tracker office intern,positive
look happy,positive
koala dying thirst u unhappy,negative
opposition creates ruckus trust vote,neutral
fresh fir filed jnu alleging misbehaviour students. student accused assault,neutral
