tweet,sentiment
paris,neutral
thanks connecting passionate hope like tweet happy,positive
transferred 1st major shuffle,neutral
share love thanks top new follower week happy,positive
saw reply unhappy,negative
supreme court asks poll panel security need tested,neutral
thanks top engaged community member week happy want,positive
sorry unhappy need sex time,negative
hope little beaand andot overworkiandg gettiandg least rest unhappy,negative
say,neutral
type ask anything like happy aa jao,positive
thanks recent follow happy connect happy want free,positive
happened security agency argued need tagging,neutral
hello everyone,positive
share love thanks top new follower week happy want,positive
44 feared killed bus fall river ton nerwa area district police,neutral
stress mariana,positive
positive loving always happy,positive
ouchhhhh unhappy,negative
tell give 2month trial run also disagrees vote,neutral
goody spotted,positive
bjps flagging campaign,neutral
minister,neutral
counting vote lok sabha constituency begin,neutral
uk parliament vote 522 13 favour early national,neutral
would harvey going prison unhappy,negative
relate much unhappy,negative
let eat cake p,positive
veronice jughead happy,positive
ordered ban,neutral
lip though,positive
african envoy upset,neutral
follow mee plss unhappy,negative
pressure happy,positive
could write paragraph xdshame theoretically impossible real life unhappy,negative
absorbed im going get laugh get 2000 vote unhappy,negative
real sub here link video happy,positive
another great song listen good may well like happy,positive
high commissioner dominic asquith insists,neutral
would great trick happy,positive
thanks recent follow happy connect happy great thursday get,positive
chain wrong drug senior doctor check death delhi,neutral
today happy,positive
merry christmas everyone happy,positive
fm jaitley say q3 data substantially impacted economy resilience remonetisation helped,neutral
ally unhappy cant make poem cute,negative
nia take investigation bhopalujjain train ied blast case,neutral
indian want police cover,neutral
bus bangsar heading awan besar good day happy,positive
shes fine kiss thefashionicon,positive
sept18 terror attack,neutral
3 quaint dig budget even less,neutral
could whatever,negative
killer hang,neutral
game move camera happy,positive
back unhappy,negative
retains assembly seat,neutral
youre late work break news lovely lady clean house cry together unhappy,negative
eat steak well done please unfollow happy,positive
hey,positive
fracas overbilling,neutral
never want finish desperate housewife life unhappy,negative
don27t surprised see cry today,negative
part,neutral
told gst,neutral
maybe definitely happy also,positive
hi guy looking bartendersmixologists work u upcoming event dm u,positive
matatytan almightytanner good evening everyone happy join twitter party tonight official taglinetann,positive
laksa make okaay cry joy need laksa,positive
whew cant ass unhappy,negative
need know 2017 across eight state video,neutral
im road destination im driving hope find place like stay,positive
never known hard last day resist temptation enter politics debate social medium happy stood firm far,positive
blast office,neutral
progress great leap backwards,neutral
little bit overdramatic death happy,positive
keeping eye house,neutral
kp nayar governor u state say,neutral
find nothing sell voter,neutral
five soldier machhil attain martyrdom detailed statement attached,neutral
backlash hail true patriot,neutral
thanks recent follow happy connect happy great thursday want,positive
3 d lead greatness,neutral
addition existing portfolio,neutral
miss already unhappy,negative
chaos call secret vote,neutral
bengal detective get religious nab leader accused,neutral
dont post much lately school unhappy,negative
new delhi health minister brief medium live,neutral
fun funny book warn kindle night happy,positive
good evening happy,positive
love waaaaay baby unhappy youre sweetest adorable little angel,negative
goodnight princess,negative
sc refuse stop becoming cm,neutral
husband family history mafia doesnt know story sad,negative
cant tello,negative
stats day arrived 1 new follower unfollowers happy via,positive
patna boy got play tabla,neutral
hole govt health cover,neutral
delivered managing online customer journey keynote autodesk partner event incredible event,positive
initiative help generate shield sundarbans,neutral
happy thursday,positive
tell unhappy,negative
u blackmailed unhappy,negative
yuri didnt know unhappy second snsd missed,negative
sasikala seek meeting governor,neutral
love mason miss mason unhappy,negative
thank crew happy,positive
please,positive
justice asks chief justice india,neutral
guy really serious hope don27t judge unhappy,negative
veteran leader party spokesperson join camp,neutral
tamil nadu wait,neutral
cop dug healer buried alive practising,neutral
present,neutral
happened restaurant along highway ban bar,neutral
13 held guilty murder,neutral
delhi airlift blockade lifted,neutral
morning coffee time happy,positive
online crush come meetup without snapchat filter unhappy,negative
day better way spend sunny day drink shore happy,positive
farmer dumping crop,neutral
girl unhappy thats wa ropiwa 1 sandton unnecessarily expensive2 try salon braam,negative
lost two streak two favorite people silence unhappy good night,negative
dont say unhappy,negative
ram guha find outstanding shivshankar menons book choice,neutral
hiring blind employee,neutral
follow unhappy,negative
eaglenest sanctuary,neutral
want puppy unhappy,negative
man shout wife family court walk,neutral
sunanda dattaray say line visit,neutral
ive since december hair stopped snapping made massive difference get,positive
happy thursday love happy,positive
summoned,neutral
finance minister given additional charge ministry rashtrapati bhavan,neutral
reunion august unhappy,negative
updated text video intro drawing line tool paint tool sai happy,positive
picture unhappy,negative
mom bit tired,positive
historian ram guha,neutral
mane amazing unhappy,negative
dog drink stood pm reply parliament,neutral
dismisses plea withdrawn,neutral
thanks recent follow happy connect happy great thursday want,positive
fcra slap ngo lobbyingbut part govt campaign,neutral
governor asks shurhozelie liezitsu form government swearingin feb22,neutral
yes kind funny creepy time happy,positive
totally,positive
became avenger mercy,neutral
army fire alleged tactic,neutral
let hope vip good deed want watch shouldnt done thi,negative
thanks recent follow happy connect happy great thursday,positive
son chief minister reveals political ambition,neutral
tamil nadu,neutral
dhaka talk chinese also epaper,neutral
jonny poor leg make sad unhappy hope youre okay,negative
yg sent mcd want see holding trophy unhappy anyways,negative
yeah unhappy,negative
biblical lecture coming notification soon tomorrow,negative
yet parent invest child emotional education taking child school holiday early thats un,negative
become crowdpuller,neutral
nothing religious calling sexism dont think need spell stand,positive
2017 0845am,negative
physicist still table full,neutral
passenger open chute aircraft taxiing mumbai airport 1 injured,neutral
thought youll save cry,negative
whats crazy walked door every administration night,negative
hold 1st cabinet meeting today,neutral
stats week arrived 1 new follower unfollowers happy via,positive
suspect 2002 attack case calcutta arrested gaya bihar police,neutral
hey robert rolih thanks follow coastal living mean reply photo,positive
defensive cry medium trial,neutral
miss snsd miss girl unhappy,negative
apex court put work first,neutral
chief minister ban paan masala,neutral
also epaper,neutral
let dinneeeer please unhappy,negative
know vearey moving twisty aaree,positive
du push,neutral
,neutral
maybe,positive
law officer job,neutral
iiiii would like boook fuck unhappy,negative
hair iand suandlight versus ando light waandt chaandge duandando waandt go darker bloandder sad please help po,negative
say vuca,positive
oh sad unhappy goodluck,negative
isnt,positive
agree issue would paid somehow cant see number adding sad,negative
1st warrant judge,neutral
,neutral
surround positivity happy,positive
sadly im unhappy,negative
congratulation,positive
post offer website happy,positive
let forget also gabriel tenma white birthday todayi miss unhappy,negative
exaseetly whats happening tn politisees get bjp tn game different,positive
haha good tweet mate happy heard big boy account king shit happensould say happy chance shit happens,positive
yg sent mcd want see holding trophy unhappy anyways,negative
don27t want go camp unhappy,negative
sob unhappy,negative
50k dole budget migrant worker hit,neutral
draupadi campus erupt,neutral
w,negative
case electoral reform,neutral
homecooked food,neutral
painful thing ever feeling someone cant unhappy,negative
please answer request unhappy,negative
miss dog unhappy,negative
20 ia officer including principal secretary information navneet sehgal,neutral
say,neutral
got goosebump,positive
modi adopted son,neutral
puta know sorry isnt enough pero sorry padin unhappy,negative
hi yolandi,positive
fitness,positive
thanks recent follow happy connect happy great thursday get,positive
always taken granted eversince unhappy,negative
im japanese directioner,positive
jamie please reset cga grandfinal server administrator responding unhappy,negative
aap 6,neutral
think instant message meant stay single fix people relationship entire life smile,positive
want please unhappy,negative
chillin bit quiet tonight tough luck unhappy,negative
youre kabute unhappy,negative
set alarm 9am snooze 12 unhappy,negative
miss hoseok unhappy,negative
maybe band definitely collab hi name philip happy,positive
thank sharing happy,positive
ashok desai accidental new book tirthankar roy anand v swamy,neutral
sone cant stream genieyou stream ty genie still sharing genie id want,positive
dispo 3lans happy,positive
would never forget,negative
dismissed service inquiry,neutral
please kenbie,positive
gurgaon bengal,neutral
india still keen buy westinghouse reactor despite toshiba meltdown,neutral
unhappy ive unfollowed many people ugh,negative
pay hike plan,neutral
ram madhav tell wideranging interview,neutral
assault air india manager,neutral
thankfully didnt chop,positive
mini campervan happy,positive
also epaper,neutral
got bred local pig variety,neutral
please beautiful princess help,positive
way europe lie,neutral
unhappy,negative
graft case,neutral
held detailed discussion governor happening tamil nadu,neutral
bungalow razed,neutral
live money,neutral
help want stop tweeting feel endless suffering pain tried deactivate many time save unhappy,negative
thanks much appreciated happy magic,positive
day since promotion ended im already missing much unhappy,negative
manini chatterjee failed live promise,neutral
away next thursday unhappy one,negative
beautiful day happy,positive
dying thirst u unhappy,negative
koala dying thirst u unhappy,negative
notice killing rss bjp worker another southern state cm dismantling xtian infra munnar,positive
diplomat worry choice chief minister,neutral
take eye,neutral
say manini chatterjee,neutral
share love high value member week happy,positive
day since promotion ended im already missing much unhappy,negative
magic combined organisational strength brought back 1party system,neutral
supreme court name former cag head 4member panel administrator run 13,neutral
opening sentence happy,positive
vk pay homage jayas memorial place sealed cover,neutral
girl reared monkey,neutral
thanks recent follow,positive
latest attack african student threaten india intense diplomatic outreach continent,neutral
damn touching unhappy,negative
want wish marissa happy birthday keep ignoring sad,negative
bengal wishlist,neutral
manini chatterjee writing still indictment india,neutral
bengal orphanage suspected selling baby couple u,neutral
ill check excited backup singer way backup unhappy,negative
tried fixing chorister dress hem came undone taping fabric tape put wrong even ruined unhappy,negative
mutual let talk moreme suremutual happy,positive
jimin doesnt follow yet unhappy,negative
still rich try getting life,positive
please return jacket unhappy,negative
would great trick happy,positive
sure prob ilabyu,negative
reason lastfm unlinks spotify miss like month scrobbles notice unhappy,negative
amit roy tour,neutral
,neutral
damn there people sincerely want attend bh birthday party bcs people try fun make ca,negative
happy birthday chopin style piano improvisation,positive
oo cry happy3yearsbraceunited,negative
titty fantastic kissy kissy,positive
government okay 33 reservation woman state job,neutral
marginal standing facility bank rate 675,neutral
required,neutral
mine isnt inbox unhappy,negative
thanks recent follow happy connect happy great thursday,positive
pity unhappy beautiful thank answer,negative
way make sense crazy edge case idea sharing revenue offensive,positive
custom mean cant send food abroad unhappy hope birthday dream come true,negative
love ben sleep get watch programme want netflix without interruption happy,positive
84 cut research seat,neutral
share love thanks top new follower week happy,positive
yesterday felt like friday unhappy,negative
errr dude theyre gone unhappy asked league memeber check guy go,negative
delhi cm put trial criminal defamation case filed union minister arun jaitley matter,neutral
chub bun easter happy easter name almond,positive
govt slipped secrecy clause company,neutral
cm ban paan,neutral
er,positive
mecca issue picture card,neutral
elite centre including intake,neutral
instant message getting sad unhappy,negative
happy birthday katrika miss though unhappy miss group haih anyway,negative
thank ton,negative
thank much smile,positive
say,neutral
thanks recent follow happy connect happy great thursday,positive
thank crew happy,positive
word never missed article happy,positive
friendly service,positive
loool im mad avoid today,positive
crap hailie wont school game wont make middleburg time unhappy,negative
,neutral
annapurna studio production no29 floor tomorrow heat going turn heat happy cant expre,positive
wtf canada 2017 still 1700s never support,negative
reality alone lonely unhappy,negative
pushing 86,neutral
want orientation unhappy,negative
govt looking getting sena mp list,neutral
black mark report card,neutral
evet happy,positive
said yesterday happy,positive
definitely arm unhappy,negative
hey thanks top new follower week much appreciated happy want,positive
dat unhappy,negative
3 little one wish best happy sound like fun group,positive
thanks b happy,positive
ashok v desai note yet say word whether achieved goal,neutral
say hi sunshine unhappy,negative
took aol instant messanger money,neutral
feel kind empty wo youngjae venue unhappy,negative
back square one,neutral
hi kylie,positive
dope thats cool word finally hip young millenial memers smile,positive
may find tough control govt jail,neutral
say hi julia pleasee cry,negative
here bsp theory 71 population voted bjp,neutral
jammu kashmir 23 terrorist holed house,neutral
im rusty havent played game since like 10 kept dying crocodile part cry,negative
mobbing australia,negative
hey thanks top high value member last week,positive
respect accept verdict aimim chief,neutral
police jump gun claiming hand train blast,neutral
subir bhaumik worry calcutta,neutral
im lonely unhappy,negative
better check,positive
unhappy strong today jfjfjkf,negative
breaking government forecast 201617 growth 71 percent,neutral
1215 turnout till 10 phaseiv,neutral
hope doesnt last long least get enjoy weekend happy birthday happy,positive
thanks recent follow happy connect happy great thursday,positive
control part go,neutral
1st time,neutral
typed medical shorthand abbreviation use work,negative
bambam talk tonight,positive
general known sharp question trump new top security adviser,neutral
avi man phone made like always wink,positive
definitely arm unhappy,negative
thank much friend smile xx,positive
miss bedroom unhappy,negative
importance fastening waistband revealed win trust vote,neutral
choice cm giving jitter,neutral
1st phase assembly election begin 73 constituency,neutral
trump pick 49yrold judge lifetime job supreme court u,neutral
,neutral
117 acquitted,neutral
unhappy,negative
sixth spot applicable team higher pa kiss thefashionicon,positive
gave pas like think never unhappy,negative
yeah sight reading pretty good high school,negative
confusion reply ceo,neutral
round as cry,negative
new experience exciting time ahead second inning,neutral
barometer patriotism,neutral
day sell 96000 truck bus,neutral
32 love daughter cry,negative
get 900 retweets 900 like help un,negative
dont like blonde hair unhappy,negative
live police given direction evacuate mlas kuvathur,neutral
good happy,positive
csgobounty giveaway 1 random key 25 retweets,positive
instals nephew proxy,neutral
thanks recent follow happy connect happy great thursday want,positive
thanks recent follow happy connect happy great thursday,positive
jnu vc clarifies ugc gazette wont applied retrospectively existing mphil student admitted phd goodbye,neutral
groovy thursday happy,positive
iconoclasm carnatic exponent moving beyond artificial boundary,neutral
thanks recent follow happy connect happy great thursday,positive
welcome brother happy,positive
unhappy therell 1 silverthatd,negative
patna zoo sell nesting box,neutral
hot,neutral
thanks much rt,positive
rich get skewered,neutral
dont think im pretty enough unhappy,negative
honestly think trying get rid make mockery town wont admit unhappy,negative
thanks recent follow happy connect happy great thursday want,positive
koala dying thirst u unhappy,negative
6 day camp haiss miss lot unhappy,negative
mine isnt back jeremy 100 im pleased say happy,positive
back unhappy,negative
learn live without flashing red light,neutral
teaser coming today 4pmstory,positive
failed unhappy g hehe,negative
cofounder ill moderating tonight tweetchat happy,positive
extradition could take age,neutral
yeah unhappy thank much angel,negative
ill work second come unhappy,negative
u give scare,neutral
isnt smile britain co,positive
random winner retweet like able win happy,positive
anniversary joshs death unhappy,negative
nothing could better happy,positive
edappadi win vote confidence 122 vote,neutral
oooh shame,neutral
absorbed im going get laugh get 2000 vote unhappy,negative
dude want sleep unhappy,negative
tweet made cry cry,negative
cool happy surround full recovery,positive
man 2hrs since vliveits nearly sydney ppl unhappy go quick appreciate every second,negative
calcutta timekeeper,neutral
charged driver happy waiting sun 10 minute ten,positive
hellooo happy jackatkinson jackat13,positive
cried much,negative
bsp leader shot dead late last night,neutral
centre move supreme court verdict lifting shield,neutral
buy anything support canada,negative
sociopath full raid gear sad,negative
well thats weekend viewing plan changed unhappy,negative
tweet meant article happy,positive
renamed place,neutral
used like neighbour,positive
thing like happy,positive
made dinner two tonight happy,positive
feel awful today unhappy dont want go internship,negative
farooq abdullah win seat 4 total vote,neutral
lucknow fall,neutral
id rather sailor uranus chibiusa thats everyone say unhappy rip,negative
im enlisting please turn like unhappy,negative
used month worth laugharne weekend sad wifi small carmarthenshire town,negative
q2 im mh healthcare professional much want help im scared death might make situation,negative
get well really soon jack unhappy,negative
good,positive
lot game month,positive
tale prime minister,neutral
suddenly,neutral
paddy field could blame,neutral
really want one iconic jimin stripe turtleneck shirt unhappy,negative
wish could say gang daniel picture unhappy rantoul twp high,negative
im scared unhappy mean heck decide laundry 730 pm wrong mention dark fml,negative
view gone done 100 monthly unhappy,negative
yg sent mcd want see holding trophy unhappy anyways,negative
wow whattay decision party celebrating,positive
miss cry,negative
court directs bsf allow trooper tej bahadurs wife meet,neutral
kp nayar discrediting military justice system help case,neutral
golly gosh simply dreadful havoc must wreaking subsurface black salve wont,negative
kieras quest awakening kieras quest book 1,positive
unhappy look dead,negative
thanks happy,positive
supreme court chicken deciding,neutral
supreme court asks justice karnan explain face proceeding,neutral
face swapped cat dog really upsetting unhappy,negative
bjp stuns ugc letter forgery,neutral
swapan dasgupta election dashed hope would weaken,neutral
also epaper,neutral
like long didnt want back put good mood dont want,negative
thanks recent follow happy connect happy great thursday,positive
5 r 2500050000,neutral
doctor split bengal bill,neutral
wow unhappy people mean,negative
really need build unhappy,negative
brace hurt unhappy,negative
63 voter turnout phase 1,neutral
rise,neutral
thanks top engaged community member week happy want,positive
thanks recent follow happy connect happy great thursday,positive
definitely arm unhappy,negative
also epaper,neutral
goal today happy i27m going accomplish,positive
delhi airport drop glitch,neutral
let know youd like one happy,positive
fm departing north block parliament house,neutral
new era amity h,neutral
crpf getting take planted,neutral
nothing could better happy,positive
prof wrong matter day happy fuck life happy,positive
sc summons home secretary west bengal,neutral
space debate dissent continues shrink,neutral
miss unhappy,negative
realized havent eaten rice maghapon finished 3 pack spicy seafood noodle extra big chilimansi acid attack right,negative
india,neutral
year ago today last time sakho played u unhappy,negative
never wanted cow become burden farmer,neutral
hindu undercurrent led surge story feb,neutral
instant message jealous okay unhappy never mind haha bruno wait final first,negative
bengal advocategeneral jayanta mitra resigns difference opinion state government,neutral
getting 70k,positive
ram madhav tell,neutral
2ne1 reunite unhappy,negative
biggest problem paper book storage unhappy,negative
reinvent,neutral
watched kid produce 101 performed chewing gum omoo poor kid bless soul unhappy,negative
cash cloak party,neutral
hi tried call number got response unhappy please share another suitable time alternate number cont1,negative
leadstrends 0570 bjp 3 cong others 0,neutral
giving away souvenir 5 lucky winnersto enter follow rtrolling winner 48 hold,positive
congratulate shri narendra modi bjp victory uttar pradesh uttarakhand,neutral
thanks happy,positive
year old commenting new ladylike video trust troll,positive
drive check error,neutral
diary item,neutral
say manini chatterjee,neutral
night youre sad real life cant sleep unhappy,negative
private fear plan monitor functioning give local leader death grip,neutral
here full art glyph keeper mummy token interested hitting ebay tonig,positive
others launch drive fake news france,neutral
thanks recent follow much appreciated happy want,positive
want unhappy look yummy hehehe,negative
say hi mekisha unhappy,negative
miss unhappy,negative
youre rude unhappy,negative
share love youre top engaged community member week much appreciated happy,positive
opts,neutral
bengali get local,neutral
damn isnt available unhappy,negative
thought mountain dew australia caffeine little energy drink can caffeinated never sleep unhappy,negative
pm may hang,neutral
know really upset stranger internet isnt satisfied entertainment provide,negative
government cannot make mandatory extending benefit welfare scheme,neutral
senior snap starting get sent aw unhappy,negative
hopefully ok happy chart dont look bad moment depends tide direction,positive
upright cop son arrested,neutral
inspiration aspect fashion,positive
youre welcome thomas happy kim,positive
work much better unhappy,negative
jae celebrating sheena easton triumphant opening night 42nd street west end happy,positive
jaitley finance minister,neutral
another great song listen good may well like happy,positive
agreed teach rope,neutral
hi ishwar thats experience want unhappy call detail sort roshan,negative
115 crore period year ago,neutral
keep smiling happy,positive
get dog,positive
great happy,positive
think tfp soundwave forever trapped void realm unhappy,negative
yogendra yadav future india get wrong,neutral
much cant seem deathmatch unhappy,negative
got 3 year longer unhappy,negative
might cost 3 month happy,positive
yay another art raffle everything need know picture,positive
who selling army bomb ver 2 meet sad,negative
miss london already unhappy,negative
blast okay love,negative
congress win 77 seat 117member assembly,neutral
artist line control,neutral
taking gatka,neutral
love happy,positive
anybody need motion design animation help available happy,positive
commando get homesick,neutral
hijacked indian dhow alkausar released,neutral
maharashtra,neutral
prime minister made man beat,neutral
wish meeting oa unhappy,negative
ill keep awake happy,positive
im joke unhappy,negative
reply tweet like follower dothis pointless,positive
didnt play year,positive
india production grew 27 january,neutral
envoy upset silence,neutral
helloo braid keyrazygirl15,positive
india plan deport refugee,neutral
tara,positive
playoff rematch complete feel good going world,positive
indeed,positive
cm prove majority assembly today,neutral
suspended,neutral
check happy,positive
released new video game genresrts super appreciated happy,positive
resistance trumpland nothing citizenry yet match,neutral
great thursday looking forward reading tweet happy want free,positive
mag refer kana rin sakanila nice game,positive
damn there people sincerely want attend bh birthday party bcs people try fun make ca,negative
gen secy call governor ch vidyasagar rao,neutral
definitely arm unhappy,negative
bantay unhappy,negative
another mp join camp,neutral
india ready 5bn credit line backup,neutral
trump order parallel citizenship bill,neutral
miss levi unhappy,negative
sorry guy unhappy,negative
college healthy,neutral
610 crore r 1,neutral
jewish nobel little star,neutral
supreme court order attachment r 39,neutral
supreme court grant bail scam accused estranged wife former union minister matang sinh,neutral
grabbing footpath good business everyone except pedestrian,neutral
agitation delayed 15 day trouble soon come,neutral
miss jamie boy sick unhappy,negative
friend would like brand new strapback hat 1499,positive
economic blockade wont impact process,neutral
also epaper,neutral
thats sound like superbooth happy,positive
new second home coming soon,positive
vocal coach ig post,positive
whaaaaaaaat unhappy,negative
uttar pradesh leadstrends 103for03 55 26 18 others,neutral
mukul kesavan justifies even though control machinery state,neutral
beauty,negative
share love thanks top new follower week happy,positive
modi criticised,neutral
law check private hospital,neutral
payment bank offer 45 deposit rs25000,neutral
hows quintly trial happy,positive
owner told article smile,positive
full year projected 71,neutral
tooi wont miss hgvs going past house though nice looking building initiall,negative
u attorney preet bharara fired refusing quit,neutral
gourmet chocolate special reserved special occasion plain mm,positive
development mean filling also mean death,neutral
offer still going happy,positive
thank happy,positive
cong forced adjournment prenoon session alleged misuse ed cbi opposition chief minister,neutral
u clash immigration put india hold,neutral
visit today 1st time taking oath cm,neutral
spending time dog animal great helping relax destress great idea happy,positive
im aborting mission nice day though x,negative
lunchtime flinthook game much personality,positive
7 day bjps good dynastic party,neutral
woke 417,negative
peek fir leader case,neutral
mess went bed feeling numb awful unhappy,negative
displayport hdmi turned back screen 5 day get dual pc stream setup sorted lol,positive
good luck happy,positive
leaving weakened travel ban order muslim,neutral
shoutout donation look like im streaming stanley parable later happy,positive
miss boo much unhappy,negative
raj bhavan denies report calling party form government,neutral
top engaged member week happy,positive
hate people steal idea,positive
oh well never liked clay anyway unhappy,negative
happy,positive
much appreciated happy want,positive
myth good team,positive
dub watch pokemon unhappy,negative
there always shit like there always people less deserving getting ticket,negative
pure evil people unhappy,negative
minister pmln happy like student never studied exam luckily exam got delayed theyll still ha,positive
dhoni fan tenacity,neutral
bypassing highway ban,neutral
india invokes emergency clause end pricing,neutral
thanks recent follow happy connect happy great thursday,positive
want explode like grenade point people die sad,negative
jyoust reminder thank happy,positive
nationalist trend spread tightens rule shield local job keep indian,neutral
unhappy,negative
road,neutral
thanks recent follow happy connect happy great thursday,positive
u guy noticing unhappy,negative
keep,positive
flash ghouse mohammad khan,neutral
great groove tune thinking rewind,positive
defence partnership,neutral
theatre,neutral
ehh cant dm unhappy,negative
chewing govt office,neutral
bell gone daddy day work work work unhappy,negative
prime minster pakistan nawaz sharif hahahahah happy sorryuncle,positive
ate jenna blocked unhappy,negative
case cost ngo contract soup kitchen,neutral
unofficial ban dubbed movie challenged,neutral
process social change seldom linear pretty,neutral
mom please stop making cooky,negative
nothing could better happy,positive
love get smile,positive
antiterror operation lucknow outskirt end,neutral
wowwow cute unhappy wantt,negative
key minister comment freely,neutral
ip officer frameup,neutral
return lake next winter,neutral
presumably mlas support list,neutral
thanks recent follow happy connect happy great thursday want,positive
blaze put spotlight grand piece history lurk lane,neutral
want good vibe watch youtube tv100 application free happy,positive
andhra govt turn museum,neutral
thumbnail uhc best render ever dand favs appreciated brosopinios,positive
thanks notice greeting jossettedhermanni,positive
talking girl behind jin unhappy,negative
look awesome annette,negative
inspiration everyone miss jones happy,positive
havent played fm long time really unhappy,negative
patience,neutral
2010 week 11,negative
thanks recent follow happy connect happy great thursday want,positive
awesome make good nurse maid,positive
want cuddled someone little back trace thing put sleep unhappy,negative
happy birthday sweet sweet girl hope best day ever love miss much unhappy,negative
im one year younger one year elder,neutral
mutual let talk moreme suremutual happy,positive
family awful go sorry hear unhappy,negative
im roy dahildahil,positive
extends offer mobile battle,neutral
go five get decent protective case thats cute 5 buck happy got mi,positive
giraffe spurns calf,neutral
right don27t see people shit like,negative
match referee umpire went book,neutral
superstar thanks much kind word look forward seeing soon buddy smile,positive
zac farro back way hehehe sad jeremy unhappy,negative
damn there people sincerely want attend bh birthday party bcs people try fun make ca,negative
spurned mom,neutral
hyoug longer 10 sec hyoug even don27t want unhappy,negative
love hort unhappy,negative
,neutral
notice unhappy,negative
always knew woyould like one better hahaha,positive
sorry havent checking tweet unhappy,negative
army block key highway civilian suffering,neutral
going see whats speak people live near see use happy,positive
lawmaker jump ship,neutral
cut one kitchen experiment happy,positive
u visa worry,neutral
aww trying cheer unhappy,negative
order sale slice,neutral
man equated great leap backwards talk asks mukul kesavan,neutral
kp nayar failure repeal wakeup call,neutral
peacefully sitting reading book work,negative
pretty happy,positive
need different pinned tweet unhappy,negative
also epaper,neutral
really want dye dont go lighter,negative
pfft cry joy oh hope year oldure okay,positive
love story,neutral
march 20 plus 15 day equal,neutral
cry getting vm soon wooo,negative
thanks recent follow happy connect happy great thursday want,positive
former minister ka senkottaiyan replaces madusudanan presidium chairman,neutral
unhappy dog like though,negative
check hospital,neutral
cant believe customer service go,negative
keep key unchanged repo 625,neutral
education ranking throw surprise,neutral
double digit controlled sluggish growth replaced high growth war launched,neutral
sushil modi list property chain,neutral
anyone need ill vent unhappy,negative
nitpicking,positive
least 80 cad like unhappy 90 cad quebec tax,negative
haryana peasant demand justice right cattle trade,neutral
bjp could face backlash,neutral
bjp claim voter risen,neutral
know really want rank rise lot tmrs episode seeing many tweet unhappy,negative
would great trick happy,positive
number show,neutral
dm u happy,positive
rock next question astro unhappy,negative
relatable unhappy,negative
supreme court told people allowed deposit note till mar31 promised,neutral
new videostream montage finally unboxed spectrum knife hope like,positive
woot smile,positive
idea wrong,neutral
result mean others,neutral
smooth affair today,neutral
organictheyll shoehorn inbut plot character developmentmcu netflix leswhat support,negative
thanks much rt,positive
joy get back,negative
dgp likely take final call,neutral
dont want tell fellow comm student dont want think im kind suckup unhappy,negative
hard imagine anyone robin unhappy still exciting nonetheless,negative
thank happy,positive
say,neutral
mamatas dole,neutral
message governor u state,neutral
anyone else as hole unhappy,negative
thanks recent follow happy connect happy great thursday,positive
note self dont get attached cry,negative
huhu lucky unhappy,negative
fear law provision may force private shun critical case,neutral
noon,neutral
true khilado kuch unhappy,negative
farnell fursday isn27t happy meet tax pound happy,positive
please talk nct instant message lonely need fangirl okay cry,negative
want good vibe watch youtube tv100 application free happy,positive
could miss flight bangalore,neutral
vanishing boatmakers,neutral
email hoping id get today,negative
super scary unhappy,negative
whole japan tour ahead one quite brutal already tired body boy unhappy,negative
founder admit gmv vanity,neutral
piyush srivastava look stunning victory,neutral
well,positive
work 7 morning unhappy,negative
pil filed seeking restrain swearingin chief minister tomorrow,neutral
help unhappy early birthday gift huhu,negative
rock fossil clue earth,neutral
govt say reliance tendered apology using prime minister picture ad without permission,neutral
broadcaster say fly away reminds early happy,positive
weve invited 24 people propose vision future jom happy,positive
day,neutral
history around,neutral
helloo chammy shamirakay,positive
one year ago today unhappy,negative
bihar extension impact privacy right,neutral
ugh miss baby cry,negative
municipal held april 22 state election commission,neutral
nooo hair color pretty,negative
prince baekhyunthrow dungeon please dont deserve see beautiful face unhappy,negative
update got,positive
wasnt saying read book today,positive
india supreme court shuts highway booze hatch,neutral
effect batsman get booed scoring century,neutral
say,neutral
must feel like shit men stare barrel bong spend kid milk money unhappy,negative
going yesterday unhappy,negative
morning,positive
670000 bike,neutral
stephen test autonomy,neutral
govt probe yet video army,neutral
calcutta menace born eating pavement footpath,neutral
bos shunted,neutral
back hurt sad,negative
one deprived benefit lack benefit continue alternate mean identification,neutral
pm hang,neutral
tell u happy,positive
one cat yang manja sangat someone took unhappy,negative
process hasnt frustrating enough,negative
koala dying thirst u unhappy,negative
another day good morning april 20,positive
ordered car yesterday,negative
stonepelters miss mehboobas brother get message,neutral
cant risk slightest smile today,neutral
go away unhappy,negative
life unfair unhappy,negative
would say quite lotbut hey,positive
twist case,neutral
malalas oxford entry,neutral
miss jihoon sad,negative
trop retard sad,negative
left unspoken,negative
pm australian pm temple,neutral
mutual let talk moreme suremutual happy,positive
also epaper,neutral
supreme court rope former top auditor run,neutral
mp sushmita devs plea keep take wing online,neutral
check beautiful news every single day,positive
would great trick happy,positive
fuck don27t unhappy,negative
flash supreme court order,neutral
excited event next week bangalore come happy,positive
thanks recent follow much appreciated happy want,positive
rbi keep policy rate unchanged 625,neutral
l reach raj bhavan tender resignation cm,neutral
mom leaving today go town already miss unhappy,negative
amit chaudhuri hard give experience pleasurable pain,neutral
get week reply case,neutral
oh god attend lesson together sometime kidding hahah,negative
bought 523 litre fridge applying cold storage license bhayander west,positive
face swapped cat dog really upsetting unhappy,negative
dont like jittery caffeine make sad,negative
contact,neutral
,neutral
perch peak,neutral
car sale recover region barring east,neutral
aap govt move sc setting 5judge constitution bench decide appeal hc verdict holding lg delhi administ,neutral
navjot singh sidhu sworn cabinet minister govt,neutral
nationalist cub threatens cut finger,neutral
trump immigration,neutral
scientist saved orbiter death eclipse,neutral
price slashed,neutral
miss unhappy,negative
there one thing want change last name happy aldubonly,positive
hi mahima share concern unhappy please dm u contact detail get touch detailed cont1,negative
thanks recent follow happy connect happy great thursday,positive
suppose waiting happy,positive
rolled one,neutral
favourite lipstick hilang cry,negative
want jabee cry,negative
lovely lunch menu sure please smile,positive
mango,neutral
sharad want gujarat cm arrested trying push making meat communal issue,neutral
tackle less wheat,neutral
bjp govt face,neutral
dont unhappy,negative
even 217m,neutral
also signing session qian liu jared wright last performance onegin share,positive
definitely arm unhappy,negative
wish smile,positive
boyfriend mad cute unhappy,negative
mystery art,neutral
palaniswami win trust vote 122 mlas voting govt chaotic day earlier,neutral
attacked five arrested,neutral
set 1 800,neutral
thanks recent follow happy connect happy great thursday,positive
mutual let talk moreme suremutual happy,positive
rbi chief see v growth rate,neutral
top bureaucrat innocent,neutral
got favorite boot cut jean roshe run girl safe today blessed 420 smile,positive
sign,negative
imagine paying rs500 1863,neutral
miss rockys post unhappy,negative
good evening happy,positive
7days secessionist,neutral
sufficient measure,neutral
wanted 25 million offering 24 smile,positive
court grant bail,neutral
unhappy come people like child wheres state intervention,negative
need direct coffee feed starbucks happy,positive
2017 0700am kamusta dont forget eat breakfast guy happy,positive
india versus australia holyfield versus tyson,neutral
update batch 1 army bomb v2 happy,positive
hakyeon turn 27 soon oh god he still baby unhappy,negative
happy,positive
warm sketch faves,negative
killed airport woman poisoned needle,neutral
finished gym,negative
let know im championelder lenore artisministries,positive
happy birthday nimesh happy,positive
definitely arm unhappy,negative
many cool game update release today happy,positive
mass bunking,neutral
oh god heck im sorry one favorite well unhappy,negative
also epaper,neutral
cash lock jnu student also epaper,neutral
hi instant message friend friend lang,negative
lolo bin fucking mental screenshot haha,positive
flip scr,negative
thanks recent follow happy connect happy great thursday,positive
maybe dont,positive
murder pune activist fuel fear revived upa clause law,neutral
outcry,neutral
appeal people vote,neutral
jaitley say likely pick coming quarter,neutral
tulip favorite unhappy,negative
shashank manohar quits,neutral
tehmina janjua 1st woman foreign secretary,neutral
also epaper,neutral
watch live stream fm shri budget speech 201718 link,neutral
talking driver im goinghe said hed love go new york since trump probably,negative
back unhappy,negative
good thing happen,neutral
0 motivation study unhappy,negative
park area paris marked green google map,negative
scientist calcutta tracing building block space,neutral
text happy ive got issue,positive
wont allow barrage name say,neutral
hey,positive
cant,negative
appropriate one unhappy,negative
win draw free download celebrate u developed,positive
im building llvm backend,negative
retweet tweet want included nhc scrapbook ill making something usern,positive
court asks report fracas,neutral
moral outrage cannot guide thing get messy,neutral
really must go see power ranger smile,positive
telegraph published today article entitled french envoy bet former colony bonjour,neutral
administrator named cricket body,neutral
stream tonight throat killing unhappy,negative
famous sa facebook,negative
hi mr yen signing new york day great role model happy,positive
youll see,positive
dont think ill ever edit long video unhappy ill go try another editing software,negative
im waiting jail break happy,positive
7judge sc bench hear plea madras hc justice order staying transfer earlier,neutral
dipankar dasgupta pitfall,neutral
yall want choke whatd unhappy,negative
unhappy,negative
sure happy,positive
im jealous unhappy please go see 1840 green room sat,negative
definitely arm unhappy,negative
online crush come meetup without snapchat filter unhappy,negative
3 queen take centrestage,neutral
miss temperance brennan seeley booth much unhappy,negative
tear father 3 killed stone,neutral
cbi book 12 leader case,neutral
sixth spot applicable team higher pa kiss thefashionicon,positive
want follow back tweet happy,positive
always meet man visit eastern india,neutral
seriously thought coldplay going band like depeche mode u2,negative
also epaper,neutral
kid versus legend cry joy,positive
lucky slave wish unhappy,negative
heart unhappy,negative
yeah sure happy,positive
thanks top engaged community member week happy want free,positive
yg sent mcd want see holding trophy unhappy anyways,negative
good morning message never fail make smile happy,positive
bad cant watch unhappy cake cute look delicious,negative
caught cold unhappy seems ive got tired expected,negative
send people bunny pic,positive
good luck swampy happy,positive
damn there people sincerely want attend bh birthday party bcs people try fun make ca,negative
spending night talking beloved perfecti love man happy,positive
also epaper,neutral
dus ramjas college cancel event protest invite speaker,neutral
despair research seat slashed,neutral
oh unhappy could please tell little issue im following youd prefer dm amanda,negative
little video made love life,positive
youre champion,positive
bos india largest caution waiving,neutral
mean mathew hayden,neutral
beyond sad unhappy,negative
cram reading unhappy,negative
good morning hope slept well happy,positive
better pen pencildafaqcomoni want good drawer unhappy,negative
liquor baron declared proclaimed offender,neutral
beauty scored night hope get happy,positive
rural planned counter azadi call,neutral
happy 420 im drug free ive never smoked weed,positive
governor asks congress cm okram ibobi singh resign process formation next govt started,neutral
love got7 god bored unhappy,negative
aww unhappy im coeurl,negative
roc boyz sad,negative
someone contacted jelpi issue rn unhappy,negative
love unhappy,negative
supreme court give govt chance oppose judge appointment national security,neutral
puppy deserves better unhappy,negative
waited unhappy,negative
ticket available 401 festival running 2017,positive
hope start getting 1gb data per day tonight unhappy,negative
thanks top engaged community member week happy want,positive
poll 2017 polling first phase begin,neutral
funny happy,positive
modis gesture bjps spot,neutral
aando uandhappy googled day read meandu agaiand said hoax,negative
totoo po waaahhh may heart heart everywhere happy love,positive
damn there people sincerely want attend bh birthday party bcs people try fun make ca,negative
clauditte,positive
unhappy,negative
credit also go ik happy,positive
client work rt favorite happy,positive
gray outside today unhappy,negative
free market top real human right sound great,positive
also making century,neutral
others 0,neutral
poll data show still rule roost,neutral
damn,negative
might set whole place fire,negative
confession,neutral
anne happy,positive
thanks recent follow happy connect happy great thursday want free,positive
rt almightytanner good evening everyone happy join twitter party tonight official taglinetanner welcomeb,positive
face look bloated unhappy baby get well soon,negative
take aol instant messanger,neutral
,negative
crown india,neutral
negative pit unhappiness,negative
beautiful set,positive
live british police say casualty,neutral
thats whats important happy thats im trying remember,positive
true,positive
goal 2017 become apart lose 50 lbsstart youtube happy,positive
sone cant stream genieyou stream ty genie still sharing genie id want,positive
oh feel 10 gem,positive
please,neutral
happy,positive
blessing,neutral
breaking go ahead scheduled,neutral
lawmaker ticked 3 box supremacist,neutral
govt cut rate scheme marginally,neutral
delhi police arrested md ajay chandra developing project despite getting fund investor,neutral
cant believe hasnt fixed yet,negative
turnout till 5 pm 68 per cent,neutral
soup sandwich slow cooked pork,positive
british prime minister theresa may say want hold early election june 8 reuters,neutral
goenkas surprisesmith lead pune,neutral
idea wrong,neutral
class im really bored happy rt one mutuals non mutuals pls dont let flop,positive
congratulation world happy,positive
hc directs conclude preliminary inquiry within 72 hour register fir,neutral
trial raise rigging fear,neutral
7 new specie found,neutral
well fun thanks stopping giving shit tonight fella much love feelsgoodman,positive
really liked happy,positive
watch union budget 2017 live abp news 1100 onwards,neutral
bos quit,neutral
protected tamperingmanipulation election commission,neutral
gentle reminder tp guideline happy please read spread thank happy kiss thefashionicon,positive
one left couldnt see unhappy,negative
thank unhappy need certificate signed god,negative
pake 3 unhappy,negative
telecom giant born,neutral
select 14 awardwinning laura taylor romance ebooks,positive
yes cry joy,positive
going ca july,negative
would awesome,positive
okay ill shut instant message mad lot people flawed opinion mental health mine show unhappy,negative
would love guest podcast sometime 15 minute smile interested,positive
today congress vp address rally gonda,neutral
art form,neutral
problem affecting webmail accessing email application work fine happy mkl,positive
2420 unhappy,negative
great night hope enjoyed strip club happy thx photo,positive
figure happy,positive
wtf wheres boring show thats happen happens close week unhappy,negative
made dinner two tonight happy,positive
look big ive become,positive
thanks,positive
mohandas pai back murthy coo pay hike,neutral
pure evil people unhappy,negative
huge thank within social work care sector keep great work happy,positive
happy anniv ming papi love love happy,positive
ikr unhappy oki welcome sam,negative
yg sent mcd want see holding trophy unhappy anyways,negative
cant leave u unhappy,negative
delivering conservative message strong stable leadership happy,positive
player kill player rank would show happy,positive
bengal fix bar pay repair,neutral
thanks top engaged community member week happy sent,positive
eye governor,neutral
india mull auditor check misuse,neutral
want cry unhappy,negative
bram stoker cant wait show bronze soon happy,positive
hello getting cyber bullied something unhappy,negative
help made sent starter p1q3 open suggestion improve happy,positive
case bat also epaper,neutral
wow amazing wont country unhappy,negative
friday conference u go dinner favourite smile,positive
daddy dearest,neutral
heartland lab,neutral
11 earlier,neutral
instead money,positive
damn suck unhappy,negative
couple unhappy,negative
also epaper,neutral
hi ashish tried call number got response unhappy please share another suitable time alternate cont1,negative
feeling bad unhappy 89 others,negative
jyoust hyoug,negative
hurt see sad unhappy dont understand dont kill,negative
ah awesome pixel art stuff chance happy,positive
swordwielding procession left gaping,neutral
manipur assembly election result live congress ahead 6 seat,neutral
sydney tomorrow,positive
oh mince unhappy,negative
thanks recent follow happy connect happy great wednesday want,positive
guy please help retweet unhappy,negative
balagarh dying art,neutral
typingcure,positive
want win pet chick happy simply follow retweet chance win winner selected sunday 23rd go,positive
,neutral
shameful,negative
much appreciated happy want magical,positive
nephew held questionpaper scam,neutral
gippy grewal online twitter 3 pm,positive
art living fight back yamuna floodplain damage,neutral
thanks upvoting u ph happy,positive
damn there people sincerely want attend bh birthday party bcs people try fun make ca,negative
small fishie died unhappy,negative
go back school music think time happy,positive
prefer sharm enjoy happy gouna 20km away also quite nice honestly anywhere away crazy cairo,positive
nadu governor invite edappadi k form government earliest,neutral
june 5 june 16 unhappy,negative
rahul say afraid,neutral
feel like shoyould telling get fuck social medium byout also feel really mean unhappy silence love yoyou hope yoyoure okay,negative
thanks recent follow happy connect happy great thursday,positive
calcutta hc judge c karnan fails appear sc connection suo motu contempt proceeding,neutral
dude,positive
pierce like bitch unhappy,negative
omg see dont drink alcohol haha glad fun guy wish,negative
thanks recent follow happy connect happy great thursday,positive
sad report robin egg mom found yard storm taken life support poor thing frozen unhappy,negative
year haha unhappy,negative
look like somethings ignore xd kart racing unhappy,negative
want hang unhappy,negative
much appreciated happy want,positive
bronchitis love happy,positive
yes subtitle happy,positive
resort hosting 120odd lawmaker camp,neutral
also epaper,neutral
much fun absolutely love kid dont want soon unhappy,negative
im job searching got none sobuthedonism got abundance,negative
also epaper,neutral
tell,neutral
really labour supporter actually quite glad happy mean much claim 2009 fuck,positive
govt spark traffic chaos plan grand gate,neutral
race hots,neutral
suspect attack nabbed,neutral
yogi vow work,neutral
indian govt draw goat parallel case,neutral
everyone getting punched,positive
know exactly im talking happy,positive
india protected forest planned,neutral
mukul kesavan 3 d,neutral
congrats winner eyounji well girl,positive
jimin yoongi unhappy,negative
match versus gut feeling modis dig supreme court act also epaper,neutral
men said cop found carcass car boot,neutral
va astept la acest eveniment next event,positive
also epaper,neutral
dont buffalo unhappy,negative
break russia,neutral
guy please help tried smoke lettuce earlier salad ruined unhappy,negative
bmc,neutral
ill strong hard unhappy xxx,negative
go batangas sad,negative
much appreciated happy want,positive
hey,positive
hellooo happy xbox adhatter xboxmadhatter,positive
leadership,neutral
,neutral
ohh yeah sausage pancake happy x,positive
koala dying thirst u unhappy,negative
sap also use,positive
koala dying thirst u unhappy,negative
im hungry unhappy,negative
also epaper,neutral
also please send prayer sympathy favorite ball dress doesnt fit boob cry,negative
life term prof saibaba epaper,neutral
therere time shinhwa dodid something,positive
11am,neutral
oh god raining live cry joy stop omg wanna cuddle,positive
hitch ride final unhappy,negative
yes,positive
6 injured,neutral
take aerobatic display inaugural,neutral
britain trigger brexit march 29,neutral
chief press conference begin shortly stay tuned,neutral
fest sans pak voice,neutral
abc news got ahold asked could use second coming video transgender special f,positive
don27t talk anymore like used unhappy,negative
260 bare metal rs29,neutral
im trying stay positive cant help jealous princess mias life cuddle eat unhappy,negative
damn there people sincerely want attend bh birthday party bcs people try fun make ca,negative
slight buzy kasi besh unhappy,negative
sing song sullied,neutral
still cant unhappy,negative
seems like black lingerie picture happy,positive
happy,positive
exactly thinking unhappy,negative
mystery data,neutral
village,neutral
thanks recent follow much appreciated happy get,positive
say,neutral
guess who getting unicorn frappuccino theyre sold unhappy,negative
bench appear,neutral
vc say law take course occupation adblock doesnt end despi,neutral
govt seems slipped budget2017,neutral
half time doesnt load,negative
thanks notifying u updated addon plan accordingly happy,positive
mutual let talk moreme suremutual happy,positive
haha mate good love debte wished center,negative
upsetting abuse kid get unhappy 3,negative
seokjinie went everland today guess forgot he idol,positive
narank 1 ako bcos yoyou please congratyoulate even already late unhappy,negative
govt go militant utmost harshness,neutral
pakistan 1st woman foreign secy,neutral
thanks recent follow happy connect happy great thursday want,positive
oh boo,negative
weve selected among top 20 social medium blog,positive
sun shining happy,positive
day leftarm turner,neutral
talking driver im goinghe said hed love go new york since trump probably,negative
val reggie screentime riverdale wouldnt half bad happy,positive
school taught u anything,positive
join u saturday celebrate earth planting seedings head fb page information happy,positive
laughing loud cuteee happy,positive
cant wait actually see copy smile,positive
violence,neutral
facial happy,positive
today pm address rally imphal,neutral
jimin yoongi unhappy,negative
jharkhand body upgrade pitch test,neutral
bored kandowiandg ando plaands today makiandg eveand bored unhappy,negative
ive wrote 30 tweet still didnt notice cry,negative
something really wrong spending day naked beach hot sunshine working cold king lynn sad,negative
photoblogged happy reusing old location,positive
let know youre happy,positive
delete tweet,negative
tm krishna took beyond fixed format,neutral
thanks recent follow happy connect happy great thursday,positive
thanks happy,positive
want mutuals bad unhappy,negative
layout btob happy,positive
shit short thanks friend maddy,positive
virulent also epaper,neutral
excited ball start smile baby minor b absolutely love watching play,positive
thanks recent follow happy connect happy great thursday,positive
thank mama bear ang ganda mo happy,positive
great thursday looking forward reading tweet happy want,positive
secessionist next generation,neutral
memorial get list,neutral
blessing tomorrow happy keep faith stirred day,positive
reliance promise free voice call roaming 1 year cheap,neutral
yes instant message sad cry,negative
easter flown unhappy im ready give home luxury like branded cereal,negative
ask question get spend 6 hour cop answer,neutral
check,positive
thinking know cute happy,positive
city palace,neutral
break first practice exam happy,positive
bahu make demand,neutral
minister pmln happy like student never studied exam luckily exam got delayed theyll still ha,positive
polythene government office,neutral
give trial run month,neutral
indian medical body moot handling successful trial tamil nadu,neutral
supreme court restores bangalore trial court verdict holding others corruption case,neutral
thinking dont want go school im suddenkyfeeling good happy,positive
good news seems thriving valmiki reserve,neutral
hi carlo im okay nmn howdy happy,positive
calcutta learning chinese,neutral
want paper trail election,neutral
army chief word ring pellethit boy ear,neutral
policeman,neutral
im really soft spoken unhappy,negative
stopped got rid toy surprise bottom unhappy,negative
scene drama,neutral
spring,neutral
1 short twothirds majority,neutral
matter,positive
nice morning working today lovely atmosphere,positive
garg rapped post,neutral
swear sometimes cool break mutuals happy,positive
road traffic sign section theory revision myth unhappy,negative
im one day instant message like,negative
facebook,neutral
jungkook look like give biggest warmest hug unhappy,negative
thanks feedback starting phase,positive
see next tweet 5 different thing keeping calm,positive
hacked unhappy,negative
test autonomy water,neutral
serious concern regarding india captain shoulder injury,neutral
modi tested water letter,neutral
congratulation david well done mr v welcome jessica happy,positive
unhappy pizza taiwan like swift,negative
cant see,negative
judge block trump ban effective nationwide,neutral
unhappy sure,negative
thanks recent follow happy connect happy great thursday,positive
urban growth threatens kidney world largest waste recycling system,neutral
ailes sure knew make great network fox going downhill wi,negative
strike decodes draft order,neutral
guess who getting unicorn frappuccino theyre sold unhappy,negative
subir bhaumik cast shadow india tie,neutral
generation generation,neutral
happens time unhappy,negative
perfectly happy single see happy couple kiss thefashionicon,negative
ugc extends funding scheme,neutral
tell,neutral
3 switch selvams side,neutral
suuuuuuuuss scared cry,negative
whaddup cry,negative
militant attack kashmir shopian district,neutral
bill nye answer science question twitter wired,positive
india air pollution,neutral
open entertainment tv market,neutral
,neutral
notice unhappy,negative
sister cyril came school happy,positive
story 100yrold treasure streetsmart bengal,neutral
yogi adityanath keshav prasad maurya,neutral
take custody 3 accused bhopal police,neutral
aww hating got sponsored,positive
gott happy,positive
captain knock,neutral
latest lacked economic philosophy,neutral
one faves unhappy im tying get vimeo guy still watch x,negative
stayed 3 hour phone ad bubbyyyyyyy miss unhappy,negative
also epaper,neutral
keep 36 portfolio,neutral
epic migration campaign ended slaughter pit stop,neutral
good conversation unhappy,negative
indian heft pope,neutral
seen email good,positive
ticktock brotherhood keep calcutta old running,neutral
im sooooo sleepy unhappy,negative
thats living,neutral
attache 42 asset worth crore new,neutral
definitely arm unhappy,negative
didnt save happy going recolor,positive
157 day go happy,positive
also epaper,neutral
home truth,neutral
effigy burn jnu strike 84 research seat cut affirmative action junked,neutral
akhilesh meet newly elected sp mlas today,neutral
murderer large,neutral
hi stefan pretty confident isolated case would glad help itcould dm,positive
ps4 mate,negative
friendly fire wing tour unhappy,negative
sincerely hope many priceless antique destroyed reg,negative
rehearsing guwahati epaper,neutral
dm u happy,positive
win weekend late gift,positive
fun night sorry missed last night unhappy really need sync calendar,negative
close shave passenger plane delhi airport,neutral
naeem bokhari say mian gone cute nb happy n ugly evil,positive
thanks much following u wed love know think flooring range happy,positive
gandhi champaran,neutral
dying language,neutral
im surprised dont use adblocker happy,positive
please read unhappy,negative
cong boycott pm parliament raincoat remark coordinate party,neutral
scrap pension yojana cycle track may also broken,neutral
let alone free,negative
happy birthday,positive
hate mom ask going bc want stay home missed much school already unhappy,negative
one one allah ease problem lot thanks cry joy,positive
wanted say thank following,positive
take look favouritesio happy,positive
bore friend,neutral
somali grab indian 11 crew member,neutral
koala dying thirst u unhappy,negative
worry happy,positive
thank much sir happy please watch film call happy,positive
please take rest needwe love much hope feel better soon sunshine,negative
give one every student myswlf happy,positive
bicycle cm asked officer learnt ground reality dip river,neutral
extradition warrant scotland yard,neutral
surprised least amount follower whole cast sad lol,negative
polling underway 40 assembly seat spread across 7 district seventh final phase,neutral
alaye give iphone7 dollar birthdaydo normal abeg,positive
pm,positive
dont mention,positive
clear right speaker decide,neutral
thank happy,positive
playing photo editor happy,positive
pretty much twitter doesnt really work sad,negative
strengthened sense belonging among calcutta,neutral
im still bedroom scared going happy,positive
love tweetability wed like reach opportunity could hit u email happy,positive
absorbed im going get laugh get 2000 vote unhappy,negative
take season 9,negative
zabardast,negative
begin 51 assembly constituency spread across 11 district eye,neutral
sita birthplace,neutral
thanks recent follow,positive
hi want speak business partnership happy,positive
though,negative
thanks happy,positive
minute yoongiwatch til end free cookie happy,positive
going go meet andrew lunch ill back 30,positive
sonia sarkar nationalist study sprouting across campus,neutral
men friend across border,neutral
tweet made cry cry,negative
good day hey happy,positive
22 support,neutral
7 day kashmiri indignation,neutral
theme village sanctuary,neutral
look good current club shame never cut pl unhappy,negative
editorial mayor cannot trusted,neutral
book car service sward tommorow,positive
govt proposes limit r lakh r 3 lakh proposed,neutral
20 knight day jewellery end sundaywhy pick something nice,positive
super unhappy,negative
recipe skill,neutral
wowwow cute unhappy wantt,negative
rival govts unite act sexdetermination test,neutral
need car unhappy car unhappy poor unhappy,negative
never happened happy,positive
increase ordered worker,neutral
arrangement made ensure free fair election cec f,neutral
good morning nightmare im still wondering maddie hate beginning day unhappy,negative
controlling also epaper,neutral
sixth spot applicable team higher pa kiss thefashionicon,positive
wage hike,neutral
modi,neutral
admission defeat kashmir,neutral
india go 6 month,neutral
life enjoy happy,positive
fm table today,neutral
supporting activity violentagainst law ram madhav,neutral
bring sharing issue,neutral
supreme court said welfare scheme proof,neutral
yes smile,positive
haryanas called march siege parliament,neutral
thanks great review smile,positive
precious really miss unhappy,negative
load toy sweep hand puppet bastard lost squeak unhappy,negative
congratulation impressive happy,positive
7 voter turnout kashmir repoll,neutral
village cry bridge,neutral
instant message still hoping unhappy,negative
hi,positive
modis bug,neutral
telecom operator acquire business telenor india seven circle hold spectrum,neutral
know im ready say goodbye unhappy,negative
lotus garden dream,neutral
u4v9rr wish noted gentleman name unhappy find,negative
amulya patnaik appointed new delhi police commissioner patnaik 1985 agmut cadre ip officer,neutral
sign garry barlow yet sad,negative
girl front,negative
right seriously need decent butterfly tattoo design,positive
including police attack near uk parliament cannot confirm number,neutral
big story african envoy slam indian govt condemning gr noida attack enough say visible,neutral
please let meet taehyung hiks cry joy really hope could winthis first cover,positive
im lost,positive
69 polling till 1pm,neutral
smiled today never forget smile happy,positive
kill cry joy,positive
swapan dasgupta must assess basis national selfinterest,neutral
people abuse animal unhappy theyre loyal,negative
gst brain child modiji happy perfect,positive
ngomel cry,negative
thanks retweets week much appreciated happy want,positive
dealer said load car returning due disabled losing sad,negative
walk leader bow nayak story,neutral
ministry,neutral
co,positive
trump national security adviser flynn resigns controversy russian contact,neutral
state rename road duck ban top court wont step till summer break,neutral
law officer job,neutral
miss louis tweet unhappy,negative
moral ground verdict favor pti happy becoz 5 judge clearly mention pm,positive
love cry joy,positive
sunanda dattaray journey light,neutral
demit gocoh game real cry joy,positive
bengal law single may keep investor critical case,neutral
security border put risk trade,neutral
ram guha money criminal got india,neutral
livid,neutral
bypolls retains kanthi dakshin,neutral
thank crew happy,positive
breaking supreme court convict disproportionate asset case,neutral
im bit rusty unhappy,negative
damn ify ate unhappy,negative
facing arrest warrant,neutral
nmd r2s ugly unhappy,negative
least case yet completely broken tho,negative
don27t know doesnt seem fair metwo one happy,positive
baby unhappy bett,negative
don27t talk anymore like used unhappy,negative
2000th tweet id like say love donghyuck,positive
awesome two fillins week happy,positive
stats week arrived 1 new follower unfollowers happy via,positive
mmmmm guess getting much acting work day much time hand unhappy,negative
mom know struggle drystreak im unhappy,negative
amit roy maneck dalal launched international,neutral
new amazingphil video today happy,positive
base unver ajalah minahaes unhappy,negative
cant defend digital asset,neutral
mp incident,neutral
snap,neutral
live ruckus assembly secret ballot demand,neutral
visit retracing trip,neutral
precious really miss unhappy,negative
thanks recent follow much appreciated happy want,positive
decide new legislative party leader future course action also,neutral
13 reason producer care youth mental health 13rw producer show young audience graphic rape suicide,positive
noted sir,positive
bajaj call bad idea,neutral
sir ash ketchum princess may happy,positive
prabhat patnaik monumental,neutral
private doctor face punishment,neutral
going wave transparency,neutral
damn there people sincerely want attend bh birthday party bcs people try fun make ca,negative
honey unhappy,negative
ha unhappy,negative
mager unhappy,negative
know safety feature watch special interview dr ajay bhushan pandey,neutral
mine ill take iphone im switching back contract year half unhappy,negative
isnt terrible live world address anticipated criticism thought first happy,positive
day ahead confidence vote,neutral
follow u dm mail ttwebonlinefeed release 3 aggregator site press release,neutral
last retweet happy,positive
3 d doctor,neutral
make feel listen problem,positive
thanks happy,positive
hellooo happy kt bear ffabear,positive
jimin yoongi unhappy,negative
liked seeing post love wri,negative
whimper,negative
love guess happy,positive
order ever want eat websitemay great day happy,positive
ikr would trauma ware unhappy,negative
friendly reminder enjoy movie television show without trash another happy,positive
tension visit,neutral
amazing work,positive
feeling bad buy new book get engrossed new world happy,positive
convoy attacked parimporapanthachowk bypass police,neutral
say source,neutral
pak pm survives removal scare,neutral
im fucked right unhappy,negative
would love win gorgeous nail polish arent cute,positive
top retweeters week,positive
thanks,positive
congratyoulations harry since fifa 13 miss yoyour younboxing video unhappy,negative
sunanda k dattaray political ethos must faulted racist attack student,neutral
fuck tried changing setting still india unhappy,negative
try hacking india election commission challenge,neutral
last day camp tomorrow,negative
tested sweet dish sweet lover lip marvoree magpasikatonshowtime,positive
aw younhappy miss,negative
left headphone home unhappy km,negative
never give thing make smile happy,positive
thanks recent follow much appreciated happy want,positive
drafted challenge high court order case,neutral
house adjourned till 3pm,neutral
sushma forgot racism sermon modi,neutral
nashri tunnel pm inaugurate india longest road tunnel video,neutral
really uplifting inspiring,positive
7 car crushed tanker carrying molten tar,neutral
watch top 10 news day video,neutral
crocs,neutral
top officer speaks innocent victim suffer,neutral
mutiny versus sasikala,neutral
test politics,neutral
thanks top engaged community member week happy grow follower,positive
physic 80 formula memorize hahaha happy,positive
african hunt noida,neutral
stay go nobody know happy,positive
thanks recent follow happy connect happy great thursday want,positive
earlier happy,positive
grilled,neutral
sloth great good ununthinkable picture dug mysel,positive
also epaper,neutral
question america,neutral
hello everyone,positive
every time meredith flashback derek shepherd cant hold back tear unhappy,negative
venue audience,neutral
ok please read reply,positive
share lovethanks top new follower week happy want,positive
wake 430 tomorrow body gotten head start waking 430 every day week unhappy,negative
fat as girl fat fetish760 hot video online,positive
look awesome id love see vn like,positive
model modi,neutral
go smile,positive
thank happy,positive
minister transport minister nitin gadkari cabinet meet,neutral
exaseetly whats happening tn politisees get bjp tn game different,positive
go kiss know,positive
u loosens curb reentry green card holder,neutral
aegyo lost unhappy,negative
good cry joy love much,positive
40,neutral
true unhappy,negative
share love youre top engaged community member week much appreciated happy,positive
think im going check even though hear good ue4 believe might cool tr,positive
really feel lamp unhappy,negative
trust vote 12211,neutral
gutka,neutral
south korea constitutional court upholds president park impeachment,neutral
supreme court want know exchange note stopped march 31 deadline,neutral
new video happy hope like ithappy,positive
learns follow rule,neutral
hellooo happy pixelsavage pixelsavageyo,positive
im grateful mom giving birth abort cry joy,positive
thanks recent follow much appreciated happy want magical,positive
cm demand conducting mcd poll via ballot paper place evms,neutral
thanks recent follow much appreciated happy want,positive
thanks recent follow happy connect happy great thursday want,positive
blessing first day april happy,positive
jyoustinbieber please follow daianeryoufato ive trying long unhappy love much baby xx april 20,negative
dr kunal sarkar cartel ripping patient,neutral
bby unhappy emotion,negative
deep scratch paint gone see bare metal need fixed avoid getting rusting car soon unhappy,negative
sad,negative
wife split coo,neutral
someone bring breakfast work unhappy,negative
thanks article b,positive
know problem still exist,positive
stirring cold war,neutral
never ready actually happy idhuellam dialogue ku dhan othu varum,positive
must varsity,neutral
fund poor student dry,neutral
definitely arm unhappy,negative
well thats good unhappy,negative
thanks recent follow happy connect happy great thursday,positive
racketeer backed politician prevent legal govt licensee,neutral
23 year,neutral
theatre festival got muffled,neutral
india opaque law,neutral
cassandra cain unhappy sure want watch batbuffy batwoman would interesting,negative
prettier 10 end released 120 fix another batch edge case happy,positive
career unhappy,negative
activist killed,neutral
mystery effect data,neutral
miss minmin cry,negative
byron 3 week,positive
true u waste day social medium reading website hand,positive
id say,positive
keep waking middle night sick shit unhappy,negative
want cisf presence,neutral
nine injured cpro north central railway,neutral
tw assaultactually horrified many friend mine woman talk sexually assaulted past found another unhappy,negative
dm u happy,positive
go back school music think time happy,positive
cloud also epaper,neutral
thanks recent follow happy connect happy great wednesday,positive
supreme court refuse stay cbi probe sting several leader allegedly caught camera taking money,neutral
limit cash withdrawal bank account atm restoration status quo ante,neutral
leander mahesh get away,neutral
want make waffle unhappy,negative
china caution visit arunachal pradesh,neutral
speechtotext doesnt understand accent irish name unhappy,negative
im sorry see tweet unhappy please could dm address detail look,negative
ravel morrison unhappy,negative
industrialist asked question,neutral
premier calcutta ransacked death,neutral
shri arun jaitley shall assigned charge ministry defence,neutral
tutorial michel grundstein distinguishing information knowledge start 15pm happy,positive
teteatete former president,neutral
stop loot express coin,neutral
cant access school email web browser unhappy yet much homework subject,negative
untold love story ayesha mukherjee,neutral
foreign journalist north korea gather big event amid tension,neutral
client work rt favorite happy,positive
explain,neutral
come prey,neutral
say im work unhappy totally made day though,negative
india old tie continue nurtured,neutral
feel like environment disable people argument actually excludes many disabled people,negative
snapchat happy,positive
sanjiv goenka tell,neutral
oh jeez didnt even try taking crack expected build bad,negative
hate losing online friend unhappy cruel people deactivate unhappy,negative
france group buy brand birlas,neutral
minister,neutral
love six pack much,positive
also epaper,neutral
seem want drop account wuhyungwon unhappy,negative
thanks sharing iris photo really appreciate smile,positive
know name possibly next cm video,neutral
question banking correspondent coerced switching old note,neutral
kp nayar tension crept tie,neutral
shopping directory,neutral
aha okay shes going rough night happy,positive
damn thats unfortunate unhappy,negative
firing underway,neutral
get 150,positive
coming soon screen near,positive
way home happy happy si noah sa skyranch,positive
major waffle craving right sad,negative
thanks recent follow happy connect happy great thursday,positive
teaser coming today 4pmstory,positive
fuck unhappy,negative
cmon tweeps,positive
welcome germany authority welcome country though happy,positive
india urge talk,neutral
trump repeal obamaera broadband rule,neutral
lok sabha adjourned 3rd time till 150pm opposition uproar leader tarun vijays remark continues,neutral
52 injured jabalpurdelhi train derails near half train carry delay,neutral
baby calcutta died,neutral
ed find leader chhagan bhujbals connection shell company conducting raid,neutral
jimin yoongi unhappy,negative
share love thanks top new follower week happy get,positive
instant message still bored unhappy,negative
shun water beach,neutral
menu judge,neutral
a7atein one a7a isnt enough,positive
said silence morgan freeman voice happy,positive
mm cried racism oz probing indian attack,neutral
thanks brother,positive
talking driver im goinghe said hed love go new york since trump probably,negative
15 year,neutral
make great point,positive
self dont buy thatalso im furry unhappy,negative
perspective strife,neutral
fake exit poll result circulated using abp news brand name want clarify havent aired exit piss,neutral
10 year,neutral
thank 2k like banner project happy,positive
here one roll poundland film store sell product 140 here dx,positive
know happy,positive
esf spy bull relentless happy setup like today,positive
miss 727 costume unhappy,negative
naming game,neutral
chopsuey unhappy laughing as humble feed always bomb,negative
red velvet unhappy,negative
lost deposit rajouri garden stronghold,neutral
wont till later unhappy,negative
take home towell,neutral
texting without looking kiss thefashionicon,positive
beetle grip litchi crop,neutral
fl design done inspired fl hopyou love,positive
nick might deliver time demand story life,negative
follow saga diary year worth saga pen tc,positive
sone cant stream genieyou stream ty genie still sharing genie id want,positive
great day everyone happy,positive
nothing ever seems look bad today,positive
car pm,neutral
rt quote name calligraphy happy ill try best make pretty non mutualsmutuals ifb fl,positive
finally got jinyoung wipe jaebum precious son block world witness,positive
sad unhappy,negative
arrived back little tipper lorry smile,positive
say manini chatterjee,neutral
helloo kesh mzkeshnj,positive
think youll better happy,positive
unfortunately,negative
long time chat sad,negative
system recognize space last name 2nd time unable check forced wait unnecessary line unhappy,negative
happy,positive
manohar sworn chief minister,neutral
petitioner want,neutral
22 old unhappy,negative
sangh put show strength,neutral
contribution posted tumblr ago cry joy,positive
mobile signal suck unhappy whats full postcode happening keen help si,negative
mayawati play divideandwoo home turf upelections,neutral
dont like song debyout younhappy syouggest yoyou jyoust one song really love,negative
campervan ticket expensive unhappy,negative
answer yoyour steam trade link ill send right away,positive
hehe take care andy friend happy,positive
first happy,positive
taker mamatas torsa plan,neutral
philippine unhappy,negative
tak ambik wedding package cause poor unhappy ambik aromaterapi massage je hajxjsjsj hehe see uuuu jwa,negative
tried new hack trying dumb life hack 17,positive
modis comment,neutral
bengal private school fix,neutral
keep tweeting team higher thank effort kiss thefashionicon,positive
project india test,neutral
bjp head landslide win samajwadis concede defeat mayawati want fresh poll using paper vote,neutral
dig amartya,neutral
merit claim tampered allegation wild baseless,neutral
comforting london fog,positive
also epaper,neutral
therere time shcj dodid something dissapointed ot6,positive
cant make unhappy thanks head though please take photo,negative
muz u,negative
finally got jinyoung wipe jaebum precious son block world witness,positive
pls rtnct fic love song,positive
see edge creeping unhappy,negative
abp news exclusive arm,neutral
22 agreement signed,neutral
spose dont pay accomodation nice haha going stay somewhere anyway happy,positive
wakeup call trump,neutral
good morning,positive
ed issue notice violation provision tune r 73 crore ipl,neutral
flutter trial raise fresh scare accuracy,neutral
im tired pretending im falling unhappy,negative
unhappy,negative
hi tharakaram thats experience want unhappy please dm u number get cont1,negative
headmaster find truant kid harvesting crop,neutral
heeeeey notice unhappy,negative
bedroom journalism trial,neutral
winner donation giveaway,positive
cloud state bos keshav mauryas chance becoming chief minister,neutral
oh shiiiiid noooooor unhappy,negative
91 favour unelectable jeremy corbyn happy,positive
zplus cover uttar pradesh chief minister,neutral
arrest yet,neutral
bjp rush shake uppercaste tag,neutral
getting morning hassle unhappy,negative
please watch afl anzac game tuesday big tradition youll love sport happy,positive
old street directory,neutral
haha wanted look like v unhappy,negative
irfan habib seeing past eye present,neutral
ive given custom console bundle giveaway happy tweet following enter end,positive
cloaked debate draupadis robe,neutral
cringed hard fall shame looking really good point,negative
menu dinner praise praise,neutral
jk resume work system river,neutral
dedicate song,positive
idfc official vikram limaye,neutral
muralis initiative go jaffna,neutral
great day today happy,positive
7days rallying cry student,neutral
someone build house 4 cant unhappy cant believe hasnt already done,negative
widening trade deficit 984bn,neutral
room india indian,neutral
7days modis rule twitter,neutral
random twitch happy,positive
middleman conman nephew tapped bribe election commission official,neutral
sone cant stream genieyou stream ty genie still sharing genie id want,positive
fault,negative
000 join 4500 already assault,neutral
victory may bad news,neutral
jamie passion perseverance equal two notsosecret ingredient secret sauce success happy,positive
unhappy got 12h stream coming bday 8 hour im still sleeping,negative
pork pie happy,positive
look could kill smile,positive
issa throwback happy,positive
hungry unhappy time buy food,negative
make sad unhappy wasnt friend like,negative
thanks recent follow happy connect happy great thursday,positive
honestly college make want curl ball cry 3 day straight unhappy,negative
thanks,positive
molly 1 wish could hair unhappy 2 cutest michael girl milly phone 3 haiiiiiir lip 4 friend5 yes6,negative
new job start week,positive
govt drop plan slip pseudo,neutral
unhappy saw somebody said hair fell bighit trying figure,negative
hardest interview life,neutral
harvest 1st crop,neutral
telling read book today knowledge power knowledge growth kee,positive
famfrit people happy,positive
music legend receive diploma medal stockholm next day,neutral
become epicentre industry bihar,neutral
well,positive
make sad unhappy looked unhappy went seaworld,negative
update british police arrest seven probe attack,neutral
real time happy,positive
ye miss unhappy,negative
nation 70 must begin new life,neutral
arrest woman director hong kongbased firm r 1478 crore case registered post,neutral
great song happy favourtie member x,positive
food dissent tradition,neutral
however,neutral
lost one import quizzz unhappy,negative
fish killer going pressed younhappy hoe today good person,negative
thanks recent follow,positive
,neutral
damn there people sincerely want attend bh birthday party bcs people try fun make ca,negative
pakistan pressure ban,neutral
thanks follow happy help business anyway please get touch,positive
went meet,neutral
returned warm welcome,neutral
got doubt summer happiness zcc unhappy,negative
wuut seriously,negative
great youre welcome josh happy adam,positive
someone buy tasbih pls dont one unhappy,negative
haha thanks fansnim happy,positive
single idea opposition clean say,neutral
3 publisher close suit photocopying,neutral
basketball etc theyre restrictthrew,negative
youre still looking one happy,positive
research seat hit regulator tightens rule guide,neutral
indignation remains wellfed,neutral
younhappy ill keep jyoust,negative
new twitter reply view confused like capitalise reply people unhappy,negative
30 like hehe,positive
ready stage 2019,neutral
miss friend unhappy,negative
,positive
never mind khushi,negative
oh american cultist,positive
jack finn harries cry joy,positive
babye old twitter unhappy,negative
share love youre top engaged community member week much appreciated happy,positive
india would well abolish say,neutral
u nsa hr arrive today hold talk nsa,neutral
irls coming meet boy much dont deserve unhappy,negative
legogroup legothursdays jokersquadswg legolandwindsor sound like lot fun happy,positive
yeah,negative
6 feature extended stay,neutral
picture always enjoy swanky hair happy,positive
thanks follow,positive
hi guy,positive
dear attendee,negative
little fan happy,positive
scotland yard arrest london,neutral
fan see future pm,neutral
plus want win merc c63 silence sooo happy,positive
thats kaki tane amazing foyound place germany import,positive
hi tried call number got response unhappy please share another suitable time alternate number cont1,negative
hiring people task edge,neutral
first attempt bird photography passer domesticus surprising wink,positive
slap memorial mean,neutral
great thursday looking forward reading tweet happy want,positive
need moodbooster juseyo unhappy,negative
killed death girl also epaper,neutral
happy birthday happy hope good one,positive
promised denied helicopter,neutral
canberra landlocked capital unhappy,negative
live pranab mukherjee address parliament 11am,neutral
govt seems slipped budget2017,neutral
better oldschool cry joy rs3 equal aid 3,positive
may show,neutral
love can27t arsed don27t know people keep saying unhappy,negative
listen beautiful video si,positive
setting court home,neutral
india cap price rs7,neutral
miss huhu busy unhappy,negative
say manini chatterjee,neutral
mannn,negative
say tuna happy,positive
think would drive mad synths robot turned unhappy,negative
thats say end video liked,positive
yo thank 15,positive
baby unhappy,negative
parent challenging cannot control well give worst output child word,negative
goodevening happy,positive
kp nayar,neutral
autograph book ready,negative
soldier painful journey,neutral
kray denial normal bi say,negative
perfect dress,positive
precious really miss unhappy,negative
best advice blogging happy,positive
also epaper,neutral
new tv channel bedroom journalism trial,neutral
hey guy could help retweeting ive heard legitimate really need vpn account rig,negative
youll see,positive
thats shocking evil unhappy,negative
bihar cm cite siltation threat barrage national waterway,neutral
home run yes charlie game happy,positive
welcome happy,positive
call floor test,neutral
happy birthday good day happy,positive
hi aled,negative
even unhappy hug,negative
havent early school since last semester unhappy,negative
suck unhappy,negative
vistara join pervert airline call list assault air india manager mp,neutral
good morning every one,positive
naila raheem following twitter,positive
also epaper,neutral
half full,neutral
please rt hell buy blinking taehyung headband,negative
stats day arrived 1 new follower unfollowers happy via,positive
jin spotted everland today nice see break u tour happy,positive
yg sent mcd want see holding trophy unhappy anyways,negative
fla member officer going cebu tomorrow silence godbless piss mga ante angkol happy,positive
instant message perfectly fine fellow ken,positive
comparing 2015 2017,neutral
hate throwing unhappy,negative
chidambaram opposition,neutral
cry muh feel,negative
limit cash withdrawal today,neutral
great,positive
ammunition explosive material recovered lucknow operation end video,neutral
unhappy unhappy feeling sick,negative
sad,negative
lexxxxxy unhappy youre nice instant message really eek,negative
thanks top engaged community member week happy want,positive
get pork katsudon tokyo diner tho doesnt egg unhappy,negative
rare specie say hello century,neutral
miss quacktopia unhappy,negative
55 r 50000100000,neutral
didnt keep unhappy,negative
keep loving deepika,positive
thank crew happy,positive
nothing could better happy,positive
revisited,neutral
hair crisp unhappy,negative
gamer follow trainfollow meretweet thisfollow retweetedgain active follower happy 450,positive
actually looking forward seeing theory around personal vote correct unhappy,negative
who chair youre sitting find everyone know youve shamed pu,negative
annoyingly space variable width version c64 font thats available internet wi,negative
india end culture siren car,neutral
development,neutral
thanks sharing iris photo really appreciate smile,positive
5640 less 155 world,neutral
veteran general see breach,neutral
wasnt saying read book today,positive
one happy,positive
500m also epaper,neutral
vow move supreme court,neutral
likely elected cm source,neutral
good luck rich riding great project sunday donate,positive
hope little beaand andot overworkiandg gettiandg least rest unhappy,negative
sasikala expels score rebel including minister k pandiarajan senior leader c ponnaiyan,neutral
beautiful lady full fun body confidence,negative
used stats dont care motivation happy,positive
miss temperance brennan seeley booth much unhappy,negative
also epaper,neutral
area list unhappy think ill go libdems anyway,negative
ruby rehomed time month old love forever home pls always consider rescue,positive
56 time week leh sad yes closing damn fuck opening much better,negative
fielded nephew,neutral
thank roshhh miss everyone love youuu,negative
eight coach derail near station uttar pradesh,neutral
bjp fly wing,neutral
best community gathering coming full,positive
want wouldnt able get time dont know people year go unhappy,negative
spell endures,neutral
ohnoo unhappy unhappy hope recuperates sooner,negative
kept going unhappy,negative
mr king excited work student today check cool classroom shape lot math happy,positive
rohiths buddy autopsy caught distrust,neutral
made new logotype really fun work follow want keep updated,positive
thanks recent follow happy connect happy great thursday want,positive
pitched battle progress du abvp disrupts ramjas march maurice nagar p,neutral
modi,neutral
common bugbear india also epaper,neutral
honesty hug wellheeled,neutral
mummy,positive
5 kid orphaned parent branded hacked death,neutral
say,neutral
unhappy,negative
grooming season dawn madhya pradesh,neutral
jimin yoongi unhappy,negative
aiadmk expels supreme court ruling knock cm race,neutral
dont think youd understand much stream would mean happy even makedo,positive
mastermind module arrested police,neutral
unhappy sorry pizza arrived mushroom despite request could please get touch vi,negative
picture make sad unhappy,negative
heat wave coming,neutral
supreme court summons bos,neutral
wow friend dara shared hubby look terrific order,positive
meghalaya got bred local pig variety,neutral
india force want 20 mp named shamed antic,neutral
ugly highrises taking grand structure ignored,neutral
list want happy,positive
govt merge bharatiya mahila bank greater service outreach,neutral
profit sanity,neutral
brewery uk smile,positive
prasun chaudhuri dying art carving,neutral
happy,positive
go way keem minaun thats good one extreme driving today smile,positive
hey screenshot sainyo hmm tumagal sana u stay uu im always fr uu matter luv uu mat,negative
cold mother crusher right nearing end april sad,negative
instant message cramping sad,negative
painful goodbye onesthat never said never explained cry unhappy,negative
sound family,negative
also epaper,neutral
perfectly happy player weve got,neutral
stretch highway save bar,neutral
india foreign secretary visit next week frank talk,neutral
indian navy ship respond piracy attack foreign merchant vessel gulf aden,neutral
rather uk,positive
here brutally respectable suit enjoy happy contrast appreciate mo,positive
patnas tire machine,neutral
want learn choreo ugly body say cry joy,positive
said d2 largely sd d2 doesnt run newer version mac o miss playing unhappy hd woul,negative
sad fuck unhappy,negative
pop request assassin shower gel happy,positive
bsp bos averse joining force nonbjp party,neutral
hi kn fan happy,positive
9 civic body state go poll tuesday,neutral
damn there people sincerely want attend bh birthday party bcs people try fun make ca,negative
writes sonia sarkar,neutral
thanks recent follow much appreciated happy get,positive
sorry one bad egg embarrass rest unhappy,negative
penge damit unhappy,negative
penge damit unhappy,negative
jharkhand body upgrade pitch test,neutral
thought made transparent,neutral
hi ashish weve update regarding concern number switched unhappy please share another suitable time cont1,negative
thanks recent follow happy connect happy great thursday want,positive
former captain diana edulji others panel run,neutral
thanks sharing happy,positive
indian hold promise battle,neutral
wasnt meant sound ano sad,negative
7 indian scrap tag handbaggage,neutral
suspect one would get happy,positive
000 seat across 3400 college,neutral
thats sooooooooooooo sick xd thanks much making kin love,positive
never happened happy,positive
thank kpop cry joy,positive
list may good idea,neutral
member camp meet assembly speaker p dhanapal,neutral
visual studio installation 89 bsod come suddenly unhappy,negative
arson film set,neutral
people stuff like unhappy,negative
would great trick happy,positive
thanks lot,positive
one year ago today unhappy,negative
would great trick happy,positive
govt mull giving power award teacher,neutral
instant message lot pain school doesnt allow pain med unhappy,negative
much pain eye hurt unhappy,negative
u review lifting sanction iran tillerson,neutral
oath taking new cm take place 5 pm sunday keshav prasad maurya,neutral
dont actually live honesty integrity wont embraced,neutral
trying get touch number appear unhappy,negative
hold frown youve used new application made team happy,positive
regime change bullying police officer,neutral
result live lead 93 seat offer resignation,neutral
petronas bluegreen isnt far away billy monger bluegreen thought happy,positive
resolve sooo slow laptop,negative
lose light,neutral
state bank india q3 profit double r 2,neutral
definitely arm unhappy,negative
uttar pradesh video,neutral
hindibelt party,neutral
thats grim unhappy,negative
private airline follow revoking flying ban senas,neutral
someone pls gift xayah using pi plssss unhappy,negative
sc collegium accepts govt thorn,neutral
7 arrested attack probe,neutral
headline inflation measured consumer price index cpi remained control third successive financial year,neutral
okey unhappy,negative
jimin yoongi unhappy,negative
politics,neutral
good show pale next 329 jump import,neutral
right herearent happy dont xno im still condition,positive
420 today,negative
step,neutral
gdp grew 7 quarter,neutral
cant unhappy,negative
che critique unhappy,negative
long shes cool,positive
new thesis another geniussir,positive
going add bazza,negative
world big big problem worry take world much smile happy,positive
jimin yoongi unhappy,negative
kabalis spell,neutral
made day great story happy,positive
chin leo cry,negative
thank happy,positive
oh andy unhappy,negative
streaminuteg 45 minute understanding thing still unhappy,negative
please meeeee followed almost year unhappy,negative
high court judge play card,neutral
key europe,neutral
especially people low patience level happy,positive
3 garden make mark u meet,neutral
calcutta get mom accept calf,neutral
another great day westhoughton,positive
record haul booze,neutral
birthday isnt another hour,positive
share love high value member week happy insight,positive
donny unhappy,negative
said,positive
thanks recent follow happy connect happy great thursday want,positive
please reading break heart unhappy,negative
fun welcome back taping first day happy mainit pawisan dirty really miss,positive
malik sajad,neutral
honey unhappy,negative
think tfp soundwave forever trapped void realm unhappy,negative
new mother challenged change date exchanging note,neutral
arisun town hall pretty terrible service rude staff went icgs fryer broken unhappy,negative
say isro official annadurai,neutral
understand state ohf mind ohf ji right nohw hence,neutral
hit splurge freebie,neutral
tn,neutral
high court order govt waive droughthit farmer,neutral
2nd cousin vlad maybe thats message hockey g,positive
order ever want eat websitemay great day happy,positive
militant opt poaching fund outfit,neutral
palaniswamis victory dhoti survived,neutral
relief front small firm hit,neutral
top law advisor back use human shield,neutral
ready next fire lighting session keen early bird already smile,positive
panchayat parliament seems bos amit shah goal,neutral
economic survey tabled parliament shortly know economic survey,neutral
varanasi,neutral
music direction favourite,positive
follow dm u able assist chris happy,positive
superstar thanks much kind word look forward seeing soon buddy smile,positive
also epaper,neutral
ill always love happy,positive
trauma driving without red,neutral
leading 18 seat,neutral
share love thanks top new follower week happy want,positive
bihar set rs25lakh fee skip subsidised education,neutral
also epaper,neutral
fret wait governor call,neutral
omg im happy new video bigbang baby happy,positive
court summons cm suspended bjp mp accused criminal defamation plea,neutral
good morning unhappy,negative
hello,negative
untold story pranab mukherjee nixed plan unseat,neutral
question 18 make sure use tweet reply happy,positive
people don27t know always think quiet people know wish kiss thefashionicon,positive
yeah update 1604,negative
missed whole lot unhappy,negative
dang guess plan ruined unhappy,negative
air india lift nofly ban mp,neutral
helloo car fox ror925,positive
mutual let talk moreme suremutual happy,positive
froze mid install waited 3hrs hed pull plug cry,negative
thanks top engaged community member week happy try,positive
need know election commission open challenge hack,neutral
claaaaaaaaaaaaasse,negative
one backward cap,positive
way tackle world say prabhat patnaik,neutral
lesson school,neutral
several injured mob storm polling booth low 33 turnout till 11,neutral
calcutta suddenly cannot enough mother dish outsourced outlet,neutral
don27t spam way,positive
wow made j compressor actually check scoped variable existing turn issue happy linters may useful happy,positive
im really happy,positive
thanks recent follow happy connect happy great thursday,positive
unhappy 4c struggle valid,negative
rt 13 ffsits much theyre freelegitfree follow first get quickerbe patient g,positive
rl serius,negative
understand look sad,negative
want go m game unhappy,negative
anybody know rand likely fall dollar got money need change r keep getting stronger unhappy,negative
scientist find,neutral
dont laugh unhappy meanie base,negative
also epaper,neutral
thanks recent follow much appreciated happy want,positive
would great trick happy,positive
sup guy,positive
want meet bad unhappy,negative
dropped follow twitch happy,positive
president back move make mandatory class x,neutral
ah alright,negative
crpfs commando return unit,neutral
thank crew happy,positive
supreme court asks 6 state explain vigilante banned,neutral
worry unsold stock,neutral
man,negative
within budget,neutral
much appreciated happy,positive
bengal bill scare pervert school,neutral
7 coach meerutlucknow rajya rani express derail near rampur,neutral
thanks recent follow much appreciated happy sent,positive
put password wifi kiss thefashionicon,positive
kind feel like sunburight right sad someone please make nobby thing glass slip,negative
thank happy,positive
25x25 go first happy,positive
au alisha unhappy imagine thing could,negative
best college varsity,neutral
hit,positive
may go away happy,positive
dammit effect linearts doesnt show nicely twitter unhappy,negative
wont keep promise good quality,neutral
amit roy potboiler,neutral
big love anne cox happy,positive
hijab stand radicalisation,neutral
demitronisation relief small firm,neutral
idea saying almo,positive
russell phone 10 possibility chance would notice unhappy,negative
oh sadly wont watch right theyre forbid see unhappy,negative
play woman wronged,neutral
want give everything make happy see smile unhappy,negative
please rt hell buy blinking taehyung headband,negative
ouch elena ereminas foot slip,negative
death currency,neutral
need unicorn frappuccino stat found limited timee unhappy much longer,negative
hellooo happy satansdaughter taylynnox,positive
ngt punch hole delhi fuel supply chain ban old tanker,neutral
cheeky,positive
would great trick happy,positive
big brother academia,neutral
im slow unhappy,negative
took social medium complaining bad food,neutral
feel bad,negative
cabinet approves merger five subsidiary state bank india stateowned lender finance minister arun jaitle,neutral
groovy thursday happy,positive
sad story unhappy,negative
think thats one hottest part body,negative
also epaper,neutral
miss boy unhappy started working local boy nervous college friend,negative
lost password,neutral
late night,negative
genix deserves much myth open eye community want,positive
govts latest school kid,neutral
national body meeting,neutral
oh unhappy,negative
fact parrot minecraft coming soon,positive
rallying cry become thing behold celebrate season,neutral
pm reach parliament,neutral
generous support integral part happy thank like,positive
man took neighbour court pet dog bark night judge,neutral
going notice yous unhappy,negative
dame computer decides crash unhappy,negative
need help guy cry,negative
really really need right unhappy,negative
went workdont get excited,positive
veronice jughead happy,positive
000 crore property pune,neutral
missing cry seaside area,negative
sultanpur bahraich,neutral
india rush put fire,neutral
bjp 13 seat fails get majority congress emerges single largest party bagging 17 seat 40member house,neutral
fun,negative
wanna get haircut don27t know good place unhappy,negative
thanks recent follow happy connect happy great thursday want,positive
tamil nadu,neutral
good luck rich riding great project sunday donate,positive
shield child,neutral
thanks recent follow happy connect happy great thursday,positive
share bugbear,neutral
gotta keep trying quit work unhappy pick please give,negative
happy,positive
pic unhappy,negative
ok never problem old ticket app,negative
7 day qa ram madhav,neutral
india changed,neutral
far worst day 2017 since january 8th unhappy cry cry,negative
im staying sa unhappy,negative
said see concern assure sir hinduism stay dharma,positive
nice outside stuck school day unhappy,negative
waited u unhappy,negative
salary reminds weekend,negative
wish dog knew much hyped snap chat unhappy,negative
punjab,neutral
thank much willow helped ring birthday amazing stream last night,positive
say,neutral
nooo hair color pretty,negative
still strict,negative
sc frame issue mar30 regarding triple nikah halala consideration12,neutral
teacher said stand,neutral
looking forward come see u booth going right center field happy,positive
govt admits economy take hit,neutral
also epaper,neutral
miss much unhappy,negative
hi please rt pinned post happy,positive
vijayvargiya dare arrest leader,neutral
im upstairs right happy,positive
happy,positive
amit roy looking campus abroad,neutral
birthday tomorrow baby unhappy,negative
last thing ive bought sweet unhappy,negative
know really love lotnot support comment,positive
former president render unqualified unconditional apology supreme court,neutral
tell state,neutral
cowardice season bud thorn,neutral
pm pitch sister,neutral
kp nayar narendra modi satisfied policy,neutral
april 19 1906 nobel laureate pierre curie run horsedrawn wagon near pont neuf,neutral
unhappy every time laughing as,negative
44 day extreme thats prediction,neutral
sciatica monumental pain arse unhappy,negative
give chance west server unhappy,negative
relief yet seller,neutral
one suggested name icc meeting,neutral
india list,neutral
rahul modi trade barb,neutral
say,neutral
say kanwal sibal,neutral
also epaper,neutral
crude building taking city world iconic building,neutral
hc scrap plea jnu norm seat cut,neutral
muddle,neutral
cant fix soon ill delay tomorrow unhappy,negative
scientist build case bite,neutral
hahaa im second best always happy,positive
rose come he really enthusiast using much may,positive
ia officer insist,neutral
apr 26th beach house dinnermusic party oldie goldies happy buffet bbq 40tlbeer wein10tl raki125tl h,positive
wish could attend unhappy,negative
angst author,neutral
unruly behaviour violence aviation network regrettable incident investigated appropri,neutral
thanks recent follow happy connect happy great thursday want,positive
laddoos winner,neutral
farmer get lucky,neutral
reason celebrate uncelebrated,neutral
also epaper,neutral
damn there people sincerely want attend bh birthday party bcs people try fun make ca,negative
ending soon aah unhappy,negative
see hope comment,neutral
time fly,negative
popping store,positive
200000 people turned bolpur famed,neutral
kp nayar exit could bad india,neutral
3 killed,neutral
stats day arrived 1 new follower unfollowers happy via,positive
big bos calcutta science giving,neutral
wont probably phil hasnt seen yet unhappy,negative
wish could vote unhappy,negative
ceo today 7,neutral
,neutral
suddenly miss ate unhappy,negative
helloo mack macktimus,positive
rt indirect happy,positive
corrected thanks,neutral
happy 27 million keep happy 71 million close another 100m,positive
jungkook look like give biggest warmest hug unhappy,negative
order ever want eat websitemay great day happy,positive
wht sort thing cant use word person itcan cause suffering th sad,negative
opera nirjhor long claiming first one rosi,positive
gujarat turn avenger,neutral
flashing light paying parking,neutral
wth 420 happen easter holiday one best day leeds unhappy,negative
ohh welcome clxsslc chanyeol oppa call richard kalau jadi sayang gimana unhappy,negative
roc boyz sad,negative
manini chatterjee adopting yore,neutral
sanjiv goenka tell,neutral
cannot stopped using scheme like opening bank account,neutral
kissward taglinetweet u pan noonecanstop kissward,positive
rip te 100k experience cry,negative
let agree put brain knee cry joy,positive
know think look exceptional new mum,positive
electile dysfunction,neutral
caution loan waiver,neutral
okay,positive
cheer,positive
get rover dthey double sided check shipping worldwide,positive
ignorance shape indian attitude towards,neutral
bounty savarkar yamuna damage bill,neutral
ashok v desai formula tackling bank,neutral
talking driver im goinghe said hed love go new york since trump probably,negative
don27t know look cool cry joy,positive
mythbuster20 happy,positive
flame singe event college,neutral
perfect,positive
online crush come meetup without snapchat filter unhappy,negative
im sorry unhappy,negative
aseek,negative
jk attached,neutral
new video today happy,positive
bapak tom cruise,negative
company photoshoot fabulous photographer happy look determination concrete shoe get,positive
lady tell yoyoyou dont play golf wyoyoyoud make yoyoyou want play top 3 reason yoyoyou play heyjyoyoyoude66info,positive
body pull either,neutral
bihar meet,neutral
mettur legislator semmalai join cm camp,neutral
first round exit 15 minute followed 45 tech cry unhappy,negative
govt decided merge industry department,neutral
ever australia love vids lovo youtube,positive
consolidation independent 2nd countrywide political entity,neutral
opposition disrupts demand apology,neutral
2017 making law ban mha sitting draft,neutral
oil price hit threemonth low u rig count climb,neutral
akhilesh aunt,neutral
sworn chief minister tomorrow,neutral
one direction band one who giving unhappy,negative
call affordable dialysis,neutral
sometimes night feel scared vulnerable cry,negative
released 3rd episode programming everyone sure check happy,positive
veggie,neutral
didnt get chance say hi unhappy,negative
never draw unhappy,negative
come volunteer abbeydale picture house next wednesday,positive
indian politician still need lucky charm campaign bus,neutral
he beating two favourite anyway ill stop caring match,negative
going back back jail,neutral
31member cabinet swornin 430pm raj bhavan,neutral
hi tried call number got response unhappy please share another suitable time alternate number cont1,negative
well thats terrible unhappy,negative
enjoy smile,positive
much appreciated happy want,positive
rumor going around video performance youtube already deleted,negative
dont ask two special issue lined unhappy,negative
nani lie unconscious,negative
baes unhappy,negative
want see happy sad,negative
notice anything unusual happy birthday lovely frooty happy,positive
postshow blue hitting hard unhappy,negative
thanks recent follow happy connect happy great thursday,positive
wish knock lang talaga new school year good cooperative groupmates please unhappy,negative
2nd phase begin cm okram ibobi cast vote,neutral
get 70rts giveaway 5 minecraft account origin account randomly people retw,positive
use purple flowercrown display picture unhappy,negative
national bitbucket unfriending day save 2 smile,positive
even benchmark propoor leader seems,neutral
sekhar raha letting go past,neutral
new twitter account piss idea maja salvador follow applicable guy happy,positive
thanks recent follow happy connect happy great thursday want,positive
god koala,negative
3 thats lot cheaper easier make schematic need special cable doesnt come easy unhappy,negative
accountsthem get rekt,positive
former captain michael john clarke strength team,neutral
road safety crusader fight bid bypass order highway,neutral
life reflection way think change way think,positive
freaking chapter one piece definitely good one,positive
shocked hc order handover cbi,neutral
client work rt favorite happy,positive
miss talking yoyoyou yoyou younhappy yoyou always still talk,negative
theyre like 90 calorie per piece unhappy,negative
don27t know saw comment yet,negative
look good blue happy,positive
hole armour,neutral
govt,neutral
tum still like 20yrs happy,positive
dont ever thank j hunt,positive
india spike 3 initiative,neutral
puppy deserves better unhappy,negative
welfare,neutral
friend smile,positive
one direction band one who giving unhappy,negative
statement terrorist initiated incident shopian,neutral
dog family 18 year put tomorrow unhappy,negative
dream one still alive,neutral
unhappy friendzone damn sad,negative
jawan tej bahadur yadav,neutral
pip singing let snow cry joy,positive
would sustained fame unhappy,negative
sorry tired stream get sleep try fun tomorrow wasnt feeling tonight guy,negative
parrikar resigns defence minister,neutral
appreciate sentiment couldnt happy,positive
feeling shit today unhappy,negative
supreme court decided future rival,neutral
court limit 500m leaf watering hole dry,neutral
youngjae fansign 041017 constantly massaging back clearly something wrong pretended,negative
kind jealous laugh ny fault working hard happy,positive
jem dark star orianna splash assistance alex shes done lot splash update,positive
jongin asked member whether eaten felt wronged ate without unhappy,negative
dynasty demonetised,neutral
trashing others possee behind boost ego,negative
unhappy sorry hear,negative
100,neutral
yg sent mcd want see holding trophy unhappy anyways,negative
buried alive screaming head cry,negative
watchman come threatens,negative
plan cap fee,neutral
thanks recent follow much appreciated happy want,positive
seems cost abut 40k year im paying half full education dont get treat,negative
damn there people sincerely want attend bh birthday party bcs people try fun make ca,negative
100 per cent viva follow,neutral
case exempts centre filing status report proceeding international tribunal,neutral
happened promised fund,neutral
civic poll counting begin 10 today eye result,neutral
thanks smile much better today thanks message,positive
almost overnight,neutral
le videre happy,positive
delma hanville official connected twitter thank follow please dont ever let go happy,positive
extended family 12 pplahh wanted show oh girl dorky playing game got deleted unhappy,negative
britain becoming xenophobic hostile,neutral
wont say sorry man assaulted,neutral
begum jaan,neutral
centre mobilises 247 company 24,neutral
mayes unhappy g,negative
tapping selfhelp group,neutral
freebet sport except total mkets handball,negative
wont ban,neutral
1 rupee increase mock dignifiedliving plea,neutral
u give scare,neutral
jackson unhappy youngjae silence aww,negative
order weekly trainee,neutral
destroyed,neutral
bengal,neutral
thanks recent follow happy connect happy great thursday want,positive
sahas preference onedayers t20s,neutral
wed love,negative
greatness mean winning say sunanda k dattaray,neutral
quoting bbc,neutral
nachnis dying unsung,neutral
wandering around,positive
thanks follow happy,positive
new one seems bit unstable unhappy,negative
stress dress code,neutral
kante broke girl love exposing broke niggars much wheres team spirit unhappy,negative
happy 420 everyone happy,positive
cm laxmikant parsekar tender resignation lost seeandidate dayanand sopte see,neutral
failed govts birthplace test,neutral
thanks recent follow much appreciated happy get,positive
sc hear various petition constitutional legitimacy today,neutral
mutual let talk moreme suremutual happy,positive
good morning peady,positive
yogi sworn chief minister sunday afternoon,neutral
hi tried call number got response unhappy please share another suitable time alternate number u cont1,negative
thanks recent follow happy connect happy great thursday want,positive
bureaucrat wonder,neutral
wont able stream tonight im sorry guy unhappy,negative
rate fall 8,neutral
inspiring cry joy,positive
hope he ok,negative
preacher unhappy,negative
close animation 3i post second part soon happy,positive
koala dying thirst u unhappy,negative
may open happy,positive
also epaper,neutral
bengal trinamool vote share go,neutral
love youu much unhappy thank,negative
overburdened say may able hold college teacher year,neutral
still possible unhappy,negative
sc hear petition challenging bombay hc order beef ban,neutral
leftist became minority voice,neutral
koala dying thirst u unhappy,negative
timeline,neutral
india ready manipulation human embryo,neutral
notice unhappy,negative
akhilesh keep option open,neutral
rocksoc still going beginning smile,positive
great thursday looking forward reading tweet happy want,positive
damn there people sincerely want attend bh birthday party bcs people try fun make ca,negative
also epaper,neutral
work unhappy ill see tomorrow,negative
still waiting unhappy,negative
blame stipend crisis faced 4000 scholar,neutral
calcutta high court order probe sting operation,neutral
google,neutral
younger softer cry joy,positive
share love thanks top new follower week happy,positive
1 terrorist killed report terrorist holed false adg,neutral
reverse polarisation special epaper link,neutral
thanks recent follow happy connect happy great thursday get free,positive
cm assures impartial probe,neutral
congrats,positive
episode two cry joy,positive
goodnight love beautiful boy unhappy,negative
mmmm blood enemy happy,positive
515 subscriber dthe continues,positive
oh yes happy,positive
kp nayar engagement gulf deepened,neutral
koala dying thirst u unhappy,negative
beautiful album greatest unsung guitar genius time ive met great backstage,positive
china lodge protest india ambassador vijay gokhale visit arunachal pradesh foreign ministry,neutral
say keep happy,positive
usually speedboat behind get river unhappy,negative
last night dream moved japan happened see denied friendly request unhappy,negative
,neutral
face swapped cat dog really upsetting unhappy,negative
hellooo happy lil strait daddyyrat,positive
adityanaths rise,neutral
morning happy,positive
1st round talk held,neutral
yes happy,positive
voting pattern show cofounder,neutral
hey thanks top new follower week much appreciated happy,positive
transparency looking india ranking start bottom,neutral
also epaper,neutral
aw bcc pride prom kind want go happy,positive
meeting governor end stake claim form government jaya tv,neutral
19 day school left happy,positive
love much ruichan smile smile,positive
one table last night told look like graceful ballerina gliding table another told looked like flash dancer unhappy,negative
sixth spot applicable team higher pa kiss thefashionicon,positive
also epaper,neutral
happy birthday hoe good day,positive
bjp urge governor vidyasagar rao take decision basis number well credibility,neutral
guess happened said adopted son,neutral
great week happy,positive
savour civic win congress loss,neutral
hawhaw cry,negative
hi han,positive
r 42 crore needed repair damage floodplain event,neutral
definitely arm unhappy,negative
recent follow much appreciated happy want,positive
change stance accommodative neutral,neutral
get license raid without citing ground,neutral
sonia sarkar jiggigs key tool run,neutral
kidparent friendly space like please,positive
bengal top woman child,neutral
stats day arrived new follower unfollowers happy via,positive
moved discretionary based administration policy based administration,neutral
rock next question astro unhappy,negative
7judge bench set hear plea challenging right possible,neutral
raining hard unhappy,negative
hellooo happy pussy creepzx,positive
ich ned unhappy,negative
opening lotrt like would laaaaaverly xxenjoy,positive
hello 1372 follower thank much following love read tweet happy want,positive
sachin tendulkar 2nd inning,neutral
samsung chief lee arrested south korean corruption probe deepens,neutral
terrorist lucknow make statement,neutral
last event chapter 1,positive
happy birthday cyoutestfyounniest l know good day coreo boreo,positive
think im probably beyond repair sound tea etiquette happy,positive
also epaper,neutral
say tn cm meeting governor ch vidyasagar rao,neutral
publisher lose photocopier,neutral
effective figure show,neutral
clay hannah love deserved endgame unhappy,negative
link seventeen yokohama concert english sub ddl,positive
right sir rob love torture u unhappy,negative
antiromeo squad start lucknow video,neutral
delhi uttar pradesh view,neutral
supreme court asks govt explain need precensorship,neutral
stats week arrived 1 new follower unfollowers happy via,positive
beauty personality kiss thefashionicon,positive
patience,neutral
main reason drink total selflessness,positive
yogi pm,neutral
arrest conman bribe charge nephew churn politics,neutral
team come minimal sideeffects,neutral
also support,positive
sadly yes since expected continue losing support dropping bomb unhappy going expe,negative
thanks recent follow much appreciated happy want,positive
foreign policy must rooted ethic,neutral
took full drink uber guess could say instant message pretty wild tuesday well never forget happy,positive
ah,positive
thanks recent follow much appreciated happy want,positive
yes,positive
tired there nothing great combo unhappy,negative
elaborate system place prevent misuse evms election commission,neutral
hellooo happy kyle davy rebelbyacause,positive
heart hurt sad hate people,negative
youngjae looked sad video unhappy,negative
pharma company opposing name,neutral
sure happy,positive
oh god unhappy next time mishutuuu,negative
happy ill see closer con five lol,positive
sad life must,positive
yet maybe year happy,positive
person chose shut fuck unhappy,negative
one direction band whats going unhappy,negative
would great trick happy,positive
yogi adityanath arrives venue meeting mlas amid talk named chief minister,neutral
powerpointte mi hazirladiniz postu unhappy,negative
try front door,positive
manifesto,negative
cant wait see film karl wished would im bu,negative
find difficult say unhappy,negative
miss unhappy,negative
find sunanda k dattaray,neutral
graduated captain,neutral
thanks recent follow happy connect happy great thursday want,positive
air india enforce fine unruly passenger,neutral
winner award telegraph advantage 2017,neutral
also epaper,neutral
someone asked hows life smiled replied,positive
serious charge absent varsity press release appear plaint htt,neutral
got aksis 2nd part cp never completed since return investment dropped laughing loud unhappy,negative
nice really nice stuff mostly black dress wont get away june wedding though unhappy,negative
april really really bloody im proud boy cry joy,positive
attack,neutral
unhappy,negative
anyone got design could find one would grateful,positive
mutton,neutral
station didnt check happy surely combination 0xxxxxx938 0xx9,positive
imagine win next time unhappy unhappy,negative
definitely arm unhappy,negative
find sign,positive
miss going gig liverpool unhappy,negative
miss biking unhappy,negative
thanks recent follow happy connect happy great thursday want,positive
guy please help retweet unhappy,negative
ady guy pop asia translator theyll probs go around au unhappy,negative
loved reply get lost,positive
roc boyz sad,negative
senas apologises parliament,neutral
cant continue right lighting shitty f swear sorry sad,negative
hope great,negative
let take hit,neutral
digital monster want work blackpink make happen pls unhappy,negative
tutor kid roped harvest,neutral
love blogger love u much happy thank amazing review perfect glass h,positive
put question mark video,neutral
molten tar wipe family,neutral
man arrested truck death suspected carried attack,neutral
sena lawmaker opposing harsher step assaulting public servant,neutral
thanks recent follow happy connect happy great thursday,positive
ready 420 happy,positive
aiadmk expels supreme court ruling knock cm race,neutral
finance minister arun jaitley table lok sabha,neutral
make built westward ho calcutta estate read,neutral
rahul met hc give cbi,neutral
centre hiked job scheme rupee,neutral
nothing changed date april 28 make,positive
bihar exam body bos,neutral
jk school college shut clash,neutral
thanks recent follow happy connect happy great thursday want,positive
none cry joy,positive
worked beautifully redesign import page suit whole application would mak,positive
visiting prime minister,neutral
shihaaaa help bishie hunttt equal equal,positive
courage,neutral
pawar point,neutral
virulent going india culture census,neutral
4000 punjab cop spent night preventing filling breach wall,neutral
someone messed unhappy available,negative
bjp sold development sprang hawk,neutral
still live,positive
want drink cigarette unhappy,negative
thanks recent follow much appreciated happy want,positive
confession,neutral
oh,positive
eas 317 per cent january 341 per cent december,neutral
keep looking thing bought yesterday dream unhappy,negative
yg sent mcd want see holding trophy unhappy anyways,negative
also epaper,neutral
uncheck new arrival happy,positive
dumbing popular entertainment important issue,positive
call center nice game 420 unhappy,negative
feel fucking shit today unhappy,negative
feel way life get everyday positive mood happy,positive
found use sewable led holder happy,positive
nonteaching staff call end jnu stir,neutral
nice gif happy,positive
assam,neutral
claim mass decides,neutral
write fiction pr knob writes sentence fragment ipad next shoreditch house piss,positive
wasnt lit unhappy,negative
think kiss thefashionicon,positive
receiving end,neutral
supreme court say auction aamby valley project money paid others,neutral
turf,neutral
britbashing,neutral
thanks recent follow happy connect happy great thursday get,positive
,neutral
register case meat exporter graft case name former chief ap singh also,neutral
baaaper unhappy,negative
superstar thanks much kind word look forward seeing soon buddy smile,positive
puppy deserves better unhappy,negative
ohh normally feel sick drink like 34 cup coffee,negative
still sign small area garden would obvious sad quite eye,negative
see one happy transitional piece chiffon dress,positive
depth charge sonobuoyspse note msltorp getting released,neutral
modis call orphan trafficked,neutral
first group local came forward yesterday cake card african victim racist mob violence,neutral
damn there people sincerely want attend bh birthday party bcs people try fun make ca,negative
send dm postcode check local store look forward reply happy nathan 22,positive
noooooooo gonna miss buffet unhappy take care,negative
shameful business stop paying giant corporation food dont need wake people plea,negative
miss quacktopia unhappy,negative
online crush come meetup without snapchat filter unhappy,negative
camera shooting,negative
ill try sad yes unhappy,negative
tolong bantu sampaikan keluhan army ke dong many complaint since day 1 ticketing unhappy,negative
life dark corner become magical villager got 1st year,neutral
principal rajendra prasad say heart bleeds v,neutral
rt good evening everyone happy join twitter party tonight official taglinetanner welcomebackph tmi,positive
agriculture sector grow 41 per cent current year 12 per cent 201516,neutral
yesterday faci cute 30 today faci old eeyer,negative
rt hate cry joy,positive
opening lotrt like would laaaaaverly xxenjoy,positive
people wanted buy bulk govt,neutral
miss much unhappy,negative
feel sick today unhappy,negative
getting harder harder stay unhappy,negative
back unhappy,negative
board stand potboiler also epaper,neutral
back matemticas unhappy,negative
like legal sweater design available,positive
thanks recent follow happy connect happy great thursday want,positive
mmmmmmmm love naughty wife smile,positive
mp join camp fret tends flock,neutral
ngam week left cadet pilot exam cry joy,positive
gun bjp,neutral
thanks recent follow happy connect happy great thursday,positive
happy 16th birthday bff may 15 half ill take place happy great birt,positive
rip victoria wood heaven know miserable unhappy,negative
remember vocab knowledge worth 75 grade announce winner tomorrow morning 10am happy 15 purchase happy,positive
bureaucrat face action drinking alcohol anywhere world,neutral
floor test saturday,neutral
final next week unhappy wish luck x,negative
thanks recent follow happy connect happy great thursday want,positive
two indian kidnapped south sudan released,neutral
enjoy happy,positive
land delhi,neutral
abvp take tricolour march 180ft long flag ramjas,neutral
saddest part day everyday ryan leave 530 unhappy,negative
1st day ja entertainment marathi film savita damodar paranjpe big fan story finally get,positive
death 1st solo trip also epaper,neutral
leadstrends 26117 bjpsad 3,neutral
pamura isa moment,negative
5judge constitution bench sit may decide plea relating aspect triple 22,neutral
last kiss unhappy,negative
astaga unhappy,negative
soph please don27t win unhappy jk good luck think draw good poster,negative
hey thanks top new follower week much appreciated happy,positive
offline unhappy,negative
happy hope,positive
im bit rusty unhappy,negative
today 420 hitler birthday unhappy,negative
every time think skin getting better,positive
congrats 3m follower instagram happy,positive
bjp see stamp missing choice,neutral
bihar tell govt rejected idea,neutral
faltan russel noodle unhappy,negative
ban ja hero,positive
swornin chief minister,neutral
another atbb way wish srk sir start signing good movie unhappy,negative
thats law nature happy,positive
got msg oops unhappy,negative
,positive
killin time say hey,positive
air india tighten security mumbai pune threatens stall airline operation,neutral
hey tony,negative
thanks retweets week much appreciated happy want free,positive
twitter explores premium version 11 year free service,neutral
breaking india december quarter gdp 7 percent reuters forecast 64 percent,neutral
superstar thanks much kind word look forward seeing soon buddy smile,positive
edm pleaseeeeeeeee unhappy,negative
talking driver im goinghe said hed love go new york since trump probably,negative
always welcome thank sa treat sa susunod ako happy,positive
de tonight don27t really care cry joy,positive
definitely arm unhappy,negative
absorbed im going get laugh get 2000 vote unhappy,negative
bring back ginger curl,negative
bengal unit finally get fulltime chief,neutral
told bugger hung waned access pc phoned someone like gran,negative
hard notice haay unhappy,negative
happy birthday megan happy,positive
know,positive
thank roshhh miss everyone love youuu,negative
look beyond defence visit,neutral
supreme court take record unqualified apology tendered bengal counsel,neutral
helloo keepsmilingy,positive
7 arrested attack case police see link,neutral
would great trick happy,positive
here part happy,positive
sibal datar spike bcci wish,neutral
selfbelief kept top game,neutral
javadekar back restrictive research entry,neutral
hellooo happy bluey xblueys,positive
didnt arrive unhappy here hoping tomorrow,negative
superstar thanks much kind word look forward seeing soon buddy smile,positive
omg im sad say actually dont remember unhappy happen,negative
sc issue notice centre,neutral
jatavs base pitch muslim,neutral
ansals let lightly,neutral
kp nayar party revolt knocked nominee labour secretary post,neutral
half empty cloud research,neutral
website since long happy,positive
miss jihoon sad,negative
youre right mcconnell well unfortunately,negative
hate park jisung much sad,negative
5736 turnout fifth phase voting end large peacefully 51 assembly seat ceo venkatesh,neutral
new twitter acc happy,positive
hope everything go right unhappy,negative
unhappy oh man,negative
thanks recent follow happy connect happy great thursday want,positive
suck unhappy,negative
damn there people sincerely want attend bh birthday party bcs people try fun make ca,negative
cant deathmatch piss unhappy,negative
going burst data cry joy,positive
hey thanks top new follower week much appreciated happy want,positive
happy birthday cry joy yoyour cool hope yoyour day go super good,positive
nah overrated happy x,positive
formidable madame calcutta run business,neutral
fear plan set rate,neutral
jp yadav find usversusthem undercurrent,neutral
happened unhappy,negative
guy read least cry joy,positive
oh noooo baby unhappy,negative
say,neutral
also epaper,neutral
want good vibe watch youtube tv100 application free happy,positive
tonight 7pm,positive
say source,neutral
sound like lot fun like,positive
cleantha,negative
could dethrone top draw,neutral
824000 new vehicle trashed,neutral
yeaaaah alpha invitation well received happy,positive
made trek 2km fetch water,neutral
notice killing rss bjp worker another southern state cm dismantling xtian infra munnar,positive
music direction favourite,positive
handling bully,neutral
thanks recent follow,positive
holy shit 40 page script opening scene man steel krypton got compressedi wish could least,negative
available uk unhappy,negative
delhi worried silence,neutral
okay tf colorful starbucks thing social medium unhappy,negative
adore,negative
update manhattan attorney preet bharara asked resign along obamaera u attorney doj,neutral
hellooo happy xbox adhatter xboxmadhatter,positive
happy 10th wedding anniversary aishwarya raiabhishek bachchan happy,positive
u judge reject travel ban,neutral
jimin yoongi unhappy,negative
cong 17,neutral
hospital,neutral
happy,positive
yg sent mcd want see holding trophy unhappy anyways,negative
noooo 645 class time unhappy,negative
less cricketer,neutral
techie killed american took bullet aimed another,neutral
looking forward visiting youve picked great day,positive
italian easier spanish unhappy,negative
hey thanks top new follower week much appreciated happy,positive
didnt even get easter egg year unhappy xx,negative
cant wait revealing qas happy,positive
could meet saltwater next time,neutral
stake claim form government tamil nadu,neutral
teacher back worry silence,neutral
expert say wrong blaming ganga siltation,neutral
tn farmer skull protest delhi,neutral
want fun plan weekend unhappy,negative
preliminary enquiry health minister alleged money laundering,neutral
yep im going back school become editor hopefully cant wait sister really belief skill happy,positive
get professional one,positive
whaaattt,negative
miss baby unhappy,negative
4000 migrated 2015 shield capital,neutral
crazy easter donkey insane seriously crazy haha,positive
seem sold government time ago unhappy,negative
stats day arrived 1 new follower unfollowers happy via,positive
party led cant seem look beyond family top post,neutral
oh unhappy like still shop,negative
e local functionary legislature party leader,neutral
also epaper,neutral
pak court sentence death spying,neutral
also attractive liza soberano happy,positive
ready long winner named,neutral
video definitely 30 minute episode longer,positive
fund fear research,neutral
chicken pulse,neutral
currently standing outside shard bag full empty bottle came work tom today happy,positive
fish killer going pressed younhappy hoe today good person,negative
shaandaar,negative
applicablengarag applicable unhappy ill find wonu picture soon alxmdkcsnx,negative
puritan critic damned,neutral
ill attending cosmic latte saturday ill give selu shipper kasi selu month qaqo unhappy,negative
mighty albatross carried missile torpedo,neutral
jitter pervert healthcare bengal,neutral
16000 car 40000 auto,neutral
yes neil gaiman life,positive
deserve vacation happy,positive
maybe coffee unhappy,negative
ahhh id well chuffed,negative
sad dont,negative
british dhc bruce bucknell institute entrepreneur head manoj da discussing skill devt ne,neutral
okay survived,negative
assumes im outsider,negative
mp put nofly list pervert airline well,neutral
electile dysfunction among loser,neutral
childish commando happy,positive
weare u unhappy,negative
capt amarinder singh take oath 26th chief minister watch live,neutral
truuuu si grim reaper sunny huhu grabe love story nila unhappy,negative
gunbattle felled father,neutral
amazing stuff thansk happy birth control gamma ray 1972,positive
say prasun chaudhuri,neutral
cheer new administrator team happy,positive
excited thing coming future happy thing going great,positive
im sorry people make living happy,positive
everything anything day,positive
also epaper,neutral
hard see best friend another girl happy,positive
thanks recent follow much appreciated happy want,positive
cant someone worst dont deserve best kiss thefashionicon,positive
foreign tourist evisas get free card arrival,neutral
bjp worker stabbed death local temple festivity mukkattukara keralas district,neutral
,neutral
oh god laurie penny unhappy,negative
go back school music think time happy,positive
liked video,negative
thanks recent follow happy connect happy great thursday,positive
sorry always ask u follow dm happy,positive
protestors began trying rescue trapped,neutral
playing du college,neutral
wellhuman thats,positive
custom argentina fill paperwork unhappy,negative
want good vibe watch youtube tv100 application free happy,positive
talking driver im goinghe said hed love go new york since trump probably,negative
talking tattoo make want bb8 tattoo im broke make unhappy,negative
got rest,negative
awesome recommendation jess listened,positive
climax shot happy,positive
loved beth much unhappy,negative
fro flight affected result consequential delay expected,neutral
modis call ensure justice woman facing evil custom,neutral
spe,positive
quoting official,neutral
print edition today,neutral
would great trick happy,positive
appreciate recent retweets great thursday happy,positive
may one worker properly compensated unhappy,negative
umma cry,negative
also epaper,neutral
badly equipped surgery,neutral
fri thu im going friday showing,positive
note indian,neutral
karnataka body decided boycott award function,neutral
meant potato factory thriving reality bengal farmer chain,neutral
white genocide thing figment imagination youre victim nothing disinformation,negative
escalated quickly,negative
froze time went 1610,negative
mom lost teen kid fire same2c old2c boring shit let lightly,neutral
wheres justin miss unhappy,negative
store still use,negative
cabinet meeting begin,neutral
friend egg,positive
also epaper,neutral
nia take encounter,neutral
govt made look benign use revised lower base comparison,neutral
awww yeah,positive
thanks lala much needed happy,positive
hobart 7 week lot look forward happy,positive
wish could stay bed day listen rain sad,negative
flavorful dream,negative
effort pay happy,positive
half time crash unhappy embarassing,negative
repolling underway 8 assembly constituency went poll 1st phase march,neutral
congrats,positive
thanks week,positive
prepare inspired happy,positive
karnataka,neutral
fir registered minister gang rape sexual harassment,neutral
love,positive
thanks recent follow happy connect happy great thursday want,positive
mutual let talk moreme suremutual happy,positive
first time 3 decade,neutral
governor ponders,neutral
zoo mark,neutral
soon need much cry joy need kaswa,positive
favorite hobby finding negative positive thing happy,positive
asks govt,neutral
unfollowing bye happy,positive
ok,positive
puzzle piece 64rt like next please 20 rts,positive
set take oath cm today,neutral
full interview inside 7 day,neutral
piss cry 3,negative
7days today bjps expanding footprint,neutral
mcd poll release second list 127 candidate,neutral
get 900 retweets 900 like help un,negative
also epaper,neutral
hell kil,negative
celtic bruin today unhappy least sale pitching sox,negative
dept crackdown hoarder issue 87 notice,neutral
thanks connecting passionate hope like tweet happy,positive
say president mukherjee,neutral
3 men die trying save friend,neutral
hrd stop funding research social exclusion,neutral
happy boy brighten day happy,positive
im glad,negative
stay cool,positive
wut totally missed bday unhappy happy belated birthday sweetheart,negative
big decision expected,neutral
might dressed bit better,positive
surround positivity happy,positive
bjp certain get away anything,neutral
000 village taught google design,neutral
number say,neutral
mp case rajnath,neutral
13 guilty murder,neutral
knee similar colour leny henry unhappy,negative
poor baby unhappy hate people,negative
honesty hug bottom rung mystery persists missing taxpayer,neutral
sorry didnt make book drive yesterday couldnt get outta work unhappy,negative
sajeda momin cm logical milestone death,neutral
im tired unhappy,negative
hundred immigrant arrested routine u enforcement surge,neutral
bypoll put ruling combine request,neutral
would call roused midnightreminds time roommate unhappy unhappy unhappy suck,negative
miss big brother unhappy,negative
pak term access,neutral
miss bmf sad,negative
trump administration resists economics visa indian company,neutral
pinched free quality fm smile,positive
became demonetised note,neutral
also epaper,neutral
youre got disappear half way unhappy everybody want lazy eue,negative
enter win 1 box highly anticipated book 6 book box open int happy,positive
citing outsider inflow open campus,neutral
im getting one smile smile smile smile,positive
definitely arm unhappy,negative
new happy,positive
im super impressed he got musical mojo back thank much happy,positive
tat question happy,positive
one offering poor old lady seat unhappy,negative
midst incendiary wish,neutral
student stir intensify strike today,neutral
may 1,neutral
chaged best singto please,positive
look like io 11 due kill unhappy,negative
stamping tagging flier hand baggage 7 major april 1,neutral
survivor riot simple message voter,neutral
hellooo happy cjay cjay100,positive
caution site inroad mayor also minister housing environment,neutral
mane amazing unhappy,negative
offence dont want hurt anyone,positive
omg kissed cry joy,positive
despite edge,neutral
thats europe,positive
graveyard echo choice chief minister,neutral
tougher road law,neutral
maayos didn27t ang lahat happy let give space time happy,positive
difficult get least chance unhappy,negative
appeasement none policy govt,neutral
want say victory rally,neutral
mine hasnt sending stuff unhappy,negative
know unhappy,negative
supreme court issue arrest warrant get high court judge face case,neutral
youre aspiring developer near krakw excellent opportunity even pay intern happy,positive
told lately olive juice,positive
anyone 7 adapter 7 earbuds borrow day left mine car unhappy,negative
literally couldnt see thing back stage,negative
okay ive accepted way unhappy,negative
cant see,negative
modi say people dont want handout,neutral
protect layer fat kiss thefashionicon,positive
greeted cm captain amarinder singh,neutral
religious atheist,neutral
bond political funding,neutral
bed comfortable dont want get unhappy,negative
slashed research seat,neutral
offered help,neutral
may draw conclusion deviation level either direction therapy prevention,positive
10 also free postage wish seller yanan yeo one unhappy,negative
,neutral
nothing move faster girl untagging ugly picture kiss thefashionicon,positive
ahhhhh recognized logan cinemax show bad track record getting cancelled unhappy,negative
surge runnerup slot,neutral
need cheering,negative
koala dying thirst u unhappy,negative
thank happy,positive
okay happy,positive
likely hear pil swearingin today,neutral
justice fails appear apex court face contempt charge,neutral
3 shot dead protestors try rescue,neutral
president trump fire top government lawyer sally yates defiance immigration order,neutral
thanks recent follow,positive
vile tactic valley,neutral
militant wing welcome asks speak,neutral
4the pilot project green transportation across national capital region next service introduced,neutral
treaty could provide security tech culture development happy,positive
yoongi come back unhappy,negative
thanks recent follow happy connect happy great thursday,positive
love people message w long message beautiful find joon like unhappy yes agree keep going,negative
unhappy let fight kid,negative
doctor,neutral
thank happy,positive
always know come fucking clue go unhappy,negative
famed conform,neutral
time modis reform,neutral
dying thirst u unhappy,negative
instant message fine yoo,positive
organictheyll shoehorn inbut plot character developmentmcu netflix leswhat support,negative
shashank manohar stay chairman till june meet,neutral
say,neutral
use track preventing track death,neutral
say chief minister yogi,neutral
married maoist swati sengupta,neutral
delhi high court order cop shield willing driver tell striker deal company,neutral
madam also epaper,neutral
mike blessing happy,positive
work option get backing,neutral
hello everyone,positive
feeling,positive
poor mouse unhappy,negative
india industrial production contract 04 dec 2016 decline 09 dec 2015,neutral
thanks,positive
thanks upvoting u ph happy,positive
maa ki kuss tumhari take bullshit loser,negative
bihar jharkhand nice try filling police vacancie,neutral
crusader pleads saving,neutral
record low turnout,neutral
month year bonding happiness family mclisse starmu,positive
,neutral
happy belated birthday another duet amaal much needed,positive
surit dos forget dynamic mobile,neutral
mandate,neutral
lage unhappy,negative
melbourne please happy,positive
mutual let talk moreme suremutual happy,positive
front u,negative
accept people mandate,neutral
well,negative
india push university accept 3yr graduate course,neutral
also epaper,neutral
today,neutral
koala dying thirst u unhappy,negative
news,positive
agata baby unhappy broke mail read letter cant thank enough best,negative
broke rank body east,neutral
600 drug eluting crackdown wild markup,neutral
supreme court term unfortunate ground cited bengal govt plea hc order asking cbi take case,neutral
without hawk,neutral
77 old leyland,negative
hope louis get time want come back fresh happy happy,positive
psa remember ask artist draw id say thing writer apparently commissi,negative
minister pmln happy like student never studied exam luckily exam got delayed theyll still ha,positive
today hasnt great unhappy,negative
fact,negative
yeah sight reading pretty good high school,negative
great work lovely place thank havin,positive
apka apna awam ka channel frankline tv aam admi production please visit like share fb page,positive
bombay high court directs protesting resident resume duty immediately,neutral
swear walked past haha,negative
please commend h,negative
junior home minister admits made comment without seen video,neutral
blocked christensenanother notch belt happy,positive
alright look like back chore behind scene page hit drop 1k daily dont visit post unhappy,negative
love pretty girl call pretty like bitch tf happy let friend,positive
thanks top new follower great week happy,positive
lucknow,neutral
bonhomie strike chord ground,neutral
im actually cry typing tweet cant take anymore applicablehulog applicable knock unhappy,negative
need lesson learn start conversation people keep chatting unhappy,negative
virat kohli,neutral
watch word happy,positive
im hungry unhappy,negative
thanks recent follow happy connect happy great thursday want,positive
well thanks stoping unhappy,negative
need cue something would make smileill waiting,negative
give ahn minhyuk juseyoooo unhappy,negative
big fail,neutral
also epaper,neutral
7 day calcutta learning,neutral
one selling vhope banner sad,negative
sunnyside well unhappy,negative
day since promotion ended im already missing much unhappy,negative
hotel fire calcutta,neutral
report,neutral
r 1 crore r 50 lakh respectiv,neutral
protein australian venom may help victim recover faster,neutral
feel bad ahaha unhappy,negative
kim jong nam,neutral
face swapped cat dog really upsetting unhappy,negative
thanks little thing like really help sleep start hitting dont drink coffee energy drink unhappy,negative
would really like coandsole versioands got update makr like steam versioand,negative
want friend washington,positive
join vote singer spread word,positive
isnt new riverdale tonight unhappy,negative
finmin arun jaitley given additional charge defence ministry following manohar parikkars resignation rashtrapati bhav,neutral
still syoure,positive
forecast wet dol sunday dry monday,neutral
school calcutta elsewhere stunned imposition plan,neutral
rapeaccused leader gayatri prajapati nabbed roaming delhi,neutral
memorial,neutral
offered india consular access,neutral
accepted resignation shri manohar parrikar council minister immediate,neutral
cold unhappy well see feel today,negative
got pen today man cry,negative
reality theyre patch dusty dirt unhappy,negative
good morning every one,positive
visa selfie cbses plan,neutral
trump sign repeal u broadband privacy rule,neutral
supreme court seek govts response plea frame national policy promote,neutral
hey thanks top new follower week much appreciated happy want,positive
hey thanks top new follower week much appreciated happy want,positive
mukul kesavan attack mean,neutral
whats wrong dont like animal unhappy,negative
talking driver im goinghe said hed love go new york since trump probably,negative
yg sent mcd want see holding trophy unhappy anyways,negative
trade happy yeah want,positive
clue,neutral
ooh,positive
pozuelo formerly swan suso liverpool ac,negative
hindi close friend unhappy,negative
smile true someone recognised contribution fashion,positive
fewer pollution,neutral
great hear joanna happy pleased youve good experience,positive
okay lang friend promise meant broken hahahaha,negative
supreme court may hear key case summer break,neutral
koala dying thirst u unhappy,negative
strategy,neutral
lost kerala bypoll,neutral
cant speak japanese,negative
damn there people sincerely want attend bh birthday party bcs people try fun make ca,negative
application kana kanji funtime sadly,negative
700 personnel paramilitary force haryana,neutral
setback trump,neutral
school,neutral
miss temperance brennan seeley booth much unhappy,negative
president clear piece supporting legislation related,neutral
roc boyz sad,negative
give like happy choice,positive
thanks recent follow happy connect happy great thursday want,positive
be rip,negative
also epaper,neutral
hey thanks top new follower week much appreciated happy,positive
voter village want permanent india,neutral
dohnt want toh cohmment ohn amit shah oh,neutral
two militant killed encounter lasted nearly 12 hour,neutral
classmate alvarez dont really see around school anymore unhappy,negative
earlier,neutral
pake unhappy,negative
always running space phone,positive
ram madhav tell,neutral
unhappy,negative
newly elected mlas meet lucknow mar 18,neutral
tonight 7pm,positive
election commission plea seeking scrapping benefit given,neutral
stem important,neutral
yes jenniessi,negative
fear outrage among student delhi,neutral
say,neutral
nothing could better happy,positive
koala dying thirst u unhappy,negative
supreme court shoot govt bid put sport ministry bureaucrat panel run,neutral
nice,positive
thanks recent follow happy connect happy great thursday,positive
online shopping timmeee anyone got good site suggestion happy,positive
face swapped cat dog really upsetting unhappy,negative
indian techie shot u,neutral
kanwal sibal could victim disruptive thinking,neutral
india growth rate constant market price 201617 seen 71,neutral
kind like layout happy,positive
retain tv inning,neutral
damn there people sincerely want attend bh birthday party bcs people try fun make ca,negative
full expected month two arvind subramanian,neutral
get 900 retweets 900 like help un,negative
happy 420 happy pas follower,positive
miss rain unhappy,negative
want harrys phonecase sad,negative
legal eagle back call probing suicide note,neutral
dont know time retweeted ive waiting dm long time unhappy,negative
summer school vocabulary unhappy need air please tell,negative
koh,negative
road economy,neutral
india jan 2017 rise 432 2211bn import 1070,neutral
estranged halfbrother leader kim jong un,neutral
although ill little late sad,negative
cashswap case,neutral
say,neutral
water pact remains elusive india,neutral
shouldnt keep kenyan complaining,negative
panic death india top hospital,neutral
case missed,positive
voted wolf bite greenlight yet happy help u get wolfie pig steam,positive
academic siege,neutral
becoz depend promoting waste hardwork team,negative
l uttar pradesh leadstrends 373403 264 70 27 others 12,neutral
country first conviction minister sentenced 7 year rigorous imprisonment,neutral
excuse don27t see nama unhappy,negative
definitely arm unhappy,negative
riot refugee resolve also epaper,neutral
people dont want handout,neutral
say,neutral
bank job,positive
wish someone cuddle right unhappy,negative
high court grant stay criminal proceeding minister case filed mla mohua moitra,neutral
bsf dismisses constable tej bahadur yadav service court inquiry bad quality food allegation base,neutral
fuck get follower unhappy ratio amazing,negative
also epaper,neutral
3 day night since mama went back province already miss unhappy,negative
hellooo happy ross chaplin masoncooper4,positive
jp yadav rebranding,neutral
man happy,positive
sukanta chaudhuri mean indian,neutral
union include railway budget today,neutral
govt set menu item limit wedding,neutral
bot im perfect happy,positive
ill like happy,positive
south issue,positive
india trying seal,neutral
memoriam alea starbridge unhappy beautiful voice never forgotten,negative
writes tn assembly secretary noconfidence motion speaker dhanapal,neutral
winning giveaway etc unhappy,negative
boo,negative
growth rate industrial sector estimated moderate 52 201617 74 201516,neutral
mood communalism,neutral
number,neutral
goodmorning parent taking kid lunch today schoolreport card im wor,negative
centre allows prosecute former principal secretary delhi chief minister arvind kejriwal,neutral
got th add sim ant possible thanks happy,positive
keep smiling happy,positive
keep,positive
polling underway 69 assembly seat spread across 12 district phaseiii,neutral
scan tumblr happy,positive
mukul kesavan ought win,neutral
dm u happy,positive
note crunch glassbangles,neutral
british police probing background terrorist,neutral
minah start cry fan yura hyeri make laugh cheer cant cry joy,positive
unhappy feeling bored,negative
agreed feel like ive skipped many cssdesign fundamental im spending next couple,positive
andy unhappy,negative
note entering system via calcutta business district,neutral
today double annual contract india cricketer r crore,neutral
power drive become chief minister,neutral
miss already unhappy,negative
thanks recent follow happy connect happy great thursday,positive
sworn deputy cm,neutral
telling read book today knowledge power knowledge growth kee,positive
love laying meadow flower listening mellows music great way relax smile,positive
cant believe year next year unhappy becoming old hahahah v,negative
mukul kesavan state fourth estate,neutral
modi take plunge,neutral
india tap,neutral
also epaper,neutral
oh,negative
yeesh unhappy fairly warm,negative
welcome happy,positive
seokjinie went everland today guess forgot he idol,positive
thats insane good luck took yesterday afternoon,positive
slight buzy kasi besh unhappy,negative
louistomlinson follow please unhappy,negative
understandi silly shit like make friend smile happy,positive
drug despite,neutral
celebrate hitler birthday,positive
much appreciated happy,positive
dont miss anymore unhappy,negative
thanks recent follow much appreciated happy,positive
thanks recent follow happy connect happy great thursday get free,positive
attack westminster,neutral
happy bday midawgdarnizlle love long time happy thanks best friend forever attempting travel road,positive
put forth searching question liquor baron disclosure asset court,neutral
amit roy clash,neutral
die evil raven,positive
assam lawmaker want national body save,neutral
20 million voter,neutral
want quit fighting type election irom sharmila losing maiden election ani,neutral
ready poster computer get,negative
supreme court quashes criminal complaint cricketer allegedly depicting magazine cover,neutral
people internet ass annoyance here positivity love art pretty,positive
sunday holiday recruit,neutral
weve 80 far collection 150 happy new gin menu coming soon well,positive
scout photobombed bluebell photo sad,negative
shade law change,neutral
miss baby unhappy,negative
muslim body lay code conduct divorce,neutral
also epaper,neutral
josie,positive
back coconut hair unhappy,negative
swanmen setting pablo waiting news happen happy,positive
pushing team use twitter tool,neutral
im done trying take men seriously happy,positive
thanks high value member week,positive
good luck vote smile,positive
8 killed election violence,neutral
chub bun easter happy easter name almond,positive
yeah sad,negative
auditor helm,neutral
,neutral
change word limit rti query application rejected ground containing 500,neutral
get crowd,neutral
wow,positive
whatever india offer biggest issue,neutral
im glad dont care people think anymore wish still looked best everyday like used sad pick,negative
reading hope something great happens smile,positive
nailed brought tear eye,positive
inhe sikhaiye msy request teach rope politics,neutral
ruchir joshi calcutta destroyed vandal decide future,neutral
back unhappy,negative
youve got message happy,positive
soon ill make art happy,positive
wow awesome gog thanks happy,positive
also epaper,neutral
soldier trekked snow take mother body home,neutral
sudden blaze destroys bungalow,neutral
female cop take selfies guarding acid attack victim hospital,neutral
want say hi,negative
chibis though,positive
ugc proposes 20 pay hike college teacher,neutral
,neutral
also epaper,neutral
think thats going true,negative
summer salad inspiration bbq smile,positive
focus msme,neutral
miss unhappy,negative
haha would love work train company great dream come true,positive
centre override bengal,neutral
thanks recent follow happy connect happy great thursday get,positive
law cannot replace trust compassion,neutral
love fun friend,negative
65 year,neutral
vehicle gadkari,neutral
fall mess unhappy,negative
hope little beaand andot overworkiandg gettiandg least rest unhappy,negative
rip cellphone unhappy,negative
nosebleed getting outta hand unhappy,negative
old street directory astounding detailing,neutral
really amount load section unhappy ill ride netherton meet darby end,negative
mla sits speaks chair angst,neutral
gorbachev done wo fear thought bold enough implement vision damp squib unhappy,negative
thanks recent follow happy connect happy great thursday get,positive
top high value member week happy,positive
thanks recent follow happy connect happy great thursday,positive
ive trying bank sleep week happy doubt ill able sleep friday saturday night,positive
mixing folklore history,neutral
good morning every one,positive
may changing attitude coalition partner,neutral
hey thanks top new follower week much appreciated happy,positive
really appreciate hope brilliant day happy,positive
exclusive jnu fir mark aisa leadership,neutral
man seen tied army jeep video jk identified,neutral
shattered firozabads industry,neutral
congratulation happy,positive
call duration sex 014736 sex 000019 cry,negative
worship spoil happy,positive
im happy happy,positive
streaming later day night stream since go take care internet contract,negative
talking driver im goinghe said hed love go new york since trump probably,negative
shut,positive
definitely arm unhappy,negative
australia,neutral
surprise resignation bos manohar,neutral
hiii gentleman commander bryannousaurus happy,positive
supreme court caution stealing sari,neutral
hit advertisement,neutral
graveyard barb,neutral
governor vidayasagar rao meet new legislature party leader edappadi k palaniswami others 540pm,neutral
week marilyn pop get dirty happy cum see,positive
govt appoints director ten indian institute management,neutral
guwahati,neutral
ready one 9 week old chocolate female puppy harlowe x sterling happy girl sweetheart,positive
thanks top engaged community member week happy want,positive
thanks top influencers community last week happy,positive
bengal draft bill check bill,neutral
enforcement directorate chief karnal singh get fixed tenure year,neutral
smile,positive
troubled life end also epaper,neutral
guy make japanese greninjas waveguider come well happy,positive
come miami sad,negative
he still taking quarter billboard chart x,negative
guy entertaining insightful one reason really enjoying lpl lot season,positive
,neutral
sweetie know feel unhappy,negative
aww eunji didnt see win today sad congratulation winner,negative
ummm announced new show buffalo ask opener happy,positive
made video improving line work youtube,positive
dont rt save guy life,negative
standoff left abvp block entrance maurice nagar p stone egg shoe thrown p side many hurt,neutral
tweet hit 1000 getting rian holding sticker click tweet sm,positive
charge experience muna happy,positive
even care unhappy,negative
thing get cheaper costlier april 1,neutral
win friend influence people cow,neutral
hey,positive
helloo best damn avocado batsyy,positive
give little happy,positive
pill school,neutral
ill give try happy,positive
injured,neutral
thanks recent follow happy connect happy great thursday want,positive
citizen petition govt make nursing home come clean,neutral
papa bird hope year oldu dont mind want stay year old,positive
dragon omg,positive
mutual let talk moreme suremutual happy,positive
definitely wasnt looking gave try anyway happy,positive
,neutral
ahead election,neutral
trouble google play,neutral
hiii reece reeceboast happy,positive
dont want adult today birthday unhappy,negative
song always one faves unhappy,negative
justice face supreme court,neutral
see new highlight pm speech bjp hq,neutral
hi cham,positive
riddle formerly tag collection,neutral
toshiba approves chapter 11 filing nuclear unit westinghouse nikkei,neutral
illfitting denture,neutral
follow happy,positive
private put expansion hold,neutral
pulled negligence bengal cm order party meddle,neutral
rt 50 ffsrt pinned tweetbe patient legiiiiiiitno saved account happy,positive
us,positive
uppercaste,neutral
way,negative
baby unhappy,negative
another goback shooting u,neutral
hi retweet follow,positive
cash reward likely doctor following correct protocol,neutral
bsps keeping rival edgy,neutral
europe,neutral
people going back economy,neutral
order ever want eat websitemay great day happy,positive
body hears everything mind say kind,positive
happy weed day without anymore unhappy,negative
talking driver im goinghe said hed love go new york since trump probably,negative
great thing sad unhappy,negative
top make pay cash transaction branch,neutral
7days cricket commoner prince,neutral
pick one unhappy,negative
governor letter leaked,neutral
huh happy,positive
say manini chatterjee,neutral
say prasun chaudhuri,neutral
many thanks,positive
ive tried resetting everything,negative
bet medias onesided view tim tam surprisingly altright roar extreme droll fad unhappy,negative
sad unhappy,negative
govt duck call vote verifier,neutral
koala dying thirst u unhappy,negative
choice cancel unhappy,negative
modi govt consult talking,neutral
enough say supreme court end 38yr legal battle project,neutral
framed politician,neutral
mean voice changed unhappy,negative
8 core sector slow 1 feb 2017 94 feb 2016,neutral
thanks recent follow happy connect happy great thursday,positive
carcass found home govt doctor drug,neutral
hi julie,negative
people write joke religion onlinejokejust joking guy,positive
envoy worry india taxing sanitary napkin,neutral
class hall mission heroic dungeon surprised,positive
abha narain lambah mission restore capitol complex,neutral
think ive finally figured tattoo im getting august,positive
deserve better hope youll okay unhappy,negative
good morning every one,positive
running patience,neutral
dargah trust volunteer sc clear 908sq metre,neutral
left month hinhua ler unhappy need gambateh wink,negative
say sp leader shivpal yadav,neutral
l congratulate people,neutral
calcutta hc sends case cbi,neutral
cant dog live forever unhappy,negative
good happy,positive
punishment time jbs team unhappy,negative
slayinbodies going liveplease tune inthank happy,positive
bjp capture record show,neutral
hey everyone harry pancake maple syrup breakfast great way start day happy miss,positive
say bid enter,neutral
retweet u kaway kaway family mclisse starmusicifwefallinlove,positive
say,neutral
rt 13 ffsits much theyre freelegitfree follow first get quickerbe patient g,positive
please follow trying get follow long time unhappy,negative
huge haul milkboosting hormone calcutta,neutral
theyll brush lng telling others applicable applicablegiinot applicablerte lng sila worse unhappy,negative
guess good thing bring right foreground put right face,positive
people intensionly don27t even please someone unhappy,negative
fixing iphone storage issue,neutral
super cant wait happy,positive
rather,positive
get latest fastest update throughout day,neutral
also make beautiful art biggest inspo sale anyone interested happy,positive
india using tackle insurgent,neutral
yes would hadnt meddling cloud smile,positive
sixth spot applicable team higher pa kiss thefashionicon,positive
helloo mr drippy callmeergan,positive
reservoir financial deal,neutral
want spoon cant go unhappy honestly feel like messy break unhappy,negative
play part raising fund,positive
got interview poppin happy,positive
get majority 117member win 59 seat,neutral
instant message still hoping unhappy,negative
really enjoyed horrizion zero dawn idea play next unhappy,negative
love much want kindly stroke penis,positive
lost jacksonville,negative
happy many day,positive
absorbed im going get laugh get 2000 vote unhappy,negative
sorry stream yesterday,negative
definitely arm unhappy,negative
wish cant sad,negative
gave mp bus board flightas goodwill,neutral
india may make illegal social messaging platform share personal data,neutral
miss unhappy,negative
love p,positive
palani court rule also epaper,neutral
want kiss nose tell love sad,negative
growth 8 core sector slows 34 pc january compared 57 pc yearago month,neutral
puppy deserves better unhappy,negative
bjp leader dock,neutral
playmfs need moodbooster juseyo unhappy jilyjelly,negative
one fleet solely seeharged domestisee hydro toro see,positive
aw goodnight angel love lot hope youre going best tiame lot fun wonhos already,negative
wish could sleep early unhappy,negative
beetle done join walle,positive
matthew hayden,neutral
breather highway booze,neutral
ah baba idea torus olorun may never victim case,negative
great see buddy nicest dude world keep killing brother happy,positive
hello hope visit luxor amazing city egypt plea check,positive
sc ban,neutral
beyond brexit,neutral
3 3 3 please unhappy,negative
look epaper special link,neutral
ass star battle,neutral
considered asking came,positive
second thanks spin much appreciated happy,positive
india action charity trigger spat administration,neutral
give away random rt chance win 10usd itunes gp gift card winner selected minute happy,positive
asking,negative
sooooo feel like friday today unhappy,negative
modi promise early deal,neutral
versus,neutral
thanks recent follow happy connect happy great thursday want,positive
bengal traffic cop pen paper,neutral
nearly done thanks everyone joining hope see time next thursday happy,positive
thanks recent follow happy connect happy great thursday,positive
he best happy,positive
moon also epaper,neutral
bengal look way change classification bypass order,neutral
soumitra da listens kirtans asks set rule,neutral
quiz industry,neutral
miss im open education seminar palestine happy,positive
yg sent mcd want see holding trophy unhappy anyways,negative
cute picture though,positive
demand presidential rule,neutral
fuckin headache everyday unhappy,negative
3 arrested connection men polling day budgam april 9 police,neutral
watch mayward fam,positive
hype real happy,positive
crude architecture taking world city building,neutral
ouuuuu right jewel,positive
please look scared full tence laurens face tryin reaching camilas hand,negative
beyond bihar border,neutral
india could gain partnership say kp nayar,neutral
new upcoming hero revealed wukong,positive
committee constituted ministry recommended city taxi allowed run app based platform,neutral
every like ill post answer smile,positive
7 day assam vies taste bud,neutral
avi man phone made like always wink,positive
poor baby unhappy hate people,negative
due sudden drop visibility blr,neutral
varsity,neutral
kp nayar say,neutral
please rt hell buy blinking taehyung headband,negative
naeem bokhari say mian gone cute nb happy n ugly evil,positive
know feel,negative
going pace decommissioing poignant moment air arm give send true war horse,neutral
say sl rao,neutral
cpl swallow gone house heard whilst flying drone happy,positive
review show hole india govtfunded,neutral
rajes stockhome syndrome,neutral
cant draw naked woman cry,negative
miss baby unhappy,negative
crowd flock rowlingmorgan clash,neutral
supreme court say final hearing dispute case july 11,neutral
come didnt get reminder email month unhappy,negative
court order probe corruption charge,neutral
please stop confining animal zoo unhappy,negative
american consider hero,neutral
bring mb man unhappy,negative
ill dm half naked picture happy,positive
killed,neutral
be jup unhappy,negative
miss petite happy thursday happy looking forward weekend,positive
unit involved pti,neutral
nitish stupid,neutral
study sprout,neutral
thanks top engaged community member week happy want,positive
govt set panel study service condition paramilitary force,neutral
come back callie gabbie ghost unhappy love,negative
also epaper,neutral
don27t,positive
thank ton,negative
commando went,neutral
,neutral
supreme court reject age plea skip jail,neutral
find indian trump,neutral
change whole life happy,positive
everything choice happy,positive
sorry piss 3 unhappy,negative
wifi,positive
cant find striped shirt unhappy instant message wearing one say favorite thing lucas middle,negative
guy got exo back 2013 also first bias kpop honest miss much happy birthd,positive
joo okay happy,positive
mukul kesavan bcci curious case versus steve smith,neutral
nachnis fighting right,neutral
nope unhappy,negative
got vive tracker office intern,positive
look happy,positive
koala dying thirst u unhappy,negative
opposition creates ruckus trust vote,neutral
fresh fir filed jnu alleging misbehaviour student student accused assault,neutral
