tweet,sentiment
how unhappy unhappy some some dogs dogs like like it it though,negative
talking to to my my over over driver driver about about where where i'm i'm goinghe goinghe said said he'd he'd love love to to go go to to new new york york too too but but since since trump trump it's it's probably probably not,negative
does anybody anybody know know if if the the rand's rand's likely likely to to fall fall against against the the dollar? dollar? i i got got some some money money i i need need to to change change into into r r but but it it keeps keeps getting getting stronger stronger unhappy,negative
i miss miss going going to to gigs gigs in in liverpool liverpool unhappy,negative
there isnt isnt a a new new riverdale riverdale tonight tonight ? ? unhappy,negative
it's that that a*dy a*dy guy guy from from pop pop asia asia and and then then the the translator translator so so they'll they'll probs probs go go with with them them around around aus aus unhappy,negative
who's that that chair chair you're you're sitting sitting in? in? is is this this how how i i find find out. out. everyone everyone knows knows now. now. you've you've shamed shamed me me in in pu,negative
don't like like how how jittery jittery caffeine caffeine makes makes me me sad,negative
my area's area's not not on on the the list list unhappy unhappy think think i'll i'll go go libdems libdems anyway,negative
i want want fun fun plans plans this this weekend weekend unhappy,negative
when can can you you notice notice me. me. unhappy unhappy what?,negative
ahhhhh! you you recognized recognized logan!!! logan!!! cinemax cinemax shows shows have have a a bad bad track track record record for for getting getting cancelled cancelled unhappy,negative
errr dude.... dude.... they're they're gone gone unhappy unhappy asked asked other other league league memeber memeber to to check check the the guys guys are are go,negative
not you you again again sad,negative
why would would harvey harvey be be going going to to prison? prison? unhappy,negative
missing in in crying crying seaside seaside area.,negative
becoz if if we we will will depend depend on on your your promoting promoting its its waste waste of of hardwork hardwork to to all all team team who,negative
i thought thought you'll you'll save save me me crying,negative
major waffle waffle cravings cravings right right now now sad,negative
cant speak speak japanese japanese ::(,negative
how can can people people do do stuff stuff like like this this unhappy,negative
please just just stop stop confining confining animals animals in in zoos zoos unhappy,negative
feel like like i i shoyould shoyould be be telling telling you you to to get get the the fuck fuck out out social social media media byout byout also also feel feel really really mean mean because because unhappy unhappy silence silence love love yoyou yoyou hope hope yoyoure yoyoure okay,negative
i miss miss you you huhu huhu so so busy busy unhappy,negative
it was was extended extended family. family. 12 12 ppl.ahh ppl.ahh wanted wanted to to show show a a oh oh my my girl girl being being dorky dorky while while playing playing a a game game but but it it got got deleted deleted unhappy,negative
don't do do that that unhappy,negative
jamie can can you you please please reset reset the the cga cga grandfinal grandfinal server... server... no no administrator administrator are are responding responding unhappy,negative
noooooooo you you gonna gonna miss miss the the buffet buffet unhappy unhappy take take care care ain!!!!!!!!!!!!!!!!!,negative
i wish wish i i could could vote vote for for you you unhappy,negative
instant message message so so jealous jealous okay okay unhappy unhappy but but never never mind mind haha haha bruno bruno can can wait wait finals finals first,negative
when i'm i'm enlisting enlisting can can please please turn turn up up like like this this unhappy,negative
unhappy how how come come people people like like this this have have children children where's where's the the state state intervention,negative
ouchhhhh unhappy,negative
help... i i want want to to stop stop tweeting. tweeting. all all i i feel feel is is endless endless suffering suffering and and pain. pain. i i tried tried to to deactivate deactivate myself myself many many times... times... save save me... me... unhappy,negative
for those those asking,negative
the application application is is kana kana kanji kanji funtime! funtime! sadly,negative
it looks looks like like ios ios 11 11 is is due due to to kill kill it it unhappy,negative
yeah did did update update to to 16.04,negative
it froze froze a a few few times. times. then then went went to to 16.10,negative
froze mid mid install. install. waited waited 3hrs 3hrs he'd he'd to to pull pull plug plug crying,negative
,negative
,negative
another atbb atbb on on it's it's way way ! ! i i wish wish srk srk sir sir starts starts signing signing good good movies movies unhappy,negative
i want want jabee jabee crying,negative
sociopath full full raid raid gear gear sad,negative
when will will you you say say hi hi sunshine sunshine ? ? unhappy,negative
i feel feel bad bad for for doing doing that that ahaha ahaha unhappy,negative
it's getting getting harder harder and and harder harder to to stay stay unhappy,negative
his face face looks looks bloated bloated unhappy unhappy baby baby get get well well soon,negative
fuck. tried tried changing changing my my settings settings but but still still in in india. india. unhappy,negative
talking to to my my over over driver driver about about where where i'm i'm goinghe goinghe said said he'd he'd love love to to go go to to new new york york too too but but since since trump trump it's it's probably probably not,negative
let's not not forget forget that that it's it's also also gabriel gabriel tenma tenma white's white's birthday birthday today!i today!i miss miss unhappy,negative
why am am i i always always taken taken for for granted granted eversince eversince unhappy,negative
ah alright,negative
i don%27t don%27t know know if if you you saw saw my my comment comment yet,negative
but what what camera camera you you shooting shooting with,negative
does it it have have flip flip out out scr,negative
i miss miss louis' louis' tweets tweets unhappy,negative
koalas are are dying dying of of thirst thirst and and it's it's all all because because of of us us unhappy,negative
okay i'll i'll shut shut up up now. now. instant instant message message just just mad mad that that lots lots of of people people will will now now have have a a very very flawed flawed opinion opinion on on mental mental health health ( ( on on mine) mine) because because of of this this show show unhappy,negative
pamura isa isa because because in in this this very very moment,negative
i want want to to explode explode like like a a grenade grenade to to the the point point where where people people will will die die with with me. me. sad,negative
yg should should have have sent sent them them to to mcd. mcd. i i want want to to see see them them holding holding the the trophy trophy unhappy unhappy anyways,negative
i really really want want one one of of those those iconic iconic jimin jimin stripes stripes turtleneck turtleneck shirt shirt unhappy,negative
i want want a a spoons spoons but but i i cant cant go go unhappy unhappy honestly honestly feels feels like like a a messy messy break break up up unhappy,negative
makes me me so so sad sad unhappy unhappy they they looked looked so so unhappy unhappy when when i i went went to to seaworld,negative
yg should should have have sent sent them them to to mcd. mcd. i i want want to to see see them them holding holding the the trophy trophy unhappy unhappy anyways,negative
i miss miss rockys rockys posts posts unhappy,negative
hey tony,negative
oh no no unhappy unhappy could could you you please please tell tell me me a a little little more more about about your your issue? issue? im im following following if if youd youd prefer prefer to to dm. dm. amanda,negative
i love love mason mason and and miss miss mason mason unhappy,negative
cold as as a a mother mother crusher crusher right right now. now. nearing nearing the the end end of of april. april. sad,negative
we don%27t don%27t talk talk anymore anymore like like we we used used to to do do unhappy,negative
yg should should have have sent sent them them to to mcd. mcd. i i want want to to see see them them holding holding the the trophy trophy unhappy unhappy anyways,negative
miss biking biking unhappy,negative
i miss miss big big brother brother unhappy,negative
6 days days in in camp camp haiss haiss miss miss you you a a lot lot unhappy,negative
it's raining raining so so hard hard unhappy,negative
am bored bored and and kandowiandg kandowiandg i i have have ando ando plaands plaands for for today today is is makiandg makiandg me me eveand eveand more more bored bored unhappy,negative
oh my my god god not not laurie laurie penny penny unhappy,negative
can you you say say hi hi mekisha? mekisha? unhappy,negative
i should should never never draw draw again again unhappy,negative
,negative
visual studio studio installation installation - - 89% 89% .. .. bsod bsod comes comes suddenly suddenly unhappy,negative
i want want to to make make waffles waffles unhappy,negative
so sad sad unhappy,negative
crying muh muh feels,negative
look like like somethings somethings i i will will ignore ignore xd xd kart kart racing racing when? when? unhappy,negative
did ate ate jenna jenna just just blocked blocked me me or or what? what? unhappy,negative
my bed bed is is so so comfortable comfortable i i don't don't want want to to get get up up unhappy,negative
is that that store store still still in in use? use? if if so,negative
i sincerely sincerely hope hope not not too too many many priceless priceless antiques antiques were were destroyed. destroyed. reg,negative
astaga unhappy unhappy /?,negative
i want want a a puppy puppy now now unhappy,negative
have to to work work unhappy unhappy but but i'll i'll see see you you tomorrow!!,negative
happy weed weed day day without without them them is is not not the the same same anymore anymore unhappy,negative
my favourite favourite lipstick lipstick hilang hilang crying,negative
time just just flies,negative
can't believe believe he he will will be be year year for for next next year year unhappy unhappy we're we're becoming becoming old old hahahah hahahah :v,negative
the new new twitter twitter reply reply view view has has me me confused... confused... like like do do i i capitalise capitalise my my replies replies to to people people or or not? not? unhappy,negative
whaddup. me me too too crying,negative
unhappy every every time time laughing laughing my my ass ass off,negative
who's selling selling an an army army bomb bomb ver ver 2??? 2??? meet meet up up on on sad,negative
yeesh unhappy unhappy it's it's fairly fairly warm warm here.,negative
easter has has flown flown unhappy unhappy i'm i'm not not ready ready to to give give up up home home luxuries luxuries like like branded branded cereal,negative
ohnoo unhappy unhappy unhappy unhappy hope hope it it recuperates recuperates sooner!!,negative
her back back unhappy,negative
give me me a a chance chance in in west west server server unhappy,negative
but you you were were going going to to do do it it yesterday yesterday unhappy,negative
i agree. agree. my my issue issue would would be be that that it it all all has has to to be be paid paid for for somehow. somehow. i i just just can't can't see see the the numbers numbers adding adding up. up. sad,negative
i want want to to drink drink with with cigarettes cigarettes unhappy,negative
oh mince mince unhappy,negative
the manifesto,negative
nick? might might he he deliver deliver when when the the time time demands demands it. it. story story of of his his life life -,negative
it's okay okay i've i've accepted accepted you you the the way way you you are are unhappy,negative
why do do people people abuse abuse animals animals unhappy unhappy they're they're so so loyal,negative
i'm actually actually crying crying while while typing typing this this tweet tweet i i just just can't can't take take it it anymore.. anymore.. not not applicablehulog applicablehulog not not applicable applicable knock knock out out d d unhappy,negative
imagine if if he he wins wins next next time time too too unhappy unhappy unhappy,negative
same unhappy,negative
i need need cue cue something something that that would would make make me me smile....i'll smile....i'll be be waiting...:(,negative
yg should should have have sent sent them them to to mcd. mcd. i i want want to to see see them them holding holding the the trophy trophy unhappy unhappy anyways,negative
yg should should have have sent sent them them to to mcd. mcd. i i want want to to see see them them holding holding the the trophy trophy unhappy unhappy anyways,negative
these nosebleeds nosebleeds are are getting getting outta outta hands hands unhappy,negative
i am am perfectly perfectly happy happy being being single single .. .. until until i i see see a a happy happy couple couple :(kisses :(kisses thefashionicon,negative
dude i i just just want want more more sleep sleep unhappy,negative
feel so so fucking fucking shit shit today today unhappy,negative
wont be be able able to to stream stream tonight tonight i'm i'm sorry sorry guys guys unhappy,negative
i face face swapped swapped a a cat cat with with a a dog dog and and it's it's really really upsetting upsetting unhappy,negative
your system system does does not not recognize recognize spaces spaces in in last last names names so so for for 2nd 2nd time time unable unable to to check check in in forced forced to to wait wait in in unnecessary unnecessary lines lines unhappy,negative
still waiting waiting unhappy,negative
- thank thank you you tons,negative
rocks. next next question question - - where where is is my my astro astro unhappy unhappy ?,negative
it was was not not your your fault,negative
but the the customs customs of of argentina argentina that that fill fill you you with with paperwork paperwork unhappy,negative
i tried tried fixing fixing my my choristers choristers dress dress hem hem that that came came undone undone by by taping taping it it with with fabric fabric tape tape but but i i put put it it on on wrong wrong and and its its even even more more ruined ruined unhappy,negative
small fishie fishie died died unhappy,negative
it's too too nice nice outside outside to to be be stuck stuck in in school school all all day day unhappy,negative
edm pleaseeeeeeeee pleaseeeeeeeee unhappy,negative
oh my my god god unhappy unhappy next next time time mishutuuu,negative
can you you say say hi hi julia julia ??pleasee ??pleasee crying,negative
bby unhappy unhappy your your emotion,negative
i seriously seriously thought thought that that coldplay coldplay was was going going to to be be band band like like depeche depeche mode mode or or u2,negative
just kept kept going going unhappy,negative
poor baby baby unhappy unhappy i i hate hate people,negative
unhappy i i have have to to be be strong strong today today jfjfjkf,negative
i need need a a unicorn unicorn frappuccino frappuccino stat. stat. i i just just found found out out they they are are limited limited timee! timee! unhappy unhappy how how much much longer?,negative
her back back unhappy,negative
unhappy sorry sorry to to hear hear this.....,negative
i won't. won't. if if i i do do it's it's probably probably for for phil phil but but he he hasn't hasn't seen seen me me yet yet unhappy,negative
yuri was was here here and and i i didn't didn't know know it it unhappy unhappy the the second second snsd snsd i i missed,negative
why are are your your campervan campervan tickets tickets so so expensive? expensive? unhappy,negative
canberra is is a a land-locked land-locked capital. capital. unhappy,negative
how much? much? i i cant cant seem seem to to deathmatch deathmatch you you unhappy,negative
.agata baby baby unhappy unhappy it it broke broke in in the the mail. mail. but but i i read read your your letter letter can't can't thank thank you you enough. enough. you you are are the the best,negative
same unhappy,negative
she is! is! haha haha but but i i wanted wanted to to look look like like v v unhappy,negative
unhappy they they look look dead,negative
puta i i know know sorry sorry isn't isn't enough enough pero pero sorry sorry padin padin unhappy,negative
,negative
i want want to to go go to to an an m's m's game game unhappy,negative
unhappy feeling feeling bored,negative
i wish wish i i could could sleep sleep early early unhappy,negative
i just just hope hope i i start start getting getting the the 1gb 1gb data data per per day day from from tonight!! tonight!! unhappy,negative
koalas are are dying dying of of thirst thirst and and it's it's all all because because of of us us unhappy,negative
i want want to to see see you you happy happy sad,negative
i just just told told them them to to bugger bugger off off and and hung hung up! up! they they waned waned access access to to my my pc. pc. if if they they phoned phoned someone someone like like my my gran,negative
my braces braces hurt hurt unhappy,negative
ohh welcome welcome to to clxsslc clxsslc chanyeol chanyeol oppa! oppa! or or should should i i call call you you with with richard? richard? kalau kalau jadi jadi sayang sayang gimana? gimana? unhappy,negative
we don%27t don%27t talk talk anymore anymore like like we we used used to to do do unhappy,negative
claaaaaaaaaaaaasse !,negative
what a a pity! pity! unhappy unhappy those those were were beautiful! beautiful! but but thank thank you you for for your your answer!,negative
sciatica. what what a a monumental monumental pain pain in in the the arse. arse. unhappy,negative
this escalated escalated quickly,negative
i'm aborting aborting mission mission now now have have a a nice nice day day though though x,negative
- thank thank you you tons,negative
rocks. next next question question - - where where is is my my astro astro unhappy unhappy ?,negative
her back back unhappy,negative
no stream stream tonight! tonight! throat throat is is killing killing me. me. unhappy,negative
me too...i too...i won't won't miss miss the the hgvs hgvs going going past past our our house house though. though. it it was was a a nice nice looking looking building building - - had had initiall,negative
don't say say that that unhappy,negative
summer's not not in in our our school's school's vocabulary vocabulary unhappy unhappy we we need need air. air. please please tell,negative
bae's not not here here unhappy,negative
wanna get get a a haircut haircut but but i i don%27t don%27t know know a a good good place place unhappy,negative
it feels feels kind kind of of empty empty w/o w/o youngjae youngjae at at the the venue.. venue.. unhappy,negative
her back back unhappy,negative
,negative
i think think that's that's going going to to be be true,negative
he can't can't leave leave us us unhappy,negative
yesterday felt felt like like friday friday unhappy,negative
[please rt] rt] he'll he'll buy buy me me a a blinking blinking taehyung taehyung headband,negative
if i i get get 900 900 retweets retweets and and 900 900 likes. likes. help help me me :(un,negative
yes instant instant message message sad sad crying,negative
i face face swapped swapped a a cat cat with with a a dog dog and and it's it's really really upsetting upsetting unhappy,negative
nice! some some really really nice nice stuff stuff there! there! mostly mostly black black dresses dresses which which i i won't won't get get away away with with for for a a june june wedding wedding though though unhappy,negative
i miss miss you you unhappy,negative
beyond sad sad unhappy,negative
goodnight princess,negative
i love love you you have have fun fun with with your your friends,negative
yg should should have have sent sent them them to to mcd. mcd. i i want want to to see see them them holding holding the the trophy trophy unhappy unhappy anyways,negative
something is is really really wrong. wrong. i i should should be be spending spending my my days days naked naked on on a a beach beach in in the the hot hot sunshine. sunshine. not not working working in in the the cold cold in in king's king's lynn lynn sad,negative
punishment time time for for jb's jb's team! team! unhappy,negative
aw goodnight goodnight angel! angel! i i love love you you lots lots and and i i hope hope you're you're going going to to have have the the best best tiame tiame and and a a lot lot of of fun!! fun!! wonho's wonho's already already am,negative
not really really an an amount amount just just loads loads of of sections sections unhappy unhappy i'll i'll ride ride up up to to to to netherton netherton now now meet meet me me at at darby darby end end ?,negative
q2 i'm i'm not not an an mh mh healthcare healthcare professional. professional. as as much much as as i i want want to to help help i'm i'm scared scared to to death death i i might might make make the the situation,negative
got a a msg! msg! oops oops not not you you unhappy,negative
just chillin~ chillin~ it's it's a a bit bit quiet quiet tonight tonight on on my my tough tough luck luck unhappy unhappy what what about about you??,negative
i bet bet the the media's media's one-sided one-sided view view of of tim tim tams tams surprisingly surprisingly was was the the alt-right alt-right roar roar extreme extreme droll droll fad fad unhappy,negative
my hair hair is is not not as as crisp crisp unhappy,negative
a couple couple more more unhappy,negative
what the the fuck fuck don%27t don%27t unhappy,negative
going to to ca ca in in july,negative
our reunion reunion is is in in august august unhappy,negative
the road road and and traffic traffic signs signs section section of of theory theory revision revision is is such such a a myth myth unhappy,negative
unhappy we're we're sorry sorry your your pizza pizza arrived arrived with with mushrooms mushrooms despite despite your your request. request. could could you you please please get get in in touch touch vi,negative
you're a a kabute kabute unhappy,negative
last to to things things i've i've bought bought from from you you no no sweets sweets unhappy,negative
wish i i could could stay stay in in bed bed all all day day and and listen listen to to the the rain rain sad,negative
i don't don't want want to to tell tell fellow fellow comm comm students students because because i i don't don't want want them them to to think think i'm i'm some some kind kind of of suck-up... suck-up... unhappy,negative
when will will you you notice notice me? me? unhappy,negative
go away away unhappy,negative
ally unhappy unhappy i i can't can't make make a a poem poem about about being being cute,negative
ehh i i cant cant dm dm you you unhappy,negative
to beautiful beautiful ladies ladies and and so so full full of of fun fun and and body body confidence. confidence. .. .. then then on on the the s,negative
why is is italian italian easier easier than than spanish spanish unhappy,negative
i find find it it so so difficult difficult to to says says no no to to him him unhappy,negative
it's only only been been 3 3 days days and and to to nights nights since since mama mama went went back back to to the the province province but but i i already already miss miss her her unhappy,negative
i want want to to cry cry unhappy,negative
i love love got7 got7 but but god god i i am am bored bored unhappy,negative
i can't can't continue continue this this right right now now because because the the lighting lighting is is shitty shitty as as f f i i swear swear sorry sorry sad,negative
let's have have dinneeeer dinneeeer please please unhappy,negative
i lost lost one one import import quizzz quizzz unhappy,negative
i want want to to be be mutuals mutuals with with you you so so bad bad unhappy,negative
keep looking looking for for the the things things i i bought bought yesterday yesterday in in my my dream dream unhappy,negative
it hurts hurts me me to to see see him him so so sad sad unhappy unhappy you you don't don't understand understand i i have have to to do do this. this. if if i i don't don't kill kill you,negative
he'll kil,negative
i hate hate park park jisung jisung so so much much sad,negative
when your your online online crush crush comes comes to to the the meet-up meet-up without without their their snapchat snapchat filter filter unhappy,negative
i hate hate when when my my mom mom ask ask so so you you going going or or no? no? bc bc then then i i want want to to stay stay home home but but i i missed missed too too much much school school already already unhappy,negative
happy birthday birthday katrika katrika i i miss miss you you though though unhappy unhappy miss miss having having you you in in our our group group and and all all haih haih anyway,negative
have a a blast blast okay. okay. love love you!,negative
i miss miss my my dogs dogs too too unhappy,negative
yg should should have have sent sent them them to to mcd. mcd. i i want want to to see see them them holding holding the the trophy trophy unhappy unhappy anyways,negative
digital monsters monsters want want to to work work with with blackpink blackpink make make it it happen happen pls pls unhappy,negative
this is is so so me me though,negative
i miss miss my my boys boys unhappy unhappy i i have have started started working working with with my my own own local local boys boys but but they they are are very very nervous nervous college college friends,negative
we were were classmates classmates for for alvarez alvarez but but i i don't don't really really see see you you around around school school anymore anymore unhappy,negative
ugh i i miss miss my my baby baby crying,negative
if anyone anyone needs needs me me i'll i'll be be on on my my vent vent unhappy,negative
why is is it it so so hard hard for for you you to to notice notice me? me? haay haay unhappy,negative
i cant cant deathmatch deathmatch you you piss piss off off unhappy,negative
when are are you you going going to to notice notice yous? yous? unhappy,negative
and i i miss miss my my bedroom bedroom too too unhappy,negative
please take take all all the the rest rest you you needwe needwe love love you you so so so so much much :(i :(i hope hope you you feel feel better better soon soon sunshine!,negative
,negative
same unhappy,negative
i miss miss my my baby baby unhappy,negative
it's only only been been a a few few days days since since their their promotion promotion ended ended but but i'm i'm already already missing missing her her so so much much unhappy,negative
i miss miss them them unhappy,negative
i miss miss jihoon jihoon sad,negative
my only only one one cat cat yang yang manja manja sangat sangat and and now now someone someone has has took took him him unhappy,negative
not tired tired and and there's there's nothing nothing to to do do great great combo combo unhappy,negative
and this this tweet tweet made made me me cry!! cry!! crying,negative
back to to coconut coconut hair hair unhappy,negative
please return return the the jacket jacket unhappy,negative
who would would you you call call when when you you are are roused roused in in midnightreminds midnightreminds me me of of the the time(s) time(s) they they were were roommates roommates unhappy unhappy unhappy unhappy unhappy unhappy you you suck,negative
i feel feel so so bad,negative
and all all the the mobbing mobbing in in australia,negative
i just just hope hope everything everything goes goes right right from from now now on on unhappy,negative
it's only only been been a a few few days days since since their their promotion promotion ended ended but but i'm i'm already already missing missing her her so so much much unhappy,negative
hungry unhappy unhappy but but no no time time to to buy buy food,negative
how can can i i set set an an alarm alarm for for 9am 9am and and snooze snooze it it until until 12 12 unhappy,negative
sad story story unhappy,negative
koalas are are dying dying of of thirst thirst and and it's it's all all because because of of us us unhappy,negative
hey screenshot screenshot sainyo sainyo . . hmm hmm tumagal tumagal sana sana us us . . stay stay what what uu uu are are . . im im always always here here fr fr uu uu no no matter matter what what . . luv luv uu uu so so mats,negative
looks awesome awesome annette,negative
but i i can't can't make make it it unhappy unhappy thanks thanks for for the the heads heads up up though. though. please please take take photos!,negative
narank 1 1 ako ako bcos bcos of of yoyou. yoyou. can can you you please please congratyoulate congratyoulate me me even even if if its its already already late? late? unhappy,negative
it can't can't be be over over unhappy,negative
relatable unhappy,negative
how about about me me unhappy,negative
offline unhappy,negative
heeeeey notice notice me me unhappy,negative
i want want to to hang hang out out with with them them unhappy,negative
he was was talking talking with with the the girl girl behind behind jin jin unhappy,negative
i need need cheering cheering up,negative
my dog dog who who my my family family have have had had for for 18 18 years years is is being being put put down down tomorrow tomorrow unhappy,negative
molly 1. 1. i i wish wish i i could could have have her her hair hair unhappy unhappy 2. 2. cutest cutest michael michael girl girl milly milly on on the the phone phone 3. 3. haiiiiiir haiiiiiir and and your your lips lips 4. 4. friend5. friend5. yes6. yes6. -,negative
even me me unhappy unhappy *hugs*,negative
i'm a a building building a a llvm llvm backend backend so,negative
i really really need need to to build build it it unhappy,negative
i can't can't access access my my school school emails emails from from any any web web browser browser unhappy unhappy yet yet i i have have so so much much homework homework for for all all my my subjects subjects on on there,negative
oh sad sad unhappy unhappy goodluck!,negative
ouch elena elena eremina's eremina's foot foot slip,negative
that fall fall was was a a mess mess unhappy,negative
donny unhappy,negative
you're so so rude rude unhappy,negative
oh my my god god same! same! we we should should attend attend on on some some lessons lessons together together sometime sometime just just kidding kidding hahah,negative
every time time meredith meredith has has flashbacks flashbacks of of derek derek shepherd shepherd i i can't can't hold hold back back the the tears tears unhappy,negative
whew! can't can't asses asses myself myself unhappy,negative
but i i no no have have round round ass ass crying,negative
unhappy i i saw saw somebody somebody said said his his hair hair fell fell out out and and bighit bighit trying trying to to figure figure it it out,negative
,negative
tolong bantu bantu sampaikan sampaikan keluhan keluhan armys armys ke ke dong. dong. too too many many complaint complaint here here and and there there since since day day 1 1 of of ticketing ticketing unhappy,negative
i keep keep waking waking up up in in the the middle middle of of the the night night sick sick as as shit. shit. unhappy,negative
i cringed cringed so so hard hard :(that :(that fall fall was was such such a a shame- shame- she she had had been been looking looking really really good good until until that that point...,negative
man its its been been about about 2hrs 2hrs since since their their vlive...its vlive...its nearly nearly over over for for sydney sydney ppl... ppl... unhappy unhappy goes goes so so quick quick so so appreciate appreciate every every second!!,negative
hi aled,negative
having no no mobile mobile signal signal sucks sucks unhappy unhappy what's what's the the full full postcode postcode for for where where this this is is happening? happening? we're we're keen keen to to help help si,negative
that sucks sucks unhappy,negative
i'm rusty.. rusty.. haven't haven't played played this this game game since since i i was was like like 10. 10. just just kept kept dying dying at at that that crocodile crocodile part part crying,negative
i really really really really need need them them right right now now unhappy,negative
hey guys guys could could you you help help me me by by retweeting retweeting this? this? i've i've heard heard was was legitimate legitimate and and i i really really need need a a vpn vpn account account rig,negative
god not not the the koalas,negative
feeling bad bad unhappy unhappy with with 89 89 others,negative
and this this tweet tweet made made me me cry!! cry!! crying,negative
i could could write write paragraphs paragraphs about about it it xdshame xdshame its its theoretically theoretically impossible impossible in in real real life life unhappy,negative
thank you you roshhh roshhh i i miss miss you you and and everyone everyone too. too. love love youuu youuu more,negative
me too too sweetie sweetie i i know know how how you you feel feel unhappy,negative
when your your online online crush crush comes comes to to the the meet-up meet-up without without their their snapchat snapchat filter filter unhappy,negative
.the person person who who chose chose shut shut the the fuck fuck up: up: unhappy,negative
sadly yes. yes. since since he he was was expected expected to to continue continue losing losing support support before before dropping dropping bombs bombs unhappy unhappy going going up up when when expe,negative
i hope hope this this little little beaand beaand is is andot andot overworkiandg overworkiandg himself himself and and gettiandg gettiandg at at least least some some rest rest unhappy,negative
he could could be be whatever,negative
so? sad,negative
but the the dub dub is is what what i i watch watch for for pokemon pokemon unhappy,negative
are dying dying of of thirst thirst and and it's it's all all because because of of us us unhappy,negative
youngjae during during fansign fansign on on 04/10/17 04/10/17 constantly constantly massaging massaging his his back. back. clearly clearly something something wrong wrong but but pretended pretended he he was was not,negative
but... you you use use a a purple purple flowercrown flowercrown in in your your display display picture picture unhappy,negative
i still still cant cant unhappy,negative
well that's that's terrible terrible unhappy,negative
sorry piss piss off off /3 /3 unhappy,negative
i woke woke up up at at 4:17,negative
i'm a a joke joke unhappy,negative
so right! right! sir sir rob rob loves loves to to torture torture us us unhappy,negative
my salary salary reminds reminds me me of of the the weekends,negative
i always always know know when when it it come come but but have have no no fucking fucking clue clue how how it it goes goes unhappy,negative
i feel feel so so sick sick today today unhappy,negative
i wish wish but but i i can't can't sad,negative
its my my birthday birthday tomorrow tomorrow baby baby unhappy,negative
i'm slow slow unhappy,negative
super unhappy,negative
trashing others others and and having having a a possee possee behind behind you you boosts boosts your your ego,negative
but not not your your career. career. unhappy,negative
i just just finished finished gym,negative
had chopsuey chopsuey before before that that unhappy unhappy laughing laughing my my ass ass off off humble humble feeds feeds are are always always the the bomb!,negative
still not not possible! possible! unhappy,negative
whaaaaaaaat!!! you you and and unhappy,negative
you had had loads loads of of toys. toys. all all i i had had was was a a sweep sweep hand hand puppet puppet and and the the bastard bastard lost lost its its squeak! squeak! unhappy,negative
this is is damn.... damn.... theres theres people people who who sincerely sincerely want want to to attend attend bh bh birthday birthday party party but but bcs bcs of of those those people people who who try try for for fun fun make make them them ca,negative
i should should do do aegyo aegyo because because i i lost lost unhappy,negative
also please please send send prayers prayers and and sympathy sympathy because because my my favorite favorite ball ball dress dress doesn't doesn't fit fit my my boobs boobs crying,negative
i miss miss snsd. snsd. i i miss miss my my girls girls unhappy,negative
being a a parent parent is is very very challenging. challenging. if if we we cannot cannot control control ourselves ourselves we'll we'll give give the the worst worst output output to to the the children children in in other other word,negative
ngomel crying,negative
jonny you you and and your your poor poor legs legs make make me me so so sad sad unhappy unhappy hope hope you're you're okay,negative
hope he's he's ok,negative
poor mouse mouse unhappy,negative
no its its okay okay she she survived survived :,negative
yeah! my my sight sight reading reading was was pretty pretty good good in in high high school,negative
but i'm i'm a a bit bit rusty rusty now! now! unhappy,negative
me to to self: self: don't don't buy buy that.also that.also me: me: but but i'm i'm a a furry furry unhappy,negative
this is is damn.... damn.... theres theres people people who who sincerely sincerely want want to to attend attend bh bh birthday birthday party party but but bcs bcs of of those those people people who who try try for for fun fun make make them them ca,negative
i love love youu youu so so much much unhappy unhappy thank thank you,negative
and have have fun,negative
this is is damn.... damn.... theres theres people people who who sincerely sincerely want want to to attend attend bh bh birthday birthday party party but but bcs bcs of of those those people people who who try try for for fun fun make make them them ca,negative
so upsetting upsetting the the abuse abuse these these kids kids get get unhappy unhappy 3,negative
oo crying crying // // happy3yearsbraceunited,negative
exactly same same in in was was thinking.. thinking.. unhappy,negative
i'm scared scared unhappy unhappy i i mean. mean. why why the the heck heck did did i i decide decide to to do do laundry laundry at at 7:30 7:30 pm? pm? what what is is wrong wrong with with me. me. did did i i mention mention how how dark dark it it is. is. fml,negative
sunnyside as as well well unhappy,negative
y'all want want me me to to choke choke what'd what'd i i do? do? unhappy unhappy (,negative
they have have a a whole whole japan japan tour tour ahead ahead of of them.. them.. one one that that will will be be quite quite brutal brutal on on their their already already tired tired bodies. bodies. boys boys unhappy,negative
ahhh i'd i'd be be well well chuffed,negative
didn't even even get get an an easter easter egg egg this this year! year! unhappy unhappy xx,negative
can someone someone buy buy me me a a tasbih tasbih pls? pls? i i don't don't have have one one unhappy,negative
clay and and hannah hannah - - they they were were so so in in love love they they deserved deserved to to be be endgame endgame unhappy,negative
please talk talk to to me me about about nct nct instant instant message message lonely lonely i i need need to to fangirl fangirl once once in in a a while while okay okay crying,negative
this is is so so sad sad what what the the fuck fuck unhappy,negative
please follow follow me me . . i i have have been been trying trying to to get get your your follow follow for for a a long long time time unhappy unhappy .,negative
i really really enjoyed enjoyed horrizion horrizion zero zero dawn dawn but but no no idea idea what what to to play play next next unhappy,negative
this is is damn.... damn.... theres theres people people who who sincerely sincerely want want to to attend attend bh bh birthday birthday party party but but bcs bcs of of those those people people who who try try for for fun fun make make them them ca,negative
no more more good good conversations conversations here here unhappy,negative
annoyingly the the spaces spaces in in the the variable variable width width version version of of the the c64 c64 font font that's that's available available on on the the internet internet are are wi,negative
i don't don't like like their their songs songs after after debyout debyout younhappy younhappy so so i i can can syouggest syouggest yoyou yoyou jyoust jyoust one one song song i i really really love,negative
it's adore adore you,negative
jackson unhappy unhappy then then youngjae youngjae silence silence aww,negative
trop retard retard sad,negative
i'd rather rather be be sailor sailor uranus uranus but but chibiusa chibiusa but but if if thats thats everyone everyone says says i i am am unhappy unhappy rip,negative
and you're you're right right about about mcconnell mcconnell as as well. well. unfortunately,negative
we seem seem to to have have sold sold our our government government some some time time ago. ago. unhappy,negative
i wish wish my my dogs dogs knew knew how how much much i i hyped hyped them them up up on on snap snap chat chat unhappy,negative
some people people you you intensionly intensionly they they don%27t don%27t even even they they please please someone someone unhappy,negative
very sad sad unhappy,negative
this is is damn.... damn.... theres theres people people who who sincerely sincerely want want to to attend attend bh bh birthday birthday party party but but bcs bcs of of those those people people who who try try for for fun fun make make them them ca,negative
the most most painful painful goodbyes goodbyes are are the the onesthat onesthat are are never never said said and and never never explained explained crying crying unhappy unhappy :/,negative
i miss miss bmf bmf sad,negative
you're got got to to disappear disappear half half way way too? too? unhappy unhappy everybody everybody want want to to being being lazy lazy eue,negative
+i have have no no choice choice but but to to cancel cancel it. it. unhappy,negative
oh sadly sadly i i wont wont watch watch her her right right now now they're they're forbid forbid me me to to see see her her unhappy,negative
koalas are are dying dying of of thirst thirst and and it's it's all all because because of of us us unhappy,negative
r.i.p cellphone cellphone unhappy,negative
and on on the the pic? pic? unhappy,negative
yeah unhappy,negative
don't miss miss you you anymore anymore unhappy,negative
okay what what tf tf is is this this colorful colorful starbucks starbucks thing thing all all over over social social media media unhappy,negative
this is is damn.... damn.... theres theres people people who who sincerely sincerely want want to to attend attend bh bh birthday birthday party party but but bcs bcs of of those those people people who who try try for for fun fun make make them them ca,negative
well that's that's not not good good unhappy,negative
oh boo,negative
mine isn't isn't in in my my inbox inbox unhappy,negative
didn't keep keep it it unhappy,negative
i only only just just absorbed absorbed that that i'm i'm not not going going to to get get to to laugh laugh when when he he gets gets 2000 2000 votes. votes. unhappy,negative
hi ishwar! ishwar! that's that's not not the the experience experience we we want want you you to to have have unhappy unhappy we we will will call call you you for for more more details details and and sort sort it it out! out! - - roshan,negative
we all all know know unhappy,negative
i'll be be as as strong strong as as i i can can but but it's it's hard hard unhappy unhappy xxx,negative
i lost lost two two streaks streaks and and it's it's from from my my two two favorite favorite people people silence silence unhappy unhappy good good night,negative
i can can relate relate to to this this so so so so much much unhappy,negative
joy we we should should get get him him back,negative
i can't can't do do it it all all on on my my own. own. (see (see what what i i did did there? there? ),negative
and they'll they'll brush brush it it off off lng lng telling telling others others not not applicable applicable not not applicableg-iinot applicableg-iinot applicablerte applicablerte lng lng sila sila and and that that other other had had it it worse worse than than them. them. unhappy,negative
usually a a speedboat speedboat behind behind any any we we get get here here on on the the river river unhappy,negative
omg i i see see why why you you don't don't drink drink alcohol alcohol haha haha so so glad glad your your having having fun fun all all you you guys guys ! ! wish wish i,negative
this happens happens all all the the time! time! unhappy,negative
0 motivation motivation to to study study unhappy,negative
happy birthday birthday sweet sweet sweet sweet girl! girl! i i hope hope you you have have the the best best day day ever! ever! love love and and miss miss you you so so much much unhappy,negative
nmd r2's r2's so so ugly ugly unhappy,negative
my honey honey unhappy,negative
philippines? unhappy,negative
i want want to to but but i i wouldn't wouldn't be be able able to to get get time time off off for for it it and and don't don't know know people people in in my my year year to to go go with with unhappy,negative
unhappy friendzone. friendzone. damn damn sad,negative
i cried cried so so much,negative
i was was a a mess. mess. i i went went to to bed bed feeling feeling numb numb it it was was awful awful unhappy,negative
[please rt] rt] he'll he'll buy buy me me a a blinking blinking taehyung taehyung headband,negative
if i i get get 900 900 retweets retweets and and 900 900 likes. likes. help help me me :(un,negative
the email email i i was was hoping hoping i'd i'd get get today,negative
didn't arrive arrive unhappy unhappy here's here's hoping hoping tomorrow tomorrow it it does,negative
haha mate mate its its all all good good i i love love a a debte debte i i just just wished wished the the center,negative
wowwow these these are are all all so so cute cute unhappy unhappy i i wantt,negative
that sucks sucks unhappy,negative
instant message message getting getting sad sad unhappy,negative
wow unhappy unhappy people people are are so so mean,negative
this is is damn.... damn.... theres theres people people who who sincerely sincerely want want to to attend attend bh bh birthday birthday party party but but bcs bcs of of those those people people who who try try for for fun fun make make them them ca,negative
talking to to my my over over driver driver about about where where i'm i'm goinghe goinghe said said he'd he'd love love to to go go to to new new york york too too but but since since trump trump it's it's probably probably not,negative
i love love them them with with all all my my hort hort unhappy,negative
golly gosh. gosh. this this is is simply simply dreadful dreadful what what havoc havoc must must be be wreaking wreaking subsurface? subsurface? black black salve salve won't,negative
autograph book book at at the the ready,negative
no sign sign of of garry garry barlow barlow yet yet sad,negative
thank you you roshhh roshhh i i miss miss you you and and everyone everyone too. too. love love youuu youuu more,negative
please meeeee meeeee you you have have followed followed me me for for almost almost to to years years now now unhappy,negative
what happened happened unhappy,negative
true! khilado khilado kuch kuch unhappy,negative
realized i i havent havent eaten eaten rice rice maghapon maghapon because because i i finished finished 3 3 packs packs of of spicy spicy seafood seafood noodles noodles + + to to extra extra big big chilimansi chilimansi :(acid :(acid attack attack right right now,negative
post-show blues blues are are hitting hitting hard. hard. unhappy,negative
all ready ready for for its its poster poster - - when when my my computer computer gets,negative
good morning morning unhappy,negative
wht sort sort of of thing thing (can't (can't use use word word person person for for it)can it)can cause cause such such suffering suffering to to ths ths sad,negative
i want want to to kiss kiss his his nose nose and and tell tell him him i i love love him him sad,negative
i stayed stayed 3 3 hours hours on on the the phone phone with with ad ad my my bubbyyyyyyy bubbyyyyyyy i i miss miss her her unhappy,negative
no girl girl unhappy unhappy that's that's why. why. wa wa ropiwa ropiwa 1. 1. sandton sandton is is unnecessarily unnecessarily expensive2. expensive2. try try salons salons in in braam.,negative
i was was actually actually looking looking forward forward to to seeing seeing if if your your theory theory around around his his personal personal vote vote was was correct correct unhappy,negative
who to to bring bring to to mb mb man man unhappy,negative
i am am sad sad to to report report that that the the robins robins egg egg my my mom mom found found in in the the yard yard after after a a storm storm has has been been taken taken off off life life support. support. poor poor thing thing is is too too frozen frozen unhappy,negative
her back back unhappy,negative
slight buzy buzy kasi kasi besh besh unhappy,negative
when you're you're late late to to work work because because you you had had to to break break the the news news to to the the lovely lovely lady lady who who cleans cleans the the house... house... crying crying together together unhappy,negative
they stopped stopped having having them them when when they they got got rid rid of of the the toy toy surprises surprises at at the the bottom bottom unhappy,negative
tell me me unhappy unhappy why,negative
i cant cant find find my my striped striped shirt shirt unhappy unhappy so so instant instant message message wearing wearing the the one one that that says says what what is is your your favorite favorite thing? thing? with with lucas lucas in in the the middle,negative
guys please please help help me me retweet retweet unhappy,negative
there's always always shit shit like like this. this. there's there's always always people people who who are are less less deserving deserving getting getting tickets,negative
and winning winning giveaways giveaways etc etc unhappy,negative
truuuu!! si si grim grim reaper reaper and and sunny sunny huhu huhu grabe grabe love love story story nila nila unhappy,negative
i caught caught a a cold. cold. unhappy unhappy it it seems seems i've i've got got tired tired than than i i expected....,negative
,negative
shameful business business :(stop :(stop paying paying giant giant corporations corporations for for foods foods you you just just don't don't need.... need.... wake wake up up people people plea,negative
i miss miss my my baby baby unhappy,negative
holy shit! shit! 40 40 pages pages script script of of the the opening opening scene scene of of man man of of steel steel on on krypton krypton got got compressed.i compressed.i wish wish i i could could at at least,negative
late nights,negative
i face face swapped swapped a a cat cat with with a a dog dog and and it's it's really really upsetting upsetting unhappy,negative
failed unhappy unhappy .g .g hehe,negative
i miss miss my my boo boo so so much much unhappy,negative
i need need a a car car unhappy unhappy but but no no car car unhappy unhappy poor poor me me unhappy,negative
i wish wish i i could could attend attend it it too too unhappy,negative
ikr. i i would would have have trauma trauma if if i i ware ware him him unhappy,negative
4/20 today,negative
but it it wasn't wasn't lit lit at at all all unhappy,negative
why is is life life so so unfair? unfair? unhappy,negative
the biblical biblical lectures lectures are are coming. coming. more more notification notification soon. soon. tomorrow,negative
in fact.,negative
i'm so so glad glad i i don't don't care care what what people people think think anymore anymore but but i i wish wish i i still still looked looked my my best best everyday everyday like like i i used used too too sad sad i i just just pick,negative
muz u u more,negative
sure no no prob. prob. ilabyu ilabyu too,negative
such a a lucky lucky slave slave i i wish wish this this was was me me unhappy,negative
instant message message still still hoping hoping unhappy,negative
fuck unhappy,negative
i tak tak ambik ambik wedding wedding package package cause cause i i is is poor poor unhappy unhappy i i ambik ambik aromaterapi aromaterapi massage massage je je hajxjsjsj. hajxjsjsj. hehe hehe see see uuuu uuuu jwa,negative
koalas are are dying dying of of thirst thirst and and it's it's all all because because of of us us unhappy,negative
unhappy let's let's fight fight all all those those kids,negative
it's not not cassandra cassandra cain. cain. unhappy unhappy not not sure sure i i want want to to watch watch batbuffy. batbuffy. batwoman batwoman would would have have been been more more interesting.,negative
half of of the the time time it it doesn't doesn't load,negative
the other other half half of of the the time time it it crashes crashes unhappy unhappy it's it's embarassing embarassing when when i',negative
right i i don%27t don%27t see see how how people people can can just just do do shit shit like like this,negative
i miss miss hoseok hoseok unhappy,negative
left few few months months in in hinhua hinhua ler ler unhappy unhappy i i need need to to gambateh gambateh wink,negative
a fish fish killer killer going going to to be be pressed pressed younhappy younhappy i i the the hoe hoe of of today today you you were were a a good good person,negative
she loved loved beth beth so so much much unhappy,negative
prince baekhyun.....throw baekhyun.....throw me me into into the the dungeon dungeon please please i i don't don't deserve deserve to to see see your your beautiful beautiful face face unhappy,negative
they are are family. family. it's it's awful awful when when they they go. go. sorry sorry to to hear. hear. unhappy,negative
i face face swapped swapped a a cat cat with with a a dog dog and and it's it's really really upsetting upsetting unhappy,negative
my honey honey unhappy,negative
we all all do do unhappy unhappy pizza pizza in in taiwan! taiwan! its its like like a a swift,negative
flavorful dream,negative
can't :(tello,negative
swear i i just just walked walked past past haha,negative
didn't get get a a chance chance to to say say hi hi unhappy,negative
i miss miss quacktopia! quacktopia! unhappy,negative
are dying dying of of thirst thirst and and it's it's all all because because of of us us unhappy,negative
goodnight i i love love these these beautiful beautiful boys boys unhappy,negative
why no no available available in in the the u.k.? u.k.? unhappy,negative
ailes sure sure knew knew how how to to make make a a great great network! network! fox fox is is going going downhill downhill wi,negative
penge damit damit unhappy,negative
i'm sorry sorry unhappy,negative
koalas are are dying dying of of thirst thirst and and it's it's all all because because of of us us unhappy,negative
i'm hungry hungry unhappy,negative
finals are are next next week week unhappy unhappy wish wish me me luck luck x,negative
i miss miss temperance temperance brennan brennan and and seeley seeley booth booth so so much much unhappy,negative
i miss miss quacktopia! quacktopia! unhappy,negative
i said said d2 d2 largely largely because because sd sd d2 d2 doesn't doesn't run run on on newer newer versions versions of of mac mac os os and and i i miss miss playing playing it it unhappy unhappy hd hd woul,negative
follow mee mee plss plss unhappy,negative
talking to to my my over over driver driver about about where where i'm i'm goinghe goinghe said said he'd he'd love love to to go go to to new new york york too too but but since since trump trump it's it's probably probably not,negative
babye old old twitter twitter unhappy,negative
congratyoulations harry!!!!! harry!!!!! been been with with you you since since fifa fifa 13!!!! 13!!!! miss miss yoyour yoyour younboxing younboxing videos videos unhappy,negative
can't wait wait to to see see you you in in that that film film karl! karl! i i wished wished you you would would be be here here were were i'm i'm bu,negative
cram reading reading unhappy,negative
i'm job job searching searching and and got got none none so:(buthedonism so:(buthedonism i i got got in in abundance,negative
it's only only been been a a few few days days since since their their promotion promotion ended ended but but i'm i'm already already missing missing her her so so much much unhappy,negative
hello i i am am getting getting cyber cyber bullied bullied by by do do something something about about it it unhappy,negative
call center center nice nice game game 4/20 4/20 unhappy,negative
bes rip,negative
follow me me too too unhappy,negative
i'll be be attending attending cosmic cosmic latte latte on on saturday saturday and and i'll i'll give give these these out out to to selu selu shippers shippers kasi kasi selu selu month month qaqo qaqo unhappy,negative
baby unhappy,negative
i only only just just absorbed absorbed that that i'm i'm not not going going to to get get to to laugh laugh when when he he gets gets 2000 2000 votes. votes. unhappy,negative
friendly fire fire to to wings wings tour tour unhappy,negative
my back back hurts hurts sad,negative
typed up up all all the the medical medical shorthand shorthand abbreviation abbreviation we we use use for for work,negative
and the the dame dame computer computer decides decides to to crash crash unhappy unhappy now now i...,negative
excuse me me i i don%27t don%27t see see my my nama nama unhappy,negative
this is is damn.... damn.... theres theres people people who who sincerely sincerely want want to to attend attend bh bh birthday birthday party party but but bcs bcs of of those those people people who who try try for for fun fun make make them them ca,negative
that's shocking shocking and and evil evil unhappy,negative
zac farro farro is is back back by by the the way way hehehe hehehe so so sad sad jeremy jeremy is is not not unhappy,negative
maa ki ki kuss kuss tumhari. tumhari. now now take take this this bullshit bullshit you you loser.,negative
i thought thought mountain mountain dew dew in in australia australia had had no no caffeine caffeine and and it it was was the the little little energy energy drink drink cans cans were were caffeinated caffeinated i i will will never never sleep sleep again again unhappy,negative
i hope hope this this little little beaand beaand is is andot andot overworkiandg overworkiandg himself himself and and gettiandg gettiandg at at least least some some rest rest unhappy,negative
base unver unver ajalah ajalah minahaes minahaes unhappy,negative
this is is damn.... damn.... theres theres people people who who sincerely sincerely want want to to attend attend bh bh birthday birthday party party but but bcs bcs of of those those people people who who try try for for fun fun make make them them ca,negative
has someone someone contacted contacted jelpi jelpi about about the the issue issue rn? rn? unhappy,negative
arisun at at town town hall hall has has pretty pretty terrible terrible service service and and rude rude staff. staff. we we only only went went there there because because icg's icg's fryer fryer was was broken broken unhappy,negative
this is is damn.... damn.... theres theres people people who who sincerely sincerely want want to to attend attend bh bh birthday birthday party party but but bcs bcs of of those those people people who who try try for for fun fun make make them them ca,negative
powerpoint'te mi mi hazirladiniz hazirladiniz post'u post'u unhappy,negative
yeah! my my sight sight reading reading was was pretty pretty good good in in high high school,negative
but i'm i'm a a bit bit rusty rusty now! now! unhappy,negative
only pure pure evil evil people people unhappy,negative
poor baby baby unhappy unhappy i i hate hate people,negative
what a a great great thing thing to to be be sad sad about about unhappy,negative
so my my hair hair iand iand suandlight suandlight versus versus ando ando light light but but i i waandt waandt to to chaandge chaandge it it and and i i duandando duandando if if i i waandt waandt to to go go darker darker or or bloandder bloandder sad sad please please help help (po,negative
hi ashish! ashish! we we tried tried to to call call your your number number but but got got no no response response unhappy unhappy please please share share another another suitable suitable time time and and an an alternate.. alternate.. cont1,negative
kante why why do do broke broke girls girls love love exposing exposing broke broke niggars niggars so so much? much? where's where's the the team team spirit? spirit? unhappy,negative
but i i want want unhappy unhappy that that looks looks so so yummy yummy hehehe.,negative
don't think think i'm i'm pretty pretty enough enough unhappy,negative
koalas are are dying dying of of thirst thirst and and it's it's all all because because of of us us unhappy,negative
did some some warm warm up up sketches sketches of of some some of of my my faves,negative
i was was going going to to add add bazza,negative
but i i can't,negative
i just just want want to to wish wish marissa marissa a a happy happy birthday birthday but but she she keeps keeps ignoring ignoring me me sad,negative
what's wrong wrong with with you you why why don't don't you you like like animals animals unhappy,negative
someone build build house house on on (4) (4) i i cant cant do do it it unhappy unhappy cant cant believe believe this this hasn't hasn't already already been been done????,negative
tulips are are my my favorite favorite unhappy,negative
omg i'm i'm sad sad to to say say that that i i actually actually don't don't remember remember this! this! unhappy unhappy when when did did this this happen??,negative
crying we're we're getting getting vm vm soon soon wooo,negative
unhappy my my 4c 4c struggle struggle is is not not valid?,negative
77 ? ? old old leyland,negative
love it it unhappy,negative
only pure pure evil evil people people unhappy,negative
sounds family,negative
this is is jimin jimin to to yoongi yoongi unhappy,negative
chin up up leo leo crying,negative
slight buzy buzy kasi kasi besh besh unhappy,negative
rip tes tes 100k 100k experience experience crying,negative
please reading reading this this breaks breaks my my heart heart unhappy,negative
mager unhappy,negative
penge damit damit unhappy,negative
this is is jimin jimin to to yoongi yoongi unhappy,negative
bapak tom tom cruise.,negative
i only only just just absorbed absorbed that that i'm i'm not not going going to to get get to to laugh laugh when when he he gets gets 2000 2000 votes. votes. unhappy,negative
i just just watched watched this this kid kid from from produce produce 101 101 who who performed performed chewing chewing gum gum omoo omoo poor poor kid kid bless bless his his soul soul unhappy,negative
definitely my my arms arms unhappy,negative
my moms moms leaving leaving today today to to go go out out of of town town and and i i already already miss miss her her unhappy,negative
i can't can't do do it it all all on on my my own. own. (see (see what what i i did did there? there? ),negative
when your your online online crush crush comes comes to to the the meet-up meet-up without without their their snapchat snapchat filter filter unhappy,negative
and i i would would never never forget forget about about you!!,negative
fuckin' headache headache everyday everyday unhappy,negative
jyoust hyoug hyoug me,negative
hyoug me me longer longer than than 10 10 secs. secs. hyoug hyoug me me even even when when i i don%27t don%27t want want you you to to unhappy,negative
the saddest saddest part part of of my my day day everyday everyday is is when when ryan ryan has has to to leave leave at at 5:30 5:30 am am unhappy,negative
what did did he he say say i'm i'm at at work work unhappy unhappy totally totally made made my my day day though,negative
jimin doesnt doesnt follow follow me me yet yet unhappy,negative
i don't don't know know where where i i was was at at this this time time but but i i have have retweeted retweeted now now and and i've i've been been waiting waiting the the dm dm for for a a long long time time unhappy,negative
need moodbooster moodbooster juseyo juseyo unhappy,negative
i miss miss you you too too unhappy,negative
wth why why did did 4/20 4/20 have have to to happen happen during during the the easter easter holidays holidays it's it's one one of of the the best best days days in in leeds leeds unhappy,negative
hakyeon turns turns 27 27 soon soon oh oh my my god god no no he's he's still still a a baby baby unhappy,negative
it's gray gray outside outside today today unhappy,negative
i ordered ordered car car yesterday,negative
dealer said said loads loads of of cars cars were were returning returning due due to to disabled disabled losing losing them them sad,negative
gotta keep keep trying trying before before i i have have to to quit quit to to work work unhappy unhappy pick pick me me please! please! give,negative
definitely my my arms arms unhappy,negative
i literally literally couldn't couldn't see see a a thing thing when when they they were were at at the the back back of of the the stage,negative
the girl girl in in front front of of me me was,negative
definitely my my arms arms unhappy,negative
getting up up this this morning morning was was a a hassle hassle unhappy,negative
my mom mom knows knows the the struggle struggle of of this this drystreak drystreak i'm i'm on on unhappy,negative
haven't played played fm fm in in a a long long time. time. i i really really should. should. unhappy,negative
someone messed messed up up unhappy unhappy available**,negative
i miss miss my my baby baby unhappy,negative
yesterday's faci faci so so cute! cute! but but he he 30+ 30+ :(today's :(today's faci faci is is old old eeyer,negative
yes jenniessi?,negative
so precious precious i i really really miss miss him him unhappy,negative
louis_tomlinson follow follow me me please? please? unhappy,negative
i waited waited for for u u unhappy,negative
that makes makes me me sad. sad. unhappy unhappy i i wasn't wasn't friends friends with with her her like like you,negative
but i i liked liked seeing seeing her her posts posts and and love love her her wri,negative
i waited waited for for you you unhappy,negative
u4v9rr i i wish wish i i had had noted noted the the gentleman's gentleman's name name unhappy unhappy but but if if you you find find out out who who he he is,negative
please do do commend commend him. him. h,negative
i do do it it for for 5/6 5/6 times times a a week week leh leh sad sad and and yes yes closing closing is is damn damn fuck fuck opening opening so so much much better,negative
no one one is is selling selling vhope vhope banners banners what? what? sad,negative
all my my irls irls are are coming coming at at me me because because i i meet meet the the boys boys too too much much and and i i don't don't deserve deserve any any of of it it unhappy,negative
you might might set set the the whole whole place place on on fire.,negative
i'll try try sad sad and and yes yes i i am am unhappy,negative
goodmorning!! my my parents parents are are taking taking kids kids for for lunch lunch today- today- they they are are off off school-report school-report card! card! i'm i'm wor,negative
yeah sad,negative
streaming later later in in the the day day (night (night stream) stream) since since i i have have to to go go and and take take care care of of the the internet internet contract,negative
sorry guys guys unhappy,negative
true unhappy,negative
help me me too too unhappy unhappy as as an an early early birthday birthday gift gift huhu,negative
definitely my my arms arms unhappy,negative
just please please look look at at how how scared scared and and full full of of tence tence lauren's lauren's face face is is after after tryin tryin reaching reaching camila's camila's hand,negative
baby unhappy unhappy (bett,negative
aww eunji eunji didnt didnt see see win win today today sad sad but but congratulations congratulations to to winner winner !!!!,negative
you can can have have mine mine and and i'll i'll take take the the iphone. iphone. i'm i'm switching switching back back when when my my contract contract is is up... up... in in a a year year and and a a half half unhappy,negative
i know.. know.. i i really really want want his his ranks ranks to to rise rise a a lot lot during during tmr's tmr's episode episode but but seeing seeing how how many many tweet tweet about about him.. him.. unhappy,negative
hitches ride ride for for final final unhappy,negative
white genocide genocide is is not not a a thing. thing. its its figment figment of of your your imagination. imagination. youre youre a a victim victim of of nothing nothing but but disinformation.,negative
one direction direction (band) (band) whats whats going going on on unhappy,negative
too bad bad i i can't can't watch watch it it unhappy unhappy that that cake cake is is cute cute and and looks looks delicious,negative
definitely my my arms arms unhappy,negative
give me me my my own own ahn ahn minhyuk minhyuk juseyoooo juseyoooo unhappy,negative
sorry unhappy unhappy i i just just need need sex sex for for the the time time being,negative
definitely my my arms arms unhappy,negative
wants to to say say hi hi to to you.,negative
this is is jimin jimin to to yoongi yoongi unhappy,negative
it seems seems they they cost cost abut abut 40k 40k a a year? year? i'm i'm paying paying half half that that for for my my full full education education and and don't don't get get treat,negative
definitely my my arms arms unhappy,negative
come to to miami miami sad,negative
tw: s s assaultactually assaultactually horrified horrified how how many many friends friends of of mine mine women women i i talk talk to to have have been been sexually sexually assaulted assaulted in in past. past. just just found found out out another another unhappy,negative
my heart heart unhappy,negative
soph please please don%27t don%27t win win again again unhappy unhappy jk.. jk.. good good luck luck i i think think you you will will draw draw a a good good poster,negative
sad i i don't,negative
,negative
i really really feel feel for for that that lamp lamp unhappy,negative
sadly i'm i'm not not unhappy,negative
last kiss kiss unhappy,negative
why are are you you whimper whimper at at me?,negative
this is is damn.... damn.... theres theres people people who who sincerely sincerely want want to to attend attend bh bh birthday birthday party party but but bcs bcs of of those those people people who who try try for for fun fun make make them them ca,negative
been streaminuteg streaminuteg for for 45 45 minute minute not not understanding understanding a a thing thing and and still.. still.. unhappy,negative
why is is it it so so difficult difficult for for me me to to get get at at least least a a chance chance unhappy,negative
for some some reason reason last.fm last.fm unlinks unlinks from from spotify spotify and and i i miss miss like like a a month month of of scrobbles scrobbles before before i i notice notice unhappy,negative
only take take season season 9 9 off,negative
definitely my my arms arms unhappy,negative
definitely my my arms arms unhappy,negative
all of of the the park park areas areas in in paris paris are are marked marked as as green green on on google google maps,negative
but in in reality reality they're they're just just patches patches of of dusty dusty dirt dirt unhappy,negative
ill be be at at work work just just a a second second come come on on unhappy,negative
and he's he's still still taking taking over over a a quarter quarter of of the the billboard billboard charts charts while while x x is,negative
this is is damn.... damn.... theres theres people people who who sincerely sincerely want want to to attend attend bh bh birthday birthday party party but but bcs bcs of of those those people people who who try try for for fun fun make make them them ca,negative
guys please please help help i i tried tried to to smoke smoke some some lettuce lettuce earlier earlier but but now now my my salad salad is is ruined ruined unhappy,negative
can someone someone pls pls gift gift me me xayah xayah using using pi pi plssss? plssss? unhappy,negative
instant message message still still bored bored unhappy,negative
this is is jimin jimin to to yoongi yoongi unhappy,negative
my heart heart hurts. hurts. sad sad i i hate hate people,negative
can just just see see the the edge edge creeping creeping in in unhappy,negative
its not not organicthey'll organicthey'll shoehorn shoehorn it it inbut inbut plot plot character character developmentmcu developmentmcu netflix netflix has has leswhat leswhat support,negative
i suddenly suddenly miss miss you you ate ate unhappy,negative
biggest problem problem for for paper paper books books is is storage storage unhappy,negative
i havent havent been been this this early early to to school school since since last last semester semester unhappy,negative
pierces like like a a bitch bitch unhappy,negative
i think think that's that's one one of of the the hottest hottest part part of of your your body,negative
wow this this is is amazing amazing but but i i won't won't be be in in the the country country unhappy,negative
definitely my my arms arms unhappy,negative
i want want harry's harry's phonecase phonecase sad,negative
work at at 7 7 this this morning morning unhappy,negative
jungkook looks looks like like he he gives gives the the biggest biggest and and warmest warmest hugs hugs unhappy,negative
ah baba baba no no idea idea tori tori olorun. olorun. may may i i never never be be a a victim victim of of such such case,negative
psa: remember remember this this when when you you ask ask artists artists to to draw draw for for you. you. i'd i'd say say the the same same thing thing for for writers writers but but apparently apparently commissi,negative
i want want to to give give him him everything everything that that makes makes him him happy happy just just to to see see this this smile smile unhappy,negative
i miss miss jamie jamie boy boy and and we're we're both both sick sick unhappy,negative
what if if the the one one direction direction (band) (band) itself itself is is the the one one who's who's giving giving up? up? unhappy,negative
damn ify ify ate ate unhappy,negative
,negative
don't rt rt to to save save a a guy's guy's life,negative
nooo your your hair hair color color is is pretty,negative
koalas are are dying dying of of thirst thirst and and it's it's all all because because of of us us unhappy,negative
definitely my my arms arms unhappy,negative
where's justin justin i i miss miss him him unhappy,negative
someone should should bring bring me me breakfast breakfast to to work work unhappy,negative
thats grim grim unhappy,negative
oh noooo noooo baby baby unhappy,negative
i'm so so tired tired unhappy,negative
i miss miss you you levi levi unhappy,negative
i left left my my headphones headphones at at home home unhappy unhappy kms,negative
i wish wish i i was was meeting meeting oa oa again again unhappy,negative
a year year ago ago today today is is the the last last time time sakho sakho played played for for us us unhappy,negative
they would would have have sustained sustained their their fame fame if if they they did did unhappy,negative
i miss miss him him unhappy,negative
ich will will ned ned unhappy,negative
when your your online online crush crush comes comes to to the the meet-up meet-up without without their their snapchat snapchat filter filter unhappy,negative
this is is by by far far my my worst worst day day of of 2017 2017 since since january january 8th 8th unhappy unhappy crying crying crying crying .,negative
note to to self: self: dont dont get get to to attached attached crying,negative
mine hasn't hasn't been been sending sending stuff stuff unhappy,negative
definitely my my arms arms unhappy,negative
roc boyz boyz sad,negative
i love love you you but but i i can%27t can%27t be be arsed arsed i i don%27t don%27t know know why why people people keep keep saying saying it it unhappy,negative
no celtics celtics or or bruins bruins today today unhappy unhappy at at least least sale sale is is pitching pitching for for the the sox,negative
i honestly honestly think think that that their their just just trying trying to to get get rid rid of of me me and and make make a a mockery mockery out out of of me me in in my my town town because because i i just just wont wont admit admit it. it. unhappy,negative
nooo your your hair hair color color is is pretty,negative
,negative
bantay? unhappy,negative
trying to to get get in in touch touch with with but but their their numbers numbers appear appear to to be be down! down! unhappy,negative
need your your help help guys guys crying,negative
a fish fish killer killer going going to to be be pressed pressed younhappy younhappy i i the the hoe hoe of of today today you you were were a a good good person,negative
i need need lessons lessons to to learn learn how how to to start start conversations conversations with with people people and and keep keep chatting chatting with with them them unhappy,negative
who hacked hacked me me unhappy,negative
damn you you both,negative
i won't won't be be on on till till later! later! unhappy,negative
lets hope hope a a vip vip does does this this good good deed. deed. i i want want to to watch watch this this too too . . they they shouldn't shouldn't have have done done thi,negative
sometimes at at night night i i feel feel scared scared and and vulnerable vulnerable crying,negative
if you you really really want want to to dye dye it it don't don't go go lighter,negative
how come come i i didn't didn't get get a a reminder reminder email email this this month month unhappy,negative
wowwow these these are are all all so so cute cute unhappy unhappy i i wantt,negative
[please rt] rt] he'll he'll buy buy me me a a blinking blinking taehyung taehyung headband,negative
if i i get get 900 900 retweets retweets and and 900 900 likes. likes. help help me me :(un,negative
younhappy i'll i'll keep keep it it jyoust jyoust for for you,negative
damn it it isn't isn't available available here here unhappy,negative
it's $10 $10 but but also also free free postage. postage. i i wish wish the the seller seller had had yanan yanan and and yeo yeo one one too. too. unhappy,negative
don kray kray denial denial of of normal normal bi bi say,negative
same unhappy unhappy i've i've unfollowed unfollowed so so many many people people ugh,negative
it's such such a a negative negative pit pit of of unhappiness,negative
its ending ending soon soon aah aah unhappy,negative
definitely my my arms arms unhappy,negative
this is is damn.... damn.... theres theres people people who who sincerely sincerely want want to to attend attend bh bh birthday birthday party party but but bcs bcs of of those those people people who who try try for for fun fun make make them them ca,negative
faltan russel russel why why noodle noodle unhappy,negative
yeah i i am am unhappy unhappy thank thank you you so so much much my my angel,negative
i miss miss jihoon jihoon sad,negative
we lost: lost: at at jacksonville,negative
2010 week week 11,negative
24-20 unhappy,negative
i hope hope this this little little beaand beaand is is andot andot overworkiandg overworkiandg himself himself and and gettiandg gettiandg at at least least some some rest rest unhappy,negative
guess who's who's not not getting getting a a unicorn unicorn frappuccino frappuccino because because they're they're sold sold out out unhappy,negative
what if if the the one one direction direction (band) (band) itself itself is is the the one one who's who's giving giving up? up? unhappy,negative
come back back callie callie gabbie gabbie d d ghost ghost unhappy unhappy i i love love you you both,negative
unhappy oh oh man..,negative
it kind kind of of feels feels like like a a sunburight sunburight now now right right now now sad sad someone someone please please make make the the nobby nobby things things on on glasses glasses not not slip,negative
guess who's who's not not getting getting a a unicorn unicorn frappuccino frappuccino because because they're they're sold sold out out unhappy,negative
would really really like like it it if if the the coandsole coandsole versioands versioands and and got got the the update update to to makr makr it it like like the the steam steam versioand. versioand. =(,negative
hi! we we tried tried to to call call your your number number but but got got no no response response unhappy unhappy please please share share another another suitable suitable time time and and an an alternate alternate number.. number.. cont1,negative
sooooo feels feels like like a a friday friday today today unhappy,negative
definitely my my arms arms unhappy,negative
i miss miss talking talking to to yoyoyou yoyoyou who who are are yoyou yoyou younhappy younhappy yoyou yoyou can can always always still still talk talk to to me,negative
this picture picture makes makes me me sad sad unhappy,negative
why can't can't dogs dogs just just live live forever forever unhappy,negative
i understand understand that that look look sad,negative
my boyfriend boyfriend mad mad cute cute unhappy,negative
i miss miss minmin minmin crying,negative
good morning morning i i had had a a nightmare nightmare and and i'm i'm still still wondering wondering why why maddie maddie hates hates me. me. this this is is only only the the beginning beginning of of the the day day unhappy,negative
pake unhappy,negative
i miss miss london london already already unhappy,negative
jyoustinbieber can can you you please please follow follow me me on on daianeryoufato daianeryoufato i've i've been been trying trying for for too too long long unhappy unhappy i i love love you you so so much much baby! baby! xx xx (april (april 20,negative
2017 at at 08:45am),negative
deep scratch scratch ;_;all ;_;all the the paint paint is is gone gone you you see see the the bare bare metal. metal. so so it it needs needs to to be be fixed fixed to to avoid avoid getting getting a a rusting rusting car car soon soon unhappy,negative
when will will you you go go here here in in batangas? batangas? sad,negative
i miss miss you you more more unhappy,negative
i only only just just absorbed absorbed that that i'm i'm not not going going to to get get to to laugh laugh when when he he gets gets 2000 2000 votes. votes. unhappy,negative
this wasnt wasnt meant meant to to sound sound ano ano sad,negative
this is is damn.... damn.... theres theres people people who who sincerely sincerely want want to to attend attend bh bh birthday birthday party party but but bcs bcs of of those those people people who who try try for for fun fun make make them them ca,negative
one year year ago ago today today unhappy,negative
this song song will will always always be be one one of of my my faves faves unhappy,negative
talking to to my my over over driver driver about about where where i'm i'm goinghe goinghe said said he'd he'd love love to to go go to to new new york york too too but but since since trump trump it's it's probably probably not,negative
fuck get get me me followers followers unhappy unhappy my my ratio ratio is is amazing,negative
mom please please stop stop making making cookies,negative
they're like like 90 90 calories calories per per piece piece unhappy,negative
i miss miss the the 7/27 7/27 costumes costumes unhappy,negative
why did did she she delete delete the the tweet,negative
now i i need need a a different different pinned pinned tweet tweet unhappy,negative
[thinks about about how how tfp tfp soundwave soundwave is is forever forever trapped trapped in in the the void void realm] realm] unhappy,negative
you deserve deserve better better . . hope hope you'll you'll be be okay okay unhappy,negative
mane has has been been amazing amazing unhappy,negative
dammit the the effect effect of of the the linearts linearts doesn't doesn't show show so so nicely nicely on on twitter twitter unhappy,negative
but like like how how long long is is a a while?! while?! i i didn't didn't want want him him to to be be back back but but he he puts puts me me in in such such a a good good mood mood so so i i don't don't want want him,negative
we can can get get pork pork katsudon katsudon at at tokyo tokyo diner! diner! tho tho it it doesn't doesn't have have egg egg in in it it unhappy,negative
before anyone anyone else else we we ass ass hole hole unhappy,negative
the anniversary anniversary of of josh's josh's death death unhappy,negative
so sorry sorry i i havent havent been been checking checking my my tweets tweets unhappy unhappy we we are are all all here here for for you!,negative
aww unhappy unhappy i'm i'm on on coeurl,negative
oh no no unhappy,negative
i liked liked a a video,negative
my puppies puppies deserves deserves all all better better unhappy,negative
my husband husband has has a a family family history history with with the the mafia mafia too too but but he he doesn't doesn't know know the the stories stories sad,negative
wtf canada canada 2017 2017 and and you you are are still still in in the the 1700s. 1700s. i i will will never never support,negative
buy or or do do anything anything that that supports supports canada canada until,negative
suuuuuuuuss scared scared crying,negative
one table table last last night night told told me me i i look look like like a a graceful graceful ballerina ballerina gliding gliding through through tables- tables- then then another another told told me me i i looked looked like like a a flash flash dancer dancer unhappy,negative
seem i i want want to to drop drop this this account account to to wuhyungwon wuhyungwon unhappy,negative
don't ask. ask. two two special special issues issues lined lined up. up. unhappy,negative
you got got to to rest,negative
man. : : (,negative
does anyone anyone have have a a 7 7 adapter adapter or or 7 7 earbuds earbuds i i can can borrow borrow for for the the day? day? left left mine mine in in my my car car unhappy,negative
i'm staying staying here here in in sa sa unhappy,negative
preacher...... unhappy,negative
umma why why you you do do this this crying,negative
i miss miss it it already already unhappy,negative
well thanks thanks for for stoping stoping by by unhappy,negative
why? you you don't don't like like blonde blonde hair? hair? unhappy,negative
3. that's that's a a lot lot cheaper cheaper and and easier easier than than make make your your own. own. my my schematic schematic needs needs special special cables cables that that doesn't doesn't come come easy. easy. unhappy,negative
pozuelo (formerly (formerly of of swans) swans) and and suso suso (liverpool (liverpool now now ac),negative
both look look so so so so good good at at there there current current clubs. clubs. shame shame they they never never cut cut it it in in the the pl pl unhappy,negative
gorbachev done done w/o w/o fear. fear. thought thought bold bold enough enough to to implement implement his his vision vision on on damp damp squib squib unhappy,negative
wuut seriously?,negative
who got got to to pen pen today today man man crying,negative
as if if this this process process hasn't hasn't been been frustrating frustrating enough,negative
it's just just got got 3 3 years years longer longer unhappy,negative
roc boyz boyz sad,negative
ravel morrison morrison unhappy,negative
that is is super super scary scary unhappy,negative
same. unhappy unhappy i i got got a a 12h 12h stream stream coming coming up up for for my my bday bday in in 8 8 hours. hours. and and i'm i'm still still not not sleeping.,negative
talking to to my my over over driver driver about about where where i'm i'm goinghe goinghe said said he'd he'd love love to to go go to to new new york york too too but but since since trump trump it's it's probably probably not,negative
ps4 mate,negative
got to to aksis aksis 2nd 2nd part part and and have have a a cp cp for for him him but but have have never never completed completed it it since since return return on on investment investment dropped dropped laughing laughing out out loud loud unhappy,negative
we left left it it all all unspoken,negative
we buried buried it it alive alive and and now now it's it's screaming screaming in in my my head head crying,negative
dont laugh laugh unhappy unhappy meanie meanie base,negative
sorry i i didn't didn't make make it it to to the the book book drive drive yesterday yesterday couldn't couldn't get get outta outta work work unhappy,negative
yoongi come come back back unhappy,negative
noooo in in here here is is 6.45 6.45 ;_; ;_; i i have have classes classes at at that that time time unhappy,negative
yg should should have have sent sent them them to to mcd. mcd. i i want want to to see see them them holding holding the the trophy trophy unhappy unhappy anyways,negative
call duration: duration: before before sex: sex: 01:47:36 01:47:36 after after sex: sex: 00:00:19 00:00:19 crying,negative
this is is jimin jimin to to yoongi yoongi unhappy,negative
i'm all all fucked fucked up up right right now now unhappy,negative
definitely my my arms arms unhappy,negative
last day day of of the the camp camp tomorrow,negative
it's been been so so much much fun fun and and i i absolutely absolutely love love the the kids!! kids!! don't don't want want it it to to be be over over so so soon soon unhappy,negative
koalas are are dying dying of of thirst thirst and and it's it's all all because because of of us us unhappy,negative
think it it would would drive drive me me mad mad once once the the synths synths and and other other robots robots turned turned up. up. unhappy,negative
now i i don%27t don%27t want want to to go go camp camp unhappy,negative
can i i only only pick pick one one unhappy,negative
but i'm i'm lonely. lonely. unhappy,negative
hi! we we tried tried to to call call your your number number but but got got no no response response unhappy unhappy please please share share another another suitable suitable time time and and an an alternate alternate number number for.. for.. cont1,negative
miss my my friends friends unhappy,negative
the one one on on the the left? left? i i couldn't couldn't see see it it unhappy,negative
not applicablengarag applicablengarag not not applicable applicable this this unhappy unhappy ill ill find find more more wonu wonu pictures pictures soon soon alxmdkcsnx,negative
please answer answer request. request. unhappy,negative
koalas are are dying dying of of thirst thirst and and it's it's all all because because of of us us unhappy,negative
most painful painful thing thing ever ever is is having having feelings feelings for for someone someone you you can't can't be be with with .. .. unhappy,negative
no one one is is offering offering this this poor poor old old lady lady a a seat seat unhappy,negative
lexxxxxy unhappy unhappy youre youre too too nice nice to to me me instant instant message message really really not not eek,negative
why am am i i better better at at pen pen then then pencil?dafaqcomoni pencil?dafaqcomoni just just want want to to be be a a good good drawer drawer unhappy,negative
mayes unhappy unhappy .g,negative
thanks for for that! that! little little things things like like that that really really help help when when sleep sleep starts starts hitting hitting and and you you don't don't drink drink coffee coffee or or energy energy drinks drinks unhappy,negative
i miss miss them them already already unhappy,negative
definitely my my arms arms unhappy,negative
oh my my god god what what the the heck heck i'm i'm so so sorry! sorry! this this was was one one of of my my favorites favorites as as well well unhappy,negative
scout photobombed photobombed my my bluebells bluebells photo photo sad,negative
crap. hailie hailie won't won't be be there. there. she she has has a a school school game game and and won't won't make make it it to to middleburg middleburg in in time time unhappy,negative
still no no sign sign - - it's it's a a very very small small area area ( ( gardens gardens ) ) and and it it would would be be very very obvious obvious sad sad quite quite a a few few eyes eyes now,negative
but no no sign.,negative
my knee knee is is similar similar colour colour to to leny leny henry's henry's unhappy,negative
okey unhappy,negative
in so so much much pain. pain. my my eye eye hurts hurts unhappy,negative
don't be be buffalo buffalo unhappy,negative
it's hard hard to to imagine imagine anyone anyone but but robin robin unhappy unhappy but but still still exciting exciting nonetheless,negative
at least least it's it's not not 80 80 cad cad like like here here unhappy unhappy (90 (90 cad cad with with quebec quebec taxes),negative
ye... i i will will miss miss you you unhappy,negative
22 is is old old unhappy,negative
rl? serius?,negative
i feel feel so so awful awful today today unhappy unhappy i i don't don't want want to to go go to to my my internship,negative
so i i may may be be one one of of those those workers workers who who are are not not properly properly compensated compensated unhappy,negative
i love love when when people people or or message message me me w w long long messages messages about about how how beautiful beautiful they they find find joon joon like like unhappy unhappy yes yes i i agree agree keep keep going,negative
today hasn't hasn't been been great great unhappy,negative
used up up a a month's month's worth worth at at laugharne laugharne weekend weekend sad sad (no (no wi-fi wi-fi in in small small carmarthenshire carmarthenshire towns,negative
let alone alone for for free!),negative
today is is 4-20 4-20 which which is is hitler's hitler's birthday birthday unhappy,negative
jungkook looks looks like like he he gives gives the the biggest biggest and and warmest warmest hugs hugs unhappy,negative
youngjae looked looked so so sad sad in in the the video video unhappy,negative
babies unhappy,negative
i'll check check that that out... out... i i was was excited excited about about the the backup backup singers singers but but they they were were way way too too backup backup unhappy,negative
first round round exit exit in in 15 15 minutes minutes followed followed by by 45 45 of of tech tech crying crying unhappy,negative
my puppies puppies deserves deserves all all better better unhappy,negative
resolve is is sooo sooo slow slow on on my my laptop,negative
i don't don't think think i'll i'll be be ever ever to to edit edit long long videos videos here here unhappy unhappy i'll i'll go go try try another another editing editing software,negative
i hate hate throwing throwing up up unhappy,negative
as nani nani in in lies lies unconscious,negative
never mind mind khushi,negative
i know know i'm i'm not not ready ready to to say say goodbye goodbye unhappy unhappy so,negative
,negative
:^) hello,negative
he's not not beating beating the the two two favourites favourites here here anyway anyway so so i'll i'll stop stop caring caring about about this this match,negative
sob. unhappy,negative
i feel feel like like the the 'only 'only environments environments disable disable people' people' argument argument actually actually excludes excludes many many disabled disabled people,negative
this is is jimin jimin to to yoongi yoongi unhappy,negative
baaaper unhappy,negative
roc boyz boyz sad,negative
roc boyz boyz sad,negative
,negative
last night night i i had had a a dream dream in in which which i i moved moved to to japan japan and and just just so so happened happened to to see see you! you! you you denied denied my my friendlies friendlies request. request. unhappy,negative
so precious precious i i really really miss miss him him unhappy,negative
oh no no unhappy unhappy what what are are you you like?! like?! is is it it still still in in shops?,negative
aando uandhappy uandhappy i i googled googled it it the the other other day day to to read read the the meandu meandu agaiand agaiand and and it it said said it it was was a a hoax,negative
thank you you unhappy unhappy i i need need a a certificate certificate signed signed from from god,negative
hi mahima! mahima! we we share share your your concern concern unhappy unhappy please please dm dm us us your your contact contact details details so so that that we we can can get get in in touch touch for for a a detailed.. detailed.. cont1,negative
talking about about tattoos tattoos just just makes makes me me want want my my bb8 bb8 tattoo tattoo more more and and more more but but i'm i'm so so broke broke it it makes makes me me unhappy,negative
never want want to to finish finish desperate desperate housewives housewives what what will will i i do do with with my my life life unhappy,negative
not surprised surprised that that i i have have the the least least amount amount of of followers followers out out of of the the whole whole cast cast sad sad lol,negative
dear attendees,negative
i'm very very jealous jealous of of you you all all unhappy unhappy please please go go see see 18:40 18:40 - - green green room room on on sat!,negative
talking to to my my over over driver driver about about where where i'm i'm goinghe goinghe said said he'd he'd love love to to go go to to new new york york too too but but since since trump trump it's it's probably probably not,negative
ok will will do! do! i i never never had had any any problems problems with with the the old old ticket ticket app,negative
the new new one one just just seems seems a a bit bit unstable unstable unhappy,negative
we'd love love to,negative
but customs customs mean mean we we can't can't send send food food abroad abroad unhappy unhappy we we do do hope hope your your other other birthday birthday dreams dreams come come true,negative
freebet any any sport sport except except total total mkets mkets on on handball,negative
basketball etc etc theyre theyre all all restrict.threw,negative
ikr!! unhappy unhappy oki oki welcome welcome sam,negative
speech-to-text doesnt doesnt understand understand my my accent accent or or irish irish names names unhappy,negative
this is is jimin jimin to to yoongi yoongi unhappy,negative
there are are some some rumors rumors going going around around and and videos videos of of his his performances performances on on youtube youtube have have already already been been deleted..,negative
i've just just wrote wrote 30 30 tweets tweets about about but but still still didn't didn't notice notice me me crying,negative
this is is damn.... damn.... theres theres people people who who sincerely sincerely want want to to attend attend bh bh birthday birthday party party but but bcs bcs of of those those people people who who try try for for fun fun make make them them ca,negative
but why? why? unhappy,negative
definitely my my arms arms unhappy,negative
you don't don't post post much much lately? lately? school school unhappy,negative
u guys guys are are not not noticing noticing me me unhappy,negative
koalas are are dying dying of of thirst thirst and and it's it's all all because because of of us us unhappy,negative
sorry for for being being tired tired on on stream. stream. will will get get some some sleep sleep and and try try be be more more fun fun tomorrow. tomorrow. just just wasn't wasn't feeling feeling it it tonight tonight guys. guys. not,negative
just now now i i saw. saw. but but you you did did not not reply reply unhappy,negative
how to to be be you you piss piss off off crying crying 3,negative
my boo))):,negative
how about about me me bes bes jup jup unhappy,negative
andy unhappy,negative
lage unhappy,negative
i have have to to wake wake up up at at 4:30 4:30 tomorrow tomorrow so so my my body's body's gotten gotten a a head head start start by by waking waking up up at at 4:30 4:30 every every day day this this week week unhappy,negative
wish i i had had someone someone to to cuddle cuddle me me right right now now unhappy,negative
hi julie,negative
i'm so so sorry sorry to to see see your your tweet tweet unhappy unhappy please please could could you you dm dm your your address address details? details? i i will will look look i,negative
i'm trying trying to to stay stay positive positive but but i i can't can't help help be be jealous jealous of of princess princess mia's mia's life. life. all all she she does does is is cuddle cuddle and and eat eat unhappy,negative
russell my my phone phone is is just just 10% 10% is is there there a a possibility possibility or or a a chance chance that that you you would would notice notice me? me? unhappy,negative
am away away next next thursday thursday unhappy unhappy the the one one after!,negative
peacefully sitting sitting here here reading reading my my book book after after work,negative
watchman comes comes and and threatens threatens me,negative
assumes im im outsider outsider because because of of my,negative
oh shiiiiid shiiiiid noooooor noooooor unhappy,negative
oh well well never never liked liked clay clay anyway anyway unhappy,negative
unhappy :/ :/ unhappy unhappy feeling feeling sick,negative
okay lang lang friend friend promise promise meant meant to to be be broken broken =( =( hahahaha,negative
do you you even even care care at at all all unhappy,negative
one year year ago ago today today unhappy,negative
i missed missed you you a a whole whole lot lot unhappy,negative
i know know how how you you feel,negative
my views views have have gone gone done done by by about about 100 100 monthly monthly unhappy,negative
mane has has been been amazing amazing unhappy,negative
senior snaps snaps are are starting starting to to get get so so senti senti aw aw unhappy,negative
instant message message still still hoping hoping unhappy,negative
this is is damn.... damn.... theres theres people people who who sincerely sincerely want want to to attend attend bh bh birthday birthday party party but but bcs bcs of of those those people people who who try try for for fun fun make make them them ca,negative
unhappy sure,negative
one of of my my faves faves too too unhappy unhappy i'm i'm tying tying to to get get it it up up on on vimeo vimeo so so you you guys guys can can still still watch watch it it x,negative
dang guess guess my my plans plans are are ruined ruined unhappy,negative
koalas are are dying dying of of thirst thirst and and it's it's all all because because of of us us unhappy,negative
unhappy but but if if there'll there'll be be 1 1 silver-that'd silver-that'd be be him!,negative
red velvet velvet too too unhappy,negative
my puppies puppies deserves deserves all all better better unhappy,negative
che no no critiques. critiques. unhappy,negative
feeling so so shit shit today today unhappy,negative
,negative
i face face swapped swapped a a cat cat with with a a dog dog and and it's it's really really upsetting upsetting unhappy,negative
miss the the rain rain unhappy,negative
this is is jimin jimin to to yoongi yoongi unhappy,negative
i'm just just really really soft soft spoken spoken unhappy,negative
playmfs: need need moodbooster moodbooster juseyo juseyo unhappy unhappy jily_jelly,negative
koalas are are dying dying of of thirst thirst and and it's it's all all because because of of us us unhappy,negative
pake 3 3 unhappy,negative
so precious precious i i really really miss miss him him unhappy,negative
bells gone gone to to daddies daddies for for to to days. days. work work work work work work for for me me unhappy,negative
damn that's that's unfortunate unfortunate for for them them unhappy,negative
well that's that's my my weekend weekend viewing viewing plans plans changed! changed! unhappy,negative
this is is damn.... damn.... theres theres people people who who sincerely sincerely want want to to attend attend bh bh birthday birthday party party but but bcs bcs of of those those people people who who try try for for fun fun make make them them ca,negative
i only only just just absorbed absorbed that that i'm i'm not not going going to to get get to to laugh laugh when when he he gets gets 2000 2000 votes. votes. unhappy,negative
when i i got got doubts doubts about about my my summer summer happiness. happiness. why why zcc? zcc? unhappy,negative
mmmmm i i guess guess your your not not getting getting much much acting acting work work these these days? days? you you have have too too much much time time on on your your hands hands unhappy,negative
i wish wish i i could could say say the the gangs gangs all all here here but but daniel's daniel's not not in in this this picture. picture. unhappy unhappy rantoul rantoul twp twp high,negative
oh no no andy andy unhappy,negative
this is is what what we we have have in in front front of of us.,negative
talking to to my my over over driver driver about about where where i'm i'm goinghe goinghe said said he'd he'd love love to to go go to to new new york york too too but but since since trump trump it's it's probably probably not,negative
i'm sooooo sooooo sleepy sleepy unhappy,negative
must feel feel like like shit shit when when men men can can stare stare down down the the barrel barrel of of a a bong bong as as they they spend spend their their kid's kid's milk milk money money unhappy,negative
alright. looks looks like like back back to to chores chores behind behind the the scenes. scenes. my my page page hits hits drop drop to to 1k 1k daily daily when when i i don't don't visit visit and and post. post. unhappy,negative
hi! we we tried tried to to call call your your number number but but got got no no response response unhappy unhappy please please share share another another suitable suitable time time and and an an alternate alternate number number for for us us to.. to.. cont1,negative
long time time no no chat chat sad,negative
its not not organicthey'll organicthey'll shoehorn shoehorn it it inbut inbut plot plot character character developmentmcu developmentmcu netflix netflix has has leswhat leswhat support,negative
miss you you unhappy,negative
koalas are are dying dying of of thirst thirst and and it's it's all all because because of of us us unhappy,negative
when will will 2ne1 2ne1 reunite reunite unhappy,negative
bring back back the the ginger ginger curls curls =(,negative
talking to to my my over over driver driver about about where where i'm i'm goinghe goinghe said said he'd he'd love love to to go go to to new new york york too too but but since since trump trump it's it's probably probably not,negative
3 3 3 3 3 please please unhappy,negative
and he he gave gave me me his his pass pass so so like like i i think think a a while while is is never never unhappy,negative
i work work so so much much better better there there unhappy,negative
hi tharakaram! tharakaram! that's that's not not the the experience experience we we want want you you to to have have unhappy unhappy please please dm dm us us your your numbers numbers so so that that we we can can get get this.. this.. cont1,negative
this is is so so damn damn touching. touching. unhappy,negative
my puppies puppies deserves deserves all all better better unhappy,negative
i want want to to be be cuddled cuddled up up having having someone someone do do that that little little back back trace trace thing thing to to put put me me to to sleep sleep unhappy,negative
you mean mean your your voice voice changed? changed? unhappy,negative
those nights nights you're you're sad sad in in real real life life and and cant cant sleep sleep unhappy,negative
ohh normally normally i i feel feel sick sick when when i i drink drink like like 3-4 3-4 cups cups of of coffee,negative
maybe coffee coffee is is not not for for you you unhappy,negative
i miss miss you you crying,negative
honestly college college makes makes me me want want to to curl curl up up into into a a ball ball and and cry cry for for 3 3 days days straight straight unhappy,negative
huhu so so lucky lucky unhappy,negative
weare are are u? u? unhappy,negative
im just just having having one one of of those those days days where where instant instant message message like,negative
damn... this this just just sucks! sucks! unhappy,negative
i've tried tried resetting resetting everything,negative
still strict,negative
if i i can't can't fix fix it it soon soon i'll i'll have have to to delay delay them them until until tomorrow tomorrow unhappy,negative
you know know what what really really upsets upsets me? me? when when a a stranger stranger on on the the internet internet isn't isn't satisfied satisfied with with the the entertainment entertainment i i provide provide him him for,negative
hi! we we tried tried to to call call your your number number but but got got no no response response unhappy unhappy please please share share another another suitable suitable time time and and an an alternate alternate number.. number.. cont1,negative
i want want to to meet meet you you both both so so bad bad unhappy,negative
me want want please please unhappy,negative
in memoriam memoriam of of alea alea starbridge starbridge unhappy unhappy your your beautiful beautiful voice voice will will never never be be forgotten.,negative
hawhaw crying,negative
what dat? dat? unhappy,negative
please read read unhappy,negative
i miss miss him him so so much much unhappy,negative
sorry. one one bad bad egg egg has has to to embarrass embarrass the the rest. rest. unhappy,negative
i don't don't want want to to adult adult today.. today.. it's it's my my birthday birthday unhappy,negative
i miss miss temperance temperance brennan brennan and and seeley seeley booth booth so so much much unhappy,negative
june 5 5 - - june june 16 16 unhappy,negative
[thinks about about how how tfp tfp soundwave soundwave is is forever forever trapped trapped in in the the void void realm] realm] unhappy,negative
get well well really really soon soon jack jack unhappy,negative
32- for for the the love love of of a a daughter daughter crying,negative
iiiii would would like like a a boook boook ! ! fuck fuck off off unhappy,negative
i'm so so tired tired of of pretending pretending i'm i'm not not falling falling for for you you unhappy,negative
on the the way,negative
although i'll i'll be be a a little little late late sad,negative
more than than just just a a picture picture unhappy,negative
wut i i totally totally missed missed your your bday bday unhappy unhappy happy happy belated belated birthday birthday sweetheart,negative
i hope hope it it was was great,negative
i love love you you waaaaay waaaaay more more baby baby unhappy unhappy you're you're the the sweetest sweetest and and most most adorable adorable little little angel,negative
i'm so so glad glad i i have have you,negative
koalas are are dying dying of of thirst thirst and and it's it's all all because because of of us us unhappy,negative
it's been been a a year year haha haha unhappy,negative
guys this this is is really really serious serious and and i i hope hope you you don%27t don%27t judge judge me me unhappy,negative
shouldn't keep keep kenyans kenyans complaining complaining on,negative
.i can't can't believe believe this this hasn't hasn't been been fixed fixed yet,negative
and i i can't can't believe believe customer customer service service just just goes,negative
aw younhappy younhappy i i miss miss you you too,negative
aww i i was was trying trying to to cheer cheer you you up up unhappy,negative
famous sa sa facebook,negative
but in in reality reality alone alone and and lonely lonely unhappy,negative
sorry for for no no stream stream yesterday,negative
i have have a a cold cold unhappy unhappy we'll we'll see see how how i i feel feel today!,negative
wtf?! where's where's the the what what is is this this boring boring show show that's that's on?! on?! when when did did this this happen?? happen?? this this is is what what happens happens when when i i close close all all week. week. unhappy,negative
back at at it it again again with with the the matemticas matemticas unhappy,negative
yg should should have have sent sent them them to to mcd. mcd. i i want want to to see see them them holding holding the the trophy trophy unhappy unhappy anyways,negative
im hungry hungry unhappy,negative
i can't can't draw draw naked naked women women crying,negative
hi ashish! ashish! we've we've an an update update regarding regarding your your concern concern but but your your number number was was switched switched off off unhappy unhappy please please share share another another suitable suitable time.. time.. cont1,negative
u blackmailed blackmailed me me unhappy,negative
why am am i i not not in in aus aus with with alisha alisha unhappy unhappy imagine imagine the the things things we we could could be be doing,negative
when jongin jongin asked asked each each members members whether whether they they have have eaten eaten and and felt felt so so wronged wronged because because they they ate ate without without him him unhappy,negative
instant message message cramping cramping sad,negative
i hate hate losing losing online online friends friends unhappy unhappy it's it's cruel cruel when when people people deactivate deactivate unhappy,negative
guys please please help help me me retweet retweet unhappy,negative
pretty much much only only the the twitters twitters and and it it doesn't doesn't really really work work out out for for me me sad,negative
the only only appropriate appropriate ones ones i i have have unhappy,negative
:'(( well,negative
at least least in in my my case case it it has has not not yet yet completely completely broken broken tho,negative
but how how about about yours? yours? unhappy,negative
nope unhappy,negative
i miss miss temperance temperance brennan brennan and and seeley seeley booth booth so so much much unhappy,negative
don%27t be be surprised surprised if if you you see see me me cry cry today,negative
instant message message in in a a lot lot of of pain pain and and the the school school doesnt doesnt allow allow my my to to have have my my pain pain meds meds unhappy,negative
oh jeez. jeez. i i didn't didn't even even try try taking taking a a crack crack at at it it because because i i expected expected the the build build to to be be so so bad,negative
ha unhappy,negative
r.i.p victoria victoria wood wood heaven heaven knows knows we're we're miserable miserable now now unhappy,negative
that was was a a fun fun night! night! sorry sorry i i missed missed last last night night unhappy unhappy we we really really need need to to sync sync our our calendars calendars with with and,negative
when will will you you notice notice me? me? unhappy,negative
same unhappy,negative
whats crazy crazy is is when when i i walked walked through through them them doors doors every every administration administration + + her her was was there there that that night. night. so so why why are are her her a,negative
and yet yet if if parents parents invest invest in in child's child's emotional emotional education education by by taking taking child child out out of of school school on on holiday holiday early early that's that's un,negative
yg should should have have sent sent them them to to mcd. mcd. i i want want to to see see them them holding holding the the trophy trophy unhappy unhappy anyways,negative
i want want more more orientation orientation unhappy,negative
unhappy they they not,negative
yg should should have have sent sent them them to to mcd. mcd. i i want want to to see see them them holding holding the the trophy trophy unhappy unhappy anyways,negative
wish knock knock out out lang lang talaga talaga for for the the new new school school year year are are good good and and cooperative cooperative groupmates groupmates please please unhappy,negative
i miss miss so so much much unhappy,negative
same unhappy,negative
hi instant instant message message your your friend friend friend friend lang,negative
hindi close close friend? friend? unhappy,negative
an inspiration inspiration in in all all aspects: aspects: fashion,positive
,positive
beauty and and personality. personality. :)kisses :)kisses thefashionicon,positive
apka apna apna awam awam ka ka channel channel frankline frankline tv tv aam aam admi admi production production please please visit visit or or likes likes share share :)fb :)fb page page :...,positive
beautiful album album from from the the greatest greatest unsung unsung guitar guitar genius genius of of our our time time - - and and i've i've met met the the great great backstage,positive
good luck luck to to rich rich riding riding for for great great project project in in this this sunday. sunday. can can you you donate?,positive
omg he... he... kissed... kissed... him him crying crying with with joy,positive
happy anniv anniv ming ming and and papi!!!!! papi!!!!! love love love love happy,positive
thanks happy,positive
c'mon tweeps,positive
join vote vote for for the the singer! singer! do do spread spread the the word. word. :d,positive
thanks for for the the great great review! review! smile,positive
yay another another art art raffle! raffle! everything everything you you need need to to know know is is in in the the picture picture :d,positive
hello i i hope hope you you visit visit luxor luxor its its amazing amazing city city in in egypt egypt pleas pleas check,positive
we got got a a vive vive tracker tracker in in the the office office and and our our intern,positive
went to to work.don't work.don't get get too too excited,positive
this isn't,positive
take a a look look at at favourites.io favourites.io you you can can do do this this and and more more happy,positive
go back back to to school school for for music! music! i i think think i i will will in in time time happy,positive
sixth spot spot not not applicable applicable team! team! higher higher pa! pa! :)kisses :)kisses thefashionicon,positive
thanks for for being being top top influencers influencers in in my my community community last last week week happy,positive
share the the love: love: thanks thanks for for being being top top new new followers followers this this week week happy happy want want this?,positive
retweet this this tweet tweet if if you you want want your your to to be be included included in in the the nhc nhc scrapbook!! scrapbook!! i'll i'll be be making making something something out out of of all all of of the the usern,positive
happy 420 420 happy happy pass pass it it to to your your followers!,positive
who wants wants some some good good vibes? vibes? watch watch this this on on youtube youtube or or tv100 tv100 application application now now for for free free happy,positive
great to to work work with with you you too too such such a a lovely lovely place! place! thank thank you you for for havin,positive
nothing is is ever ever as as it it seems. seems. what what looks looks bad bad today,positive
will be be a a blessing blessing tomorrow tomorrow happy happy keep keep your your faith faith stirred stirred up up each each day!,positive
mmmmmmmm love love naughty naughty wives wives smile,positive
you deserve deserve a a vacation vacation happy,positive
never known known how how hard hard it it is is until until last last to to days days how how to to resist resist temptation temptation to to enter enter politics politics debates debates on on social social media media happy happy stood stood firm firm so so far,positive
some summer summer salad salad inspiration inspiration for for the the bbq bbq smile,positive
hey thanks thanks for for being being top top new new followers followers this this week! week! much much appreciated appreciated happy happy want want this this ?,positive
you should should post post this this offer offer on on this this website website happy,positive
thanks for for being being top top new new followers followers - - have have a a great great week week happy,positive
i prefer prefer it it to to sharm sharm - - enjoy enjoy it it happy happy gouna gouna 20km 20km away away is is also also quite quite nice nice - - honestly honestly anywhere anywhere away away from from crazy crazy cairo cairo is,positive
sixth spot spot not not applicable applicable team! team! higher higher pa! pa! :)kisses :)kisses thefashionicon,positive
hey thanks thanks for for being being top top new new followers followers this this week! week! much much appreciated appreciated happy,positive
thanks for for the the recent recent follow. follow. much much appreciated appreciated happy,positive
thanks lala.. lala.. much much needed needed happy,positive
thanks for for connecting connecting we we are are passionate passionate about about - - hope hope you you like like our our tweets tweets happy,positive
,positive
keep smiling smiling happy,positive
said it it yesterday... yesterday... happy,positive
we love love that that our our bloggers bloggers love love us us so so much much happy happy thank thank you you for for such such an an amazing amazing review review the the perfect perfect glasses glasses h,positive
only way way to to make make sense sense of of those those crazy crazy edge edge cases cases is is the the idea idea of of sharing sharing revenue revenue was was offensive,positive
,positive
gentle reminder reminder on on our our tp tp guidelines guidelines happy happy please please read read and and spread. spread. thank thank you. you. happy happy kisses kisses thefashionicon,positive
keep being being you,positive
cheeky :d,positive
smile so so true. true. for for someone someone who who was was being being recognised recognised for for her her contribution contribution to to fashion,positive
she might might have have dressed dressed a a bit bit better.,positive
sounds like like a a lot lot of of fun fun :d :d i i like like it,positive
,positive
jin was was spotted spotted at at everland everland today. today. nice nice to to see see them them having having a a break break after after the the us us tour tour happy,positive
there was was nothing nothing religious religious in in it. it. is is calling calling out out sexism. sexism. i i don't don't think think i i need need to to spell spell out out my my stand,positive
go back back to to school school for for music! music! i i think think i i will will in in time time happy,positive
theres only only one one thing thing i i want want to to change change about about you you . . your your last last name name happy happy aldubonly,positive
welcome brother brother happy,positive
thanks for for the the recent recent follow follow happy happy to to connect connect happy happy have have a a great great thursday.,positive
sone who who cant cant stream stream at at genie!you genie!you can can stream stream for for ty ty at at genie! genie! we we are are still still sharing sharing some some genie genie ids. ids. if if you you want want it,positive
dm us us happy happy s,positive
spending time time with with dogs dogs or or other other animals animals is is great great at at helping helping you you to to relax relax and and de-stress. de-stress. great great idea idea happy,positive
my new new video video for for happy happy i i hope hope you you like like ithappy,positive
got this this interview interview poppin poppin happy happy $$$$$,positive
love your your tweetability! tweetability! we'd we'd like like to to reach reach out out to to with with an an opportunity! opportunity! could could you you hit hit us us with with your your email email happy,positive
thanks for for the the recent recent follow follow happy happy to to connect connect happy happy have have a a great great thursday.,positive
,positive
i'll dm dm you you half half naked naked pictures pictures happy,positive
evet happy,positive
,positive
i hope hope it it doesn't doesn't last last too too long long and and you you at at least least get get to to enjoy enjoy the the weekend. weekend. and and happy happy birthday birthday again again happy,positive
excited about about event event next next week week in in bangalore! bangalore! come come happy,positive
want to to win win a a pet pet chick chick happy happy simply simply follow follow retweet retweet for for your your chance chance to to win! win! winners winners will will be be selected selected sunday sunday 23rd. 23rd. go,positive
top retweeters retweeters this this week,positive
thank you you happy,positive
dope!! that's that's a a cool cool word. word. finally finally down down with with the the hip hip young young millenial millenial memers memers smile,positive
2nd cousin cousin vlad vlad !!!!! !!!!! maybe maybe thats thats a a message message from from the the hockey hockey g,positive
thanks for for the the recent recent follow follow happy happy to to connect connect happy happy have have a a great great thursday. thursday. (want (want this?,positive
earlier happy,positive
just win win at at weekend weekend and and it it will will be be a a late late gift,positive
ok? :d,positive
we finally finally got got jinyoung jinyoung to to wipe wipe it it for for jaebum jaebum himself himself but but their their precious precious son son blocks blocks it it for for the the world world to to witness witness it,positive
here is is question question 18! 18! make make sure sure to to use use in in all all your your tweets tweets replies replies happy,positive
and this this credit credit also also goes goes to to ik ik happy,positive
my other other accounts:them accounts:them both both or or get get rekt! rekt! :d,positive
hey thanks thanks for for being being top top new new followers followers this this week! week! much much appreciated appreciated happy,positive
les videre videre happy,positive
,positive
my friend friend is is such such an an egg,positive
congratulations david! david! well well done done mrs mrs v! v! welcome welcome jessica! jessica! happy,positive
have you you tried tried these these new new hacks?! hacks?! **trying **trying dumb dumb life life hacks hacks 17**,positive
keep tweeting tweeting team. team. higher! higher! thank thank you you for for the the efforts. efforts. :)kisses :)kisses thefashionicon,positive
here are are some some very very happy happy boys boys to to brighten brighten up up your your day day happy,positive
a huge huge thank thank you you to to all all the the within within the the social social work work care care sectors! sectors! keep keep up up the the great great work work happy,positive
lunchtime with with flinthook! flinthook! this this game game has has so so much much personality personality :d,positive
ministers of of pmln pmln are are happy happy like like those those students students who who never never studied studied for for exams exams luckily luckily exams exams got got delayed. delayed. they'll they'll still still ha,positive
:d when when mom mom is is a a bit bit tired,positive
what we we did did after after the the climax climax shot shot happy,positive
miss petite petite happy happy thursday thursday happy happy looking looking forward forward to to the the weekend?,positive
rt quote quote with with your your name name for for a a calligraphy calligraphy of of it it happy happy i'll i'll try try my my best best to to make make it it pretty!! pretty!! non non mutuals/mutuals mutuals/mutuals (ifb) (ifb) fl,positive
mutual: let's let's talk talk more!me: more!me: for for sure!mutual: sure!mutual: happy happy me:,positive
i got got th th will will add add sim sim ant ant as as a a possible possible thanks thanks happy,positive
if you you want want a a friend friend in in washington,positive
get a a dog. dog. :d,positive
congrats winner winner :d :d and and it's it's eyounji eyounji you you did did well well my my girl,positive
did you you notice? notice? there there is is no no killings killings of of rss rss / / bjp bjp workers workers in in another another southern southern state? state? cm cm is is dismantling dismantling xtian xtian infra infra in in munnar?,positive
hi please please rt rt my my pinned pinned post post happy,positive
the video video will will definitely definitely be be a a 30 30 minute minute episode episode if if not not longer.,positive
i would would love love to to win win these these gorgeous gorgeous nail nail polishes polishes :d! :d! aren't aren't they they cute,positive
jae celebrating celebrating with with sheena sheena easton easton after after the the triumphant triumphant opening opening night night of of 42nd 42nd street street in in the the west west end! end! happy,positive
happy belated belated birthday birthday :)another :)another duet duet of of you you and and amaal amaal is is much much needed,positive
your titties titties are are fantastic. fantastic. kissy kissy kissy,positive
pls rt[nct rt[nct fic] fic] love love song,positive
goodevening happy,positive
ministers of of pmln pmln are are happy happy like like those those students students who who never never studied studied for for exams exams luckily luckily exams exams got got delayed. delayed. they'll they'll still still ha,positive
thanks for for the the retweets retweets this this week. week. much much appreciated appreciated happy happy want want this,positive
=thumbnail uhc= uhc= this this is is my my best best render render ever ever :dand :dand favs favs are are appreciated appreciated brosopinios brosopinios ?,positive
thanks again again for for notifying notifying us! us! we we have have updated updated our our add-on add-on plans plans accordingly accordingly happy,positive
very cool! cool! happy happy surrounds surrounds you you for for a a full full recovery.,positive
a nice nice morning morning working working from from today. today. lovely lovely atmosphere,positive
friendly service,positive
,positive
comforting london london fog.,positive
i just just did did happy,positive
have a a great great day day everyone everyone happy,positive
kiera's quest: quest: awakenings awakenings (kiera's (kiera's quest quest book book 1),positive
have you you voted voted for for the the wolf's wolf's bite bite on on greenlight greenlight yet? yet? happy happy help help us us get get wolfie wolfie pigs pigs on on steam!,positive
go back back to to school school for for music! music! i i think think i i will will in in time time happy,positive
here is is a a new new thesis thesis by by another another genius.sir,positive
we loved loved to to have have reply reply by by you. you. :d :d now now get get lost lost .,positive
your birthday birthday isn't isn't for for another another for for hours hours for for me,positive
but happy happy birthday birthday hoe! hoe! have have a a good good day,positive
i love love you you i i guess guess happy,positive
its hard hard to to see see your your best best friend friend with with another another girl girl happy,positive
the offer offer still still going going happy,positive
if you you can't can't be be there there for for someone someone at at their their worst worst then then you you don't don't deserve deserve to to be be there there at at their their best best :)kisses :)kisses thefashionicon,positive
demit the the gocoh gocoh game game is is real real crying crying with with joy,positive
found use use for for the the sewable sewable led led holder holder happy,positive
select from from 14 14 award-winning award-winning laura laura taylor taylor romance romance ebooks,positive
so excited excited for for the the things things coming coming in in the the future future happy happy things things are are going going great,positive
you guys guys are are entertaining entertaining and and insightful... insightful... and and one one of of the the reasons reasons i i have have been been really really enjoying enjoying lpl lpl a a lot lot more more this this season season :d,positive
thats how how it it sounds sounds like like at at superbooth superbooth happy,positive
i want want to to learn learn the the choreo choreo but but my my ugly ugly body body says says no no crying crying with with joy,positive
share the the love love you're you're top top engaged engaged community community members members this this week! week! much much appreciated appreciated happy,positive
hi kylie,positive
looking forward forward to to you you visiting! visiting! you've you've picked picked a a great great day day too,positive
the sun sun is is shining shining happy,positive
ok. just just please please read read the the replies replies on on this....,positive
this right right here.aren't here.aren't you you happy happy you you don't don't have have [x]???no. [x]???no. because because i'm i'm still still here here in in this this 'condition' 'condition' with with no no i,positive
to all all fla fla members members and and officers officers who who are are going going to to cebu cebu tomorrow tomorrow silence silence godbless godbless piss piss off off mga mga ante ante and and angkol! angkol! happy,positive
for every every like like ill ill post post an an answer answer smile,positive
maybe not not a a band band but but we we can can definitely definitely collab! collab! hi hi my my name name is is philip philip happy,positive
lego_group: legothursdays legothursdays jokersquad_swg jokersquad_swg legolandwindsor legolandwindsor sounds sounds like like you you had had lots lots of of fun! fun! happy,positive
a friend friend who who would would like like a a brand brand new new strapback strapback hats hats only only 14.99 14.99 at,positive
yes you you had had smile,positive
mata_tytan: almightytanner: almightytanner: good good evening evening everyone everyone happy happy join join our our twitter twitter party party tonight. tonight. official official tagline:tann,positive
first attempts attempts of of bird bird photography. photography. :-)passer :-)passer domesticus. domesticus. how how surprising. surprising. wink,positive
people who who don%27t don%27t know know me me always always think think i i am am quiet. quiet. people people who who do do know know me. me. wish wish i i was was :)kisses :)kisses thefashionicon,positive
love you you too too p!,positive
rt: good good evening evening everyone everyone happy happy join join our our twitter twitter party party tonight. tonight. official official tagline:tanner tagline:tanner welcomebackph welcomebackph tmi,positive
oh yes yes happy,positive
hey robert robert rolih rolih thanks thanks for for the the follow! follow! what what does does coastal coastal living living mean mean to to you? you? reply reply with with photo photo :d,positive
have you you ever ever been been to to australia! australia! :d :d love love your your vids. vids. lovo lovo on on youtube youtube :d,positive
opening up up to to you you lot!rt lot!rt likes likes would would be be laaaaaverly laaaaaverly :d :d .xxenjoy,positive
in other other words words they they never never missed missed articles articles happy,positive
if the the below below tweet tweet hits hits 1000 1000 is is getting getting rian rian holding holding the the sticker sticker too!!! too!!! click click the the below below tweet tweet sm,positive
bill nye nye answers answers science science questions questions from from twitter twitter | | wired,positive
how are are you you doing doing today? today? happy,positive
we're ready ready for for our our next next fire fire lighting lighting session session at at - - we we have have a a few few keen keen early early birds birds here here already already smile,positive
go kisses!!... kisses!!... i i know know you you can can do do it..,positive
if this this gets gets 70rts 70rts i i will will giveaway giveaway 5 5 minecraft minecraft accounts accounts and and an an origin origin account account randomly randomly to to people people who who retw,positive
hi mr. mr. yen! yen! will will you you be be doing doing any any signings signings in in new new york york some some day? day? your your a a great great role role model model happy,positive
it's just just a a cut cut during during one one of of my my kitchen kitchen experiments experiments happy,positive
wow i i just just made made a a js js compressor compressor that that actually actually checks checks scoped scoped variables variables existing. existing. turns turns out out i i have have a a few few issues issues happy happy linters linters may may be be useful useful happy,positive
this week week marilyn marilyn pops pops by by and and get's get's down down and and dirty dirty happy happy cum cum see!,positive
loool i'm i'm mad mad avoid avoid me me today today :d,positive
you're welcome welcome thomas thomas happy happy kim,positive
look at at this this happy,positive
he didn't didn't play play for for a a year,positive
so i'm i'm super super impressed impressed he's he's got got his his musical musical mojo mojo back! back! thank thank you you so so much much happy,positive
watch this this mayward mayward fam!,positive
i was was thinking thinking the the same. same. our our i i know know is is so so cute cute happy,positive
sone who who cant cant stream stream at at genie!you genie!you can can stream stream for for ty ty at at genie! genie! we we are are still still sharing sharing some some genie genie ids. ids. if if you you want want it,positive
dm us us happy happy s,positive
mythbuster/20 happy,positive
aha it's it's okay okay she's she's going going to to be be on on rough rough night night happy,positive
company photoshoot photoshoot with with our our fabulous fabulous photographer photographer happy happy look look at at this this determination determination (concrete (concrete shoes) shoes) to to get,positive
,positive
this worked worked out out beautifully. beautifully. if if you you redesign redesign the the import import page page to to suit suit the the whole whole application application would would mak,positive
,positive
have a a great great day day today today happy,positive
come volunteer volunteer at at the the abbeydale abbeydale picture picture house! house! next next wednesday...,positive
should have have had had farnell farnell fursday fursday isn%27t isn%27t it it happy happy all all meet meet up up at at tax tax and and pounds pounds happy,positive
here's one one of of my my rolls rolls of of 'poundland' 'poundland' film! film! (a (a store store that that sells sells all all products products at at 140.) 140.) and and here's here's the the dx dx d,positive
thanks for for the the recent recent follow follow happy happy to to connect connect happy happy have have a a great great thursday.,positive
thanks :d,positive
love them! them! can can i i get get some? some? smile,positive
opening up up to to you you lot!rt lot!rt likes likes would would be be laaaaaverly laaaaaverly :d :d .xxenjoy,positive
spending my my night night talking talking to to my my beloved beloved ???perfect.i ???perfect.i love love you you man! man! happy,positive
.is the the winner winner of of the the donation donation giveaway,positive
answer this this with with yoyour yoyour steam steam trade trade link link and and ill ill send send you you right right away away :d,positive
for the the recent recent follow. follow. much much appreciated appreciated happy happy want want this?,positive
i think think i'm i'm probably probably beyond beyond repair repair by by the the sounds sounds of of tea tea etiquette etiquette happy,positive
.- layout- layout- btob btob happy,positive
i am am if if you're you're still still looking looking for for one one happy,positive
sydney tomorrow,positive
byron in in 3 3 weeks,positive
hobart in in 7 7 weeks. weeks. lots lots to to look look forward forward to to happy,positive
i hit hit that,positive
new job job starts starts in in to to weeks! weeks! :d,positive
why do do people people on on the the internet internet have have to to be be such such asses asses annoyance annoyance here's here's some some positivity positivity for for you. you. i i love love your your art!!! art!!! :d :d it's it's so so pretty!!,positive
the best best community community gathering gathering coming coming up! up! we're we're full,positive
but here's here's how how you you can can be be a a part part of of this this happy,positive
mutual: let's let's talk talk more!me: more!me: for for sure!mutual: sure!mutual: happy happy me:,positive
happy birthday birthday megan megan happy,positive
just wandering wandering around,positive
popping into into a a store,positive
owner told told me me about about it it (as (as in in article) article) smile,positive
did you you see see this this one? one? happy happy transitional transitional piece piece // // chiffon chiffon dress,positive
sixth spot spot not not applicable applicable team! team! higher higher pa! pa! :)kisses :)kisses thefashionicon,positive
thank you you crew crew happy,positive
a little little video video i i made made for for the the love love of of my my life,positive
minute yoongi~watch yoongi~watch 'til 'til the the end end for for a a free free cookie cookie happy,positive
just let let is is know know when when you'd you'd like like one one happy,positive
you know know what what i i really really love love about about you you lot?not lot?not only only do do you you support support me me in in the the comments,positive
you also also support support each each other! other! an,positive
i just just did did happy,positive
,positive
keep smiling smiling happy,positive
nothing could could be be better better happy,positive
so inspiring inspiring crying crying with with joy,positive
instant message message fine fine yoo,positive
thank you you happy,positive
what a a day! day! what what better better way way to to spend spend this this sunny sunny day day than than drinks drinks by by the the shore shore happy,positive
i suppose suppose they they are are waiting waiting for for you you happy,positive
aww hating hating that that i i got got sponsored,positive
how childish childish of of you you commando commando happy,positive
definitely wasn't wasn't what what i i was was looking looking for for :/ :/ but but gave gave it it a a try try anyway anyway happy,positive
the one one with with backward backward cap,positive
please! :d| :d| kenbie,positive
blessing your your first first day day of of april april happy,positive
helloo :d :d (keep_smiling_y),positive
my contribution contribution to to ( ( posted posted on on my my tumblr tumblr a a while while ago ago crying crying with with joy joy ),positive
happy birthday birthday in in chopin chopin style style - - piano piano improvisation,positive
,positive
the problem problem is is only only affecting affecting webmail webmail itself. itself. accessing accessing email email from from other other applications applications works works fine fine happy happy ^mkl,positive
he's the the best best happy,positive
where are are you you now? now? happy,positive
enter to to win win 1 1 of of to to boxes boxes of of highly highly anticipated anticipated books! books! 6 6 books books in in each each box! box! open open int int happy,positive
congratulation my my world world happy,positive
helloo :d :d mr mr drippy drippy (callmeergan),positive
good crying crying with with joy joy i i love love you you so so much,positive
wow awesome awesome gog! gog! thanks thanks happy,positive
does anybody anybody out out there there need need any any motion motion design design or or animation animation help? help? if if so so i i am am available available happy,positive
yes!!! neil neil gaiman gaiman for for life! life! :d,positive
as the the last last event event for for chapter chapter 1,positive
we've invited invited 24 24 people people to to propose propose visions visions of of the the future. future. jom jom happy,positive
exaseetly what's what's happening happening in in tn tn politisees. politisees. this this is is not not to to get get bjp bjp at at all all to to tn. tn. game game is is different. different. again,positive
you'll be be see,positive
i don%27t don%27t know know doesnt doesnt seem seem fair fair to to me..two me..two against against one one happy,positive
helloo :d :d braids! braids! (keyrazygirl15),positive
thank you you mama mama bear! bear! ang ang ganda ganda mo mo happy,positive
,positive
now i'm i'm really really out. out. happy,positive
helloo :d :d kesh kesh (mzkeshnj),positive
as in in most most used. used. stats stats don't don't care care about about motivation motivation happy,positive
kind of of jealous jealous with with you you all all laughs laughs but but it's it's ny ny fault fault for for not not working working hard hard happy,positive
appreciate your your recent recent retweets retweets have have a a great great thursday thursday happy,positive
should i i stay stay ? ? should should i i go go ? ? nobody nobody knows knows happy,positive
helloo :d :d mack. mack. (macktimus),positive
ladies! - - tell tell me me why why yoyoyou yoyoyou don't don't play play golf. golf. what what wyoyoyoud wyoyoyoud make make yoyoyou yoyoyou want want to to play? play? top top 3 3 reasons reasons yoyoyou yoyoyou do do play? play? heyjyoyoyoude66info,positive
thanks for for the the this this week,positive
much appreciated appreciated happy,positive
nearly done done now! now! thanks thanks everyone everyone for for joining joining and and hope hope to to see see you you same same time time next next thursday thursday happy,positive
oh that that feel feel when when you you have have 10 10 gems gems :d,positive
helloo :d :d chammy chammy (shamirakay),positive
good luck luck to to rich rich riding riding for for great great project project in in this this sunday. sunday. can can you you donate?,positive
you too too my my friend. friend. smile,positive
rt: almightytanner: almightytanner: good good evening evening everyone everyone happy happy join join our our twitter twitter party party tonight. tonight. official official tagline:tanner tagline:tanner welcomeb,positive
amazing stuff!!! stuff!!! thansk thansk for for this this happy happy birth birth control control - - gamma gamma ray ray (1972),positive
noted on on this this sir,positive
the bus bus from from bangsar bangsar heading heading to to awan awan besar. besar. have have a a good good day day happy,positive
thanks for for the the recent recent follow follow happy happy to to connect connect happy happy have have a a great great thursday. thursday. want want this,positive
helloo :d :d best best damn damn avocado avocado (batsyy_),positive
lets agree agree she she put put her her brain brain on on knees knees crying crying with with joy,positive
wish you you were were here here smile,positive
everyone from from getting getting punched punched :d,positive
i welcome welcome you you to to germany germany then. then. i i have have no no authority authority to to welcome welcome you you in in the the other other countries countries though! though! happy,positive
better be be oldschool oldschool crying crying with with joy joy rs3 rs3 equals equals aids aids 3,positive
nothing could could be be better better happy,positive
please this this beautiful beautiful princess princess have have your your help,positive
give a a little little for for her her happy,positive
always running running out out of of space space on on my my phone,positive
thank you you kpop kpop crying crying with with joy,positive
one by by one one allah allah ease ease my my problem problem . . lot lot of of thanks thanks to to him him crying crying with with joy,positive
thank you you for for sharing sharing happy,positive
nothing could could be be better better happy,positive
hopefully it it should should be be ok ok happy happy charts charts don't don't look look too too bad bad at at moment moment but but depends depends on on tides tides directions,positive
,positive
soon :' :' i i need need you you so so much much crying crying with with joy joy {} {} i i need need you you kaswa kaswa :',positive
only laksa laksa can can make make me me okaay okaay now now crying crying with with joy joy i i need need laksa,positive
helloo :d :d car car fox fox (ror925),positive
thanks for for connecting connecting we we are are passionate passionate about about - - hope hope you you like like our our tweets tweets happy,positive
mutual: let's let's talk talk more!me: more!me: for for sure!mutual: sure!mutual: happy happy me:,positive
who wants wants some some good good vibes? vibes? watch watch this this on on youtube youtube or or tv100 tv100 application application now now for for free free happy,positive
,positive
,positive
all! i'm i'm roy roy dahildahil,positive
co-founder of of and and i'll i'll be be moderating moderating tonights tonights tweetchat. tweetchat. happy,positive
sone who who cant cant stream stream at at genie!you genie!you can can stream stream for for ty ty at at genie! genie! we we are are still still sharing sharing some some genie genie ids. ids. if if you you want want it,positive
dm us us happy happy s,positive
enjoy happy,positive
happy thursday thursday loves!! loves!! happy,positive
good morning morning peady,positive
you need need a a direct direct coffee coffee feed feed to to starbucks starbucks happy,positive
you better better check check this this out,positive
thanks for for the the recent recent follow follow happy happy to to connect connect happy happy have have a a great great thursday. thursday. want want this,positive
ummm announced announced a a new new show show in in buffalo! buffalo! he he should should ask ask to to be be an an opener! opener! happy,positive
the world world is is so so big. big. too too big big for for our our problems problems and and worries worries to to take take over over our our world. world. there there is is much much to to smile smile for for happy,positive
friday after after the the conference conference some some of of us us will will go go for for dinner dinner to to favourite favourite smile,positive
follow to to a a saga saga diary diary and and a a year's year's worth worth of of saga saga pens pens :)tcs,positive
im done done trying trying to to take take men men seriously seriously happy,positive
for being being top top high high value value members members this this week week happy,positive
okay happy,positive
little fans. fans. - - happy,positive
here's the the full full art art for for both both glyph glyph keeper keeper and and his his mummy mummy token. token. for for those those interested interested they they will will be be hitting hitting ebay ebay tonig,positive
seokjinie went went to to everland everland today~ today~ i i guess guess he he forgot forgot that that he's he's an an idol,positive
which is is good good for for him him happy,positive
welcome happy,positive
i wasn't wasn't saying saying i i read read a a book book today,positive
i was was telling telling you you to to read read a a book book today. today. knowledge knowledge is is power. power. knowledge knowledge is is growth. growth. kee,positive
in game game you you move move him him to to camera camera happy,positive
veronice and and jughead! jughead! happy,positive
oh my my god god it's it's raining raining where where i i live live too too crying crying with with joy joy and and stop stop omg omg i i wanna wanna cuddle cuddle him him now,positive
hehe take take care care andy andy friend friend happy,positive
vocal coach coach ig ig post:,positive
hold off off the the frowns frowns until until you've you've used used the the new new application application - - which which is is made made by by the the same same team! team! happy,positive
i love love it it when when ben ben sleeps sleeps in in because because i i get get to to watch watch all all the the programmes programmes i i want want on on netflix netflix without without interruption interruption !!!! !!!! happy,positive
thanks happy,positive
nothing could could be be better better happy,positive
thank you you crew crew happy,positive
someone asked asked me me hows hows life? life? i i just just smiled smiled and and replied,positive
shes fine fine :)kisses :)kisses thefashionicon,positive
yeaaaah! alpha alpha invitation invitation well well received received happy,positive
good luck luck swampy swampy happy,positive
what to to do do when when you you are are feeling feeling bad bad - - buy buy a a new new book book and and get get engrossed engrossed into into a a new new world world happy,positive
in may may go go away away happy,positive
april is is really really really really bloody. bloody. i'm i'm so so proud proud of of our our boys boys crying crying with with joy,positive
have you you smiled smiled today? today? never never forget forget to to smile smile happy,positive
then and and now now happy,positive
gott happy,positive
nothing could could be be better better happy,positive
there you you guys. guys. read read it it for for once once at at least. least. crying crying with with joy,positive
i hope hope louis louis gets gets all all the the off off time time that that he he wants wants and and comes comes back back fresh fresh and and happy happy happy,positive
yes we we can can do do that! that! happy,positive
famfrit with with and and people people happy,positive
,positive
,positive
sloths are are great? great? so so it's it's a a good good un-unthinkable un-unthinkable picture? picture? have have i i dug dug mysel,positive
thanks much much appreciated appreciated happy happy the the magic magic of,positive
on our our way way home home happy happy happy happy si si noah noah sa sa skyranch,positive
thanks for for the the recent recent follow follow happy happy to to connect connect happy happy have have a a great great thursday. thursday. want want this,positive
this is is why why i i made made the the video video about about improving improving your your line line work work on on youtube,positive
when you you have have to to do do things things like like this this happy,positive
client work work for for rt rt and and favorite favorite happy,positive
everything is is a a choice choice happy,positive
awesome! makes makes a a good good nurse nurse maid,positive
huh? happy,positive
thanks for for the the recent recent follow follow happy happy to to connect connect happy happy have have a a great great thursday.,positive
thanks for for being being top top engaged engaged community community members members this this week week happy happy - - try try this this too,positive
thanks for for the the recent recent follow follow happy happy to to connect connect happy happy have have a a great great thursday.,positive
funny happy,positive
1st day day of of ja ja entertainment's entertainment's marathi marathi film film savita savita damodar damodar paranjpe paranjpe have have been been a a big big fan fan of of this this story. story. finally finally get,positive
its been been a a good good day day hey. hey. happy,positive
mutual: let's let's talk talk more!me: more!me: for for sure!mutual: sure!mutual: happy happy me:,positive
surround yourself yourself with with positivity positivity happy,positive
still live!,positive
and gst gst is is the the brain brain child child of of our our modiji modiji happy happy perfect!,positive
she also also makes makes some some of of the the most most beautiful beautiful art art (my (my biggest biggest inspo) inspo) all all for for sale sale if if anyone anyone is is interested interested happy,positive
thanks for for the the recent recent follow follow happy happy to to connect connect happy happy have have a a great great thursday. thursday. want want this,positive
thanks for for up-voting up-voting us us on on ph ph happy,positive
,positive
that might might have have cost cost you you $3 $3 a a month!!!! month!!!! happy,positive
great to to see see you you buddy buddy nicest nicest dude dude in in the the world. world. keep keep killing killing it it brother brother happy,positive
i have have bronchitis bronchitis i i love love that that happy,positive
thanks for for the the recent recent follow follow happy happy to to connect connect happy happy have have a a great great thursday. thursday. want want this,positive
20% off off all all knight knight day day jewellery jewellery ends ends this this sunday-why sunday-why not not pick pick up up something something nice nice for,positive
the bank bank job,positive
coming soon soon to to a a screen screen near near you.,positive
157 days days to to go go happy,positive
going to to go go meet meet andrew andrew for for lunch lunch now now but but i'll i'll be be back back at at to to or or to to :30,positive
i'm upstairs upstairs to to the the right right happy,positive
we're you you also also at at our our signing signing session session with with qian qian liu liu jared jared wright wright after after the the last last performance performance of of onegin? onegin? share share your,positive
happy birthday,positive
bram stoker. stoker. can't can't wait wait to to show show you you in in bronze bronze soon. soon. happy,positive
not in in the the tweet tweet i i ve ve meant meant the the article article itself itself happy,positive
i send send people people bunny bunny pics,positive
let me me know know if if you're you're up up for for that that happy,positive
thanks for for being being top top engaged engaged community community members members this this week week happy happy (want (want this this ?,positive
if you're you're an an aspiring aspiring developer developer in in or or near near krakw krakw this this is is an an excellent excellent opportunity. opportunity. they they even even pay pay their their interns interns happy,positive
thankfully i i didn't didn't have have to to chop chop it it myself,positive
arrived on on the the back back of of a a little little tipper tipper lorry lorry smile,positive
prepare to to be be inspired! inspired! happy,positive
ready now! now! one one 9 9 week week old old chocolate chocolate female female puppy puppy from from harlowe harlowe x x sterling! sterling! happy happy this this girl girl is is a a sweetheart sweetheart and and has has a...,positive
again as as i i said said i i do do see see your your concerns. concerns. but but i i assure assure you you sir sir that that hinduism hinduism will will stay stay dharma dharma and and will will no,positive
this is is just just super super can't can't wait wait happy,positive
notice anything anything unusual? unusual? happy happy birthday birthday to to the the lovely lovely frooty! frooty! happy,positive
rose come come to to him! him! he's he's really really your your enthusiast enthusiast :-d :-d using using so so much much not not so so may! may! :-)~~~,positive
thanks for for the the follow follow happy happy if if we we can can help help your your business business in in anyway anyway please please get get in in touch,positive
thanks for for the the recent recent follow follow happy happy to to connect connect happy happy have have a a great great thursday.,positive
.a scan scan for for your your tumblr tumblr happy,positive
new upcoming upcoming heroes heroes revealed! revealed! wukong,positive
dragon more! more! omg omg :d,positive
this never never happened happened with with our our happy,positive
awesome recommendation recommendation jess! jess! listened listened to to the,positive
thanks b b happy,positive
,positive
you've got got the the message message happy,positive
that's kaki kaki no no tane tane and and it's it's amazing! amazing! foyound foyound a a place place here here in in germany germany where where you you can can import import it! it! :d,positive
no breaks breaks and and a a first first practice practice exam exam happy,positive
made dinner dinner for for two two tonight tonight happy,positive
share the the love love you're you're top top engaged engaged community community members members this this week! week! much much appreciated appreciated happy,positive
you know know exactly exactly what what i'm i'm talking talking about about happy,positive
thanks for for the the recent recent follow follow happy happy to to connect connect happy happy have have a a great great thursday. thursday. want want this this ?,positive
shihaaaa help help me me on on my my bishie bishie hunttt hunttt equals equals ^ ^ equals equals ),positive
puzzle pieces pieces [64]rt [64]rt and and like like for for the the next next please please :){20 :){20 rts,positive
30 likes?} likes?} hehe,positive
dropped you you a a follow follow on on twitch twitch happy,positive
so many many cool cool games games and and updates updates release release today. today. happy,positive
isn't it it terrible terrible that that we we live live in in a a world world where where we we have have to to address address anticipated anticipated criticism criticism of of our our thoughts thoughts first? first? happy,positive
that i i said,positive
chaged for for the the best best for for our our singto. singto. please,positive
cheer up up the the new new administrator administrator team. team. happy,positive
seems you you like like my my black black lingerie lingerie picture picture then then happy,positive
thanks for for being being top top engaged engaged community community members members this this week week happy happy want want this,positive
good morning! morning! i i hope hope you you slept slept well~ well~ happy,positive
this never never happened happened with with our our happy,positive
a lot lot of of games games this this month? month? :d,positive
me everything everything and and anything anything these these days,positive
how do do we we book book the the cars cars service service for for the the swards swards tommorow tommorow :d,positive
thanks for for your your feedback! feedback! it' it' just just the the starting starting phase,positive
there will will be be more more figures figures happy,positive
can i i pop pop in in a a request request for for assassin assassin shower shower gel? gel? happy,positive
mutual: let's let's talk talk more!me: more!me: for for sure!mutual: sure!mutual: happy happy me:,positive
looking forward forward to to this. this. come come out out to to see see us! us! our our booth booth is is going going to to be be right right in in the the center center of of the the field. field. happy,positive
thanks a a lot,positive
will check check it it happy,positive
well this this was was fun. fun. thanks thanks for for stopping stopping by by and and giving giving me me shit shit tonight tonight fellas fellas :d :d much much love. love. feelsgoodman,positive
you kills kills me me crying crying with with joy,positive
see the the next next tweet! tweet! i i did did about about 5 5 different different things things while while keeping keeping very very calm,positive
can list list them them if if you you want want happy,positive
thanks for for the the recent recent follow,positive
much appreciated appreciated happy happy want want this this ?,positive
how people people write write a a joke joke on on religion religion online.*joke**just online.*joke**just joking joking guys,positive
no offence offence :)** :)** don't don't want want to to hurt hurt anyone. anyone. all all i,positive
thanks for for the the recent recent follow follow happy happy to to connect connect happy happy have have a a great great thursday. thursday. want want this,positive
not yet! yet! maybe maybe this this year year happy,positive
hey thanks thanks for for being being my my top top new new followers followers this this week! week! much much appreciated appreciated happy happy want want this this ?,positive
jack and and finn finn harries harries crying crying with with joy,positive
i don't don't think think you'd you'd understand understand how how much much a a stream stream would would mean mean happy happy even even if if it it is is very very make-do,positive
it would would be be awesome.,positive
no stress stress mariana,positive
beetle done done and and joins joins wall-e,positive
the mini mini and and the the campervan campervan happy,positive
stats for for the the day day have have arrived. arrived. 1 1 new new follower follower and and no no unfollowers unfollowers happy happy via,positive
why i i didnt didnt save save it it happy happy going going to to re-color re-color again again the,positive
share the the love: love: thanks thanks for for being being top top new new followers followers this this week week happy,positive
thanks for for the the recent recent follow follow happy happy to to connect connect happy happy have have a a great great thursday. thursday. want want it,positive
i considered considered asking asking where where that that came came from. from. :d,positive
thanks by by has has notice notice of of me me greetings greetings : : jossetted'hermanni,positive
thanks for for the the recent recent follow. follow. much much appreciated appreciated happy happy (want (want this this for for it's it's magical!,positive
thank you you so so much much my my friend friend smile smile xx,positive
worship me me and and spoil spoil me me happy,positive
stats for for the the day day have have arrived. arrived. 1 1 new new follower follower and and no no unfollowers unfollowers happy happy via,positive
superstar thanks thanks so so much much for for the the kind kind words! words! look look forward forward to to seeing seeing you you soon soon buddy buddy smile,positive
new second second home home coming coming soon! soon! :d,positive
i used used to to like like my my neighbours,positive
until they they put put a a password password on on their their wi-fi wi-fi :)kisses :)kisses thefashionicon,positive
you still still syoure syoure ? ? :d,positive
thanks for for the the recent recent follow. follow. much much appreciated appreciated happy happy want want this this ?,positive
hi cham,positive
any updates updates about about the the batch batch 1 1 of of army army bomb bomb v2? v2? happy,positive
do happy happy we we are are at at 27 27 million million keep keep it it up up happy happy and and we we are are at at 71 71 million million we we are are so so close close to to have have another another 100m,positive
just photoblogged! photoblogged! happy happy re-using re-using old old locations,positive
mutual: let's let's talk talk more!me: more!me: for for sure!mutual: sure!mutual: happy happy me:,positive
new video!stream video!stream montage montage - - we we finally finally unboxed unboxed a a spectrum spectrum knife knife :)hope :)hope you you like like it! it! here:,positive
minah starts starts crying crying because because of of the the fans fans and and yura yura hyeri hyeri make make her her laugh laugh to to cheer cheer her her up.. up.. i i can't can't crying crying with with joy,positive
stats for for the the week week have have arrived. arrived. 1 1 new new follower follower and and no no unfollowers unfollowers happy happy via,positive
ready for for 420 420 happy,positive
fat ass ass girl girl fat fat fetish760 fetish760 hot hot videos videos online,positive
thanks for for the the recent recent follow. follow. much much appreciated appreciated happy happy - - i i sent sent this this with,positive
and he he said said it it silence silence in in morgan morgan freeman's freeman's voice voice happy,positive
thank you you happy,positive
if you you eat eat your your steak steak well well done done please please unfollow unfollow me me happy,positive
hows the the quintly quintly trial trial happy happy ?,positive
this is is what what life life is is about. about. enjoy enjoy happy,positive
stats for for the the week week have have arrived. arrived. 1 1 new new follower follower and and no no unfollowers unfollowers happy happy via,positive
lips though,positive
exaseetly what's what's happening happening in in tn tn politisees. politisees. this this is is not not to to get get bjp bjp at at all all to to tn. tn. game game is is different. different. again,positive
you'll be be see,positive
our crazy crazy easter! easter! our our donkey donkey is is insane! insane! seriously seriously crazy crazy haha!,positive
morning. coffee coffee time time happy,positive
thanks for for the the recent recent follow. follow. much much appreciated appreciated happy happy want want this this ?,positive
thanks for for the the recent recent follow. follow. much much appreciated appreciated happy happy want want this,positive
we would would love love to to have have you you as as a a guest guest on on podcast podcast sometime!!! sometime!!! only only 15 15 minute minute smile smile interested???,positive
kissward tagline:tweet tagline:tweet with with us us pans pans :)noonecanstop :)noonecanstop kissward,positive
thank you you crew crew happy,positive
i love love my my six six pack pack so so much,positive
i protect protect it it with with a a layer layer of of fat fat :)kisses :)kisses thefashionicon,positive
share the the love: love: thanks thanks for for being being top top new new followers followers this this week week happy,positive
share the the love love - - high high value value members members of of this this week week happy,positive
if looks looks could could kill......... kill......... smile,positive
or the the station station didn't didn't check. check. happy happy surely surely some some combination combination of of 0xx-xxx-x938 0xx-xxx-x938 or or 0xx-9,positive
nothing moves moves faster faster than than a a girl girl untagging untagging herself herself from from an an ugly ugly picture picture :)kisses :)kisses thefashionicon,positive
you too. too. smile,positive
this is is great great happy,positive
happy 10th 10th wedding wedding anniversary anniversary aishwarya aishwarya rai-abhishek rai-abhishek bachchan bachchan happy,positive
swanmen setting setting up! up! pablo pablo is is waiting waiting for for more more news news to to happen happen happy,positive
thanks for for up-voting up-voting us us on on ph ph happy,positive
hiii. . . gentleman gentleman commander commander (bryannousaurus) (bryannousaurus) happy,positive
thanks for for the the recent recent follow follow happy happy to to connect connect happy happy have have a a great great thursday.,positive
joo okay okay happy,positive
close up up of of the the animation animation 3i 3i will will post post the the second second part part soon! soon! happy,positive
we don%27t don%27t spam spam him him in in any any way,positive
we just just reply reply to to his his tweets?? tweets?? like like all all his his other other followers followers do.....this do.....this is is pointless,positive
thanks for for the the recent recent follow. follow. much much appreciated appreciated happy happy want want this this ?,positive
hiii. . . reece reece (reeceboast) (reeceboast) happy,positive
alaye give give me me iphone7 iphone7 or or dollars dollars for for my my birthdaydo birthdaydo normal normal abeg,positive
thanks for for the the recent recent follow. follow. much much appreciated appreciated happy happy get get it,positive
superstar thanks thanks so so much much for for the the kind kind words! words! look look forward forward to to seeing seeing you you soon soon buddy buddy smile,positive
naeem bokhari bokhari says... says... mian mian has has gone gone !! !! are are so so cute cute nb nb happy happy but but ns ns is is ugly ugly evil.,positive
that's insane! insane! good good luck luck for for that! that! i i took took it it off off yesterday yesterday afternoon. afternoon. :d,positive
have i i told told you you lately lately that that olive olive juice? juice? :d,positive
updated the the text text for for my my video video intro intro by by drawing drawing it it with with the the line line tool tool in in paint paint tool tool sai. sai. happy,positive
- thanks thanks for for being being top top engaged engaged community community members members this this week week happy happy grow grow your your followers followers with,positive
.thanks happy,positive
i hate hate people people who who steal steal my my ideas,positive
before i i think think of of them them :)kisses :)kisses thefashionicon,positive
i've been been given given a a custom custom console console bundle bundle to to giveaway! giveaway! happy happy this this tweet tweet be be following following me me to to enter! enter! ends,positive
and give give one one to to every every student student and and myswlf myswlf happy,positive
don't mention mention it! it! :d,positive
episode two two now now crying crying with with joy,positive
i'm surprised surprised you you don't don't use use an an adblocker! adblocker! happy,positive
i just just wanted wanted to to say say thank thank you you for for following following me,positive
i really really appreciate appreciate it. it. hope hope you you have have a a brilliant brilliant day day happy,positive
happy 4/20 4/20 :)i'm :)i'm drug drug free free i've i've never never smoked smoked weed weed before.,positive
mutual: let's let's talk talk more!me: more!me: for for sure!mutual: sure!mutual: happy happy me:,positive
blocked by by christensen.another christensen.another notch notch on on the the belt. belt. happy,positive
just over over 91% 91% in in favour favour of of the the unelectable unelectable jeremy jeremy corbyn corbyn happy,positive
best advice advice on on blogging. blogging. happy,positive
teaser coming coming out out today today at at 4pm!story,positive
music and and direction direction by by of of my my favourites favourites by,positive
aw bcc bcc is is having having a a pride pride prom prom and and i i kind kind of of want want to to go go happy,positive
if school school has has taught taught us us anything,positive
its texting texting without without looking looking :)kisses :)kisses thefashionicon,positive
good morning morning messages messages never never fail fail to to make make me me smile smile happy,positive
thanks for for the the recent recent follow. follow. much much appreciated appreciated happy happy want want this,positive
sap did did you you also also use,positive
shoutout to to for for the the donation. donation. looks looks like like i'm i'm streaming streaming some some stanley stanley parable parable later later happy,positive
unfollowing bye bye happy,positive
thank you you for for 2k 2k likes likes on on my my banner banner project project happy,positive
hi :d :d retweet retweet for for a a follow!!!,positive
? news news ? ? :d,positive
when your your efforts efforts pay pay off... off... happy,positive
no pressure pressure happy,positive
happy bday bday midawgdarnizlle midawgdarnizlle i i love love you you a a long long time time happy happy thanks thanks for for being being my my best best friend friend forever forever and and attempting attempting to to travel travel on on the the road,positive
fri or or thu? thu? i'm i'm going going to to the the friday friday showing showing :d,positive
i was was thinking thinking about about how how i i don't don't want want to to go go to to school school and and i'm i'm suddenkyfeeling suddenkyfeeling good good happy,positive
no i i don%27t don%27t :)),positive
tonight 7pm,positive
a treaty treaty could could provide provide security/ security/ tech tech for for culture culture development development happy,positive
thanks for for the the recent recent follow follow happy happy to to connect connect happy happy have have a a great great thursday. thursday. get get it,positive
more goodies goodies spotted! spotted! :d,positive
another great great day day out out in in westhoughton,positive
delivering the the conservative conservative message message of of strong strong stable stable leadership. leadership. happy,positive
morning happy,positive
i had had that that down down south south and and had had no no issues,positive
going to to see see what's what's about about and and speak speak to to people people that that live live near near to to me me and and see see what what they they use use happy,positive
i've been been trying trying to to bank bank sleep sleep all all week week happy happy i i doubt doubt i'll i'll be be able able to to sleep sleep friday friday or or saturday saturday night,positive
i understand....i understand....i do do silly silly shit shit like like that that to to make make my my friends friends smile smile happy,positive
,positive
i guess guess it's it's a a good good thing thing then then to to bring bring it it right right to to the the foreground foreground and and put put it it right right in in their their face,positive
thanks for for the the recent recent follow. follow. much much appreciated appreciated happy happy want want this,positive
you know know what what i i think? think? you you look look exceptional exceptional for for a a new new mum,positive
my tum tum is is still still like like that that 20yrs 20yrs on. on. happy,positive
who is is the the prime prime minster minster of of pakistan pakistan ? ? nawaz nawaz sharif sharif hahahahah hahahahah happy happy sorryuncle,positive
sure is is happy,positive
agreed! i i feel feel like like i've i've skipped skipped too too many many css/design css/design fundamentals. fundamentals. i'm i'm spending spending the the next next couple couple of,positive
hey thanks thanks for for being being top top new new followers followers this this week! week! much much appreciated appreciated happy,positive
it will will be be at at random random on on twitch twitch happy,positive
good morning morning every every one,positive
order what what ever ever you you want want to to eat eat through through our our website.may website.may you you all all have have a a great great day day happy,positive
thanks for for the the recent recent follow. follow. much much appreciated appreciated happy happy get get this,positive
that would would be be a a great great trick trick happy,positive
omg i'm i'm so so happy!! happy!! new new video video about about ma ma bigbang bigbang babies babies happy,positive
happy birthday birthday ! ! happy happy hope hope you you have have a a good good one,positive
because you you are are one one happy,positive
totoo po? po? waaahhh waaahhh may may heart!!! heart!!! heart heart everywhere everywhere happy happy love love it,positive
good morning morning every every one,positive
order what what ever ever you you want want to to eat eat through through our our website.may website.may you you all all have have a a great great day day happy,positive
thank you you so so much much sir sir happy happy please please watch watch the the film film and and call call me me happy,positive
thanks! happy,positive
happy me me too too i i hope,positive
they are are real real subs subs and and here's here's the the link link for for the the video video happy,positive
opening sentences sentences of of happy,positive
rt for for 50 50 ffs-rt ffs-rt pinned pinned tweet!!-be tweet!!-be patient patient -legiiiiiiit-no -legiiiiiiit-no saved saved accounts accounts happy,positive
thanks for for being being top top engaged engaged community community members members this this week week happy happy want want this this ?,positive
jem did did the the dark dark star star orianna orianna splash splash with with assistance assistance from from alex! alex! :d :d she's she's done done lots lots of of splash splash updates,positive
check her her as:,positive
gippy grewal grewal will will be be online online on on twitter twitter at at 3 3 pm,positive
just type type and and ask ask anything anything you you like like happy happy aa aa jao jao for,positive
hi guys! guys! :)we're :)we're looking looking for for to to bartenders/mixologists bartenders/mixologists to to work work with with us us at at an an upcoming upcoming event. event. dm dm us,positive
thanks for for the the recent recent follow follow happy happy to to connect connect happy happy have have a a great great thursday.,positive
thanks for for the the recent recent follow follow happy happy to to connect connect happy happy have have a a great great thursday.,positive
physics will will have have 80 80 formulas formulas to to memorize memorize ha.ha.ha ha.ha.ha happy,positive
i'm grateful grateful to to my my mom mom for for giving giving birth birth to to me me and and not not abort abort me me crying crying with with joy,positive
thanks for for the the recent recent follow follow happy happy to to connect connect happy happy have have a a great great thursday.,positive
you nailed nailed it!!!!! it!!!!! brought brought tears tears to to my my eyes,positive
i got got goosebumps,positive
beautiful set,positive
the perfect perfect dress,positive
and totally totally of,positive
ah awesome! awesome! pixel pixel art art stuff stuff by by any any chance? chance? happy,positive
share the the love love you're you're top top engaged engaged community community members members this this week! week! much much appreciated appreciated happy,positive
,positive
please! watch watch the the afl afl anzac anzac game game on on tuesday! tuesday! it's it's a a very very big big tradition tradition here here and and you'll you'll love love the the sport! sport! happy,positive
another day! day! good good morning!! morning!! it's it's april april 20,positive
2017 at at 07:00am!! 07:00am!! kamusta? kamusta? don't don't forget forget to to eat eat your your breakfast breakfast guys! guys! happy,positive
yess crying crying with with joy,positive
home run run !!!! !!!! and and yes yes charlie charlie is is at at the the game game happy,positive
you say say vuca,positive
i say say tuna tuna happy,positive
thanks for for the the recent recent follow follow happy happy to to connect connect happy happy have have a a great great thursday. thursday. (want (want this? this? it's it's free!,positive
where ? ? happy,positive
good morning morning every every one,positive
order what what ever ever you you want want to to eat eat through through our our website.may website.may you you all all have have a a great great day day happy,positive
happy 16th 16th birthday birthday to to my my bff! bff! i i may may only only be be 15 15 and and a a half half but but i'll i'll have have you you to to take take me me places places happy happy have have a a great great birt,positive
thank you you happy,positive
thanks for for the the recent recent follow follow happy happy to to connect connect happy happy have have a a great great thursday. thursday. want want this,positive
good morning morning every every one,positive
order what what ever ever you you want want to to eat eat through through our our website.may website.may you you all all have have a a great great day day happy,positive
,positive
congratulations to to both both of of you. you. happy,positive
i had had all all and and then then most most of of you,positive
some and and now now none none of of you you crying crying with with joy,positive
thanks for for the the recent recent follow follow happy happy to to connect connect happy happy have have a a great great thursday. thursday. want want this this ?,positive
here's me me being being brutally brutally respectable respectable in in a a suit... suit... enjoy enjoy happy happy contrast contrast so so you you appreciate appreciate mo,positive
if you're you're a a champion,positive
let me me know! know! :-)(i'm :-)(i'm a a champion!!!!!)elder champion!!!!!)elder lenore lenore a. a. artisministries...,positive
great songs songs happy happy who who are are your your favourtie favourtie member? member? x,positive
thanks for for the the recent recent follow follow happy happy to to connect connect happy happy (want (want this? this? it's it's free!,positive
charge to to experience experience muna muna happy,positive
superstar thanks thanks so so much much for for the the kind kind words! words! look look forward forward to to seeing seeing you you soon soon buddy buddy smile,positive
.thanks so so much much for for the the rt,positive
and have have yourself yourself a a groovy groovy thursday! thursday! happy,positive
stats for for the the day day have have arrived. arrived. to to new new followers followers and and no no unfollowers unfollowers happy happy via,positive
in melbourne melbourne please please happy,positive
thanks for for the the recent recent follow follow happy happy to to connect connect happy happy have have a a great great thursday. thursday. get get it,positive
thanks for for the the recent recent follow follow happy happy to to connect connect happy happy have have a a great great thursday.,positive
that would would be be a a great great trick trick happy,positive
i have have a a goal goal today today happy happy i%27m i%27m going going to to accomplish accomplish it,positive
kids versus versus legends legends crying crying with with joy,positive
happy birthday birthday nimesh!!! nimesh!!! happy,positive
good morning,positive
mike. blessings blessings to to you. you. happy,positive
thank you you happy,positive
facials happy,positive
i'll keep keep you you awake awake happy,positive
hello everyone,positive
have a a great great thursday! thursday! looking looking forward forward to to reading reading your your tweets tweets happy happy want want this this ?,positive
if josie,positive
val and and reggie reggie had had more more screentime screentime riverdale riverdale wouldn't wouldn't be be half half as as bad bad as as it it is is happy,positive
thanks for for the the recent recent follow follow happy happy to to connect connect happy happy have have a a great great thursday. thursday. want want this,positive
national bitbucket bitbucket unfriending unfriending day day to to save save $2 $2 smile,positive
share the the love: love: thanks thanks for for being being top top new new followers followers this this week week happy,positive
mutual: let's let's talk talk more!me: more!me: for for sure!mutual: sure!mutual: happy happy me:,positive
hi carlo! carlo! i'm i'm okay okay nmn. nmn. howdy? howdy? happy,positive
those chibis chibis though!!' though!!' :d,positive
no i'm i'm waiting waiting for for jail jail break break happy,positive
rt for for 13 13 ffs-it's ffs-it's not not much much but but they're they're free-legit-free free-legit-free but but follow follow me me first first to to get get them them quicker-be quicker-be patient patient i i will will g,positive
hi guys,positive
have a a great great thursday! thursday! looking looking forward forward to to reading reading your your tweets tweets happy happy (want (want this? this? it's it's free!,positive
you too too man man happy,positive
a chub chub bun bun because because its its easter! easter! happy happy easter! easter! his his name name is is almond! almond! :d,positive
to pork pork pies pies happy,positive
a chub chub bun bun because because its its easter! easter! happy happy easter! easter! his his name name is is almond! almond! :d,positive
thank you you so so much much smile,positive
your generous generous support support is is an an integral integral part part of of my my happy happy thank thank you you for for the the like!!,positive
there we we go go again again smile,positive
naeem bokhari bokhari says... says... mian mian has has gone gone !! !! are are so so cute cute nb nb happy happy but but ns ns is is ugly ugly evil.,positive
thanks for for being being top top engaged engaged community community members members this this week week happy happy - - i i sent sent this this with,positive
abc news news got got ahold ahold of of me me and and asked asked if if they they could could use use a a few few seconds seconds of of my my coming coming out out video video for for a a transgender transgender special special this this f,positive
thanks for for sharing sharing happy,positive
thanks for for the the recent recent follow follow happy happy to to connect connect happy happy have have a a great great thursday. thursday. want want it,positive
i'm still still in in my my bedroom bedroom and and scared scared of of going going out out happy,positive
amazing work work :d,positive
thanks for for the the recent recent follow,positive
much appreciated appreciated happy happy want want it,positive
hi ! ! i i want want to to speak speak to to you you about about a a business business partnership. partnership. happy,positive
thanks for for the the recent recent follow follow happy happy to to connect connect happy happy have have a a great great thursday.,positive
thank you you so so much much willow! willow! you you helped helped me me ring ring in in the the birthday birthday with with that that amazing amazing stream stream last last night night :d,positive
another great great song song have have a a listen. listen. its its good! good! you you may may well well like like it it happy,positive
follow him him happy,positive
a7atein because because one one 'a7a' 'a7a' just just isn't isn't enough enough ({}) ({}) :d,positive
tats! i i have have question question happy,positive
another great great song song have have a a listen. listen. its its good! good! you you may may well well like like it it happy,positive
,positive
can't wait wait for for those those revealing revealing qa's. qa's. happy,positive
from soup soup and and sandwiches sandwiches to to slow slow cooked cooked pork,positive
our lovely lovely lunch lunch menu menu is is sure sure to to please! please! smile,positive
awww yeah yeah :d,positive
what a a sad sad life life it it must must be,positive
getting 70k,positive
and still still not not being being rich rich - - try try getting getting a a life,positive
instead of of just just money,positive
i'd say say :d,positive
hello everyone,positive
have a a great great thursday! thursday! looking looking forward forward to to reading reading your your tweets tweets happy happy want want this,positive
happy birthday birthday have have a a good good day day happy,positive
thanks for for the the recent recent follow follow happy happy to to connect connect happy happy have have a a great great thursday.,positive
,positive
you can can get get a a professional professional one one here,positive
that would would be be a a great great trick trick happy,positive
that's why why i i say say at at the the end end of of my my videos videos if if you you liked liked it,positive
give it it a a like like happy happy it's it's all all about about choice! choice! :d,positive
thank you you happy,positive
if you you are are reading reading this this i i hope hope something something great great happens happens smile,positive
thanks for for the the recent recent follow follow happy happy to to connect connect happy happy have have a a great great thursday.,positive
rt for for an an indirect indirect from from and and me me happy,positive
client work work for for rt rt and and favorite favorite happy,positive
do you you want want me me to to follow follow you you back? back? if if you you do do this this tweet tweet and and i i will. will. happy happy only,positive
and the the website website is is down down since since long long happy,positive
friendly reminder reminder that that you you can can enjoy enjoy a a movie movie or or television television show show without without having having to to trash trash another another happy,positive
with the the help help of of made made these these sent sent starters starters for for p1q3. p1q3. open open to to suggestions suggestions on on how how to to improve improve happy,positive
hello 1372 1372 followers followers - - thank thank you you so so much much for for following! following! will will love love to to read read your your tweets tweets happy happy want want this this ?,positive
thanks for for the the recent recent follow follow happy happy to to connect connect happy happy have have a a great great thursday.,positive
thanks for for being being top top engaged engaged community community members members this this week week happy happy want want this?,positive
happy 420 420 everyone everyone happy,positive
happy birthday birthday to to the the cyoutest/fyounniest cyoutest/fyounniest a a d d you you l l t t i i know know :')have :')have a a good good day day coreo coreo boreo,positive
congrats! :d,positive
mmmm... the the blood blood of of my my enemies... enemies... happy,positive
thanks for for the the recent recent follow follow happy happy to to connect connect happy happy have have a a great great thursday. thursday. want want this this ?,positive
i know know vearey vearey moving. moving. and and twisty! twisty! and and you you aaree aaree are,positive
tell us us about about happy,positive
share the the love: love: thanks thanks for for being being top top new new followers followers this this week week happy happy want want it,positive
seokjinie went went to to everland everland today~ today~ i i guess guess he he forgot forgot that that he's he's an an idol,positive
which is is good good for for him him happy,positive
a beautiful beautiful day day happy,positive
congrats on on your your :d,positive
sone who who cant cant stream stream at at genie!you genie!you can can stream stream for for ty ty at at genie! genie! we we are are still still sharing sharing some some genie genie ids. ids. if if you you want want it,positive
dm us us happy happy s,positive
25x25? i i can can go go first first happy,positive
tickets available available now now for for the the 401 401 festival festival of of running running 2017,positive
find out out more more and and sign sign up up at,positive
so happy happy it's it's thursday*,positive
or shit shit for for short short :)*thanks :)*thanks to to my my friend friend maddy maddy over over at,positive
i'm on on a a road road with with no no destination destination . . i'm i'm just just driving driving with with a a hope hope to to find find some some place place i i like like and and stay stay there,positive
i'm not not lost,positive
thanks for for the the retweets retweets this this week. week. much much appreciated appreciated happy happy want want this? this? it's it's free!,positive
first happy,positive
good luck luck happy,positive
update: i i got got in in :d,positive
thanks smile smile much much better better today today and and thanks thanks for for the the message.,positive
my real real time time happy,positive
many thanks,positive
anne! happy,positive
i wasn't wasn't saying saying i i read read a a book book today,positive
i was was telling telling you you to to read read a a book book today. today. knowledge knowledge is is power. power. knowledge knowledge is is growth. growth. kee,positive
lolo bin bin are are you you fucking fucking mental mental screenshot screenshot :d :d haha,positive
what texts texts are are you you doing? doing? happy happy i've i've got got the the same same issue!,positive
hey thanks thanks for for being being top top new new followers followers this this week! week! much much appreciated appreciated happy,positive
hi han,positive
if you you follow follow and and dm dm us us we we will will be be able able to to assist assist you. you. chris chris happy,positive
thanks for for the the recent recent follow follow happy happy to to connect connect happy happy have have a a great great thursday. thursday. want want this this ?,positive
this was was awesome-- awesome-- has has two two fill-ins fill-ins this this week week happy,positive
maayos didn%27t didn%27t ang ang lahat lahat happy happy lets lets give give him him a a space space and and time time happy,positive
did you you notice? notice? there there is is no no killings killings of of rss rss / / bjp bjp workers workers in in another another southern southern state? state? cm cm is is dismantling dismantling xtian xtian infra infra in in munnar?,positive
,positive
class hall hall missions missions and and heroic heroic dungeons dungeons surprised surprised :d,positive
surround yourself yourself with with positivity positivity happy,positive
pretty happy,positive
on moral moral grounds grounds this this verdict verdict is is in in favor favor of of pti pti happy happy becoz becoz to to out out of of 5 5 judges judges clearly clearly mention mention that that our our pm pm is...,positive
avi for for my my man man :)phone :)phone made made like like always always wink,positive
share the the love: love: thanks thanks for for being being top top new new followers followers this this week week happy,positive
tonight 7pm,positive
playoffs rematch rematch complete! complete! feels feels good good going going to to worlds worlds again again :d,positive
im getting getting one one too too smile smile smile smile smile smile smile,positive
spose you you don't don't have have to to pay pay for for accomodation accomodation which which is is nice nice haha? haha? or or are are you you going going to to stay stay somewhere somewhere anyway? anyway? happy,positive
a little little bit bit overdramatic overdramatic death death happy,positive
this is is great great to to hear hear joanna! joanna! happy happy we're we're so so pleased pleased you've you've had had a a good good experience.,positive
i think think i'm i'm going going to to check check out out even even though though i i hear hear it's it's not not as as good good as as ue4 ue4 i i believe believe it it might might be be cool cool to to tr,positive
here is is the the link link for for seventeen's seventeen's yokohama yokohama concert concert with with english english subs subs :)ddl:,positive
,positive
i can't can't wait wait to to actually actually see see a a copy copy smile,positive
thank you you crew crew happy,positive
thanks for for the the recent recent follow follow happy happy to to connect connect happy happy have have a a great great thursday. thursday. want want it,positive
sup guys? guys? :d,positive
facts about about parrots parrots in in minecraft minecraft coming coming soon!! soon!! :d,positive
thanks for for the the recent recent follow follow happy happy to to connect connect happy happy have have a a great great thursday.,positive
made dinner dinner for for two two tonight tonight happy,positive
same happy happy i'll i'll see see closer closer to to the the con con but but it's it's no no more more than than five five or or so. so. lol lol same same :d,positive
the tutorial tutorial of of michel michel grundstein grundstein distinguishing distinguishing information information from from knowledge.. knowledge.. will will start start at at 15pm. 15pm. be be here here happy,positive
thanks for for the the recent recent follow follow happy happy to to connect connect happy happy have have a a great great thursday.,positive
i look look good good in in blue blue happy,positive
thanks for for the the recent recent follow follow happy happy to to connect connect happy happy have have a a great great thursday.,positive
jyoust a a reminder... reminder... thank thank you you for for this this happy,positive
your body body hears hears everything everything your your mind mind says. says. be be kind,positive
positive and and loving loving always always happy,positive
ruby was was rehomed rehomed for for times times before before she she was was for for months months old old now now loves loves her her forever forever home. home. pls pls always always consider consider rescue rescue when,positive
3 little little ones.. ones.. wish wish you you the the best best happy happy sounds sounds like like a a fun fun group,positive
naila raheem raheem is is now now following following me me on on twitter!,positive
thanks for for the the recent recent follow follow happy happy to to connect connect happy happy have have a a great great thursday. thursday. want want this this ?,positive
stats for for the the week week have have arrived. arrived. 1 1 new new follower follower and and no no unfollowers unfollowers happy happy via,positive
thanks for for the the recent recent follow follow happy happy to to connect connect happy happy have have a a great great thursday. thursday. get get this,positive
i love love it it when when pretty pretty girls girls call call me me pretty pretty like like bitch bitch tf tf you you too too happy happy let's let's be be friends,positive
thanks for for the the recent recent follow follow happy happy to to connect connect happy happy have have a a great great thursday. thursday. get get free?,positive
thanks for for the the recent recent follow follow happy happy to to connect connect happy happy have have a a great great thursday.,positive
thanks for for the the follow! follow! happy,positive
every time time i i think think that that my my skin skin is is getting getting better,positive
it just just proves proves me me wrong wrong in in a a matter matter of of days days happy happy fuck fuck my my life life happy happy )),positive
can you you pm pm me me ? ? :d,positive
i had had but but i i have have just just seen seen the the email. email. so so good good :d,positive
released my my 3rd 3rd episode episode of of programming programming for for everyone! everyone! be be sure sure to to check check it it out out happy,positive
i think think instant instant message message meant meant to to stay stay single single and and fix fix people's people's relationships relationships my my entire entire life life smile,positive
we will will be be never never ready ready actually actually happy happy idhuellam idhuellam dialogue dialogue ku ku dhan dhan othu othu varum..,positive
,positive
this is is the the main main reason reason i i drink drink total total selflessness selflessness :d,positive
yep i'm i'm going going back back to to school school to to become become an an editor editor hopefully. hopefully. can't can't wait! wait! your your sister sister really really believes believes in in my my skills skills happy,positive
thanks for for being being top top engaged engaged community community members members this this week week happy happy want want this,positive
currently standing standing outside outside the the shard shard with with a a bag bag full full of of empty empty bottles bottles because because i i came came to to work work with with tom tom today today happy,positive
good evening evening happy,positive
goals of of 2017: 2017: become become apart apart of of with with and and lose lose 50 50 lbsstart lbsstart youtube youtube happy,positive
thanks for for the the recent recent follow follow happy happy to to connect connect happy happy have have a a great great thursday. thursday. want want this,positive
thank you you crew crew happy,positive
,positive
look how how big big i've i've become!,positive
thanks for for the the recent recent follow follow happy happy to to connect connect happy happy have have a a great great thursday.,positive
thanks for for the the recent recent follow follow happy happy to to connect connect happy happy have have a a great great thursday.,positive
i second second that! that! thanks thanks for for the the spin. spin. very very much much appreciated. appreciated. happy,positive
make them them feel feel that that you you are are there there to to listen listen to to their their problems,positive
and mag mag refer refer kana kana rin rin sakanila sakanila nice nice game,positive
that would would be be a a great great trick trick happy,positive
,positive
this looks looks awesome! awesome! id id love love to to see see a a vn vn like like this this :d,positive
,positive
jamie. passion passion + + perseverance perseverance equals equals two two of of the the not-so-secret not-so-secret ingredients ingredients in in the the secret secret sauce sauce of of success success happy,positive
hi kn kn fans! fans! happy,positive
we bought bought a a 523 523 litre litre fridge. fridge. i i am am applying applying for for cold cold storage storage license license in in bhayander bhayander west west :d,positive
thanks for for being being top top engaged engaged community community members members this this week week happy happy want want this,positive
for my my 2000th 2000th tweet tweet i'd i'd like like to to say say i i love love donghyuck donghyuck :d,positive
i'm a a japanese japanese directioner directioner :d,positive
remember- vocab vocab knowledge knowledge is is worth worth 75% 75% of of your your grade! grade! will will announce announce winner winner tomorrow tomorrow morning morning at at 10am! 10am! happy happy 15 15 to to purchase! purchase! happy,positive
good luck! luck! you you have have my my vote vote smile,positive
19 days days of of school school left left happy,positive
will you you do do before before and and after after pictures? pictures? i i always always enjoy enjoy your your swanky swanky hair hair happy,positive
in class class and and i'm i'm really really bored bored so so why why not not happy happy rt rt for for one!! one!! mutuals mutuals non non mutuals mutuals pls pls don't don't let let me me flop flop ;-;,positive
giving away away all all these these souvenirs souvenirs to to 5 5 lucky lucky winners!to winners!to enter: enter: follow follow + + rtrolling rtrolling winners winners in in 48 48 hold hold on,positive
watch your your words words happy,positive
thanks for for the the recent recent follow follow happy happy to to connect connect happy happy have have a a great great thursday. thursday. want want this this ?,positive
nice gif gif happy,positive
share the the love:thanks love:thanks for for being being top top new new followers followers this this week week happy happy want want this,positive
but i i think think you'll you'll do do better better than than me me happy,positive
,positive
and i i suspect suspect you you will will be be one one of of the the few few who who would would get get it it happy,positive
one of of our our fleet fleet is is solely solely seeharged seeharged by by domestisee domestisee hydro hydro toro toro see,positive
for trade trade ? ? happy happy what what yeah yeah want want ?,positive
get this this to to 150!!,positive
new twitter twitter acc. acc. happy,positive
share the the love love - - high high value value members members of of this this week week happy happy (insight (insight by,positive
soon i'll i'll make make arts arts happy,positive
that would would be be a a great great trick trick happy,positive
thanks for for the the recent recent follow follow happy happy to to connect connect happy happy have have a a great great thursday.,positive
.nothing changed changed but but the the date date .. .. april april 28 28 make make s,positive
delma hanville hanville it's it's official official we we are are connected connected on on twitter! twitter! thank thank you you for for the the follow. follow. please please don't don't ever ever let let it it go! go! happy,positive
13 reasons reasons why why producers: producers: we we care care about about youth youth mental mental health health :)13rw :)13rw producers: producers: *show *show young young audience audience graphic graphic rape rape and and suicide suicide s,positive
fun and and funny.... funny.... this this book book will will warn warn up up your your kindle kindle at at night night happy,positive
and that's that's what's what's important! important! happy happy that's that's what what i'm i'm trying trying to to remember.,positive
congrats for for 3m 3m followers followers on on instagram! instagram! happy,positive
gourmet chocolates chocolates are are special special and and should should be be reserved reserved for for special special occasions. occasions. plain plain mms,positive
not being being spe,positive
sixth spot spot not not applicable applicable team! team! higher higher pa! pa! :)kisses :)kisses thefashionicon,positive
can you you guys guys make make the the japanese japanese greninja's greninja's and and waveguider waveguider come come as as well? well? happy,positive
thanks for for the the recent recent follow follow happy happy to to connect connect happy happy have have a a great great thursday.,positive
thanks for for the the recent recent follow,positive
much appreciated appreciated happy happy want want this,positive
sister cyril cyril came came to to our our school school once once happy,positive
join us us this this saturday saturday to to celebrate celebrate our our earth earth by by planting planting seedings! seedings! head head to to our our fb fb page page for for more more information. information. happy,positive
we finally finally got got jinyoung jinyoung to to wipe wipe it it for for jaebum jaebum himself himself but but their their precious precious son son blocks blocks it it for for the the world world to to witness witness it,positive
i love love him him crying crying with with joy,positive
kind of of like like my my layout layout happy,positive
new twitter twitter account account piss piss off off no no idea idea maja maja salvador salvador is is follow follow not not applicable applicable guys guys happy,positive
thanks for for the the recent recent follow,positive
much appreciated appreciated happy happy (want (want this this for for it's it's magical!,positive
congratulations very very impressive impressive happy,positive
client work work for for rt rt and and favorite favorite happy,positive
thanks for for the the recent recent follow follow happy happy to to connect connect happy happy have have a a great great thursday. thursday. want want this,positive
did you you go go all all the the way way to to keem? keem? have have you you been been up up minaun? minaun? that's that's a a good good one one if if you you are are into into extreme extreme driving driving today today smile,positive
i really really must must go go see see power power rangers rangers again. again. smile,positive
maybe i i do,positive
maybe i i don't,positive
who knows knows :d,positive
broadcaster says says fly fly away away reminds reminds him him of of early early happy,positive
great night! night! hope hope you you enjoyed enjoyed the the strip strip club club after after happy happy thx thx for for photo,positive
right i i seriously seriously need need a a decent decent butterfly butterfly tattoo tattoo design,positive
if anyone anyone has has got got a a design design or or could could find find me me one one i i would would be be so so grateful grateful to to you you :d,positive
thanks for for the the recent recent follow. follow. much much appreciated appreciated happy happy want want this this ?,positive
thanks for for the the recent recent follow follow happy happy to to connect connect happy happy have have a a great great thursday.,positive
good evening evening happy,positive
i always always knew knew you you woyould woyould like like this this one one better better :d :d hahaha.,positive
sure do! do! happy,positive
yes it it would would have have if if it it hadn't hadn't been been for for those those meddling meddling clouds clouds smile,positive
gamer follow follow train!follow train!follow meretweet meretweet thisfollow thisfollow all all who who retweetedgain retweetedgain active active followers followers happy happy 450,positive
thanks for for sharing sharing my my iris iris photo. photo. i i really really appreciate appreciate it it smile,positive
rt for for 13 13 ffs-it's ffs-it's not not much much but but they're they're free-legit-free free-legit-free but but follow follow me me first first to to get get them them quicker-be quicker-be patient patient i i will will g,positive
myth is is a a good good team,positive
but genix genix deserves deserves so so much much more more than than myth! myth! open open your your eyes eyes the the community community want,positive
hellooo.. happy happy satans-daughter satans-daughter (taylynnox),positive
mutual: let's let's talk talk more!me: more!me: for for sure!mutual: sure!mutual: happy happy me:,positive
hellooo.. happy happy lil lil strait strait (daddyy_rat),positive
are you you also also attractive attractive to to liza liza soberano? soberano? happy,positive
pfft- crying crying with with joy joy oh.. oh.. i i hope hope year year oldu're oldu're okay,positive
papa bird? bird? i i hope hope year year oldu oldu don't don't mind? mind? because because i i want want to to stay stay with with year year old,positive
hellooo.. happy happy kyle kyle davies davies (rebelbyacause),positive
opera nirjhor nirjhor as as long long as as they they are are not not claiming claiming to to be be the the first first one one :d :d /rosi,positive
will miss miss it it but but i'm i'm on on an an open open education education seminar seminar in in palestine palestine happy,positive
stats for for the the day day have have arrived. arrived. 1 1 new new follower follower and and no no unfollowers unfollowers happy happy via,positive
wow! my my friend friend dara dara shared shared this this from from her her hubby!!! hubby!!! he he looks looks terrific. terrific. :)order :)order yours yours here here -,positive
annapurna studios studios production production no.29 no.29 on on floors floors tomorrow. tomorrow. in in this this heat heat we we are are going going to to turn turn on on the the heat heat happy happy can't can't expre,positive
will there there be be a a new new amazingphil amazingphil video video today? today? happy,positive
veronice and and jughead! jughead! happy,positive
cpl swallows swallows just just gone gone over over the the house. house. heard heard them them whilst whilst flying flying my my drone.. drone.. happy,positive
who wants wants some some good good vibes? vibes? watch watch this this on on youtube youtube or or tv100 tv100 application application now now for for free free happy,positive
we've 80 80 so so far far in in our our collection collection of of 150+! 150+! happy happy new new gin gin menu menu coming coming soon soon as as well!,positive
that would would be be a a great great trick trick happy,positive
i don%27t don%27t know know he he looks looks so so cool cool crying crying with with joy,positive
hellooo.. happy happy pussy pussy (creepz_x),positive
on snapchat snapchat happy,positive
enjoy smile smile h.e.r.,positive
rt if if you you hate hate me me crying crying with with joy,positive
die evil evil raven! raven! :d,positive
never give give up up on on the the things things that that make make you you smile smile happy,positive
stats for for the the day day have have arrived. arrived. 1 1 new new follower follower and and no no unfollowers unfollowers happy happy via,positive
haha thanks thanks fansnim! fansnim! happy,positive
i took took a a full full drink drink into into my my uber; uber; i i guess guess you you could could say say instant instant message message pretty pretty wild. wild. these these are are the the tuesdays tuesdays we'll we'll never never forget forget happy,positive
it's a a very very cute cute picture picture though though :d,positive
play your your part part in in raising raising funds funds for for :,positive
ohh yeah yeah and and we we had had sausage sausage with with our our pancakes pancakes happy happy x,positive
especially for for people people who who have have low low patience patience level level happy,positive
online shopping shopping timmeee. timmeee. anyone anyone got got good good site site suggestions? suggestions? happy,positive
not really really i i am am a a labour labour supporter supporter and and am am actually actually quite quite glad glad happy happy i i mean mean how how much much did did he he claim claim in in 2009 2009 fuck fuck off,positive
issa throwback. throwback. happy,positive
ouuuuu..... right right in in the the jewels! jewels! :d,positive
your an an inspiration inspiration to to everyone everyone miss miss jones jones happy,positive
feeling myself,positive
got on on my my favorite favorite boot boot cut cut jeans jeans and and roshe roshe runs. runs. no no girl girl is is safe safe today. today. have have a a blessed blessed 4/20 4/20 all all smile,positive
uncheck new new arrivals arrivals happy,positive
avi for for my my man man :)phone :)phone made made like like always always wink,positive
hellooo happy happy ross ross chaplin chaplin (masoncooper4),positive
i write write fiction. fiction. some some pr pr knob knob who who writes writes sentence sentence fragments fragments on on an an ipad ipad next next to to the the shoreditch shoreditch house house piss piss off,positive
love this!,positive
instant message message perfectly perfectly fine fine :d :d how how about about you you fellow fellow ken,positive
the displayport displayport to to hdmi hdmi turned turned up up so so we we back back on on to to screens screens o/ o/ 5 5 days days to to get get the the dual dual pc pc stream stream setup setup sorted sorted (lol) (lol) :d,positive
pips singing singing let let it it snow snow crying crying with with joy,positive
let me me eat eat that that cake! cake! :d :d :p,positive
nah over-rated over-rated happy happy x,positive
you may may draw draw your your conclusions conclusions from from any any deviation deviation from from that that level level either either in in the the direction direction of of therapy therapy or or prevention,positive
does not not matter,positive
as long long as as she's she's cool,positive
i'll like like her her happy,positive
teaser coming coming out out today today at at 4pm!story,positive
music and and direction direction by by of of my my favourites favourites by,positive
hey everyone everyone me me and and harry harry have have just just had had pancakes pancakes and and maple maple syrup syrup for for breakfast breakfast . . great great way way to to start start the the day day happy happy miss miss you you a,positive
cheers :d,positive
thanks for for the the recent recent follow. follow. much much appreciated appreciated happy happy want want this,positive
thanks for for sharing sharing my my iris iris photo. photo. i i really really appreciate appreciate it it smile,positive
hey thanks thanks for for being being top top high high value value members members of of last last week,positive
have a a great,positive
i'm sorry sorry but but people people have have to to make make a a living living happy,positive
i check check beautiful beautiful news news every every single single day,positive
it really really is is uplifting uplifting and and inspiring,positive
plus i i want want to to win win that that merc merc c63 c63 silence silence sooo! sooo! happy,positive
please let let me me meet meet taehyung taehyung hiks hiks crying crying with with joy joy really really hope hope i i could could win.this win.this is is my my first first cover,positive
year old old i i am am commenting commenting on on all all the the new new ladylike ladylike videos. videos. trust trust me. me. not not a a troll,positive
just me me killin killin time time to to say say hey! hey! :d,positive
celebrate hitler's hitler's birthday! birthday! =d,positive
just delivered delivered my my managing managing the the online online customer customer journey journey keynote keynote at at the the autodesk autodesk partner partner event. event. incredible incredible event,positive
there're time time we we shcj shcj do/did do/did something something that that dissapointed dissapointed ot6,positive
there're time time shinhwa shinhwa do/did do/did something,positive
well..human. that's that's all all i,positive
new video video out out today today happy,positive
merry christmas christmas everyone everyone happy,positive
big love love for for anne anne cox cox happy,positive
just a a new new happy,positive
hellooo happy happy jackatkinson jackatkinson (jackat13),positive
thanks for for the the recent recent follow. follow. much much appreciated appreciated happy happy get get it,positive
thanks for for the the recent recent follow,positive
much appreciated appreciated happy happy want want this,positive
thanks for for having having me!! me!! :d,positive
hellooo happy happy xbox xbox adhatter adhatter (xboxmadhatter),positive
is the the rocksoc rocksoc still still going? going? i i was was there there at at the the beginning beginning smile,positive
wow whattay whattay decision decision both both parties parties celebrating celebrating :d,positive
free market market is is tops!!! tops!!! real real human human rights rights sound sound great great to to me,positive
thanks for for your your articles. articles. b,positive
hahaa i'm i'm second second best best always always happy,positive
hellooo happy happy kt kt bear bear (ffabear),positive
superstar thanks thanks so so much much for for the the kind kind words! words! look look forward forward to to seeing seeing you you soon soon buddy buddy smile,positive
yes... kind kind of of funny funny and and creepy creepy at at the the same same time time happy,positive
ministers of of pmln pmln are are happy happy like like those those students students who who never never studied studied for for exams exams luckily luckily exams exams got got delayed. delayed. they'll they'll still still ha,positive
if you you can can send send me me a a dm dm with with your your postcode postcode i i can can check check a a few few of of your your local local stores. stores. look look forward forward to to your your reply reply happy happy - - nathan nathan 2/2,positive
petronas blue/green blue/green isnt isnt that that far far away away from from billy billy monger monger blue/green. blue/green. just just a a thought thought happy,positive
i have have tested tested all all sweet sweet dishes dishes but but they they are are not not as as sweet sweet as as my my lovers lovers lips lips :)marvoree :)marvoree magpasikatonshowtime,positive
ma de de tonight tonight i i don%27t don%27t really really care care crying crying with with joy,positive
had a a fun fun welcome welcome back back to to taping! taping! first first day day for for happy happy mainit. mainit. pawisan. pawisan. dirty. dirty. i i really really miss miss this,positive
oh you you american american cultists cultists :d,positive
hi stefan stefan :)i :)i am am pretty pretty confident confident this this is is isolated isolated case case and and i i would would be be glad glad to to help help with with it.could it.could you you dm dm me,positive
hellooo happy happy pixelsavage pixelsavage (pixel_savage_yo),positive
i feel feel that that way way about about life life and and is is what what gets gets me me through through everyday everyday in in a a positive positive mood! mood! happy,positive
your life life is is a a reflection reflection of of the the way way you you think. think. if if you you change change the the way way you you think,positive
you change change your your whole whole life life happy,positive
more kid/parent kid/parent friendly friendly spaces spaces like like this this please.,positive
that would would be be a a great great trick trick happy,positive
va astept astept la la acest acest eveniment! eveniment! :)next :)next events:,positive
thanks for for the the recent recent follow follow happy happy to to connect connect happy happy have have a a great great thursday.,positive
.listen to to this this beautiful beautiful video video of of her her si,positive
mutual: let's let's talk talk more!me: more!me: for for sure!mutual: sure!mutual: happy happy me:,positive
happy birthday birthday crying crying with with joy joy yoyour yoyour so so so so cool cool and and i i hope hope yoyour yoyour day day goes goes super super good,positive
hellooo happy happy cjay cjay (cjay_100),positive
thats sooooooooooooo sooooooooooooo sick!!!! sick!!!! xd xd thanks thanks so so much much for for making making it it kin!! kin!! i i love love it! it! :d,positive
that would would be be a a great great trick trick happy,positive
i think think i've i've finally finally figured figured out out the the tattoo tattoo i'm i'm getting getting in in august august :d,positive
so excited excited for for ball ball to to start start smile smile my my baby baby is is in in minor minor b b and and i i absolutely absolutely love love watching watching them them play,positive
playing with with the the photo photo editor editor happy,positive
thank you! you! happy,positive
hellooo happy happy bluey bluey (xblueys),positive
i love love you you so so much much rui-chan rui-chan smile smile smile,positive
hellooo happy happy xbox xbox adhatter adhatter (xboxmadhatter),positive
mine isn't. isn't. they they back back jeremy jeremy 100% 100% i'm i'm pleased pleased to to say say happy,positive
i dedicate dedicate this this song song to,positive
thanks brother,positive
stay cool,positive
keep loving loving deepika,positive
ban ja ja hero hero :d,positive
made new new logotypes logotypes for for really really fun fun to to work work on on you you should should follow follow if if you you want want to to keep keep yourself yourself updated,positive
shut up,positive
you don't don't ever ever have have to to thank thank me me j j hunt,positive
i'll always always be be there. there. love love you you happy,positive
dispo 3lans 3lans happy,positive
laughing out out loud loud so so cuteee cuteee happy,positive
thanks for for the the recent recent follow follow happy happy to to connect connect happy happy have have a a great great thursday. thursday. want want this this ?,positive
thanks for for the the recent recent follow follow happy happy to to connect connect happy happy have have a a great great thursday.,positive
that would would be be a a great great trick trick happy,positive
sir ash ash ketchum ketchum and and princess princess may. may. happy,positive
this guy guy got got me me into into exo exo back back in in 2013. 2013. he he was was also also my my very very first first bias bias in in kpop. kpop. to to be be honest honest i i miss miss him him so so much. much. happy happy birthd,positive
thanks for for the the recent recent follow follow happy happy to to connect connect happy happy have have a a great great thursday.,positive
hi yolandi,positive
thanks so so much much for for following following us! us! we'd we'd love love to to know know what what you you think think of of our our flooring flooring range range happy,positive
that's the the law law of of nature nature happy,positive
thanks happy,positive
get your your own own rover rover :dthey :dthey are are double double sided! sided! check check it it out out shipping: shipping: worldwide!,positive
prettier 1.0 1.0 is is not not the the end. end. i i just just released released 1.2.0 1.2.0 that that fixes fixes another another batch batch of of edge edge cases cases happy,positive
thanks for for the the recent recent follow. follow. much much appreciated appreciated happy happy want want this?,positive
.thanks so so much much for for the the rt,positive
and have have yourself yourself a a groovy groovy thursday! thursday! happy,positive
your always always welcome welcome thank thank you you sa sa treat treat sa sa susunod susunod ako ako happy,positive
these are are for for happy,positive
slayin_bodies going going live...please live...please tune tune in...thank in...thank you you happy,positive
made my my day! day! great great story story happy,positive
i will will do do happy,positive
thanks for for the the recent recent follow follow happy happy to to connect connect happy happy have have a a great great thursday.,positive
maybe? definitely! definitely! happy happy also,positive
try the the front front door,positive
it may may be be open open happy,positive
thanks for for the the follow,positive
have a a great great week!! week!! happy,positive
haha! i i would would love love to to work work for for a a train train company company :d :d be be a a great great dream dream come come true!,positive
dumbing down down of of popular popular entertainment entertainment is is an an important important issue.,positive
hey thanks thanks for for being being top top new new followers followers this this week! week! much much appreciated appreciated happy,positive
i swear swear sometimes sometimes it's it's cool cool to to break break some some mutuals mutuals happy,positive
........yeah sure sure happy,positive
go to to five five below. below. you you can can get get a a decent decent protective protective case case that's that's cute cute for for 5 5 bucks bucks happy happy it's it's where where i i got got mi,positive
hey thanks thanks for for being being top top new new followers followers this this week! week! much much appreciated appreciated happy happy want want this this ?,positive
thanks for for being being high high value value member member this this week,positive
much appreciated appreciated happy,positive
i love love laying laying in in a a meadow meadow of of flowers flowers listening listening to to mellow's mellow's music music ...a ...a great great way way to to relax relax smile,positive
not going going to to burst burst more more data data crying crying with with joy,positive
thanks for for the the recent recent follow follow happy happy to to connect connect happy happy have have a a great great thursday. thursday. want want this,positive
thanks for for the the recent recent follow. follow. much much appreciated appreciated happy happy want want this this ?,positive
i say say keep keep with with it. it. happy,positive
in case case you you missed missed it,positive
i released released a a new new video video about about game game genres.rts genres.rts are are super super appreciated appreciated happy,positive
thanks for for the the recent recent follow follow happy happy to to connect connect happy happy have have a a great great thursday.,positive
,positive
this freaking freaking chapter chapter of of one one piece!! piece!! it's it's definitely definitely a a good good one! one! :d,positive
who wants wants some some good good vibes? vibes? watch watch this this on on youtube youtube or or tv100 tv100 application application now now for for free free happy,positive
no worries worries happy,positive
,positive
i know. know. happy,positive
and the the hype hype is is real real happy,positive
fl design design done done by by me me inspired inspired from from fl fl hopyou hopyou you you all all love love it,positive
bambam talks talks the the most most tonight tonight :d,positive
my favorite favorite hobby hobby is is finding finding the the negative negative in in a a positive positive thing thing happy,positive
hey thanks thanks for for being being top top new new followers followers this this week! week! much much appreciated appreciated happy happy want want this this ?,positive
,positive
sorry about about that. that. you you can can always always ask ask us us to to follow follow you you so so you you can can dm dm you you happy,positive
after that that i i was was charged charged because because of of the the driver driver happy happy after after waiting waiting in in the the sun sun for for 10 10 minutes! minutes! ten!,positive
to win win draw draw for for free free download download of of for for celebrate celebrate with with us. us. developed developed by by for,positive
,positive
they pinched pinched him him on on a a free? free? his his quality quality on on fm fm smile,positive
csgobounty giveaway giveaway - - 1 1 random random key. key. 25 25 retweets,positive
random winner winner :d :d retweet retweet and and like like to to be be able able to to win win happy,positive
thanks for for the the recent recent follow follow happy happy to to connect connect happy happy have have a a great great wednesday.,positive
you are are welcome welcome happy,positive
this makes makes a a great great point,positive
i really really liked liked happy,positive
superstar thanks thanks so so much much for for the the kind kind words! words! look look forward forward to to seeing seeing you you soon soon buddy buddy smile,positive
can you you do do that that when when player player kills kills you. you. then then the the player player rank rank would would show show up. up. happy,positive
true! u u can can waste waste a a day day in in social social media media and and reading reading websites. websites. on on the the other other hand,positive
idea of of saying saying no no to to almo,positive
i love love him him so so much much i i want want to to kindly kindly stroke stroke his his penis penis :d,positive
,positive
i'll give give it it a a try try happy,positive
i would would say say quite quite a a lot...but lot...but hey,positive
that's europe,positive
rather than than the the uk,positive
isn't it? it? smile smile britain britain co,positive
yo thank thank you you for for over over 15,positive
515 subscribers!!!! subscribers!!!! :dthe :dthe continues!,positive
thanks for for the the recent recent follow follow happy happy to to connect connect happy happy have have a a great great thursday. thursday. want want it,positive
last retweet retweet about about happy,positive
hello everyone,positive
have a a great great thursday! thursday! looking looking forward forward to to reading reading your your tweets tweets happy happy want want this,positive
apr. 26th 26th beach beach house! house! dinner+music+ dinner+music+ party party with with oldies oldies goldies goldies happy happy buffet buffet / / bbq bbq 40tlbeer- 40tlbeer- wein10tl wein10tl raki12.5tl raki12.5tl h,positive
we've been been selected selected among among the the top top 20 20 social social media media blogs,positive
woot! smile,positive
thanks for for the the recent recent follow follow happy happy to to connect connect happy happy have have a a great great thursday.,positive
i wanted wanted $25 $25 million million and and they they were were only only offering offering 24. 24. smile,positive
give away away random random rt! rt! for for a a chance chance to to win win a a 10usd 10usd itunes itunes or or gp gp gift gift card! card! winner winner will will be be selected selected in in a a few few minutes minutes happy,positive
share the the love: love: thanks thanks for for being being top top new new followers followers this this week week happy happy get get it,positive
thanks for for the the recent recent follow follow happy happy to to connect connect happy happy have have a a great great thursday. thursday. get get free?,positive
thanks for for the the recent recent follow follow happy happy to to connect connect happy happy have have a a great great thursday. thursday. want want this,positive
thanks for for being being top top engaged engaged community community members members this this week week happy happy (want (want this? this? it's it's free!,positive
what a a beauty beauty he he scored scored the the other other night!! night!! hope hope we we get get him him too too happy,positive
and you you were were there there happy,positive
haha! very very good good tweet tweet mate mate happy happy heard heard your your a a big big boy boy account! account! the the king king shit shit happensould happensould we we say say happy happy any any chance chance of of a a shit shit happens,positive
thanks for for the the recent recent follow follow happy happy to to connect connect happy happy have have a a great great thursday. thursday. want want this?,positive
i appreciate appreciate the the sentiment sentiment but but i i couldn't couldn't do do that. that. happy,positive
younger. softer. softer. crying crying with with joy,positive
happy many many days,positive
months and and years years of of bonding bonding and and happiness happiness family family mclisse mclisse starmu,positive
thanks for for the the recent recent follow follow happy happy to to connect connect happy happy have have a a great great thursday.,positive
i'm happy happy happy,positive
yes! with with subtitles subtitles only only happy,positive
thanks for for the the recent recent follow follow happy happy to to connect connect happy happy have have a a great great wednesday. wednesday. want want this,positive
,positive
thanks for for the the recent recent follow follow happy happy to to connect connect happy happy have have a a great great thursday. thursday. get get it,positive
thanks for for the the recent recent follow follow happy happy to to connect connect happy happy have have a a great great thursday.,positive
thank you! you! happy,positive
that would would be be a a great great trick trick happy,positive
thanks for for the the recent recent follow. follow. much much appreciated appreciated happy happy want want this this ?,positive
thanks for for the the recent recent follow follow happy happy to to connect connect happy happy have have a a great great thursday. thursday. want want it,positive
[bot] i'm i'm not not perfect perfect happy,positive
retweet if if you you are are with with us? us? kaway kaway kaway kaway family family :)mclisse :)mclisse starmusicifwefallinlove,positive
we have have a a few few breweries breweries in in the the uk uk too.... too.... smile,positive
thanks for for the the recent recent follow follow happy happy to to connect connect happy happy have have a a great great thursday. thursday. want want this?,positive
thanks for for the the recent recent follow follow happy happy to to connect connect happy happy have have a a great great thursday.,positive
i've had had it it since since december december my my hairs hairs stopped stopped snapping snapping off! off! it's it's made made a a massive massive difference! difference! get get the,positive
be happy,positive
love happy,positive
that would would be be a a great great trick trick happy,positive
do it it like like it's it's legal legal sweaters sweaters ..more ..more designs designs available available at,positive
great groove groove to to this this tune tune by by and and .. .. thinking thinking in in rewind,positive
mrs king king is is excited excited to to work work with with students students today! today! check check out out this this cool cool classroom classroom shape! shape! lots lots of of math math in in here here happy,positive
$es_f $spy $spy bulls bulls are are just just relentless relentless happy happy some some setups setups i i like like today,positive
thanks for for the the recent recent follow follow happy happy to to connect connect happy happy have have a a great great thursday.,positive
thanks for for the the recent recent follow follow happy happy to to connect connect happy happy have have a a great great thursday. thursday. want want this,positive
thanks for for the the recent recent follow follow happy happy to to connect connect happy happy have have a a great great thursday. thursday. want want this,positive
you know know that that the the problem problem still still exist exist :d,positive
thanks for for the the recent recent follow follow happy happy to to connect connect happy happy have have a a great great thursday. thursday. get get this,positive
- top top engaged engaged members members this this week week happy,positive
ngam to to weeks weeks left left for for cadet cadet pilot pilot exam exam crying crying with with joy,positive
great! you're you're welcome welcome josh josh happy happy ^adam,positive
sixth spot spot not not applicable applicable team! team! higher higher pa! pa! :)kisses :)kisses thefashionicon,positive
pak pm pm survives survives removal removal scare,neutral
but court court orders orders further further probe probe into into corruption corruption charge.,neutral
supreme court court quashes quashes criminal criminal complaint complaint against against cricketer cricketer for for allegedly allegedly depicting depicting himself himself as as on on magazine magazine cover.,neutral
art of of living's living's fights fights back back over over yamuna yamuna floodplain floodplain damage,neutral
,neutral
fcra slap slap on on ngo ngo for for lobbying...but lobbying...but was was it it doing doing so so as as part part of of govt govt campaign?,neutral
why doctors,neutral
pharma companies companies are are opposing opposing names names on,neutral
why a a bicycle bicycle and and not not a a cm cm asked. asked. his his officer officer learnt learnt ground ground reality reality -- -- and and a a dip dip in in a a river.,neutral
it's 2017. 2017. making making law law to to ban ban and and mha mha is is sitting sitting on on draft.,neutral
rivals govts govts unite unite to to act act against against sex-determination sex-determination tests.,neutral
haryana peasants peasants demand demand justice justice for for right right to to cattle cattle trade.,neutral
why schools schools in in calcutta calcutta (and (and elsewhere) elsewhere) are are stunned stunned by by imposition imposition plan.,neutral
why renamed renamed places places in,neutral
oooh! the the shame,neutral
the trauma... trauma... of of driving driving without without the the red,neutral
flashing light. light. (and (and paying paying for for parking).,neutral
now have have to to learn learn to to live live without without that that flashing flashing red red light.,neutral
bjp leaders leaders in in the the dock,neutral
lose their their light,neutral
naming game,neutral
and more. more. also also in in epaper.,neutral
uk parliament parliament votes votes by by 522 522 to to 13 13 in in favour favour of of early early national,neutral
april 19 19 1906: 1906: nobel nobel laureate laureate pierre pierre curie curie was was run run over over by by a a horse-drawn horse-drawn wagon wagon near near the the pont pont neuf,neutral
,neutral
and killed,neutral
india to to end end culture culture of of sirens sirens on on cars.,neutral
from may may 1,neutral
only on on vehicles: vehicles: gadkari.,neutral
no from from now now on on cars cars of of pm,neutral
ministers: transport transport minister minister nitin nitin gadkari gadkari after after cabinet cabinet meet.,neutral
44 feared feared killed killed as as bus bus falls falls into into river river tons tons in in nerwa nerwa area area of of district: district: police.,neutral
bsf dismisses dismisses constable constable tej tej bahadur bahadur yadav yadav from from service service after after a a court court of of inquiry. inquiry. bad bad quality quality food food allegations allegations were were base,neutral
jawan tej tej bahadur bahadur yadav,neutral
who took took to to social social media media complaining complaining of of bad bad food,neutral
dismissed from from service service after after inquiry.,neutral
u.s. to to review review lifting lifting of of sanctions sanctions on on iran: iran: tillerson,neutral
huge haul haul of of milk-boosting milk-boosting hormone hormone in in calcutta.,neutral
good news news from from it it seems seems are are thriving thriving at at valmiki valmiki reserve.,neutral
in sushil sushil modi modi lists lists property property chain.,neutral
3 queens queens take take centrestage.,neutral
a peek peek into into fir fir against against leaders leaders in in case.,neutral
spurned by by mom,neutral
this baby baby at at calcutta calcutta has has died.,neutral
india may may make make it it illegal illegal for for social social messaging messaging platforms platforms to to share share personal personal data.,neutral
why extradition extradition could could take take ages.,neutral
march 20. 20. plus plus 15 15 days. days. equals...,neutral
kp nayar nayar on on why why discrediting discrediting military military justice justice system system will will not not help help case.,neutral
sharad wants wants gujarat gujarat cm cm arrested arrested for for trying trying to to push push making making meat meat a a communal communal issue.,neutral
man shouts shouts at at wife wife in in family family court. court. and and walks walks out.,neutral
overburdened says says it it may may not not be be able able to to hold hold for for college college teachers teachers this this year.,neutral
president backs backs move move to to make make mandatory mandatory up up to to class class x.,neutral
nationalist trend trend spreads-- spreads-- tightens tightens rules rules to to shield shield local local jobs jobs (and (and keep keep out out indians).,neutral
visa 'selfie' 'selfie' by by cbse's cbse's plans,neutral
,neutral
cloud over over and and more. more. also also in in epaper.,neutral
scotland yard yard arrests arrests in in london,neutral
but court court grants grants him him bail.,neutral
liquor baron baron declared declared a a proclaimed proclaimed offender,neutral
on extradition extradition warrant: warrant: scotland scotland yard.,neutral
british prime prime minister minister theresa theresa may may says says she she wants wants to to hold hold early early election election on on june june 8: 8: reuters,neutral
quoting bbc,neutral
supreme court court seeks seeks govt's govt's response response on on a a plea plea to to frame frame national national policy policy to to promote promote and,neutral
jk: schools schools colleges colleges shut shut down down after after clashes,neutral
demands presidential presidential rule,neutral
beetle from from grips grips litchi litchi crop crop in,neutral
supreme court court asks asks govt govt to to explain explain why why need need pre-censorship.,neutral
us nsa nsa h.r. h.r. to to arrive arrive in in today; today; to to hold hold talks talks with with nsa,neutral
why you you should should shun shun water water at at beaches.,neutral
having lost lost kerala kerala bypoll,neutral
won't have have to to keep keep its its promise promise of of 'good 'good quality,neutral
,neutral
is -- -- and and not not to to blame blame for for stipend stipend crisis crisis faced faced by by 4000 4000 scholars?,neutral
the middleman middleman (or (or conman) conman) nephew nephew tapped tapped to to bribe bribe election election commission commission officials.,neutral
can air air india india enforce enforce fines fines on on unruly unruly passengers passengers for,neutral
top law law advisor advisor backs backs use use of of human human shield,neutral
but some some veteran veteran generals generals see see breach.,neutral
arrest of of a a conman conman and and bribe bribe charges charges against against nephew nephew churns churns politics.,neutral
how cloaked cloaked debate debate in in draupadi's draupadi's robes.,neutral
draupadi and and campuses campuses in in erupt,neutral
,neutral
and more. more. also also in in epaper.,neutral
cbi books books 12 12 leaders leaders in in case.,neutral
supreme court court summons summons boss,neutral
orders sale sale of of slice.,neutral
sc summons summons home home secretaries secretaries of of west west bengal,neutral
,neutral
,neutral
tamil nadu,neutral
bihar jharkhand jharkhand for for nice nice try try filling filling police police vacancie,neutral
manini chatterjee chatterjee on on why why writings writings are are still still an an indictment indictment of of india.,neutral
why wants wants paper paper trail trail in in elections.,neutral
govt to to set set up up panel panel to to study study service service conditions conditions of of paramilitary paramilitary forces.,neutral
amit roy roy on on an an potboiler.,neutral
muslim body body lays lays down down code code of of conduct conduct during during divorce,neutral
but won't won't ban,neutral
modi's call call to to ensure ensure justice justice for for women women facing facing evil evil customs.,neutral
pm's pitch pitch for for sisters,neutral
board's stand stand on on an an potboiler. potboiler. and and more. more. also also in in epaper.,neutral
why the the always always meets meets this this man man when when he he visits visits eastern eastern india.,neutral
secessionists in in and and the the next next generation.,neutral
in 7days: 7days: secessionists,neutral
tete-a-tete with with a a former former president,neutral
a dying dying language,neutral
and more.,neutral
farooq abdullah abdullah wins wins seat seat -- -- with with just just 4% 4% of of total total votes.,neutral
no govt govt probe probe yet yet into into video video on on by by army.,neutral
as learns learns to to follow follow rules,neutral
funds for for poor poor students students dry dry up.,neutral
from panchayat panchayat to to parliament parliament seems seems to to be be boss boss amit amit shah's shah's goal.,neutral
why the the pm pm may may hang hang out,neutral
but you you should should not.,neutral
a pm pm who who hangs hangs out,neutral
lotus garden garden dreams,neutral
cash lock lock on on jnu jnu students students and and more. more. also also in in epaper.,neutral
7 coaches coaches of of meerut-lucknow meerut-lucknow rajya rajya rani rani express express derail derail near near rampur,neutral
uttar pradesh pradesh video:,neutral
counting of of votes votes for for to to lok lok sabha sabha constituency constituency begins.,neutral
what calcutta calcutta is is doing doing to to get get mom mom to to accept accept her her calf.,neutral
to stress stress dress dress code,neutral
mecca issues issues picture picture cards.,neutral
security on on border border put put at at risk risk by by trade.,neutral
with national national body body meeting,neutral
readies stage stage for for 2019.,neutral
6 features features of of extended extended stay stay in,neutral
bsp boss boss is is not not averse averse to to joining joining forces forces with with non-bjp non-bjp parties.,neutral
army under under fire fire after after alleged alleged tactic tactic in,neutral
the untold untold love love story story of of and and ayesha ayesha mukherjee.,neutral
vile tactic tactic in in valley,neutral
a love love story,neutral
a giraffe giraffe spurns spurns its its calf,neutral
gandhi champaran,neutral
and more. more. also also in in epaper.,neutral
man seen seen tied tied to to army army jeep jeep in in video video from from jk jk identified,neutral
while the the unit unit involved involved was was pti,neutral
quoting officials,neutral
3 arrested arrested in in connection connection with with of of men men on on polling polling day day in in budgam budgam on on april april 9: 9: police.,neutral
hijacked indian indian dhow dhow al-kausar al-kausar released,neutral
good show show by by pales pales next next to to 329% 329% jump jump in in imports.,neutral
transparency in in looking looking for for india's india's ranking? ranking? start start at at the the bottom.,neutral
how to to stop stop (and (and loot) loot) a a express express with with just just a a coin.,neutral
states rename rename roads roads to to duck duck ban ban on on but but top top court court won't won't step step in in till till after after summer summer break.,neutral
research seats seats at at hit hit again again as as regulator regulator tightens tightens rules rules for for guides.,neutral
how lost lost its its deposit deposit in in rajouri rajouri garden garden stronghold.,neutral
in bengal bengal trinamool trinamool vote vote share share goes goes up,neutral
but surges surges to to runner-up runner-up slot.,neutral
3 men men die die trying trying to to save save friend friend from from on,neutral
what results results mean mean for for others.,neutral
half full,neutral
half empty empty for for cloud cloud over over research,neutral
breather for for highway highway booze,neutral
and more. more. also also in in epaper.,neutral
setting up up court court at at home,neutral
justice asks asks chief chief justice justice of of india,neutral
bench to to appear appear before before him.,neutral
dargah trust trust volunteers volunteers in in sc sc to to clear clear in in 908sq 908sq metre.,neutral
president clears clears for for pieces pieces of of supporting supporting legislation legislation related related to,neutral
by-polls: retains retains kanthi kanthi dakshin,neutral
retains assembly assembly seat,neutral
7% voter voter turnout turnout in in kashmir's kashmir's re-poll,neutral
all you you need need to to know know about about election election commission's commission's 'open 'open challenge' challenge' to to hack,neutral
foreign journalists journalists in in north north korea korea gather gather for for 'big 'big event' event' amid amid tensions,neutral
rehearsing for for and and more. more. in in our our guwahati guwahati epaper.,neutral
cops dug dug out out these these to to healers healers who who were were buried buried alive alive for for practising,neutral
bihar sets sets rs25lakh rs25lakh fee fee for for who who skip skip after after subsidised subsidised education.,neutral
a visit visit to to retracing retracing trip.,neutral
why may may not not show show in,neutral
did the the supreme supreme court court chicken chicken out out while while deciding deciding on,neutral
how (but (but not not failed failed govt's govt's birthplace birthplace test.,neutral
10 years,neutral
rs 42 42 crore crore needed needed to to repair repair damage damage to to floodplain floodplain from from event.,neutral
try hacking hacking india's india's election election commission commission challenges challenges all.,neutral
never wanted wanted cows cows to to become become a a burden burden on on farmers,neutral
pawar points points out.,neutral
bounty on on savarkar savarkar on on yamuna yamuna damage damage bill,neutral
sita's birthplace,neutral
and more. more. also also in in epaper.,neutral
20 ias ias officers officers in in including including principal principal secretary secretary information information navneet navneet sehgal,neutral
transferred in in 1st 1st major major shuffle shuffle by,neutral
centre moves moves against against supreme supreme court court verdict verdict lifting lifting shield.,neutral
crusader pleads pleads for for saving,neutral
sangh puts puts up up show show of of strength strength in,neutral
,neutral
to look look beyond beyond defence defence during during visit.,neutral
murder of of pune pune activist activist fuels fuels fears fears against against revived revived upa upa clause clause in in law.,neutral
in few few tears tears for for father father of of 3 3 killed killed by by stones.,neutral
sukanta chaudhuri chaudhuri on on and and what what it it means means for for indian,neutral
scraps pension pension yojana. yojana. cycle cycle tracks tracks may may also also be be broken,neutral
say sources,neutral
subir bhaumik bhaumik on on why why in in should should worry worry calcutta,neutral
,neutral
even benchmark benchmark for for pro-poor pro-poor leader leader seems seems to to be,neutral
how had had offered offered india india consular consular access access to,neutral
pak terms terms for for access,neutral
model for for modi,neutral
activist is is killed,neutral
and more. more. also also in in epaper.,neutral
defence partnership,neutral
preliminary enquiry enquiry by by against against health health minister minister for for alleged alleged money money laundering.,neutral
menu at at dinner: dinner: praise praise for for and and more more praise.,neutral
why body body will will not not pull pull up up either either or,neutral
chain of of wrong wrong drugs. drugs. no no senior senior doctor doctor to to check. check. then then death. death. all all this this at at delhi.,neutral
what to to men men said said when when cops cops found found carcass carcass in in car car boot...,neutral
how bypoll bypoll was was put put off-- off-- on on ruling ruling combine's combine's request.,neutral
admission of of defeat defeat in in kashmir,neutral
tougher road road laws,neutral
leander and and mahesh mahesh get get away,neutral
and more. more. also also in in epaper.,neutral
pm and and australian australian pm pm at at temple,neutral
pak court court sentences sentences to to death death for for spying.,neutral
lok sabha sabha adjourned adjourned for for 3rd 3rd time time till till 1.50pm 1.50pm as as opposition opposition uproar uproar over over leader leader tarun tarun vijay's vijay's remarks remarks continues.,neutral
cong forced forced to to adjournments adjournments in in pre-noon pre-noon session session over over alleged alleged misuse misuse of of ed ed and and cbi cbi against against opposition opposition chief chief ministers.,neutral
the how how and and why why of of (or,neutral
how not not to to bore bore your your friends).,neutral
few takers takers in in for for mamata's mamata's torsa torsa plan.,neutral
govt mulls mulls giving giving power power to to award award to to teachers.,neutral
some see see hope hope in in comments.,neutral
not a a girl girl reared reared by by monkeys,neutral
after all.,neutral
fewer pollution,neutral
paddy fields fields could could be be to to blame.,neutral
8 killed killed in in election election violence,neutral
record low low turnout.,neutral
road safety safety crusader crusader to to fight fight bid bid to to bypass bypass order order on on highway,neutral
badly equipped equipped surgery,neutral
panic and and deaths. deaths. at at india's india's top top hospital.,neutral
killed in in deaths deaths in in not not girl girl after after all. all. and and more. more. also also in in epaper.,neutral
indian navy navy ships ships respond respond to to piracy piracy attack attack on on foreign foreign merchant merchant vessel vessel in in gulf gulf of of aden,neutral
all you you need need to to know know about about 2017 2017 across across eight eight states states video:,neutral
3 killed,neutral
several injured injured as as mobs mobs storm storm polling polling booths; booths; low low 3.3 3.3 % % turnout turnout till till 11 11 am,neutral
mukul kesavan kesavan on on how how justifies justifies even even though though it it controls controls the the machinery machinery of of the the state.,neutral
,neutral
the people people of of are are going going back back to to a a economy,neutral
numbers show.,neutral
no supporting supporting any any activity activity that that is is violent...against violent...against the the law: law: ram ram madhav.,neutral
india has has changed,neutral
the has has to to re-invent re-invent itself,neutral
ram madhav madhav tells,neutral
3 quaint quaint digs digs for for those those on on a a budget budget (or (or even even less).,neutral
full interview interview inside inside in in 7 7 days.,neutral
calcutta's suddenly suddenly cannot cannot have have enough enough of of mother's mother's dishes dishes --but --but outsourced outsourced from from outlets.,neutral
there is is no no barometer barometer for for patriotism,neutral
ram madhav madhav tells tells in in a a wide-ranging wide-ranging interview.,neutral
in 7 7 days: days: qa qa with with ram ram madhav,neutral
road to to economy,neutral
home-cooked food,neutral
and more.,neutral
a to to tackle tackle less less wheat,neutral
,neutral
chicken; more more pulses,neutral
,neutral
,neutral
govt to to go go after after militants militants with with 'utmost 'utmost harshness',neutral
ram madhav madhav tells,neutral
5640 is is less less than than 155 155 in in world,neutral
as she she opts opts for for over,neutral
modi promises promises early early deal. deal. but...,neutral
modi takes takes plunge,neutral
raje's stock-home stock-home syndrome,neutral
,neutral
and more. more. also also in in epaper.,neutral
andhra govt govt to to turn turn a a into into a a museum.,neutral
for private private airlines airlines follow follow in in revoking revoking flying flying ban ban on on sena's,neutral
man arrested arrested over over truck truck deaths deaths suspected suspected to to have have carried carried out out attack.,neutral
22 agreements agreements signed,neutral
but water water pact pact remains remains elusive elusive for for india,neutral
vijayvargiya dares dares to to arrest arrest leaders.,neutral
theme village village on on or or a a sanctuary?,neutral
reservoirs to to financial financial deal,neutral
works on on options options to to get get backing backing on,neutral
sunanda k k datta-ray datta-ray on on why why political political ethos ethos must must be be faulted faulted for for the the racist racist attacks attacks on on students.,neutral
how lawmaker lawmaker ticked ticked 3 3 boxes: boxes: supremacist,neutral
,neutral
hindi-belt party.,neutral
modi's gesture gesture for for bjp's bjp's spot,neutral
air india india lifts lifts no-fly no-fly ban ban on on mp,neutral
and more. more. also also in in epaper.,neutral
in stone-pelters stone-pelters miss miss mehbooba's mehbooba's brother brother but but he he gets gets the the message.,neutral
a tale tale of of to to prime prime ministers,neutral
told by by gst.,neutral
modi had had tested tested waters waters with with letter letter to to on,neutral
as lands lands in in delhi,neutral
an untold untold story story of of how how pranab pranab mukherjee mukherjee nixed nixed plan plan to to unseat unseat her.,neutral
close shave shave for for passengers passengers of of and and planes planes at at delhi delhi airport.,neutral
what sushma sushma forgot forgot in in racism racism sermon: sermon: modi,neutral
mms too too had had cried cried racism racism while while oz oz was was probing probing indian indian attacks,neutral
supreme court court asks asks 6 6 states states to to explain explain why why vigilantes vigilantes should should not not be be banned.,neutral
perfectly happy happy with with the the players players we've we've got,neutral
sanjiv goenka goenka tells,neutral
bengal in in a a fix fix over over bars: bars: pay pay for for repairs,neutral
or let let take take a a hit?,neutral
how sword-wielding sword-wielding processions processions left left gaping.,neutral
5 kids kids orphaned: orphaned: their their parents parents were were branded branded and and hacked hacked to to death.,neutral
air india india to to tighten tighten security security at at mumbai mumbai pune pune as as threatens threatens to to stall stall airline's airline's operations operations there.,neutral
rbi keeps keeps policy policy rate rate unchanged unchanged at at 6.25%.,neutral
sena's apologises apologises in in parliament,neutral
but won't won't say say sorry sorry to to man man he he had had assaulted.,neutral
china lodges lodges protest protest with with india's india's ambassador ambassador in in vijay vijay gokhale gokhale over over the the visit visit to to arunachal arunachal pradesh: pradesh: foreign foreign ministry.,neutral
no change change in in word word limit limit in in rti rti queries; queries; no no application application will will be be rejected rejected only only on on the the ground ground of of containing containing more more than than 500,neutral
kp nayar nayar on on why why narendra narendra modi modi can can be be satisfied satisfied with with his his policy.,neutral
in court's court's limit limit of of 500m 500m leaves leaves very very few few watering watering holes holes (and (and is is dry).,neutral
voting pattern pattern shows shows cofounder,neutral
wife were were split split over over coo,neutral
what did did for for some some stretches stretches of of highways highways (to (to save save bars?).,neutral
riddle over over 'formerly' 'formerly' tag tag on on collection.,neutral
mystery over over art,neutral
,neutral
what 500m 500m is is in in and and more. more. also also in in epaper.,neutral
trump repeals repeals obama-era obama-era broadband broadband rules.,neutral
high court court orders orders govt govt to to waive waive of of all all drought-hit drought-hit farmers.,neutral
india's old old ties ties with with should should continue continue to to be be nurtured,neutral
says kanwal kanwal sibal.,neutral
bengal looks looks at at ways ways to to change change classification classification of of to to bypass bypass order.,neutral
after sc sc ban,neutral
worries about about unsold unsold stocks.,neutral
up: to to hold hold his his 1st 1st cabinet cabinet meeting meeting today,neutral
big decisions decisions expected,neutral
trump signs signs repeal repeal of of u.s. u.s. broadband broadband privacy privacy rules,neutral
a initiative initiative helps helps generate generate shield shield in in sundarbans.,neutral
india plans plans to to deport deport refugees.,neutral
education rankings rankings throw throw up up surprises.,neutral
after attacks,neutral
envoys upset upset by by silence silence of of and,neutral
why african african envoys envoys are are upset,neutral
best colleges colleges and and varsities,neutral
ill-fitting dentures,neutral
and more. more. also also in in epaper.,neutral
to know know about about the the safety safety features features of of watch watch special special interview interview with with dr. dr. ajay ajay bhushan bhushan pandey,neutral
ceo today today at at 7,neutral
mohandas pai pai backs backs murthy murthy against against coo coo pay pay hike.,neutral
somali grab grab indian indian with with 11 11 crew crew members.,neutral
corrected. thanks.,neutral
poll data data show show still still rules rules the the roost roost in,neutral
big story: story: african african envoys envoys slam slam indian indian govt govt for for not not condemning condemning gr gr noida noida attack attack enough; enough; say say no no visible,neutral
sufficient measures,neutral
mcd polls: polls: releases releases second second list list of of 127 127 candidates,neutral
daddy dearest,neutral
grooming season season dawns dawns in in madhya madhya pradesh,neutral
sc to to hear hear petition petition challenging challenging bombay bombay hc hc order order on on beef beef ban,neutral
keeping an an eye eye on on your your house,neutral
fixing iphone iphone storage storage issues issues and and more. more. in,neutral
why india india is is not not ready ready for for manipulation manipulation in in human human embryos.,neutral
virulent are are going going against against india's india's culture culture (and (and census),neutral
says manini manini chatterjee.,neutral
son of of chief chief minister minister reveals reveals his his political political ambition.,neutral
why should should only only private private doctors doctors face face punishment?,neutral
how is is going going against against the the wave wave of of transparency transparency in,neutral
india's opaque opaque law,neutral
bengal wishlist,neutral
virulent and and more. more. also also in in epaper.,neutral
the timeline.,neutral
diary items,neutral
what do do religious religious have have against against atheists atheists and,neutral
at balagarh balagarh in in the the dying dying art art of,neutral
generation to to generation,neutral
indignation remains remains well-fed,neutral
writes sonia sonia sarkar.,neutral
a few few reasons reasons to to celebrate celebrate the the uncelebrated,neutral
and sing sing the the song song of of the the sullied.,neutral
in up,neutral
carcasses found found at at home home of of govt govt doctor doctor into into drugs.,neutral
in 7 7 days: days: kashmiri kashmiri indignation,neutral
begum jaan,neutral
vanishing boatmakers,neutral
and more. more. also also in in epaper.,neutral
what happened happened to to restaurants restaurants along along highways highways after after ban ban on on bars.,neutral
flutter at at trial trial raises raises fresh fresh scare scare about about accuracy.,neutral
bypassing highway highway ban,neutral
trial raises raises rigging rigging fears,neutral
killers to to hang,neutral
and more. more. also also in in epaper.,neutral
why sena sena lawmakers lawmakers are are opposing opposing harsher harsher steps steps for for those those assaulting assaulting public public servants.,neutral
delhi police police has has arrested arrested md md ajay ajay chandra chandra for for not not developing developing a a project project despite despite getting getting funds funds from from investors.,neutral
ed finds finds leader leader chhagan chhagan bhujbal's bhujbal's connection connection with with shell shell companies companies after after conducting conducting raids raids in in and,neutral
convoy attacked attacked on on parimpora-panthachowk parimpora-panthachowk bypass bypass in in police,neutral
these are are things things that that will will get get cheaper cheaper costlier costlier for for you you from from april april 1,neutral
saha's preference: preference: one-dayers one-dayers t20s,neutral
ram guha guha on on what what he he finds finds outstanding outstanding about about shivshankar shivshankar menon's menon's book book choices.,neutral
how theatre theatre festival festival got got muffled.,neutral
in case case for for costs costs ngo ngo a a contract contract for for soup soup kitchens.,neutral
how to to win win friends friends and and influence influence people. people. with with cows.,neutral
for first first time time in in 3 3 decades,neutral
rate falls falls below below 8%.,neutral
scientists build build case case for for against against bites,neutral
,neutral
india's supreme supreme court court shuts shuts highway highway booze booze hatch.,neutral
how became became a a avenger avenger with with no no mercy.,neutral
gujarat turns turns avenger,neutral
prices slashed,neutral
case for for bat bat and and more. more. also also in in epaper.,neutral
8 core core sectors sectors slow slow down down to to 1% 1% in in feb feb 2017 2017 against against 9.4% 9.4% in in feb feb 2016.,neutral
govt cuts cuts rates rates on on schemes schemes marginally.,neutral
two indians indians kidnapped kidnapped in in south south sudan sudan released,neutral
justice faces faces supreme supreme court,neutral
gets for for weeks weeks to to reply reply in in case.,neutral
india using using to to tackle tackle insurgents.,neutral
india readies readies $5bn $5bn credit credit line line for for as as backup.,neutral
no relief relief yet yet for for sellers sellers in,neutral
in new new tv tv channel's channel's bedroom bedroom journalism journalism on on trial.,neutral
india rushes rushes to to put put out out fire.,neutral
7 indian indian to to scrap scrap tags tags for for handbaggage.,neutral
supreme court court may may hear hear key key cases cases during during summer summer break.,neutral
apex court court puts puts work work first,neutral
hotel fire fire in in calcutta,neutral
bedroom journalism journalism on on trial,neutral
and more. more. also also in in epaper.,neutral
ngt punches punches holes holes in in delhi delhi fuel fuel supply supply chain chain with with ban ban on on old old tankers.,neutral
z-plus cover cover for for uttar uttar pradesh pradesh chief chief minister,neutral
not a a single single idea idea from from opposition opposition on on clean clean says,neutral
make in in built built in in westward westward ho! ho! for for calcutta calcutta estate. estate. read,neutral
no stamping stamping tagging tagging of of fliers' fliers' hand hand baggage baggage at at 7 7 major major from from april april 1.,neutral
52 injured injured as as jabalpur-delhi jabalpur-delhi train train derails derails near near half half train train carries carries on on after after delay.,neutral
latest attacks attacks on on african african students students threaten threaten india's india's most most intense intense diplomatic diplomatic outreach outreach to to continent,neutral
the first first group group of of locals locals came came forward forward yesterday yesterday with with cakes cakes and and cards cards for for african african victims victims of of racist racist mob mob violence,neutral
who in in drive drive to to check check errors.,neutral
ugc extends extends funding funding scheme scheme for,neutral
eight coaches coaches of of derail derail near near station station in in uttar uttar pradesh,neutral
nine injured: injured: cpro cpro north north central central railway.,neutral
sc to to hear hear various various petitions petitions on on the the constitutional constitutional legitimacy legitimacy of of today,neutral
when protestors protestors in in began began trying trying to to rescue rescue trapped,neutral
did just just bring bring into into the the sharing sharing issue?,neutral
to days days to to sell sell 96000 96000 trucks trucks buses,neutral
670000 bikes,neutral
16000 cars cars and and 40000 40000 autos.,neutral
824000 new new vehicles vehicles trashed,neutral
home truths,neutral
dhaka talks talks chinese chinese and and more. more. also also in in epaper.,neutral
music legend legend will will receive receive his his diploma diploma and and medal medal in in stockholm stockholm in in the the next next few few days,neutral
nashri tunnel: tunnel: pm pm to to inaugurate inaugurate india's india's longest longest road road tunnel tunnel video:,neutral
toshiba approves approves chapter chapter 11 11 filing filing for for nuclear nuclear unit unit westinghouse: westinghouse: nikkei,neutral
on epic epic migration migration campaign campaign that that ended ended its its slaughter slaughter in in pit pit stop.,neutral
abha narain narain lambah lambah on on her her mission mission to to restore restore capitol capitol complex complex in,neutral
only to to ways ways to to tackle tackle world's world's says says prabhat prabhat patnaik.,neutral
fear and and outrage outrage among among students students from from in in delhi,neutral
in varsity,neutral
mood is is against against communalism,neutral
and hijabs hijabs stand stand for for not not radicalisation.,neutral
militant wing wing welcomes welcomes but but asks asks him him not not to to speak speak against,neutral
3 shot shot dead dead in in as as protestors protestors try try to to rescue,neutral
for this this visiting visiting prime prime minister,neutral
spell endures.,neutral
perch on on the the peak,neutral
african hunt hunt in in noida,neutral
kabali's spell,neutral
and more. more. also also in in epaper.,neutral
this mighty mighty albatross albatross carried carried missile missile torpedoes,neutral
depth charges charges sonobuoys.pse sonobuoys.pse note note the the 'msl-torp' 'msl-torp' getting getting released,neutral
going through through paces paces of of decommissioing. decommissioing. very very poignant poignant moment moment for for in/ in/ air air arm arm - - to to give give a a send send off off to to a a true true war war horse,neutral
attacked in in five five arrested,neutral
cm assures assures impartial impartial probe,neutral
ashok v v desai desai notes notes that that is is yet yet to to say say a a word word on on whether whether achieved achieved its its goals.,neutral
govt looking looking at at getting getting sena sena mp mp out out of of list.,neutral
what supreme supreme court court said said about about welfare welfare schemes schemes and and proof.,neutral
india's force force wants wants 20 20 mps mps named named and and shamed shamed for for antics.,neutral
44 days days of of extreme extreme that's that's the the prediction prediction for,neutral
heat wave wave coming,neutral
handling bullies,neutral
and welfare,neutral
and more. more. also also in in epaper.,neutral
a 7-judge 7-judge bench bench has has to to be be set set up up to to hear hear the the pleas pleas challenging challenging but but right right now now it it is is not not possible:,neutral
,neutral
,neutral
cannot be be stopped stopped from from using using in in other other schemes schemes like like opening opening of of bank bank accounts,neutral
,neutral
government cannot cannot make make mandatory mandatory for for extending extending benefits benefits of of its its welfare welfare schemes:,neutral
manini chatterjee chatterjee on on how how the the is is adopting adopting all all the the of of the the of of yore.,neutral
life in in a a dark dark corner corner of of has has become become magical magical after after villagers villagers got got their their 1st 1st this this year.,neutral
when gave gave this this mp mp a a bus bus all all to to himself himself to to board board flight...as flight...as 'goodwill',neutral
ignorance and and shape shape indians' indians' attitude attitude towards,neutral
some diplomats diplomats worry worry over over choice choice of of as as chief chief minister.,neutral
mp sushmita sushmita dev's dev's plea plea to to keep keep out out of of takes takes wings wings online.,neutral
bjp's flagging flagging campaign,neutral
and modi's modi's comment.,neutral
envoys worry worry over over india india and and taxing taxing sanitary sanitary napkins,neutral
,neutral
and more. more. also also in in epaper.,neutral
the iconoclasm iconoclasm of of carnatic carnatic exponent exponent and and how how he he is is moving moving beyond beyond the the the the artificial artificial boundaries.,neutral
for matthew matthew hayden,neutral
india versus versus australia australia is is holyfield holyfield versus versus tyson,neutral
puritans and and critics critics be be damned,neutral
is effective effective and and his his figures figures show show that.,neutral
what means means to to mathew mathew hayden.,neutral
sajeda momin momin on on why why as as cm cm is is a a logical logical milestone milestone of of the the death death of of the,neutral
on electile electile dysfunction dysfunction (among (among losers),neutral
the case case for for and and electoral electoral reforms.,neutral
how self-belief self-belief has has kept kept him him on on top top of of the the game.,neutral
despite its its it it edge,neutral
can't defend defend its its digital digital assets assets from,neutral
how tm tm krishna krishna took took beyond beyond fixed fixed formats,neutral
venues and and audiences.,neutral
in 7days: 7days: cricket's cricket's commoner commoner prince,neutral
adityanath's rise,neutral
calcutta's timekeepers,neutral
and more.,neutral
the tick-tock tick-tock brotherhood brotherhood that that keeps keeps calcutta's calcutta's old old running.,neutral
how 4000 4000 punjab punjab cops cops spent spent night night preventing preventing by by filling filling breach breach in in wall wall with,neutral
cash rewards rewards likely likely for for doctors doctors following following correct correct protocol.,neutral
why india india is is trying trying to to seal seal with,neutral
can a a man man equated equated with with the the great great leap leap backwards backwards talk talk of of asks asks mukul mukul kesavan.,neutral
centre overrides overrides bengal,neutral
sets 1 1 for for 800,neutral
000 seats seats across across 3400 3400 colleges.,neutral
kp nayar nayar on on why why failure failure to to repeal repeal is is a a wake-up wake-up call call for for him.,neutral
wake-up call call for for trump,neutral
progress or or the the great great leap leap backwards,neutral
electile dysfunction,neutral
and more. more. also also in in epaper.,neutral
development of of all,neutral
appeasement of of none none is is the the policy policy of of my my govt,neutral
says up up chief chief minister minister yogi,neutral
delhi cm cm put put on on trial trial in in a a criminal criminal defamation defamation case case filed filed against against him him by by union union minister minister arun arun jaitley jaitley in in matter.,neutral
up female female cops cops take take selfies selfies while while guarding guarding acid acid attack attack victim victim in in hospital,neutral
,neutral
sunanda datta-ray datta-ray on on the the journey journey from from light light to,neutral
modi govt govt to to consult consult on on before before talking talking to,neutral
car sales sales recover recover from from in in all all regions regions -- -- barring barring east east and,neutral
shashank manohar manohar to to stay stay on on as as chairman chairman till till june june meet.,neutral
in bengal,neutral
made to to trek trek 2km 2km to to fetch fetch water water for,neutral
what industrialists industrialists did did when when asked asked them them a a question question on,neutral
,neutral
and share share a a bugbear.,neutral
why a a list list may may not not be be a a good good idea.,neutral
india's list,neutral
quiz for for industry,neutral
common bugbear bugbear for for india india and and and and more. more. also also in in epaper.,neutral
ed issues issues notice notice to to for for violation violation of of provisions provisions to to the the tune tune of of rs rs 73 73 crore crore in in ipl.,neutral
vistara joins joins for for pervert pervert airlines airlines in in call call for for list list after after assault assault on on air air india india manager manager by by mp,neutral
supreme court court asks asks poll poll panel panel if if security security of of needs needs to to be be tested,neutral
as petitioner petitioner wants.,neutral
after assault assault on on air air india india manager,neutral
mp put put on on no-fly no-fly list list by by for for pervert pervert airlines airlines as as well.,neutral
twitter explores explores premium premium version version after after 11 11 years years as as a a free free service,neutral
india's to to go go in in 6 6 months.,neutral
administrators named named for for cricket cricket body.,neutral
govt drops drops plan plan to to slip slip in in pseudo,neutral
1st round round of of talks talks held,neutral
without hawks.,neutral
in lucknow,neutral
the famed famed has has to to conform.,neutral
lucknow's falls,neutral
guns for for bjp,neutral
govt ducks ducks call call for for vote vote verifiers,neutral
and more. more. also also in in epaper.,neutral
unruly behaviour behaviour and and violence violence on on our our aviation aviation network network is is regrettable. regrettable. each each such such incident incident will will be be investigated investigated and and appropri,neutral
7 arrested arrested in in attack attack case; case; police police see see link.,neutral
update: british british police police arrest arrest seven seven in in probe probe into into attack attack on,neutral
7 arrested arrested in in attack attack probe.,neutral
british police police probing probing background background of of terrorist.,neutral
bombay high high court court directs directs protesting protesting resident resident in in to to resume resume duty duty immediately,neutral
swapan dasgupta dasgupta on on how how elections elections have have dashed dashed hopes hopes that that would would weaken.,neutral
people wanted wanted to to buy buy in in bulk bulk from from govt,neutral
take it it home home to...well,neutral
nitish is is not not stupid.,neutral
in up up ministry,neutral
keeps 36 36 portfolios portfolios for for himself.,neutral
in bihar bihar meet,neutral
to ask ask questions-- questions-- and and get get to to spend spend 6 6 hours hours with with cops cops (but (but no no answers).,neutral
,neutral
000 join join the the 4500 4500 already already on on in in after after assaults.,neutral
despair at at after after research research seats seats are are slashed.,neutral
7 in in car car crushed crushed under under tanker tanker carrying carrying molten molten tar.,neutral
how govt govt slipped slipped in in secrecy secrecy clause clause over over by by companies.,neutral
attack on on westminster,neutral
cash cloak cloak for for parties,neutral
molten tar tar wipes wipes out out family,neutral
and more. more. also also in in epaper.,neutral
live: british british police police say say there there are are casualties,neutral
including police police in in attack attack near near uk uk parliament; parliament; cannot cannot confirm confirm number.,neutral
the today today doubles doubles annual annual contracts contracts of of india india cricketers cricketers to to rs rs to to crore,neutral
rs 1 1 crore crore and and rs rs 50 50 lakh lakh respectiv,neutral
tn farmers farmers in in skull skull protest protest in in delhi,neutral
up cm cm bans bans paan,neutral
chewing in in govt govt offices,neutral
,neutral
,neutral
colleges --for --for a a healthy,neutral
ugly high-rises high-rises are are taking taking over over while while grand grand structures structures are are being being ignored,neutral
bungalows razed.,neutral
committee constituted constituted by by the the ministry ministry has has recommended recommended that that city city taxis taxis should should be be allowed allowed to to run run on on app app based based platforms.,neutral
chief minister minister bans bans paan paan masala,neutral
,neutral
polythene in in all all government government offices offices in,neutral
has just just ordered ordered a a ban ban on on all,neutral
who drafted drafted challenge challenge to to high high court court order order in in case,neutral
bureaucrats wonder.,neutral
with 84% 84% cut cut in in research research seats,neutral
most elite elite centres centres (including (including will will have have no no intake.,neutral
crude 'architecture' 'architecture' is is taking taking over over the the world's world's only only city city with with for for buildings buildings by,neutral
crude buildings buildings are are taking taking over over the the only only city city in in the the world world with with for for iconic iconic buildings buildings by,neutral
anti-romeo squad squad starts starts in in lucknow lucknow video:,neutral
effigies burn burn on on jnu jnu strike strike after after 84% 84% research research seat seat cut cut and and affirmative affirmative action action junked,neutral
kp nayar nayar on on why,neutral
for the the way way to to europe europe lies lies through,neutral
after steps steps in,neutral
bihar to to tell tell why why govt govt rejected rejected an an idea.,neutral
how slashed slashed research research seats,neutral
why is is key key to to europe,neutral
,neutral
and more. more. also also in in epaper.,neutral
sc issues issues notices notices to to centre,neutral
election commission commission on on plea plea seeking seeking scrapping scrapping of of and and other other benefits benefits given given to,neutral
i'm one one year year younger younger to to one one year year elder elder to to in,neutral
govt proposes proposes limit limit of of rs rs to to lakh lakh on on down down from from rs rs 3 3 lakh lakh as as proposed proposed in,neutral
supreme court court says says final final hearing hearing of of disputes disputes case case from from july july 11.,neutral
supreme court court says says it it will will auction auction aamby aamby valley valley project project if if money money is is not not paid paid by by and and others.,neutral
supreme court court takes takes on on record record 'unqualified 'unqualified apology' apology' tendered tendered by by bengal bengal counsel,neutral
dismisses plea plea as as withdrawn.,neutral
supreme court court terms terms as as 'unfortunate' 'unfortunate' the the grounds grounds cited cited by by bengal bengal govt govt in in its its plea plea against against hc hc order order asking asking cbi cbi to to take take over over case,neutral
supreme court court refuses refuses to to stay stay cbi cbi probe probe into into sting sting in in which which several several leaders leaders were were allegedly allegedly caught caught on on camera camera taking taking money.,neutral
to visit visit today today for for the the 1st 1st time time after after taking taking oath oath as as up up cm,neutral
inhe sikhaiye!!! sikhaiye!!! msy msy requests requests to to teach teach ropes ropes of of politics..,neutral
patna zoo zoo to to sell sell nesting nesting boxes boxes for,neutral
patna's tires tires out out machine.,neutral
protein from from an an australian australian venom venom may may help help victims victims recover recover faster.,neutral
why choice choice of of as as cm cm is is giving giving up up the the jitters.,neutral
bjp rushes rushes to to shake shake off off upper-caste upper-caste tag.,neutral
in village,neutral
headmaster finds finds truant truant kids kids harvesting harvesting crop.,neutral
,neutral
has agreed agreed to to teach teach the the ropes?,neutral
a tutor tutor for for kids kids roped roped in in for for harvest,neutral
a telecom telecom giant giant is is born,neutral
and more. more. also also in in epaper.,neutral
britain to to trigger trigger brexit brexit on on march march 29:,neutral
govt to to merge merge bharatiya bharatiya mahila mahila bank bank with with for for greater greater services services outreach outreach to,neutral
high court court grants grants stay stay on on criminal criminal proceedings proceedings against against minister minister in in case case filed filed by by mla mla mohua mohua moitra.,neutral
the agitation agitation is is delayed delayed by by 15 15 days. days. the the trouble trouble will will soon soon come..,neutral
bsp leader leader shot shot dead dead late late last last night,neutral
murderers at at large,neutral
4000 migrated migrated in in 2015 2015 to to shield shield their their capital.,neutral
after 65 65 years,neutral
bengal unit unit of of finally finally gets gets a a full-time full-time chief.,neutral
,neutral
,neutral
there is is no no project project from from india india to to test test on on the,neutral
haryana's have have called called off off march march to to and and siege siege of of parliament.,neutral
yogi vows vows to to work work for for all.,neutral
after the the bjp bjp is is certain certain it it can can get get away away with with anything,neutral
says manini manini chatterjee.,neutral
after mass mass bunking,neutral
orders a a weekly weekly for for all all trainees.,neutral
fans of of see see him him as as a a future future pm.,neutral
yogi as as pm,neutral
sunday holiday holiday for for recruits,neutral
on the the moon. moon. and and more. more. also also in in epaper.,neutral
give a a trial trial run run for for to to months,neutral
,neutral
tells to to give give 2-month 2-month trial trial run. run. also also disagrees disagrees is is a a vote vote for,neutral
centre mobilises mobilises 247 247 companies companies (about (about 24,neutral
700 personnel) personnel) of of paramilitary paramilitary forces forces in in haryana,neutral
delhi uttar uttar pradesh pradesh in in view view of,neutral
government okays okays 33% 33% reservation reservation for for women women in in state state jobs,neutral
yogendra yadav yadav on on the the future future of of india india under under why why get get it it wrong,neutral
and more.,neutral
what does does it it take take to to be be a a in in the the eyes eyes of of the,neutral
parties led led by by can't can't seem seem to to look look beyond beyond family family for for top top posts.,neutral
in 7 7 days: days: the the bjp's bjp's 'good 'good dynastic dynastic parties,neutral
bengalis get get their their local local again,neutral
and more.,neutral
set to to take take oath oath as as up up cm cm today,neutral
to be be sworn sworn in in as as deputy deputy cms,neutral
bjp sees sees stamp stamp missing missing in in choice.,neutral
how bjp bjp sold sold development development -- -- and and then then sprang sprang a a hawk.,neutral
former captain captain michael michael john john clarke clarke on on strengths strengths of of a a team,neutral
leadership and and more.,neutral
in a a bjp bjp govt govt with with faces.,neutral
the graveyard graveyard echo echo in in choice choice as as chief chief minister.,neutral
bjp stuns stuns with with ugc ugc letter letter a a forgery,neutral
doctors split split over over bengal bengal bill. bill. and and more,neutral
also in in epaper.,neutral
yogi to to be be sworn sworn in in as as chief chief minister minister on on sunday sunday afternoon.,neutral
yogi adityanath adityanath arrives arrives at at the the venue venue of of meeting meeting of of mlas mlas amid amid talk talk that that he he will will be be named named chief chief minister,neutral
'shocked' by by hc hc order order on on handover handover to to cbi,neutral
vows to to move move supreme supreme court.,neutral
to retain retain tv tv innings.,neutral
whatever india india offers offers the the biggest biggest issue issue is,neutral
calcutta hc hc sends sends case case to to cbi.,neutral
how went went to to meet,neutral
how rahul rahul met met hc hc gives gives to to cbi,neutral
dig at at amartya,neutral
and more. more. also also in in epaper.,neutral
hrd to to stop stop funding funding research research on on social social exclusion,neutral
,neutral
the oath oath taking taking of of new new up up cm cm to to take take place place at at 5 5 pm pm on on sunday: sunday: keshav keshav prasad prasad maurya,neutral
hc directs directs to to conclude conclude preliminary preliminary inquiry inquiry within within 72 72 hours hours and and register register fir,neutral
if required.,neutral
calcutta high high court court orders orders to to probe probe sting sting operation.,neutral
no serious serious concerns concerns regarding regarding india india captain captain 's 's shoulder shoulder injury,neutral
,neutral
cloud over over state state boss boss keshav keshav maurya's maurya's chances chances of of becoming becoming chief chief minister.,neutral
most likely likely to to be be elected elected as as up up cm: cm: sources,neutral
india urges urges to to talk talk to,neutral
what zoo zoo is is doing doing to to mark,neutral
,neutral
000 in in villages villages are are taught taught to to google google designs,neutral
recipes skills.,neutral
hc scraps scraps plea plea against against jnu jnu norms. norms. seat seat cuts,neutral
100 per per cent cent viva viva to to follow,neutral
after surprise surprise resignation resignation by by boss boss manohar,neutral
back to to square square one.,neutral
what happened happened to to promised promised funds funds for,neutral
sudden blaze blaze destroys destroys bungalow.,neutral
no some some bengal bengal traffic traffic cops cops do do the the with with pen pen and and paper.,neutral
leaving out out has has weakened weakened travel travel ban ban order order for for muslims,neutral
kp nayar nayar says.,neutral
funds fear fear on on research,neutral
too hot,neutral
death on on 1st 1st solo solo trip trip and and more. more. also also in in epaper.,neutral
newly elected elected mlas mlas to to meet meet in in lucknow lucknow on on mar mar 18.,neutral
new delhi: delhi: health health minister minister briefs briefs media media on on live:,neutral
protected against against tampering/manipulation: tampering/manipulation: election election commission,neutral
elaborate system system in in place place to to prevent prevent misuse misuse of of evms: evms: election election commission,neutral
nia takes takes over over investigations investigations into into bhopal-ujjain bhopal-ujjain train train ied ied blast blast case,neutral
takes custody custody of of 3 3 accused accused from from bhopal bhopal police,neutral
no merit merit in in claims claims that that can can be be tampered tampered with; with; such such allegations allegations are are wild wild and and baseless:,neutral
navjot singh singh sidhu sidhu sworn sworn in in as as a a cabinet cabinet minister minister of of govt,neutral
greeted by by cm cm captain captain amarinder amarinder singh,neutral
capt amarinder amarinder singh singh takes takes oath oath as as 26th 26th chief chief minister minister of of watch watch live:,neutral
british dhc dhc bruce bruce bucknell bucknell with with institute institute of of entrepreneurs entrepreneurs head head manoj manoj das das discussing discussing skill skill devt devt in in ne ne at,neutral
akhilesh to to meet meet newly newly elected elected sp sp mlas mlas today,neutral
to decide decide on on new new legislative legislative party party leader leader future future course course of of action. action. will will also,neutral
with 22 22 in in support,neutral
cm to to prove prove majority majority in in assembly assembly today.,neutral
why will will be be a a smooth smooth affair affair for for today,neutral
when a a man man took took his his neighbour neighbour to to court court over over pet pet dogs dogs that that bark bark at at night-- night-- and and judge judge is is a,neutral
regimes changes. changes. bullying bullying of of police police officers officers does does not.,neutral
how returned returned to to a a warm warm welcome welcome in,neutral
boss of of india's india's largest largest cautions cautions against against waiving,neutral
laws cannot cannot replace replace the the trust trust and and compassion compassion between between and,neutral
amit chaudhuri chaudhuri on on and and why why it it is is hard hard to to give give up up the the experience experience of of pleasurable pleasurable pain.,neutral
subir bhaumik bhaumik on on how how has has cast cast a a shadow shadow over over india's india's ties ties with,neutral
shashank manohar manohar quits quits and and how!,neutral
how boss boss quit,neutral
caution on on loan loan waivers,neutral
arson on on film film sets,neutral
and more. more. also also in in epaper.,neutral
govt seems seems to to have have slipped slipped in in an an in in budget2017.,neutral
govt seems seems to to have have slipped slipped in in an an in in budget2017.,neutral
rohith's buddy's buddy's autopsy autopsy caught caught in in distrust,neutral
rape-accused leader leader gayatri gayatri prajapati prajapati nabbed nabbed --after --after roaming roaming in in delhi,neutral
gurgaon and and bengal.,neutral
municipal in in to to be be held held on on april april 22: 22: state state election election commission,neutral
manohar sworn sworn in in as as chief chief minister minister of,neutral
cm demands demands conducting conducting mcd mcd polls polls via via ballot ballot paper paper in in place place of of evms,neutral
sc refuses refuses to to stop stop from from becoming becoming cm,neutral
but calls calls floor floor test.,neutral
finance minister minister has has been been given given additional additional charge charge of of ministry ministry of of rashtrapati rashtrapati bhavan,neutral
shri arun arun jaitley jaitley shall shall be be assigned assigned the the charge charge of of the the ministry ministry of of defence,neutral
in addition addition to to his his existing existing portfolios,neutral
has accepted accepted the the resignation resignation of of shri shri manohar manohar parrikar parrikar from from the the council council of of ministers ministers with with immediate,neutral
finmin arun arun jaitley jaitley given given additional additional charge charge of of defence defence ministry ministry following following manohar manohar parikkar's parikkar's resignation: resignation: rashtrapati rashtrapati bhav,neutral
no limits limits on on cash cash withdrawals withdrawals from from today,neutral
parrikar resigns resigns as as defence defence minister,neutral
to be be sworn sworn in in as as chief chief minister minister tomorrow.,neutral
the hindu hindu undercurrent undercurrent that that led led to to surge. surge. my my story story from from feb.,neutral
raj bhavan bhavan denies denies reports reports of of calling calling any any party party to to form form the the government.,neutral
governor asks asks congress congress cm cm okram okram ibobi ibobi singh singh to to resign resign so so that that process process of of formation formation of of next next govt govt can can be be started.,neutral
walks; leaders leaders bow bow before before the the 'nayak'. 'nayak'. my my story,neutral
in this this mandate,neutral
i see see a a new new highlights highlights of of pm pm speech speech at at bjp bjp hq,neutral
oil prices prices hit hit three-month three-month low low as as u.s. u.s. rig rig count count climbs,neutral
assam lawmaker lawmaker wants wants national national body body to to save save the,neutral
200000 people people turned turned up up at at in in bolpur bolpur for for its its famed,neutral
hardest interview interview of of my my life,neutral
says of of her her bid bid to to enter,neutral
here's bsp bsp theory theory on on why why with with 71% 71% population population voted voted bjp.,neutral
people don't don't want want handouts,neutral
they want want says says at at victory victory rally.,neutral
modi says says people people don't don't want want handouts,neutral
malala's oxford oxford entry,neutral
reverse polarisation polarisation and and more. more. in in special special epaper epaper link.,neutral
no print print edition edition today,neutral
but the the same same look look at at epaper epaper at at special special link.,neutral
match referee referee and and umpires umpires went went by by the the book,neutral
,neutral
after bjp bjp claims claims voters voters have have risen risen above,neutral
how has has strengthened strengthened a a sense sense of of belonging belonging among among calcutta's,neutral
hiring people people for for a a task task in in which which they they have have an an edge.,neutral
the consolidation consolidation of of independent independent 2nd 2nd countrywide countrywide political political entity.,neutral
in 7days 7days today: today: bjp's bjp's expanding expanding footprint,neutral
taking up up gatka,neutral
,neutral
hiring blind blind employees. employees. and and more.,neutral
u.s. attorney attorney preet preet bharara bharara is is fired fired after after refusing refusing to to quit. quit. more more here:,neutral
yogi adityanath adityanath or or keshav keshav prasad prasad maurya,neutral
know the the names names of of who who can can possibly possibly be be next next up up cm cm video:,neutral
time for for modi's modi's reforms.,neutral
piyush srivastava srivastava looks looks at at the the stunning stunning victory victory in,neutral
should be be a a black black mark mark on on report report card?,neutral
how became became demonetised demonetised notes notes in,neutral
why victory victory may may be be bad bad news news for,neutral
mukul kesavan kesavan on on bcci bcci and and the the curious curious case case of of versus versus steve steve smith.,neutral
how magic magic combined combined with with organisational organisational strength strength brought brought back back 1-party 1-party system.,neutral
how modi modi won won up,neutral
dynasties demonetised,neutral
what the the numbers numbers say,neutral
and more. more. also also in in epaper.,neutral
after 15 15 years,neutral
bjp captures captures in in record record show.,neutral
congress wins wins 77 77 seats seats in in 117-member 117-member assembly,neutral
1 short short of of two-thirds two-thirds majority.,neutral
bjp (13 (13 seats) seats) fails fails to to get get majority majority in in congress congress emerges emerges single single largest largest party party bagging bagging 17 17 seats seats in in 40-member 40-member house.,neutral
i congratulate congratulate shri. shri. narendra narendra modi modi and and the the bjp bjp on on their their victory victory in in uttar uttar pradesh pradesh uttarakhand,neutral
l congratulate congratulate people people of of up,neutral
we respect respect and and accept accept the the verdict: verdict: aimim aimim chief,neutral
l reaches reaches raj raj bhavan bhavan in in to to tender tender resignation resignation as as up up cm,neutral
i cm cm laxmikant laxmikant parsekar parsekar tenders tenders resignation. resignation. he he lost lost to to seeandidate seeandidate dayanand dayanand sopte sopte from from see,neutral
i want want to to quit quit fighting fighting any any type type of of election: election: irom irom sharmila sharmila after after losing losing her her maiden maiden election election in in (ani),neutral
| i i can can understand understand the the state state ohf ohf mind mind ohf ohf ji ji right right nohw. nohw. hence,neutral
i dohn't dohn't want want toh toh cohmment cohmment ohn ohn it: it: amit amit shah shah oh,neutral
| chief chief press press conference conference to to begin begin shortly. shortly. stay stay tuned.,neutral
gets majority majority in in 117-member 117-member wins wins 59 59 seats,neutral
leading in in 18 18 other other seats.,neutral
as bjp bjp heads heads for for landslide landslide win win in in samajwadis samajwadis concede concede defeat defeat but but mayawati mayawati wants wants fresh fresh polls polls using using paper paper votes.,neutral
update: manhattan manhattan attorney attorney preet preet bharara bharara was was asked asked to to resign resign along along with with other other obama-era obama-era u.s. u.s. attorneys attorneys - - doj.,neutral
what jharkhand jharkhand body body has has been been doing doing to to upgrade upgrade pitch pitch for for test.,neutral
manipur assembly assembly election election result result live: live: congress congress ahead ahead in in 6 6 seats,neutral
we will will accept accept the the people's people's mandate,neutral
says sp sp leader leader shivpal shivpal yadav,neutral
l uttar uttar pradesh pradesh (leads/trends) (leads/trends) 373/403 373/403 264 264 70 70 27 27 others others 12,neutral
what jharkhand jharkhand body body has has been been doing doing to to upgrade upgrade pitch pitch for for test.,neutral
how has has become become epicentre epicentre of of industry industry in in bihar.,neutral
in upright upright cop cop has has his his son son arrested.,neutral
forecast for for wet wet dol dol (sunday) (sunday) and and dry dry (monday).,neutral
army chief's chief's words words ring ring in in pellet-hit pellet-hit boy's boy's ears.,neutral
(leads/trends) 05/70 05/70 bjp: bjp: 3 3 cong: cong: to to others: others: 0,neutral
(leads/trends) 26/117: 26/117: bjp/sad: bjp/sad: 3,neutral
cong: 17,neutral
aap: 6,neutral
others: 0,neutral
uttar pradesh pradesh (leads/trends) (leads/trends) 103/for03 103/for03 55 55 26 26 18 18 others others for,neutral
foreign policy policy must must be be rooted rooted in in ethics,neutral
sunanda datta-ray datta-ray says says as as lines lines up up visit visit to,neutral
get all all the the latest latest fastest fastest updates updates on on throughout throughout the the day day here:,neutral
facing arrest arrest warrant,neutral
high court court judge judge again again plays plays card.,neutral
117 acquitted,neutral
13 held held guilty guilty in in murder.,neutral
these will will be be ready ready long long before before winners winners are are named.,neutral
13 guilty guilty in in murder,neutral
laddoos winners,neutral
1st warrant warrant for for judge,neutral
and more. more. also also in in epaper.,neutral
india's production production grew grew by by 2.7% 2.7% in in january.,neutral
govt says says reliance reliance and and have have tendered tendered apologies apologies for for using using prime prime minister's minister's picture picture in in their their ads ads without without permission.,neutral
supreme court court issues issues arrest arrest warrant warrant to to get get high high court court judge judge to to face face case.,neutral
how broke broke ranks ranks with with other other bodies bodies in in east,neutral
,neutral
winners of of awards awards at at the the telegraph's telegraph's - - advantage advantage 2017.,neutral
amit roy roy on on tour tour in,neutral
bengal tops tops again again --in --in of of women women and and children.,neutral
india's action action against against charity charity trigger trigger spat spat with with administration.,neutral
in assam,neutral
militants opt opt for for poaching poaching to to fund fund outfit.,neutral
south korea's korea's constitutional constitutional court court upholds upholds president president park's park's impeachment,neutral
after plan plan to to cap cap fees,neutral
private put put expansion expansion on on hold.,neutral
3 publishers publishers close close suit suit against against photocopying photocopying of,neutral
akhilesh keeps keeps options options open open on,neutral
akhilesh and and his his 'aunt',neutral
publishers lose lose to to photocopiers,neutral
bengal bill bill scares scares pervert pervert schools,neutral
and more. more. also also in in epaper.,neutral
from old old a a street street directory,neutral
and shopping shopping directory,neutral
rolled into into one.,neutral
what got got when when it it bred bred local local pig pig with with variety.,neutral
flash - - ghouse ghouse mohammad mohammad khan,neutral
mastermind of of module module of of arrested arrested by by police police in,neutral
puts forth forth searching searching questions questions to to liquor liquor baron baron on on the the disclosure disclosure of of his his assets assets to to the the court.,neutral
supreme court court rejects rejects age age plea plea to to skip skip jail.,neutral
nia to to take take over over encounter,neutral
mp cases: cases: rajnath.,neutral
fresh fir fir filed filed by by jnu jnu alleging alleging misbehaviour misbehaviour by by students. students. students students accused accused of of assault,neutral
,neutral
have been been summoned summoned by,neutral
jammu and and kashmir: kashmir: 2-3 2-3 terrorists terrorists holed holed up up in in house,neutral
firing underway,neutral
re-polling underway underway in in 8 8 assembly assembly constituencies constituencies which which went went to to polls polls in in 1st 1st phase phase on on march march for,neutral
what meghalaya meghalaya got got when when it it bred bred local local pig pig with with variety.,neutral
in racketeers racketeers backed backed by by politicians politicians prevent prevent legal legal by by govt govt licensees.,neutral
rural planned planned in in to to counter counter azadi azadi call.,neutral
india to to tap tap for,neutral
supreme court court caution caution on on not not for for stealing stealing saris,neutral
,neutral
is terrorist terrorist in in lucknow: lucknow: to to make make statement statement in in on on up,neutral
mp incidents,neutral
amit roy roy on on how how maneck maneck dalal dalal launched launched international.,neutral
indian medical medical body body moots moots for for handling handling after after successful successful trials trials in in tamil tamil nadu.,neutral
record haul haul of of booze,neutral
drugs during during despite,neutral
suspect in in attack attack nabbed nabbed in,neutral
did police police jump jump the the gun gun in in claiming claiming hand hand in in train train blast?,neutral
2nd phase phase begins; begins; cm cm okram okram ibobi ibobi casts casts his his vote,neutral
abp news news exclusive: exclusive: arms,neutral
ammunition and and explosive explosive material material recovered recovered after after lucknow lucknow operation operation ends ends video:,neutral
some indian indian politicians politicians still still need need this this lucky lucky charm charm -- -- a a campaign campaign bus.,neutral
it was was a a captain's captain's knock,neutral
off the the turf turf too,neutral
,neutral
editorial: why why mayor mayor cannot cannot be be trusted trusted with with the,neutral
india could could gain gain from from a a partnership partnership with with in in the the says says kp kp nayar.,neutral
polling underway underway in in 40 40 assembly assembly seats seats spread spread across across 7 7 districts districts in in seventh seventh and and final final phase phase of,neutral
anti-terror operation operation in in lucknow's lucknow's outskirts outskirts ends,neutral
1 terrorist terrorist killed; killed; reports reports of of to to terrorists terrorists holed holed up up false: false: adg,neutral
indian wants wants police police cover,neutral
citing outsider outsider inflow inflow open open campus.,neutral
rahul says says afraid,neutral
wants cisf cisf presence,neutral
life term term for for prof prof saibaba. saibaba. and and more. more. in in epaper.,neutral
no one one to to be be deprived deprived of of benefits benefits for for lack lack of of benefits benefits to to continue continue with with alternate alternate means means of of identification:,neutral
it was was a a new new mother mother who who challenged challenged change change in in date date for for exchanging exchanging notes.,neutral
after sept18 sept18 terror terror attack,neutral
army blocks blocks key key highway. highway. and and civilians civilians are are suffering.,neutral
1 rupee rupee increase increase in in mocks mocks dignified-living dignified-living plea,neutral
,neutral
as is is destroyed,neutral
govt sparks sparks traffic traffic chaos chaos with with plans plans for for grand grand gate gate in,neutral
ruchir joshi joshi on on how how calcutta's calcutta's is is being being destroyed destroyed as as vandals vandals decide decide the the future.,neutral
bengal law law that that singles singles out out may may keep keep out out investors investors -- -- and and critical critical cases.,neutral
jitters for for pervert pervert healthcare healthcare in in bengal,neutral
city of of no no palaces,neutral
a dhoni dhoni fan's fan's tenacity,neutral
and more. more. also also in in epaper.,neutral
what meant meant by by 'potato 'potato factory' factory' is is thriving thriving reality reality for for bengal bengal farmers farmers in in chain.,neutral
court asks asks for for report report on on fracas,neutral
but puts puts question question mark mark on on video.,neutral
former president president renders renders unqualified unqualified and and unconditional unconditional apology apology in in the the supreme supreme court.,neutral
supreme court court wants wants to to know know if if exchange exchange of of notes notes has has been been stopped stopped before before march march 31 31 deadline.,neutral
case: exempts exempts centre centre from from filing filing status status report report before before it it on on proceedings proceedings before before the the international international tribunal.,neutral
supreme court court is is told told that that people people not not being being allowed allowed to to deposit deposit notes notes till till mar31 mar31 as as promised,neutral
asks govt,neutral
to explain.,neutral
how notes notes are are entering entering system system via via calcutta calcutta business business district.,neutral
this team team has has come come up up with with a a that that has has minimal minimal side-effects.,neutral
the process process of of social social change change is is seldom seldom linear linear or or pretty,neutral
says manini manini chatterjee.,neutral
in unofficial unofficial ban ban on on dubbed dubbed movies movies is is challenged challenged by,neutral
no food food for for dissent dissent in in this this tradition tradition of,neutral
after violence,neutral
space for for debate debate and and dissent dissent continues continues to to shrink.,neutral
another 'go-back' 'go-back' shooting shooting in in us,neutral
academic siege,neutral
a menu menu for for judges,neutral
and more. more. also also in in epaper.,neutral
,neutral
two militants militants killed killed in in encounter encounter in in that that lasted lasted nearly nearly 12 12 hours.,neutral
if it's it's spring,neutral
it must must be be a a varsity,neutral
my story story on on a a 100-yr-old 100-yr-old treasure treasure from from streetsmart streetsmart bengal bengal (,neutral
i married married a a maoist maoist by by swati swati sengupta,neutral
if you you don't don't actually actually live live then then honesty honesty and and integrity integrity won't won't be be embraced,neutral
,neutral
why you you could could meet meet a a saltwater saltwater next next time time you you are are in in the,neutral
an old old street street directory directory of of had had astounding astounding detailing.,neutral
the rallying rallying cry cry of of has has become become a a thing thing to to behold behold and and celebrate celebrate this this season.,neutral
how prime prime minister minister made made himself himself the the man man to to beat beat in,neutral
in 7days: 7days: on on rallying rallying cry cry of of students,neutral
from varanasi,neutral
crocs in in and and more.,neutral
mukul kesavan kesavan on on what what the the attack attack on on means.,neutral
flames of of singe singe events events at at other other colleges.,neutral
while rahul rahul and and modi modi trade trade barbs barbs in in up,neutral
some farmers farmers in in get get lucky lucky with,neutral
leftist who who became became minority minority voice,neutral
private fear fear plan plan to to monitor monitor functioning functioning will will give give local local leaders leaders a a death death grip.,neutral
why govt govt decided decided to to merge merge industries industries departments.,neutral
how centre centre hiked hiked for for jobs jobs scheme scheme by... by... a a (and (and what what you you can can do do with with a a rupee).,neutral
trump administration administration resists resists economics economics of of and and visas visas for for indian indian companies.,neutral
us visa visa worries,neutral
bengal private private schools schools in in a a fix,neutral
focus on on msme,neutral
a wage wage hike,neutral
and more. more. also also in in epaper.,neutral
,neutral
jk to to resume resume work work on on on on system system river.,neutral
69% polling polling till till 1pm 1pm in,neutral
3 gardens gardens make make a a mark mark at at us us meet.,neutral
govt's latest: latest: no no then then no no for for school school kids.,neutral
after 23 23 years,neutral
increase ordered ordered in in for for workers.,neutral
caution on on site site inroads inroads for for mayor mayor (who (who is is also also minister minister of of housing housing and and environment.),neutral
fear of of law's law's provisions provisions may may force force in in private private to to shun shun critical critical cases.,neutral
a perspective perspective on on strife.,neutral
why karnataka karnataka body body decided decided to to boycott boycott awards awards function.,neutral
after break break with with russia,neutral
opens entertainment entertainment tv tv market market to,neutral
top bureaucrat bureaucrat is is innocent,neutral
being framed framed by by politicians,neutral
ias officers officers insist.,neutral
after law law to to check check private private hospitals,neutral
takes aol aol instant instant messanger messanger at,neutral
supreme court court gives gives govt govt a a chance chance to to oppose oppose judge judge appointment appointment on on 'national 'national security'.,neutral
china cautions cautions over over visit visit to to arunachal arunachal pradesh.,neutral
tension over over visit,neutral
pill for for schools,neutral
sc collegium collegium accepts accepts govt govt thorn,neutral
and more. more. also also in in epaper.,neutral
what happened happened when when security security agencies agencies argued argued over over need need for for tagging,neutral
fears over over plan plan to to set set rates rates for,neutral
blasts at at office office in,neutral
to injured,neutral
after fracas fracas over over overbilling,neutral
bengal drafts drafts bill bill to to check check bills.,neutral
there should should be be no no room room for for in in india india for for indian,neutral
says president president mukherjee.,neutral
notes for for indian,neutral
,neutral
controlling and and more. more. also also in in epaper.,neutral
4/the pilot pilot project project for for green green transportation transportation across across national national capital capital region region is is the the next next such such service service being being introduced introduced on,neutral
rare species species says says hello hello after after a a century.,neutral
top to to make make you you pay pay for for cash cash transactions transactions at at branches.,neutral
how bengal bengal detectives detectives had had to to get get religious religious to to nab nab leader leader accused accused of,neutral
having pulled pulled up up for for negligence negligence bengal bengal cm cm orders orders party party not not to to meddle.,neutral
if development development means means filling filling up up it it also also means means death death of,neutral
rock fossils fossils in in have have clue clue to to on on earth.,neutral
india would would do do well well to to abolish abolish the the says,neutral
junior home home minister minister admits admits he he made made comments comments on on without without having having seen seen her her video.,neutral
how govt govt made made look look benign: benign: use use revised revised (and (and lower) lower) base base for for comparison.,neutral
hole's in in armour,neutral
a key key minister minister who who comments comments freely,neutral
modi's bug,neutral
and more. more. also also in in epaper,neutral
jaitley says says likely likely to to pick pick up up further further in in coming coming quarters.,neutral
fm jaitley jaitley says says q3 q3 data data substantially substantially impacted impacted by by economy's economy's resilience resilience remonetisation remonetisation helped.,neutral
a blaze blaze puts puts the the spotlight spotlight on on grand grand pieces pieces of of history history that that lurk lurk in in lanes.,neutral
kanwal sibal sibal on on why why could could be be a a victim victim of of disruptive disruptive thinking.,neutral
the effect: effect: a a batsman batsman gets gets booed booed for for scoring scoring a a century.,neutral
gunbattle that that felled felled father.,neutral
defensive cries cries media media trial.,neutral
delhi worried worried over over silence silence of of on,neutral
in midst midst of of an an incendiary incendiary wish wish from,neutral
what teachers teachers at at said said about about her her stand.,neutral
mystery over over effect effect in in data.,neutral
mystery over over data,neutral
teachers back back worry worry over over silence,neutral
and more. more. also also in in epaper.,neutral
gdp grew grew at at 7% 7% in in quarter,neutral
full year year projected projected at at 7.1%.,neutral
breaking: government government forecasts forecasts 2016/17 2016/17 growth growth at at 7.1 7.1 percent,neutral
breaking: indias indias december december quarter quarter gdp gdp at at 7 7 percent percent (reuters (reuters forecast forecast was was 6.4 6.4 percent),neutral
growth of of 8 8 core core sector sector slows slows to to 3.4 3.4 pc pc in in january january compared compared to to 5.7 5.7 pc pc in in the the year-ago year-ago month.,neutral
ashok v v desai desai on on formula formula for for tackling tackling of of banks.,neutral
crpf getting getting to to take take on on planted planted by,neutral
a 'nationalist' 'nationalist' cub cub threatens threatens to to cut cut off off finger finger of,neutral
on courage,neutral
and cowardice; cowardice; season season of of buds buds and and thorns,neutral
and more. more. also also in in epaper.,neutral
57.36% turnout turnout in in fifth fifth phase phase of of voting voting ends ends by by large large peacefully peacefully in in 51 51 assembly assembly seats: seats: up up ceo ceo t t venkatesh,neutral
arrests woman woman director director of of a a hong hong kong-based kong-based firm firm in in a a rs rs 1478 1478 crore crore case case registered registered post,neutral
abvp takes takes out out tricolour tricolour march march with with 180ft 180ft long long flag flag from from ramjas,neutral
principal rajendra rajendra prasad prasad says says his his heart heart bleeds bleeds over over v,neutral
begins in in 51 51 assembly assembly constituencies constituencies spread spread across across 11 11 districts. districts. all all eyes eyes on,neutral
jp yadav yadav on on rebranding rebranding of,neutral
backlash after after hails hails as as a a 'true 'true patriot'.,neutral
kp nayar nayar on on what what governors governors of of us us states states had had to to say say about,neutral
message from from governors governors of of us us states,neutral
modi criticised,neutral
why stem stem is is important,neutral
and more. more. also also in in epaper.,neutral
the 'control' 'control' part part in in has has to to go,neutral
,neutral
how offered offered to to help help of,neutral
how the the formidable formidable madame madame of of calcutta's calcutta's runs runs her her business.,neutral
pushing 86,neutral
physicist still still has has his his table table full,neutral
says prasun prasun chaudhuri.,neutral
resistance to to in in trumpland trumpland is is nothing nothing citizenry citizenry can can yet yet match.,neutral
how is is pushing pushing his his team team to to use use twitter twitter as as a a tool.,neutral
in 7days: 7days: modi's modi's rule rule by by twitter,neutral
big boss boss of of calcutta's calcutta's and and science science of of giving,neutral
and more.,neutral
bihar cm cm cites cites siltation siltation threat threat of of barrages barrages on on national national waterway.,neutral
it was was the the day day of of left-arm left-arm turners,neutral
and took took aol aol instant instant messanger messanger at at money money in in and and more.,neutral
how is is playing playing in in du du colleges.,neutral
a question question for for america,neutral
big brother brother at at academia,neutral
,neutral
and more. more. also also in in epaper.,neutral
suspect in in 2002 2002 attack attack case case in in calcutta calcutta arrested arrested in in gaya: gaya: bihar bihar police.,neutral
today: congress congress vp vp to to address address rallies rallies in in gonda,neutral
sultanpur bahraich,neutral
today: pm pm to to address address a a rally rally in in imphal,neutral
american does does not not consider consider himself himself a a hero.,neutral
if you you live live only only for for money,neutral
then that's that's no no living living at at all,neutral
,neutral
dreams of of one one are are still still alive,neutral
finds sunanda sunanda k k datta-ray.,neutral
after du du push,neutral
tests autonomy autonomy waters.,neutral
how techie techie was was killed killed --and --and an an american american took took bullets bullets aimed aimed at at another.,neutral
indian techie techie shot shot in in us,neutral
call for for affordable affordable dialysis,neutral
stephen's tests tests autonomy,neutral
and more. more. also also in in epaper.,neutral
bihar exam exam body's body's boss,neutral
nephews held held in in question-paper question-paper scam.,neutral
in maharashtra,neutral
savours civic civic win win and and congress congress loss.,neutral
twist in in case,neutral
angst of of authors,neutral
bjp flies flies on on wings,neutral
and more. more. also also in in epaper.,neutral
results live: live: leads leads with with 93 93 seats seats in in offers offers resignation,neutral
aap govt govt moves moves sc sc for for setting setting up up 5-judge 5-judge constitution constitution bench bench to to decide decide the the appeal appeal on on hc hc verdict verdict holding holding lg lg as as delhi's delhi's administ,neutral
12-15% turnout turnout till till 10 10 am am in in phase-iv.,neutral
telecom operator operator will will acquire acquire the the business business of of telenor telenor india india in in all all seven seven circles circles where where it it holds holds spectrum.,neutral
a statement statement on on the the terrorist terrorist initiated initiated incident incident at at shopian,neutral
jk is is attached,neutral
militant attack attack in in kashmir's kashmir's shopian shopian district,neutral
6 injured,neutral
civic poll poll counting counting to to begin begin at at 10 10 am am today; today; all all eyes eyes on on result,neutral
sekhar raha raha on on letting letting go go of of the the past,neutral
and why why a a nation nation at at 70 70 must must begin begin a a new new life.,neutral
soumitra das das listens listens to to kirtans kirtans asks asks why why should should be be set set by by rules.,neutral
swapan dasgupta dasgupta on on why why must must assess assess on on the the basis basis of of national national self-interest.,neutral
citizens petition petition govt govt to to make make nursing nursing homes homes come come clean clean on,neutral
ugc proposes proposes 20% 20% pay pay hike hike for for college college teachers.,neutral
guess what what happened happened after after said said he he is is 'adopted 'adopted son' son' of,neutral
hit by by splurge splurge freebies,neutral
founders admit admit gmv gmv is is vanity,neutral
profit is is sanity.,neutral
modi as as adopted adopted son,neutral
,neutral
check on on hospitals,neutral
pay hike hike plan,neutral
and more. more. also also in in epaper.,neutral
standoff with with left left as as abvp abvp blocks blocks entrance entrance of of maurice maurice nagar nagar ps. ps. stones stones eggs eggs shoes shoes thrown thrown from from ps ps side. side. many many hurt,neutral
pitched battles battles in in progress progress in in du du as as abvp abvp disrupts disrupts ramjas ramjas march march to to maurice maurice nagar nagar ps,neutral
economic blockade blockade won't won't impact impact process,neutral
all arrangements arrangements made made to to ensure ensure free free fair fair election: election: cec cec (f,neutral
du's ramjas ramjas college college cancels cancels event event after after protests protests against against invite invite for for speakers.,neutral
7 new new species species of of found found in in and and some some are,neutral
in govt govt sets sets menu menu item item limit limit on on wedding,neutral
india pushes pushes universities universities to to accept accept 3yr 3yr graduates graduates for for courses.,neutral
india invokes invokes emergency emergency clause clause to to end end in in pricing.,neutral
reliance's promises promises free free voice voice calls calls roaming roaming for for 1 1 year... year... and and with with cheap,neutral
kp nayar nayar on on how how tensions tensions have have crept crept into into ties ties over,neutral
after being being at at receiving receiving end,neutral
crowns india's,neutral
extends offer offer in in mobile mobile battle,neutral
finds indian indian trump,neutral
a troubled troubled life life ends ends and and more. more. also also in in epaper.,neutral
writes to to tn tn assembly assembly secretary secretary for for no-confidence no-confidence motion motion against against speaker speaker dhanapal.,neutral
,neutral
9 other other civic civic bodies bodies in in state state to to go go to to polls polls on on tuesday,neutral
general known known for for sharp sharp questions questions will will be be trump's trump's new new top top security security adviser,neutral
garg rapped rapped for for post,neutral
experts say say wrong wrong in in blaming blaming on on ganga ganga for for siltation.,neutral
even at at $2.17m,neutral
was within within budget,neutral
sanjiv goenka goenka tells,neutral
won't allow allow barrages barrages on on in in name name of of says,neutral
amit roy roy on on why why and and are are looking looking for for campus campus abroad.,neutral
after graveyard graveyard barb,neutral
hits at at advertisement.,neutral
asses star star in in battle,neutral
fest sans sans pak pak voice,neutral
beyond brexit,neutral
and more. more. also also in in epaper.,neutral
registers case case against against meat meat exporter exporter in in a a graft graft case; case; names names its its former former chief chief ap ap singh singh also.,neutral
governor asks asks shurhozelie shurhozelie liezitsu liezitsu to to form form government; government; swearing-in swearing-in on on feb22.,neutral
surit doss doss on on what what you you should should do do if if you you forget forget dynamic dynamic of of your your mobile,neutral
dr kunal kunal sarkar sarkar on on how how cartels cartels have have been been ripping ripping off off patients patients in,neutral
tapping self-help self-help group,neutral
harvests 1st 1st crop crop of,neutral
at eaglenest eaglenest sanctuary,neutral
could dethrone dethrone as as top top draw.,neutral
bihar extension extension impacts impacts privacy privacy rights,neutral
,neutral
lessons for for from from school.,neutral
exclusive jnu jnu fir fir marks marks aisa aisa leadership,neutral
serious charges charges absent absent in in varsity varsity press press releases releases appear appear in in plaint plaint htt,neutral
manini chatterjee chatterjee on on why why has has failed failed to to live live up up to to its its promise.,neutral
bengal orphanage orphanage suspected suspected of of selling selling babies babies to to couples couples from from us,neutral
,neutral
top officer officer speaks speaks up up against against how how innocent innocent are are victims victims suffer.,neutral
ips officer officer on on frame-up,neutral
modi's call call for for orphans orphans trafficked,neutral
and more. more. also also in in epaper.,neutral
goenka's surprise:smith surprise:smith to to lead lead pune,neutral
palaniswami's victory victory (and (and how how the the dhoti dhoti survived),neutral
studies sprout,neutral
and more. more. also also in in epaper.,neutral
murali's initiative initiative goes goes to to jaffna,neutral
prasun chaudhuri chaudhuri on on the the (dying?) (dying?) art art of of carving carving from,neutral
imagine paying paying a a of of rs500 rs500 -- -- in in 1863.,neutral
polling underway underway in in 69 69 assembly assembly seats seats spread spread across across 12 12 districts districts in in phase-iii phase-iii of,neutral
malik sajad,neutral
artist of of the the line line of of no no control.,neutral
sonia sarkar sarkar on on how how nationalist nationalist studies studies are are sprouting sprouting across across campuses.,neutral
importance of of fastening fastening with with waistband waistband revealed revealed as as wins wins trust trust vote.,neutral
when it it comes comes to to prey,neutral
in india's india's protected protected forests forests have have it it all all planned planned out,neutral
scientists find.,neutral
in this this part part of of up,neutral
it is is versus,neutral
flash: after after supreme supreme court's court's order,neutral
fir registered registered against against up up minister minister over over gang gang rape rape sexual sexual harassment,neutral
how won won the the trust trust vote vote 122-11.,neutral
edappadi wins wins vote vote of of confidence confidence in in by by 122 122 votes votes for,neutral
11 against. against. earlier:,neutral
palaniswami wins wins trust trust vote vote in in with with 122 122 mlas mlas voting voting for for his his govt govt after after a a chaotic chaotic day. day. earlier;,neutral
chaos in in over over call call for for secret secret vote.,neutral
opposition creates creates ruckus ruckus in in over over trust trust vote,neutral
house adjourned adjourned till till 3pm.,neutral
live: ruckus ruckus in in assembly assembly over over 'secret 'secret ballot' ballot' demand,neutral
mla sits sits on on speak's speak's chair chair in in angst,neutral
why can't can't risk risk the the slightest slightest smile smile today.,neutral
ram guha guha on on how how money money and and criminals criminals got got into into in in india.,neutral
delhi airport airport drops drops after after glitches,neutral
big fail.,neutral
legal eagles eagles back back call call for for probing probing suicide suicide note.,neutral
delhi high high court court orders orders cop cop shield shield for for willing willing drivers; drivers; tells tells strikers strikers to to deal deal with with companies.,neutral
india still still keen keen to to buy buy westinghouse westinghouse reactors reactors despite despite toshiba toshiba meltdown,neutral
members from from camp camp meet meet assembly assembly speaker speaker p p dhanapal,neutral
a day day ahead ahead of of confidence confidence vote.,neutral
idea itself itself wrong,neutral
says on,neutral
rbi chief chief sees sees v v for for growth growth rate.,neutral
fake exit exit poll poll results results are are being being circulated circulated using using abp abp news' news' brand brand name. name. we we want want to to clarify clarify that that we we haven't haven't aired aired any any exit exit piss piss off,neutral
samsung chief chief lee lee arrested arrested as as south south korean korean corruption corruption probe probe deepens,neutral
why may may find find it it tough tough to to control control govt govt from from jail.,neutral
jp yadav yadav finds finds an an us-versus-them us-versus-them undercurrent undercurrent in,neutral
india's foreign foreign secretary secretary to to visit visit next next week week for for 'frank' 'frank' talks.,neutral
kp nayar nayar on on how how party party revolt revolt knocked knocked out out nominee nominee for for labour labour secretary secretary post.,neutral
floor test test for for on on saturday.,neutral
idea itself itself wrong,neutral
says on,neutral
bajaj calls calls bad bad idea,neutral
palani in in court court rules rules on on and and more. more. also also in in epaper.,neutral
sworn-in as as chief chief minister minister of,neutral
jnu vc vc clarifies: clarifies: ugc ugc gazette gazette wont wont be be applied applied retrospectively. retrospectively. existing existing mphil mphil students students will will be be admitted admitted to to phd phd under under goodbye,neutral
31-member cabinet cabinet to to be be sworn-in sworn-in at at 4.30pm: 4.30pm: raj raj bhavan.,neutral
5-judge constitution constitution bench bench to to sit sit in in may may to to decide decide on on pleas pleas relating relating to to aspects aspects of of triple triple 2/2,neutral
sc to to frame frame issues issues on on mar30 mar30 regarding regarding triple triple nikah nikah halala halala and and in in for for its its consideration.1/2,neutral
we're no no less less than than cricketers,neutral
we're also also making making centuries,neutral
says isro isro official official m m annadurai,neutral
nadu governor governor invites invites edappadi edappadi k k to to form form government government at at the the earliest.,neutral
premier calcutta calcutta ransacked ransacked over over death,neutral
has it it all,neutral
but no no arrests arrests yet.,neutral
the latest latest lacked lacked an an economic economic philosophy,neutral
says sl sl rao.,neutral
dipankar dasgupta dasgupta on on and and pitfalls pitfalls of,neutral
india mulls mulls auditor auditor to to check check misuse misuse of,neutral
now bureaucrats bureaucrats face face action action for for drinking drinking alcohol alcohol -- -- anywhere anywhere in in the the world.,neutral
what 'slaps' 'slaps' on on memorial memorial mean.,neutral
before going going back back back back to to jail,neutral
instals nephew nephew as as proxy proxy in,neutral
how fielded fielded nephew,neutral
does a a virat virat kohli,neutral
beyond bihar bihar border,neutral
and more. more. also also in in epaper.,neutral
cabinet approves approves merger merger of of five five subsidiaries subsidiaries of of state state bank bank of of india india with with the the state-owned state-owned lender: lender: finance finance minister minister arun arun jaitle,neutral
foreign tourists tourists with with e-visas e-visas to to get get free free cards cards on on arrival.,neutral
turnout till till 5 5 pm pm 68 68 per per cent,neutral
,neutral
india's jan jan 2017 2017 rise rise 4.32% 4.32% to to $22.11bn $22.11bn -- -- but but imports imports up up 10.70%,neutral
widening trade trade deficit deficit to to $9.84bn.,neutral
urban growth growth threatens threatens kidneys kidneys -- -- that that are are world's world's largest largest waste waste recycling recycling system.,neutral
kp nayar nayar on on why why exit exit could could be be bad bad for for india.,neutral
stirrings of of cold cold war,neutral
scenes from from drama,neutral
india's air air pollution,neutral
and more. more. also also in in epaper.,neutral
who is is e e from from local local functionary functionary to to legislature legislature party party leader,neutral
live: police police given given direction direction to to evacuate evacuate mlas mlas from from kuvathur,neutral
dgp likely likely to to take take final final call.,neutral
meeting with with governor governor ends. ends. he he stakes stakes claim claim to to form form government: government: jaya jaya tv.,neutral
kim jong jong nam,neutral
estranged half-brother half-brother of of leader leader kim kim jong jong un,neutral
killed in in airport airport by by to to women women with with poisoned poisoned needles.,neutral
takes off off for for aerobatic aerobatic display display at at inaugural,neutral
centre allows allows to to prosecute prosecute former former principal principal secretary secretary of of delhi delhi chief chief minister minister arvind arvind kejriwal,neutral
in a a graft graft case,neutral
bjp urges urges governor governor vidyasagar vidyasagar rao rao to to take take a a decision decision on on basis basis of of numbers numbers as as well well as as credibility.,neutral
governor vidayasagar vidayasagar rao rao to to meet meet new new legislature legislature party party leader leader edappadi edappadi k k palaniswami palaniswami and and others others at at 5.40pm.,neutral
india caps caps prices prices -- -- rs7,neutral
260 for for bare bare metal metal rs29,neutral
600 for for drug drug eluting-- eluting-- in in crackdown crackdown on on wild wild markups.,neutral
sasikala expels expels scores scores of of rebels rebels including including minister minister k k pandiarajan pandiarajan and and senior senior leader leader c c ponnaiyan ponnaiyan from,neutral
aiadmk expels expels after after supreme supreme court court ruling ruling knocks knocks out out of of cm cm race.,neutral
aiadmk expels expels after after supreme supreme court court ruling ruling knocks knocks out out of of cm cm race.,neutral
supreme court court restores restores bangalore bangalore trial trial court court verdict verdict holding holding and and others others in in corruption corruption case.,neutral
breaking: supreme supreme court court convicts convicts in in disproportionate disproportionate assets assets case,neutral
mettur legislator legislator semmalai semmalai joins joins cm cm camp.,neutral
trump national national security security adviser adviser flynn flynn resigns resigns in in controversy controversy over over russian russian contacts,neutral
mayawati plays plays divide-and-woo divide-and-woo on on home home turf. turf. upelections,neutral
why you you could could miss miss your your flight flight out out of of bangalore,neutral
ashok desai desai on on as as an an accidental accidental and and a a new new book book by by tirthankar tirthankar roy roy and and anand anand v. v. swamy.,neutral
by noon,neutral
supreme court court will will have have decided decided future future of of and and her her rival,neutral
how patna patna boy boy got got to to play play the the tabla.,neutral
tehmina janjua janjua to to be be 1st 1st woman woman foreign foreign secretary.,neutral
tamil nadu nadu waits,neutral
indian heft heft for for pope,neutral
modi in in up,neutral
pakistan's 1st 1st woman woman foreign foreign secy,neutral
and more. more. also also in in epaper.,neutral
eases to to 3.17 3.17 per per cent cent in in january january from from 3.41 3.41 per per cent cent in in december.,neutral
7-judge sc sc bench bench to to hear hear plea plea of of madras madras hc hc against against justice justice order order staying staying his his own own transfer. transfer. earlier:,neutral
justice fails fails to to appear appear before before apex apex court court to to face face contempt contempt charges.,neutral
non-teaching staff staff call call for for end end to to jnu jnu stir,neutral
vc says says law law will will take take its its course course if if occupation occupation of of adblock adblock doesnt doesnt end end despi,neutral
calcutta hc hc judge judge c c s s karnan karnan fails fails to to appear appear in in sc sc in in connection connection with with suo suo motu motu contempt contempt proceedings.,neutral
bjp worker worker stabbed stabbed to to death death during during local local temple temple festivities festivities at at mukkattukara mukkattukara in in kerala's kerala's district,neutral
likely to to hear hear pil pil against against swearing-in swearing-in today,neutral
delhi to to airlift airlift to to if if blockade blockade is is not not lifted.,neutral
use to to track track for for preventing preventing track track deaths,neutral
tells state.,neutral
bonhomie between between and and strikes strikes a a chord chord on on the the ground.,neutral
india's to to spike spike 3 3 initiatives initiatives for,neutral
amit roy roy on on the the clash clash between between and,neutral
some of of its its men men have have friends friends across across border,neutral
,neutral
as races races hots hots up,neutral
plays woman woman wronged.,neutral
britain is is not not becoming becoming xenophobic xenophobic or or hostile,neutral
high commissioner commissioner dominic dominic asquith asquith insists.,neutral
scientists in in calcutta calcutta are are tracing tracing the the building building blocks blocks of of in in space,neutral
says prasun prasun chaudhuri.,neutral
lost passwords,neutral
trouble with with google google play play and and more. more. in,neutral
moral outrage outrage cannot cannot be be the the guide guide when when things things get get messy,neutral
says manini manini chatterjee.,neutral
almost overnight,neutral
has become become a a crowd-puller.,neutral
crowds flock flock to to rowling-morgan rowling-morgan clash,neutral
cash-swap case,neutral
and more. more. also also in in epaper.,neutral
chidambaram on on being being in in the the opposition,neutral
jaitley as as a a finance finance minister,neutral
and more.,neutral
in 7 7 days: days: assam assam vies vies for for taste taste buds,neutral
is grilled,neutral
and more.,neutral
comparing 2015 2015 with with 2017.,neutral
how has has graduated graduated from from a a captain captain into into being being a,neutral
mukul kesavan kesavan on on the the state state of of the the fourth fourth estate.,neutral
in tn,neutral
is running running out out of of patience,neutral
a governor's governor's letter letter is is leaked,neutral
gets the the crowds.,neutral
after a a a a question: question: were were banking banking correspondents correspondents coerced coerced into into switching switching old old notes?,neutral
death by by currency,neutral
,neutral
boss is is shunted,neutral
and more. more. also also in in epaper.,neutral
another mp mp joins joins camp,neutral
as frets frets and and waits waits for for governor's governor's call.,neutral
,neutral
to mps mps join join camp; camp; frets frets and and tends tends to to flock.,neutral
63% voter voter turnout turnout in in phase phase 1 1 of,neutral
veteran leader leader and and party party spokesperson spokesperson joins joins camp.,neutral
sasikala seeks seeks meeting meeting with with governor,neutral
3 switch switch to to selvam's selvam's side.,neutral
hundreds of of immigrants immigrants arrested arrested in in 'routine' 'routine' u.s. u.s. enforcement enforcement surge,neutral
in today,neutral
greatness means means winning winning the the says says sunanda sunanda k k dattaray.,neutral
1st phase phase of of assembly assembly elections elections begins. begins. 73 73 constituencies,neutral
over 20 20 million million voters.,neutral
polls 2017: 2017: polling polling for for first first phase phase begins,neutral
appeals people people to to vote,neutral
this resort resort is is hosting hosting 120-odd 120-odd lawmakers lawmakers now now in in camp.,neutral
this survivor survivor of of riots riots has has a a simple simple message message for for voters.,neutral
france's group group buys buys brand brand from from birlas.,neutral
mamata's dole,neutral
,neutral
a riot riot refugee's refugee's resolve resolve and and more. more. also also in in epaper.,neutral
50k dole dole in in budget budget for for migrant migrant workers workers hit hit by,neutral
india's industrial industrial production production contracts contracts 0.4% 0.4% in in dec dec 2016 2016 against against a a decline decline of of 0.9% 0.9% in in dec dec 2015.,neutral
court directs directs bsf bsf to to allow allow trooper trooper tej tej bahadur's bahadur's wife wife to to meet meet him,neutral
passenger opens opens an an chute chute of of aircraft aircraft that that was was taxiing taxiing at at mumbai mumbai airport; airport; 1 1 injured.,neutral
former minister minister ka ka senkottaiyan senkottaiyan replaces replaces madusudanan madusudanan as as presidium presidium chairman,neutral
govt appoints appoints directors directors of of ten ten indian indian institutes institutes of of management.,neutral
state bank bank of of india india q3 q3 profit profit more more than than doubles doubles to to rs rs 2,neutral
610 crore crore as as against against rs rs 1,neutral
115 crore crore in in the the same same period period a a year year ago.,neutral
in setback setback for for trump,neutral
u.s. judges judges reject reject travel travel ban,neutral
in a a bahu bahu makes makes a a demand.,neutral
how shattered shattered firozabad's firozabad's industry.,neutral
mom who who lost lost teen teen kids kids in in fire fire same%2c same%2c old%2c old%2c boring boring shit shit as as are are let let off off lightly,neutral
,neutral
in lawmakers lawmakers jump jump ship,neutral
a memorial memorial gets gets a a list,neutral
a governor governor ponders.,neutral
all eyes eyes on on a a governor,neutral
note crunch crunch and and glass-bangles,neutral
ansals let let off off lightly lightly (again),neutral
and more. more. also also in in epaper.,neutral
gen secy secy calls calls on on governor governor ch ch vidyasagar vidyasagar rao,neutral
stakes claim claim to to form form government government in in tamil tamil nadu,neutral
vk pays pays homage homage at at jaya's jaya's memorial; memorial; places places a a sealed sealed cover,neutral
presumably mlas' mlas' support support list,neutral
at the the memorial.,neutral
'good things things will will happen,neutral
' says says tn tn cm cm after after meeting meeting governor governor ch ch vidyasagar vidyasagar rao.,neutral
held detailed detailed discussions discussions with with governor governor on on what what is is happening happening in in tamil tamil nadu,neutral
,neutral
cong to to boycott boycott pm pm in in parliament parliament over over raincoat raincoat remark; remark; will will coordinate coordinate with with other other parties,neutral
,neutral
opposition disrupts disrupts with with demand demand for for apology apology from,neutral
watch top top 10 10 news news of of the the day day video:,neutral
after patience,neutral
a test test of of politics.,neutral
enough! says says supreme supreme court court and and ends ends 38yr 38yr legal legal battle battle over over project.,neutral
in tamil tamil nadu,neutral
has the the numbers,neutral
claims he he has has the the masses. masses. who who decides?,neutral
match versus versus gut gut feeling feeling in in modi's modi's dig dig at at supreme supreme court court acts acts on on and and more. more. also also in in epaper.,neutral
changes stance stance from from accommodative accommodative to to neutral.,neutral
keeps key key unchanged-- unchanged-- repo repo at at 6.25%,neutral
marginal standing standing facility facility and and bank bank rate rate at at 6.75%.,neutral
supreme court court asks asks justice justice karnan karnan to to explain explain why why he he should should not not face face proceedings.,neutral
will return return to to lake lake next next winter?,neutral
with jatavs jatavs as as base base and and pitch pitch for for muslims,neutral
bsp's is is keeping keeping her her rivals rivals edgy.,neutral
on heartland heartland lab.,neutral
crpf's commandos commandos return return to to their their unit.,neutral
how scientists scientists saved saved orbiter orbiter from from death death by by eclipse.,neutral
kp nayar nayar on on how how the the engagement engagement between between and and the the gulf gulf has has deepened.,neutral
3 ds ds -- -- (doctor),neutral
dog and and drinks drinks -- -- stood stood out out in in pm pm reply reply in in parliament.,neutral
,neutral
a mutiny: mutiny: it's it's versus versus sasikala.,neutral
the telegraph telegraph published published today today an an article article entitled entitled french french envoy envoy bets bets on on former former colony colony - - bonjour,neutral
new era era of of amity amity : : h,neutral
bengal's advocate-general advocate-general jayanta jayanta mitra mitra resigns resigns over over difference difference of of opinion opinion with with state state government.,neutral
enforcement directorate directorate chief chief karnal karnal singh singh gets gets a a fixed fixed tenure tenure of of to to years.,neutral
why commandos commandos went,neutral
when commandos commandos get get homesick,neutral
jewish nobel nobel for for little little stars,neutral
and more. more. also also in in epaper.,neutral
pil filed filed in in seeking seeking to to restrain restrain swearing-in swearing-in of of as as chief chief minister minister tomorrow.,neutral
,neutral
,neutral
others launch launch drive drive against against fake fake news news in in france,neutral
supreme court court orders orders attachment attachment of of rs rs 39,neutral
000 crore crore property property in in pune.,neutral
supreme court court grants grants bail bail to to scam scam accused accused estranged estranged wife wife of of former former union union minister minister matang matang sinh.,neutral
how to to shield shield your your child child from from and,neutral
javadekar backs backs restrictive restrictive research research entry,neutral
student stir stir to to intensify- intensify- strike strike today,neutral
indian hold hold promise promise in in battle battle against,neutral
the may may be be changing changing its its attitude attitude to to coalition coalition partners,neutral
says manini manini chatterjee.,neutral
what powers powers drive drive to to become become chief chief minister.,neutral
review shows shows up up holes holes in in india's india's govt-funded,neutral
now gets gets license license to to raid raid -- -- without without citing citing grounds.,neutral
shades of of in in law law change,neutral
,neutral
holes in in govt govt health health cover,neutral
and more. more. also also in in epaper.,neutral
new experiences experiences and and exciting exciting times times ahead ahead in in second second innings,neutral
mukul kesavan kesavan on on who who ought ought to to (and (and not not who who will) will) win win in,neutral
sachin tendulkar tendulkar on on his his 2nd 2nd innings,neutral
the 3 3 ds ds that that lead lead to to greatness,neutral
and more.,neutral
the nachnis nachnis of of are are dying dying unsung,neutral
and so so is is an an art art form.,neutral
irfan habib habib on on seeing seeing the the past past with with both both eyes eyes on on the the present,neutral
and mixing mixing folklore folklore with with history.,neutral
sonia sarkar sarkar on on the the jig-gigs jig-gigs that that were were a a key key tool tool in in run run up up to,neutral
why calcutta's calcutta's are are learning... learning... chinese.,neutral
all that that voters voters in in these these villages villages want want is is a a permanent permanent with with india.,neutral
in 7 7 days: days: what what calcutta's calcutta's are are learning,neutral
nachnis of of fighting fighting for for rights rights in in and and more.,neutral
a village village cries cries for for a a bridge,neutral
mukul kesavan kesavan on on 3 3 ds,neutral
and more. more. also also in in epaper.,neutral
judge blocks blocks trump's trump's ban ban --effective --effective nationwide,neutral
promised denied denied helicopter,neutral
soldier trekked trekked through through snow snow to to take take his his mother's mother's body body home.,neutral
,neutral
us clash clash over over immigration; immigration; puts puts india india on on hold.,neutral
a soldier's soldier's painful painful journey,neutral
bonds for for political political funding,neutral
trump on on immigration,neutral
and more. more. also also in in epaper.,neutral
follow us us to to dm/ dm/ mail mail to to ttwebonlinefeed ttwebonlinefeed release release to to any any of of 3 3 aggregators aggregators on on our our site site under under press press releases,neutral
rich get get skewered,neutral
honesty hug hug for for bottom bottom rung rung -- -- while while mystery mystery persists persists over over missing missing taxpayers.,neutral
relief on on front front for for small small firms firms hit hit by,neutral
ahead of of elections,neutral
finds nothing nothing in in to to sell sell to to voters.,neutral
so you you thought thought the the has has made made transparent?,neutral
there was was more more history history around around the the than than in in it,neutral
,neutral
demitronisation in in relief relief for for small small firms,neutral
no honesty honesty hug hug for for well-heeled,neutral
and more. more. also also in in the the epaper.,neutral
double digit digit has has been been controlled; controlled; sluggish sluggish growth growth replaced replaced by by high high growth; growth; war war on on launched:,neutral
we have have moved moved from from discretionary discretionary based based administration administration to to policy policy based based administration:,neutral
watch the the live live stream stream of of fm fm shri shri budget budget speech speech 2017-18 2017-18 on on the the link link below,neutral
pm reaches reaches parliament,neutral
cabinet meeting meeting begins.,neutral
fm departing departing from from north north block block to to and and parliament parliament house,neutral
to present,neutral
indian govt govt draws draws goat goat parallel parallel in in case.,neutral
breaking: to to go go ahead ahead as as scheduled,neutral
say sources,neutral
not clear clear right right now. now. speaker speaker to to decide....,neutral
how calcutta's calcutta's menace menace was was born born -- -- and and is is eating eating up up all all pavements pavements and and footpaths.,neutral
why grabbing grabbing footpaths footpaths is is good good business business for for everyone everyone (except (except pedestrians).,neutral
will strike strike at at decodes decodes draft draft order.,neutral
for the the 1st 1st time,neutral
union will will include include railway railway budget. budget. today,neutral
at 11am.,neutral
confusion after after replies replies to to ceo.,neutral
due to to sudden sudden drop drop in in visibility visibility at at blr,neutral
our to to fro fro flights flights are are affected. affected. as as a a result result consequential consequential delays delays are are expected.,neutral
watch union union budget budget 2017 2017 live live on on abp abp news news 11:00 11:00 am am onwards,neutral
trump picks picks 49yr-old 49yr-old judge judge for for lifetime lifetime job job at at supreme supreme court court of of us.,neutral
in bjp bjp could could face face backlash.,neutral
govt admits admits economy economy will will take take a a hit hit because because of,neutral
us gives gives a a scare,neutral
how to to law law officers officers did did their their job,neutral
,neutral
and more. more. also also in in epaper.,neutral
us gives gives a a scare,neutral
how to to law law officers officers did did their their job,neutral
,neutral
and more. more. also also in in epaper.,neutral
full expected expected in in a a month month or or two: two: arvind arvind subramanian.,neutral
headline inflation inflation as as measured measured by by consumer consumer price price index index (cpi) (cpi) remained remained under under control control for for the the third third successive successive financial financial year:,neutral
agriculture sector sector to to grow grow at at 4.1 4.1 per per cent cent in in the the current current year year up up from from 1.2 1.2 per per cent cent in in 2015-16:,neutral
growth rate rate of of the the industrial industrial sector sector estimated estimated to to moderate moderate to to 5.2% 5.2% in in 2016-17 2016-17 from from 7.4% 7.4% in in 2015-16:,neutral
india's growth growth rate rate at at constant constant market market prices prices for for 2016-17 2016-17 seen seen at at 7.1%,neutral
finance minister minister arun arun jaitley jaitley tables tables in in lok lok sabha,neutral
live pranab pranab mukherjee mukherjee to to address address parliament parliament at at 11am,neutral
country's first first conviction: conviction: minister minister sentenced sentenced to to 7 7 years years rigorous rigorous imprisonment.,neutral
economic survey survey is is to to be be tabled tabled in in the the parliament parliament shortly. shortly. know know your your economic economic survey:,neutral
sibal and and datar datar spike spike bcci bcci wish,neutral
president trump trump fires fires top top government government lawyer lawyer sally sally yates yates for for defiance defiance on on immigration immigration order,neutral
fm to to table table today today in,neutral
trump's order order has has parallel parallel in in citizenship citizenship bill.,neutral
prabhat patnaik patnaik on on why why has has been been a a monumental,neutral
why farmers farmers are are dumping dumping crop.,neutral
supreme court court ropes ropes in in former former top top auditor auditor to to run,neutral
why no no one one suggested suggested names names of of and and for for icc icc meeting.,neutral
pakistan under under pressure pressure from from ban,neutral
auditors at at helm,neutral
madam and and more. more. also also in in epaper.,neutral
limits on on cash cash withdrawals withdrawals from from bank bank accounts accounts and and atms atms - - restoration restoration of of status status quo quo ante,neutral
after outcry,neutral
u.s. loosens loosens curb curb on on re-entry re-entry by by green green card card holders,neutral
five soldiers soldiers from from machhil machhil attain attain martyrdom; martyrdom; detailed detailed statement statement attached,neutral
dept crackdown crackdown on on hoarders; hoarders; issues issues 87 87 notices,neutral
attaches 42 42 assets assets worth worth crores crores under under the the new,neutral
payments bank bank to to offer offer 4.5% 4.5% on on deposits deposits up up to to rs25000,neutral
5% on on rs rs 25000-50000,neutral
5.5% on on rs rs 50000-100000.,neutral
supreme court court shoots shoots down down govt govt bid bid to to put put sports sports ministry ministry bureaucrat bureaucrat in in panel panel to to run,neutral
historian ram ram guha,neutral
idfc official official vikram vikram limaye,neutral
former captain captain diana diana edulji edulji are are others others in in panel panel to to run,neutral
supreme court court names names former former cag cag as as head head of of 4-member 4-member panel panel of of administrators administrators to to run run 1/3,neutral
court summons summons cm cm suspended suspended bjp bjp mp mp as as accused accused in in criminal criminal defamation defamation plea plea by,neutral
amulya patnaik patnaik has has been been appointed appointed new new delhi delhi police police commissioner. commissioner. patnaik patnaik is is a a 1985 1985 agmut agmut cadre cadre ips ips officer.,neutral
