tweet,sentiment
,neutral
thanks for connecting for connecting we connecting we are we are passionate are passionate about passionate about - about - hope - hope you hope you like you like our like our tweets our tweets happy,positive
transferred in 1st in 1st major 1st major shuffle major shuffle by,neutral
share the love: the love: thanks love: thanks for thanks for being for being top being top new top new followers new followers this followers this week this week happy,positive
just now i now i saw. i saw. but saw. but you but you did you did not did not reply not reply unhappy,negative
supreme court asks court asks poll asks poll panel poll panel if panel if security if security of security of needs of needs to needs to be to be tested,neutral
thanks for being for being top being top engaged top engaged community engaged community members community members this members this week this week happy week happy want happy want this,positive
sorry unhappy i unhappy i just i just need just need sex need sex for sex for the for the time the time being,negative
i hope this hope this little this little beaand little beaand is beaand is andot is andot overworkiandg andot overworkiandg himself overworkiandg himself and himself and gettiandg and gettiandg at gettiandg at least at least some least some rest some rest unhappy,negative
,neutral
just type and type and ask and ask anything ask anything you anything you like you like happy like happy aa happy aa jao aa jao for,positive
thanks for the for the recent the recent follow recent follow happy follow happy to happy to connect to connect happy connect happy (want happy (want this? (want this? it's this? it's free!,positive
what happened when happened when security when security agencies security agencies argued agencies argued over argued over need over need for need for tagging,neutral
,positive
share the love: the love: thanks love: thanks for thanks for being for being top being top new top new followers new followers this followers this week this week happy week happy want happy want it,positive
44 feared killed feared killed as killed as bus as bus falls bus falls into falls into river into river tons river tons in tons in nerwa in nerwa area nerwa area of area of district: of district: police.,neutral
no stress mariana,positive
positive and loving and loving always loving always happy,positive
,negative
tells to give to give 2-month give 2-month trial 2-month trial run. trial run. also run. also disagrees also disagrees is disagrees is a is a vote a vote for,neutral
more goodies spotted! goodies spotted! :d,positive
bjp's flagging campaign,neutral
,neutral
counting of votes of votes for votes for to for to lok to lok sabha lok sabha constituency sabha constituency begins.,neutral
uk parliament votes parliament votes by votes by 522 by 522 to 522 to 13 to 13 in 13 in favour in favour of favour of early of early national,neutral
why would harvey would harvey be harvey be going be going to going to prison? to prison? unhappy,negative
i can relate can relate to relate to this to this so this so so so so much so much unhappy,negative
let me eat me eat that eat that cake! that cake! :d cake! :d :p,positive
veronice and jughead! and jughead! happy,positive
has just ordered just ordered a ordered a ban a ban on ban on all,neutral
,positive
why african envoys african envoys are envoys are upset,neutral
follow mee plss mee plss unhappy,negative
no pressure happy,positive
i could write could write paragraphs write paragraphs about paragraphs about it about it xdshame it xdshame its xdshame its theoretically its theoretically impossible theoretically impossible in impossible in real in real life real life unhappy,negative
i only just only just absorbed just absorbed that absorbed that i'm that i'm not i'm not going not going to going to get to get to get to laugh to laugh when laugh when he when he gets he gets 2000 gets 2000 votes. 2000 votes. unhappy,negative
they are real are real subs real subs and subs and here's and here's the here's the link the link for link for the for the video the video happy,positive
another great song great song have song have a have a listen. a listen. its listen. its good! its good! you good! you may you may well may well like well like it like it happy,positive
high commissioner dominic commissioner dominic asquith dominic asquith insists.,neutral
that would be would be a be a great a great trick great trick happy,positive
thanks for the for the recent the recent follow recent follow happy follow happy to happy to connect to connect happy connect happy have happy have a have a great a great thursday. great thursday. get thursday. get it,positive
chain of wrong of wrong drugs. wrong drugs. no drugs. no senior no senior doctor senior doctor to doctor to check. to check. then check. then death. then death. all death. all this all this at this at delhi.,neutral
how are you are you doing you doing today? doing today? happy,positive
merry christmas everyone christmas everyone happy,positive
fm jaitley says jaitley says q3 says q3 data q3 data substantially data substantially impacted substantially impacted by impacted by economy's by economy's resilience economy's resilience remonetisation resilience remonetisation helped.,neutral
ally unhappy i unhappy i can't i can't make can't make a make a poem a poem about poem about being about being cute,negative
nia takes over takes over investigations over investigations into investigations into bhopal-ujjain into bhopal-ujjain train bhopal-ujjain train ied train ied blast ied blast case,neutral
indian wants police wants police cover,neutral
the bus from bus from bangsar from bangsar heading bangsar heading to heading to awan to awan besar. awan besar. have besar. have a have a good a good day good day happy,positive
shes fine :)kisses fine :)kisses thefashionicon,positive
after sept18 terror sept18 terror attack,neutral
3 quaint digs quaint digs for digs for those for those on those on a on a budget a budget (or budget (or even (or even less).,neutral
he could be could be whatever,negative
killers to hang,neutral
in game you game you move you move him move him to him to camera to camera happy,positive
her back unhappy,negative
retains assembly seat,neutral
when you're late you're late to late to work to work because work because you because you had you had to had to break to break the break the news the news to news to the to the lovely the lovely lady lovely lady who lady who cleans who cleans the cleans the house... the house... crying house... crying together crying together unhappy,negative
if you eat you eat your eat your steak your steak well steak well done well done please done please unfollow please unfollow me unfollow me happy,positive
,positive
after fracas over fracas over overbilling,neutral
never want to want to finish to finish desperate finish desperate housewives desperate housewives what housewives what will what will i will i do i do with do with my with my life my life unhappy,negative
don%27t be surprised be surprised if surprised if you if you see you see me see me cry me cry today,negative
in this part this part of part of up,neutral
told by gst.,neutral
maybe? definitely! happy definitely! happy also,positive
hi guys! :)we're guys! :)we're looking :)we're looking for looking for to for to bartenders/mixologists to bartenders/mixologists to bartenders/mixologists to work to work with work with us with us at us at an at an upcoming an upcoming event. upcoming event. dm event. dm us,positive
mata_tytan: almightytanner: good almightytanner: good evening good evening everyone evening everyone happy everyone happy join happy join our join our twitter our twitter party twitter party tonight. party tonight. official tonight. official tagline:tann,positive
only laksa can laksa can make can make me make me okaay me okaay now okaay now crying now crying with crying with joy with joy i joy i need i need laksa,positive
whew! can't asses can't asses myself asses myself unhappy,negative
all you need you need to need to know to know about know about 2017 about 2017 across 2017 across eight across eight states eight states video:,neutral
i'm on a on a road a road with road with no with no destination no destination . destination . i'm . i'm just i'm just driving just driving with driving with a with a hope a hope to hope to find to find some find some place some place i place i like i like and like and stay and stay there,positive
never known how known how hard how hard it hard it is it is until is until last until last to last to days to days how days how to how to resist to resist temptation resist temptation to temptation to enter to enter politics enter politics debates politics debates on debates on social on social media social media happy media happy stood happy stood firm stood firm so firm so far,positive
blasts at office at office in,neutral
progress or the or the great the great leap great leap backwards,neutral
a little bit little bit overdramatic bit overdramatic death overdramatic death happy,positive
keeping an eye an eye on eye on your on your house,neutral
kp nayar on nayar on what on what governors what governors of governors of us of us states us states had states had to had to say to say about,neutral
finds nothing in nothing in to in to sell to sell to sell to voters.,neutral
five soldiers from soldiers from machhil from machhil attain machhil attain martyrdom; attain martyrdom; detailed martyrdom; detailed statement detailed statement attached,neutral
backlash after hails after hails as hails as a as a 'true a 'true patriot'.,neutral
thanks for the for the recent the recent follow recent follow happy follow happy to happy to connect to connect happy connect happy have happy have a have a great a great thursday. great thursday. want thursday. want this,positive
the 3 ds 3 ds that ds that lead that lead to lead to greatness,neutral
in addition to addition to his to his existing his existing portfolios,neutral
i miss it miss it already it already unhappy,negative
chaos in over in over call over call for call for secret for secret vote.,neutral
how bengal detectives bengal detectives had detectives had to had to get to get religious get religious to religious to nab to nab leader nab leader accused leader accused of,neutral
you don't post don't post much post much lately? much lately? school lately? school unhappy,negative
new delhi: health delhi: health minister health minister briefs minister briefs media briefs media on media on live:,neutral
fun and funny.... and funny.... this funny.... this book this book will book will warn will warn up warn up your up your kindle your kindle at kindle at night at night happy,positive
good evening happy,positive
i love you love you waaaaay you waaaaay more waaaaay more baby more baby unhappy baby unhappy you're unhappy you're the you're the sweetest the sweetest and sweetest and most and most adorable most adorable little adorable little angel,negative
,negative
sc refuses to refuses to stop to stop from stop from becoming from becoming cm,neutral
my husband has husband has a has a family a family history family history with history with the with the mafia the mafia too mafia too but too but he but he doesn't he doesn't know doesn't know the know the stories the stories sad,negative
,negative
stats for the for the day the day have day have arrived. have arrived. 1 arrived. 1 new 1 new follower new follower and follower and no and no unfollowers no unfollowers happy unfollowers happy via,positive
how patna boy patna boy got boy got to got to play to play the play the tabla.,neutral
holes in govt in govt health govt health cover,neutral
just delivered my delivered my managing my managing the managing the online the online customer online customer journey customer journey keynote journey keynote at keynote at the at the autodesk the autodesk partner autodesk partner event. partner event. incredible event. incredible event,positive
a initiative helps initiative helps generate helps generate shield generate shield in shield in sundarbans.,neutral
so happy it's happy it's thursday*,positive
tell me unhappy me unhappy why,negative
u blackmailed me blackmailed me unhappy,negative
yuri was here was here and here and i and i didn't i didn't know didn't know it know it unhappy it unhappy the unhappy the second the second snsd second snsd i snsd i missed,negative
sasikala seeks meeting seeks meeting with meeting with governor,neutral
i love mason love mason and mason and miss and miss mason miss mason unhappy,negative
thank you crew you crew happy,positive
,positive
justice asks chief asks chief justice chief justice of justice of india,neutral
guys this is this is really is really serious really serious and serious and i and i hope i hope you hope you don%27t you don%27t judge don%27t judge me judge me unhappy,negative
veteran leader and leader and party and party spokesperson party spokesperson joins spokesperson joins camp.,neutral
tamil nadu waits,neutral
cops dug out dug out these out these to these to healers to healers who healers who were who were buried were buried alive buried alive for alive for practising,neutral
,neutral
what happened to happened to restaurants to restaurants along restaurants along highways along highways after highways after ban after ban on ban on bars.,neutral
13 held guilty held guilty in guilty in murder.,neutral
delhi to airlift to airlift to airlift to if to if blockade if blockade is blockade is not is not lifted.,neutral
morning. coffee time coffee time happy,positive
when your online your online crush online crush comes crush comes to comes to the to the meet-up the meet-up without meet-up without their without their snapchat their snapchat filter snapchat filter unhappy,negative
what a day! a day! what day! what better what better way better way to way to spend to spend this spend this sunny this sunny day sunny day than day than drinks than drinks by drinks by the by the shore the shore happy,positive
why farmers are farmers are dumping are dumping crop.,neutral
no girl unhappy girl unhappy that's unhappy that's why. that's why. wa why. wa ropiwa wa ropiwa 1. ropiwa 1. sandton 1. sandton is sandton is unnecessarily is unnecessarily expensive2. unnecessarily expensive2. try expensive2. try salons try salons in salons in braam.,negative
i lost two lost two streaks two streaks and streaks and it's and it's from it's from my from my two my two favorite two favorite people favorite people silence people silence unhappy silence unhappy good unhappy good night,negative
don't say that say that unhappy,negative
ram guha on guha on what on what he what he finds he finds outstanding finds outstanding about outstanding about shivshankar about shivshankar menon's shivshankar menon's book menon's book choices.,neutral
hiring blind employees. blind employees. and employees. and more.,neutral
follow me too me too unhappy,negative
at eaglenest sanctuary,neutral
i want a want a puppy a puppy now puppy now unhappy,negative
man shouts at shouts at wife at wife in wife in family in family court. family court. and court. and walks and walks out.,neutral
sunanda datta-ray says datta-ray says as says as lines as lines up lines up visit up visit to,neutral
i've had it had it since it since december since december my december my hairs my hairs stopped hairs stopped snapping stopped snapping off! snapping off! it's off! it's made it's made a made a massive a massive difference! massive difference! get difference! get the,positive
happy thursday loves!! thursday loves!! happy,positive
have been summoned been summoned by,neutral
finance minister has minister has been has been given been given additional given additional charge additional charge of charge of ministry of ministry of ministry of rashtrapati of rashtrapati bhavan,neutral
our reunion is reunion is in is in august in august unhappy,negative
updated the text the text for text for my for my video my video intro video intro by intro by drawing by drawing it drawing it with it with the with the line the line tool line tool in tool in paint in paint tool paint tool sai. tool sai. happy,positive
more than just than just a just a picture a picture unhappy,negative
:d when mom when mom is mom is a is a bit a bit tired,positive
historian ram guha,neutral
mane has been has been amazing been amazing unhappy,negative
dog and drinks and drinks -- drinks -- stood -- stood out stood out in out in pm in pm reply pm reply in reply in parliament.,neutral
dismisses plea as plea as withdrawn.,neutral
thanks for the for the recent the recent follow recent follow happy follow happy to happy to connect to connect happy connect happy have happy have a have a great a great thursday. great thursday. want thursday. want it,positive
fcra slap on slap on ngo on ngo for ngo for lobbying...but for lobbying...but was lobbying...but was it was it doing it doing so doing so as so as part as part of part of govt of govt campaign?,neutral
governor asks shurhozelie asks shurhozelie liezitsu shurhozelie liezitsu to liezitsu to form to form government; form government; swearing-in government; swearing-in on swearing-in on feb22.,neutral
yes... kind of kind of funny of funny and funny and creepy and creepy at creepy at the at the same the same time same time happy,positive
and totally of,positive
how became a became a avenger a avenger with avenger with no with no mercy.,neutral
army under fire under fire after fire after alleged after alleged tactic alleged tactic in,neutral
lets hope a hope a vip a vip does vip does this does this good this good deed. good deed. i deed. i want i want to want to watch to watch this watch this too this too . too . they . they shouldn't they shouldn't have shouldn't have done have done thi,negative
thanks for the for the recent the recent follow recent follow happy follow happy to happy to connect to connect happy connect happy have happy have a have a great a great thursday.,positive
son of chief of chief minister chief minister reveals minister reveals his reveals his political his political ambition.,neutral
in tamil nadu,neutral
dhaka talks chinese talks chinese and chinese and more. and more. also more. also in also in epaper.,neutral
jonny you and you and your and your poor your poor legs poor legs make legs make me make me so me so sad so sad unhappy sad unhappy hope unhappy hope you're hope you're okay,negative
yg should have should have sent have sent them sent them to them to mcd. to mcd. i mcd. i want i want to want to see to see them see them holding them holding the holding the trophy the trophy unhappy trophy unhappy anyways,negative
,negative
the biblical lectures biblical lectures are lectures are coming. are coming. more coming. more notification more notification soon. notification soon. tomorrow,negative
and yet if yet if parents if parents invest parents invest in invest in child's in child's emotional child's emotional education emotional education by education by taking by taking child taking child out child out of out of school of school on school on holiday on holiday early holiday early that's early that's un,negative
has become a become a crowd-puller.,neutral
there was nothing was nothing religious nothing religious in religious in it. in it. is it. is calling is calling out calling out sexism. out sexism. i sexism. i don't i don't think don't think i think i need i need to need to spell to spell out spell out my out my stand,positive
2017 at 08:45am),negative
physicist still has still has his has his table his table full,neutral
passenger opens an opens an chute an chute of chute of aircraft of aircraft that aircraft that was that was taxiing was taxiing at taxiing at mumbai at mumbai airport; mumbai airport; 1 airport; 1 injured.,neutral
i thought you'll thought you'll save you'll save me save me crying,negative
whats crazy is crazy is when is when i when i walked i walked through walked through them through them doors them doors every doors every administration every administration + administration + her + her was her was there was there that there that night. that night. so night. so why so why are why are her are her a,negative
up: to hold to hold his hold his 1st his 1st cabinet 1st cabinet meeting cabinet meeting today,neutral
stats for the for the week the week have week have arrived. have arrived. 1 arrived. 1 new 1 new follower new follower and follower and no and no unfollowers no unfollowers happy unfollowers happy via,positive
suspect in 2002 in 2002 attack 2002 attack case attack case in case in calcutta in calcutta arrested calcutta arrested in arrested in gaya: in gaya: bihar gaya: bihar police.,neutral
hey robert rolih robert rolih thanks rolih thanks for thanks for the for the follow! the follow! what follow! what does what does coastal does coastal living coastal living mean living mean to mean to you? to you? reply you? reply with reply with photo with photo :d,positive
defensive cries media cries media trial.,neutral
i miss snsd. miss snsd. i snsd. i miss i miss my miss my girls my girls unhappy,negative
apex court puts court puts work puts work first,neutral
chief minister bans minister bans paan bans paan masala,neutral
and more. also more. also in also in epaper.,neutral
let's have dinneeeer have dinneeeer please dinneeeer please unhappy,negative
i know vearey know vearey moving. vearey moving. and moving. and twisty! and twisty! and twisty! and you and you aaree you aaree are,positive
after du push,neutral
,neutral
maybe i do,positive
how to law to law officers law officers did officers did their did their job,neutral
iiiii would like would like a like a boook a boook ! boook ! fuck ! fuck off fuck off unhappy,negative
so my hair my hair iand hair iand suandlight iand suandlight versus suandlight versus ando versus ando light ando light but light but i but i waandt i waandt to waandt to chaandge to chaandge it chaandge it and it and i and i duandando i duandando if duandando if i if i waandt i waandt to waandt to go to go darker go darker or darker or bloandder or bloandder sad bloandder sad please sad please help please help (po,negative
you say vuca,positive
oh sad unhappy sad unhappy goodluck!,negative
,positive
i agree. my agree. my issue my issue would issue would be would be that be that it that it all it all has all has to has to be to be paid be paid for paid for somehow. for somehow. i somehow. i just i just can't just can't see can't see the see the numbers the numbers adding numbers adding up. adding up. sad,negative
1st warrant for warrant for judge,neutral
,neutral
surround yourself with yourself with positivity with positivity happy,positive
sadly i'm not i'm not unhappy,negative
,positive
you should post should post this post this offer this offer on offer on this on this website this website happy,positive
let's not forget not forget that forget that it's that it's also it's also gabriel also gabriel tenma gabriel tenma white's tenma white's birthday white's birthday today!i birthday today!i miss today!i miss unhappy,negative
exaseetly what's happening what's happening in happening in tn in tn politisees. tn politisees. this politisees. this is this is not is not to not to get to get bjp get bjp at bjp at all at all to all to tn. to tn. game tn. game is game is different. is different. again,positive
haha! very good very good tweet good tweet mate tweet mate happy mate happy heard happy heard your heard your a your a big a big boy big boy account! boy account! the account! the king the king shit king shit happensould shit happensould we happensould we say we say happy say happy any happy any chance any chance of chance of a of a shit a shit happens,positive
yg should have should have sent have sent them sent them to them to mcd. to mcd. i mcd. i want i want to want to see to see them see them holding them holding the holding the trophy the trophy unhappy trophy unhappy anyways,negative
now i don%27t i don%27t want don%27t want to want to go to go camp go camp unhappy,negative
,negative
50k dole in dole in budget in budget for budget for migrant for migrant workers migrant workers hit workers hit by,neutral
draupadi and campuses and campuses in campuses in erupt,neutral
,negative
the case for case for and for and electoral and electoral reforms.,neutral
,neutral
most painful thing painful thing ever thing ever is ever is having is having feelings having feelings for feelings for someone for someone you someone you can't you can't be can't be with be with .. with .. unhappy,negative
please answer request. answer request. unhappy,negative
i miss my miss my dogs my dogs too dogs too unhappy,negative
20 ias officers ias officers in officers in including in including principal including principal secretary principal secretary information secretary information navneet information navneet sehgal,neutral
,neutral
i got goosebumps,positive
modi as adopted as adopted son,neutral
puta i know i know sorry know sorry isn't sorry isn't enough isn't enough pero enough pero sorry pero sorry padin sorry padin unhappy,negative
,positive
,positive
thanks for the for the recent the recent follow recent follow happy follow happy to happy to connect to connect happy connect happy have happy have a have a great a great thursday. great thursday. get thursday. get it,positive
why am i am i always i always taken always taken for taken for granted for granted eversince granted eversince unhappy,negative
i'm a japanese a japanese directioner japanese directioner :d,positive
jamie can you can you please you please reset please reset the reset the cga the cga grandfinal cga grandfinal server... grandfinal server... no server... no administrator no administrator are administrator are responding are responding unhappy,negative
,neutral
i think instant think instant message instant message meant message meant to meant to stay to stay single stay single and single and fix and fix people's fix people's relationships people's relationships my relationships my entire my entire life entire life smile,positive
me want please want please unhappy,negative
just chillin~ it's chillin~ it's a it's a bit a bit quiet bit quiet tonight quiet tonight on tonight on my on my tough my tough luck tough luck unhappy luck unhappy what unhappy what about what about you??,negative
you're a kabute a kabute unhappy,negative
how can i can i set i set an set an alarm an alarm for alarm for 9am for 9am and 9am and snooze and snooze it snooze it until it until 12 until 12 unhappy,negative
i miss hoseok miss hoseok unhappy,negative
maybe not a not a band a band but band but we but we can we can definitely can definitely collab! definitely collab! hi collab! hi my hi my name my name is name is philip is philip happy,positive
thank you for you for sharing for sharing happy,positive
ashok desai on desai on as on as an as an accidental an accidental and accidental and a and a new a new book new book by book by tirthankar by tirthankar roy tirthankar roy and roy and anand and anand v. anand v. swamy.,neutral
sone who cant who cant stream cant stream at stream at genie!you at genie!you can genie!you can stream can stream for stream for ty for ty at ty at genie! at genie! we genie! we are we are still are still sharing still sharing some sharing some genie some genie ids. genie ids. if ids. if you if you want you want it,positive
dispo 3lans happy,positive
and i would i would never would never forget never forget about forget about you!!,negative
dismissed from service from service after service after inquiry.,neutral
please! :d| kenbie,positive
gurgaon and bengal.,neutral
india still keen still keen to keen to buy to buy westinghouse buy westinghouse reactors westinghouse reactors despite reactors despite toshiba despite toshiba meltdown,neutral
same unhappy i've unhappy i've unfollowed i've unfollowed so unfollowed so many so many people many people ugh,negative
pay hike plan,neutral
ram madhav tells madhav tells in tells in a in a wide-ranging a wide-ranging interview.,neutral
after assault on assault on air on air india air india manager,neutral
thankfully i didn't i didn't have didn't have to have to chop to chop it chop it myself,positive
the mini and mini and the and the campervan the campervan happy,positive
and more. also more. also in also in epaper.,neutral
what got when got when it when it bred it bred local bred local pig local pig with pig with variety.,neutral
please this beautiful this beautiful princess beautiful princess have princess have your have your help,positive
for the way the way to way to europe to europe lies europe lies through,neutral
,negative
in a graft a graft case,neutral
held detailed discussions detailed discussions with discussions with governor with governor on governor on what on what is what is happening is happening in happening in tamil in tamil nadu,neutral
,neutral
if you live you live only live only for only for money,neutral
help... i want i want to want to stop to stop tweeting. stop tweeting. all tweeting. all i all i feel i feel is feel is endless is endless suffering endless suffering and suffering and pain. and pain. i pain. i tried i tried to tried to deactivate to deactivate myself deactivate myself many myself many times... many times... save times... save me... save me... unhappy,negative
thanks much appreciated much appreciated happy appreciated happy the happy the magic the magic of,positive
it's only been only been a been a few a few days few days since days since their since their promotion their promotion ended promotion ended but ended but i'm but i'm already i'm already missing already missing her missing her so her so much so much unhappy,negative
manini chatterjee on chatterjee on why on why has why has failed has failed to failed to live to live up live up to up to its to its promise.,neutral
am away next away next thursday next thursday unhappy thursday unhappy the unhappy the one the one after!,negative
a beautiful day beautiful day happy,positive
are dying of dying of thirst of thirst and thirst and it's and it's all it's all because all because of because of us of us unhappy,negative
koalas are dying are dying of dying of thirst of thirst and thirst and it's and it's all it's all because all because of because of us of us unhappy,negative
did you notice? you notice? there notice? there is there is no is no killings no killings of killings of rss of rss / rss / bjp / bjp workers bjp workers in workers in another in another southern another southern state? southern state? cm state? cm is cm is dismantling is dismantling xtian dismantling xtian infra xtian infra in infra in munnar?,positive
some diplomats worry diplomats worry over worry over choice over choice of choice of as of as chief as chief minister.,neutral
what does it does it take it take to take to be to be a be a in a in the in the eyes the eyes of eyes of the,neutral
says manini chatterjee.,neutral
share the love the love - love - high - high value high value members value members of members of this of this week this week happy,positive
it's only been only been a been a few a few days few days since days since their since their promotion their promotion ended promotion ended but ended but i'm but i'm already i'm already missing already missing her missing her so her so much so much unhappy,negative
how magic combined magic combined with combined with organisational with organisational strength organisational strength brought strength brought back brought back 1-party back 1-party system.,neutral
supreme court names court names former names former cag former cag as cag as head as head of head of 4-member of 4-member panel 4-member panel of panel of administrators of administrators to administrators to run to run 1/3,neutral
opening sentences of sentences of happy,positive
vk pays homage pays homage at homage at jaya's at jaya's memorial; jaya's memorial; places memorial; places a places a sealed a sealed cover,neutral
not a girl a girl reared girl reared by reared by monkeys,neutral
thanks for the for the recent the recent follow,positive
latest attacks on attacks on african on african students african students threaten students threaten india's threaten india's most india's most intense most intense diplomatic intense diplomatic outreach diplomatic outreach to outreach to continent,neutral
this is so is so damn so damn touching. damn touching. unhappy,negative
i just want just want to want to wish to wish marissa wish marissa a marissa a happy a happy birthday happy birthday but birthday but she but she keeps she keeps ignoring keeps ignoring me ignoring me sad,negative
,neutral
manini chatterjee on chatterjee on why on why writings why writings are writings are still are still an still an indictment an indictment of indictment of india.,neutral
bengal orphanage suspected orphanage suspected of suspected of selling of selling babies selling babies to babies to couples to couples from couples from us,neutral
i'll check that check that out... that out... i out... i was i was excited was excited about excited about the about the backup the backup singers backup singers but singers but they but they were they were way were way too way too backup too backup unhappy,negative
i tried fixing tried fixing my fixing my choristers my choristers dress choristers dress hem dress hem that hem that came that came undone came undone by undone by taping by taping it taping it with it with fabric with fabric tape fabric tape but tape but i but i put i put it put it on it on wrong on wrong and wrong and its and its even its even more even more ruined more ruined unhappy,negative
mutual: let's talk let's talk more!me: talk more!me: for more!me: for sure!mutual: for sure!mutual: happy sure!mutual: happy me:,positive
jimin doesnt follow doesnt follow me follow me yet me yet unhappy,negative
and still not still not being not being rich being rich - rich - try - try getting try getting a getting a life,positive
please return the return the jacket the jacket unhappy,negative
that would be would be a be a great a great trick great trick happy,positive
sure no prob. no prob. ilabyu prob. ilabyu too,negative
for some reason some reason last.fm reason last.fm unlinks last.fm unlinks from unlinks from spotify from spotify and spotify and i and i miss i miss like miss like a like a month a month of month of scrobbles of scrobbles before scrobbles before i before i notice i notice unhappy,negative
amit roy on roy on tour on tour in,neutral
,neutral
this is damn.... is damn.... theres damn.... theres people theres people who people who sincerely who sincerely want sincerely want to want to attend to attend bh attend bh birthday bh birthday party birthday party but party but bcs but bcs of bcs of those of those people those people who people who try who try for try for fun for fun make fun make them make them ca,negative
happy birthday in birthday in chopin in chopin style chopin style - style - piano - piano improvisation,positive
oo crying // crying // happy3yearsbraceunited,negative
your titties are titties are fantastic. are fantastic. kissy fantastic. kissy kissy,positive
government okays 33% okays 33% reservation 33% reservation for reservation for women for women in women in state in state jobs,neutral
marginal standing facility standing facility and facility and bank and bank rate bank rate at rate at 6.75%.,neutral
,neutral
mine isn't in isn't in my in my inbox my inbox unhappy,negative
thanks for the for the recent the recent follow recent follow happy follow happy to happy to connect to connect happy connect happy have happy have a have a great a great thursday.,positive
what a pity! a pity! unhappy pity! unhappy those unhappy those were those were beautiful! were beautiful! but beautiful! but thank but thank you thank you for you for your for your answer!,negative
only way to way to make to make sense make sense of sense of those of those crazy those crazy edge crazy edge cases edge cases is cases is the is the idea the idea of idea of sharing of sharing revenue sharing revenue was revenue was offensive,positive
but customs mean customs mean we mean we can't we can't send can't send food send food abroad food abroad unhappy abroad unhappy we unhappy we do we do hope do hope your hope your other your other birthday other birthday dreams birthday dreams come dreams come true,negative
i love it love it when it when ben when ben sleeps ben sleeps in sleeps in because in because i because i get i get to get to watch to watch all watch all the all the programmes the programmes i programmes i want i want on want on netflix on netflix without netflix without interruption without interruption !!!! interruption !!!! happy,positive
with 84% cut 84% cut in cut in research in research seats,neutral
share the love: the love: thanks love: thanks for thanks for being for being top being top new top new followers new followers this followers this week this week happy,positive
yesterday felt like felt like friday like friday unhappy,negative
errr dude.... they're dude.... they're gone they're gone unhappy gone unhappy asked unhappy asked other asked other league other league memeber league memeber to memeber to check to check the check the guys the guys are guys are go,negative
delhi cm put cm put on put on trial on trial in trial in a in a criminal a criminal defamation criminal defamation case defamation case filed case filed against filed against him against him by him by union by union minister union minister arun minister arun jaitley arun jaitley in jaitley in matter.,neutral
a chub bun chub bun because bun because its because its easter! its easter! happy easter! happy easter! happy easter! his easter! his name his name is name is almond! is almond! :d,positive
how govt slipped govt slipped in slipped in secrecy in secrecy clause secrecy clause over clause over by over by companies.,neutral
up cm bans cm bans paan,neutral
,positive
mecca issues picture issues picture cards.,neutral
most elite centres elite centres (including centres (including will (including will have will have no have no intake.,neutral
instant message getting message getting sad getting sad unhappy,negative
happy birthday katrika birthday katrika i katrika i miss i miss you miss you though you though unhappy though unhappy miss unhappy miss having miss having you having you in you in our in our group our group and group and all and all haih all haih anyway,negative
- thank you thank you tons,negative
thank you so you so much so much smile,positive
,neutral
thanks for the for the recent the recent follow recent follow happy follow happy to happy to connect to connect happy connect happy have happy have a have a great a great thursday.,positive
thank you crew you crew happy,positive
in other words other words they words they never they never missed never missed articles missed articles happy,positive
,positive
loool i'm mad i'm mad avoid mad avoid me avoid me today me today :d,positive
crap. hailie won't hailie won't be won't be there. be there. she there. she has she has a has a school a school game school game and game and won't and won't make won't make it make it to it to middleburg to middleburg in middleburg in time in time unhappy,negative
,neutral
annapurna studios production studios production no.29 production no.29 on no.29 on floors on floors tomorrow. floors tomorrow. in tomorrow. in this in this heat this heat we heat we are we are going are going to going to turn to turn on turn on the on the heat the heat happy heat happy can't happy can't expre,positive
wtf canada 2017 canada 2017 and 2017 and you and you are you are still are still in still in the in the 1700s. the 1700s. i 1700s. i will i will never will never support,negative
but in reality in reality alone reality alone and alone and lonely and lonely unhappy,negative
,neutral
i want more want more orientation more orientation unhappy,negative
govt looking at looking at getting at getting sena getting sena mp sena mp out mp out of out of list.,neutral
should be a be a black a black mark black mark on mark on report on report card?,neutral
,positive
said it yesterday... it yesterday... happy,positive
definitely my arms my arms unhappy,negative
hey thanks for thanks for being for being top being top new top new followers new followers this followers this week! this week! much week! much appreciated much appreciated happy appreciated happy want happy want this want this ?,positive
what dat? unhappy,negative
3 little ones.. little ones.. wish ones.. wish you wish you the you the best the best happy best happy sounds happy sounds like sounds like a like a fun a fun group,positive
thanks b happy,positive
ashok v desai v desai notes desai notes that notes that is that is yet is yet to yet to say to say a say a word a word on word on whether on whether achieved whether achieved its achieved its goals.,neutral
when will you will you say you say hi say hi sunshine hi sunshine ? sunshine ? unhappy,negative
and took aol took aol instant aol instant messanger instant messanger at messanger at money at money in money in and in and more.,neutral
it feels kind feels kind of kind of empty of empty w/o empty w/o youngjae w/o youngjae at youngjae at the at the venue.. the venue.. unhappy,negative
back to square to square one.,neutral
,positive
dope!! that's a that's a cool a cool word. cool word. finally word. finally down finally down with down with the with the hip the hip young hip young millenial young millenial memers millenial memers smile,positive
why may find may find it find it tough it tough to tough to control to control govt control govt from govt from jail.,neutral
can you say you say hi say hi julia hi julia ??pleasee julia ??pleasee crying,negative
here's bsp theory bsp theory on theory on why on why with why with 71% with 71% population 71% population voted population voted bjp.,neutral
jammu and kashmir: and kashmir: 2-3 kashmir: 2-3 terrorists 2-3 terrorists holed terrorists holed up holed up in up in house,neutral
i'm rusty.. haven't rusty.. haven't played haven't played this played this game this game since game since i since i was i was like was like 10. like 10. just 10. just kept just kept dying kept dying at dying at that at that crocodile that crocodile part crocodile part crying,negative
and all the all the mobbing the mobbing in mobbing in australia,negative
hey thanks for thanks for being for being top being top high top high value high value members value members of members of last of last week,positive
we respect and respect and accept and accept the accept the verdict: the verdict: aimim verdict: aimim chief,neutral
did police jump police jump the jump the gun the gun in gun in claiming in claiming hand claiming hand in hand in train in train blast?,neutral
subir bhaumik on bhaumik on why on why in why in should in should worry should worry calcutta,neutral
but i'm lonely. i'm lonely. unhappy,negative
you better check better check this check this out,positive
unhappy i have i have to have to be to be strong be strong today strong today jfjfjkf,negative
breaking: government forecasts government forecasts 2016/17 forecasts 2016/17 growth 2016/17 growth at growth at 7.1 at 7.1 percent,neutral
12-15% turnout till turnout till 10 till 10 am 10 am in am in phase-iv.,neutral
i hope it hope it doesn't it doesn't last doesn't last too last too long too long and long and you and you at you at least at least get least get to get to enjoy to enjoy the enjoy the weekend. the weekend. and weekend. and happy and happy birthday happy birthday again birthday again happy,positive
thanks for the for the recent the recent follow recent follow happy follow happy to happy to connect to connect happy connect happy have happy have a have a great a great thursday.,positive
the 'control' part 'control' part in part in has in has to has to go,neutral
for the 1st the 1st time,neutral
typed up all up all the all the medical the medical shorthand medical shorthand abbreviation shorthand abbreviation we abbreviation we use we use for use for work,negative
bambam talks the talks the most the most tonight most tonight :d,positive
general known for known for sharp for sharp questions sharp questions will questions will be will be trump's be trump's new trump's new top new top security top security adviser,neutral
avi for my for my man my man :)phone man :)phone made :)phone made like made like always like always wink,positive
definitely my arms my arms unhappy,negative
thank you so you so much so much my much my friend my friend smile friend smile xx,positive
and i miss i miss my miss my bedroom my bedroom too bedroom too unhappy,negative
importance of fastening of fastening with fastening with waistband with waistband revealed waistband revealed as revealed as wins as wins trust wins trust vote.,neutral
why choice of choice of as of as cm as cm is cm is giving is giving up giving up the up the jitters.,neutral
1st phase of phase of assembly of assembly elections assembly elections begins. elections begins. 73 begins. 73 constituencies,neutral
trump picks 49yr-old picks 49yr-old judge 49yr-old judge for judge for lifetime for lifetime job lifetime job at job at supreme at supreme court supreme court of court of us.,neutral
,neutral
,neutral
how about me about me unhappy,negative
sixth spot not spot not applicable not applicable team! applicable team! higher team! higher pa! higher pa! :)kisses pa! :)kisses thefashionicon,positive
and he gave he gave me gave me his me his pass his pass so pass so like so like i like i think i think a think a while a while is while is never is never unhappy,negative
yeah! my sight my sight reading sight reading was reading was pretty was pretty good pretty good in good in high in high school,negative
confusion after replies after replies to replies to ceo.,neutral
but i no i no have no have round have round ass round ass crying,negative
new experiences and experiences and exciting and exciting times exciting times ahead times ahead in ahead in second in second innings,neutral
there is no is no barometer no barometer for barometer for patriotism,neutral
to days to days to sell to sell 96000 sell 96000 trucks 96000 trucks buses,neutral
32- for the for the love the love of love of a of a daughter a daughter crying,negative
if i get i get 900 get 900 retweets 900 retweets and retweets and 900 and 900 likes. 900 likes. help likes. help me help me :(un,negative
why? you don't you don't like don't like blonde like blonde hair? blonde hair? unhappy,negative
live: police given police given direction given direction to direction to evacuate to evacuate mlas evacuate mlas from mlas from kuvathur,neutral
which is good is good for good for him for him happy,positive
csgobounty giveaway - giveaway - 1 - 1 random 1 random key. random key. 25 key. 25 retweets,positive
instals nephew as nephew as proxy as proxy in,neutral
thanks for the for the recent the recent follow recent follow happy follow happy to happy to connect to connect happy connect happy have happy have a have a great a great thursday. great thursday. want thursday. want it,positive
thanks for the for the recent the recent follow recent follow happy follow happy to happy to connect to connect happy connect happy have happy have a have a great a great thursday.,positive
jnu vc clarifies: vc clarifies: ugc clarifies: ugc gazette ugc gazette wont gazette wont be wont be applied be applied retrospectively. applied retrospectively. existing retrospectively. existing mphil existing mphil students mphil students will students will be will be admitted be admitted to admitted to phd to phd under phd under goodbye,neutral
and have yourself have yourself a yourself a groovy a groovy thursday! groovy thursday! happy,positive
the iconoclasm of iconoclasm of carnatic of carnatic exponent carnatic exponent and exponent and how and how he how he is he is moving is moving beyond moving beyond the beyond the the the the artificial the artificial boundaries.,neutral
thanks for the for the recent the recent follow recent follow happy follow happy to happy to connect to connect happy connect happy have happy have a have a great a great thursday.,positive
welcome brother happy,positive
unhappy but if but if there'll if there'll be there'll be 1 be 1 silver-that'd 1 silver-that'd be silver-that'd be him!,negative
patna zoo to zoo to sell to sell nesting sell nesting boxes nesting boxes for,neutral
,neutral
.thanks so much so much for much for the for the rt,positive
rich get skewered,neutral
don't think i'm think i'm pretty i'm pretty enough pretty enough unhappy,negative
i honestly think honestly think that think that their that their just their just trying just trying to trying to get to get rid get rid of rid of me of me and me and make and make a make a mockery a mockery out mockery out of out of me of me in me in my in my town my town because town because i because i just i just wont just wont admit wont admit it. admit it. unhappy,negative
thanks for the for the recent the recent follow recent follow happy follow happy to happy to connect to connect happy connect happy have happy have a have a great a great thursday. great thursday. want thursday. want this,positive
koalas are dying are dying of dying of thirst of thirst and thirst and it's and it's all it's all because all because of because of us of us unhappy,negative
6 days in days in camp in camp haiss camp haiss miss haiss miss you miss you a you a lot a lot unhappy,negative
mine isn't. they isn't. they back they back jeremy back jeremy 100% jeremy 100% i'm 100% i'm pleased i'm pleased to pleased to say to say happy,positive
her back unhappy,negative
now have to have to learn to learn to learn to live to live without live without that without that flashing that flashing red flashing red light.,neutral
teaser coming out coming out today out today at today at 4pm!story,positive
failed unhappy .g unhappy .g hehe,negative
co-founder of and of and i'll and i'll be i'll be moderating be moderating tonights moderating tonights tweetchat. tonights tweetchat. happy,positive
why extradition could extradition could take could take ages.,neutral
yeah i am i am unhappy am unhappy thank unhappy thank you thank you so you so much so much my much my angel,negative
ill be at be at work at work just work just a just a second a second come second come on come on unhappy,negative
us gives a gives a scare,neutral
isn't it? smile it? smile britain smile britain co,positive
random winner :d winner :d retweet :d retweet and retweet and like and like to like to be to be able be able to able to win to win happy,positive
the anniversary of anniversary of josh's of josh's death josh's death unhappy,negative
nothing could be could be better be better happy,positive
edappadi wins vote wins vote of vote of confidence of confidence in confidence in by in by 122 by 122 votes 122 votes for,neutral
oooh! the shame,neutral
i only just only just absorbed just absorbed that absorbed that i'm that i'm not i'm not going not going to going to get to get to get to laugh to laugh when laugh when he when he gets he gets 2000 gets 2000 votes. 2000 votes. unhappy,negative
dude i just i just want just want more want more sleep more sleep unhappy,negative
and this tweet this tweet made tweet made me made me cry!! me cry!! crying,negative
very cool! happy cool! happy surrounds happy surrounds you surrounds you for you for a for a full a full recovery.,positive
man its been its been about been about 2hrs about 2hrs since 2hrs since their since their vlive...its their vlive...its nearly vlive...its nearly over nearly over for over for sydney for sydney ppl... sydney ppl... unhappy ppl... unhappy goes unhappy goes so goes so quick so quick so quick so appreciate so appreciate every appreciate every second!!,negative
,neutral
after that i that i was i was charged was charged because charged because of because of the of the driver the driver happy driver happy after happy after waiting after waiting in waiting in the in the sun the sun for sun for 10 for 10 minutes! 10 minutes! ten!,positive
hellooo happy jackatkinson happy jackatkinson (jackat13),positive
i cried so cried so much,negative
bsp leader shot leader shot dead shot dead late dead late last late last night,neutral
centre moves against moves against supreme against supreme court supreme court verdict court verdict lifting verdict lifting shield.,neutral
buy or do or do anything do anything that anything that supports that supports canada supports canada until,negative
sociopath full raid full raid gear raid gear sad,negative
well that's my that's my weekend my weekend viewing weekend viewing plans viewing plans changed! plans changed! unhappy,negative
not in the in the tweet the tweet i tweet i ve i ve meant ve meant the meant the article the article itself article itself happy,positive
why renamed places renamed places in,neutral
i used to used to like to like my like my neighbours,positive
when you have you have to have to do to do things do things like things like this like this happy,positive
made dinner for dinner for two for two tonight two tonight happy,positive
i feel so feel so awful so awful today awful today unhappy today unhappy i unhappy i don't i don't want don't want to want to go to go to go to my to my internship,negative
farooq abdullah wins abdullah wins seat wins seat -- seat -- with -- with just with just 4% just 4% of 4% of total of total votes.,neutral
,neutral
i'd rather be rather be sailor be sailor uranus sailor uranus but uranus but chibiusa but chibiusa but chibiusa but if but if thats if thats everyone thats everyone says everyone says i says i am i am unhappy am unhappy rip,negative
when i'm enlisting i'm enlisting can enlisting can please can please turn please turn up turn up like up like this like this unhappy,negative
used up a up a month's a month's worth month's worth at worth at laugharne at laugharne weekend laugharne weekend sad weekend sad (no sad (no wi-fi (no wi-fi in wi-fi in small in small carmarthenshire small carmarthenshire towns,negative
q2 i'm not i'm not an not an mh an mh healthcare mh healthcare professional. healthcare professional. as professional. as much as much as much as i as i want i want to want to help to help i'm help i'm scared i'm scared to scared to death to death i death i might i might make might make the make the situation,negative
get well really well really soon really soon jack soon jack unhappy,negative
,positive
a lot of lot of games of games this games this month? this month? :d,positive
a tale of tale of to of to prime to prime ministers,neutral
,neutral
paddy fields could fields could be could be to be to blame.,neutral
i really want really want one want one of one of those of those iconic those iconic jimin iconic jimin stripes jimin stripes turtleneck stripes turtleneck shirt turtleneck shirt unhappy,negative
i wish i wish i could i could say could say the say the gangs the gangs all gangs all here all here but here but daniel's but daniel's not daniel's not in not in this in this picture. this picture. unhappy picture. unhappy rantoul unhappy rantoul twp rantoul twp high,negative
i'm scared unhappy scared unhappy i unhappy i mean. i mean. why mean. why the why the heck the heck did heck did i did i decide i decide to decide to do to do laundry do laundry at laundry at 7:30 at 7:30 pm? 7:30 pm? what pm? what is what is wrong is wrong with wrong with me. with me. did me. did i did i mention i mention how mention how dark how dark it dark it is. it is. fml,negative
my views have views have gone have gone done gone done by done by about by about 100 about 100 monthly 100 monthly unhappy,negative
yg should have should have sent have sent them sent them to them to mcd. to mcd. i mcd. i want i want to want to see to see them see them holding them holding the holding the trophy the trophy unhappy trophy unhappy anyways,negative
wow whattay decision whattay decision both decision both parties both parties celebrating parties celebrating :d,positive
i miss you miss you crying,negative
court directs bsf directs bsf to bsf to allow to allow trooper allow trooper tej trooper tej bahadur's tej bahadur's wife bahadur's wife to wife to meet to meet him,neutral
kp nayar on nayar on why on why discrediting why discrediting military discrediting military justice military justice system justice system will system will not will not help not help case.,neutral
golly gosh. this gosh. this is this is simply is simply dreadful simply dreadful what dreadful what havoc what havoc must havoc must be must be wreaking be wreaking subsurface? wreaking subsurface? black subsurface? black salve black salve won't,negative
kiera's quest: awakenings quest: awakenings (kiera's awakenings (kiera's quest (kiera's quest book quest book 1),positive
unhappy they look they look dead,negative
,positive
did the supreme the supreme court supreme court chicken court chicken out chicken out while out while deciding while deciding on,neutral
supreme court asks court asks justice asks justice karnan justice karnan to karnan to explain to explain why explain why he why he should he should not should not face not face proceedings.,neutral
i face swapped face swapped a swapped a cat a cat with cat with a with a dog a dog and dog and it's and it's really it's really upsetting really upsetting unhappy,negative
bjp stuns with stuns with ugc with ugc letter ugc letter a letter a forgery,neutral
swapan dasgupta on dasgupta on how on how elections how elections have elections have dashed have dashed hopes dashed hopes that hopes that would that would weaken.,neutral
and more. also more. also in also in epaper.,neutral
but like how like how long how long is long is a is a while?! a while?! i while?! i didn't i didn't want didn't want him want him to him to be to be back be back but back but he but he puts he puts me puts me in me in such in such a such a good a good mood good mood so mood so i so i don't i don't want don't want him,negative
thanks for the for the recent the recent follow recent follow happy follow happy to happy to connect to connect happy connect happy have happy have a have a great a great thursday.,positive
5% on rs on rs 25000-50000,neutral
doctors split over split over bengal over bengal bill. bengal bill. and bill. and more,neutral
wow unhappy people unhappy people are people are so are so mean,negative
i really need really need to need to build to build it build it unhappy,negative
my braces hurt braces hurt unhappy,negative
63% voter turnout voter turnout in turnout in phase in phase 1 phase 1 of,neutral
,neutral
thanks for being for being top being top engaged top engaged community engaged community members community members this members this week this week happy week happy want happy want this,positive
thanks for the for the recent the recent follow recent follow happy follow happy to happy to connect to connect happy connect happy have happy have a have a great a great thursday.,positive
definitely my arms my arms unhappy,negative
and more. also more. also in also in epaper.,neutral
i have a have a goal a goal today goal today happy today happy i%27m happy i%27m going i%27m going to going to accomplish to accomplish it,positive
delhi airport drops airport drops after drops after glitches,neutral
just let is let is know is know when know when you'd when you'd like you'd like one like one happy,positive
fm departing from departing from north from north block north block to block to and to and parliament and parliament house,neutral
new era of era of amity of amity : amity : h,neutral
crpf getting to getting to take to take on take on planted on planted by,neutral
nothing could be could be better be better happy,positive
it just proves just proves me proves me wrong me wrong in wrong in a in a matter a matter of matter of days of days happy days happy fuck happy fuck my fuck my life my life happy life happy )),positive
sc summons home summons home secretaries home secretaries of secretaries of west of west bengal,neutral
space for debate for debate and debate and dissent and dissent continues dissent continues to continues to shrink.,neutral
i miss you miss you unhappy,negative
realized i havent i havent eaten havent eaten rice eaten rice maghapon rice maghapon because maghapon because i because i finished i finished 3 finished 3 packs 3 packs of packs of spicy of spicy seafood spicy seafood noodles seafood noodles + noodles + to + to extra to extra big extra big chilimansi big chilimansi :(acid chilimansi :(acid attack :(acid attack right attack right now,negative
,neutral
a year ago year ago today ago today is today is the is the last the last time last time sakho time sakho played sakho played for played for us for us unhappy,negative
never wanted cows wanted cows to cows to become to become a become a burden a burden on burden on farmers,neutral
the hindu undercurrent hindu undercurrent that undercurrent that led that led to led to surge. to surge. my surge. my story my story from story from feb.,neutral
instant message so message so jealous so jealous okay jealous okay unhappy okay unhappy but unhappy but never but never mind never mind haha mind haha bruno haha bruno can bruno can wait can wait finals wait finals first,negative
bengal's advocate-general jayanta advocate-general jayanta mitra jayanta mitra resigns mitra resigns over resigns over difference over difference of difference of opinion of opinion with opinion with state with state government.,neutral
,positive
ram madhav tells,neutral
when will 2ne1 will 2ne1 reunite 2ne1 reunite unhappy,negative
biggest problem for problem for paper for paper books paper books is books is storage is storage unhappy,negative
the has to has to re-invent to re-invent itself,neutral
i just watched just watched this watched this kid this kid from kid from produce from produce 101 produce 101 who 101 who performed who performed chewing performed chewing gum chewing gum omoo gum omoo poor omoo poor kid poor kid bless kid bless his bless his soul his soul unhappy,negative
cash cloak for cloak for parties,neutral
hi! we tried we tried to tried to call to call your call your number your number but number but got but got no got no response no response unhappy response unhappy please unhappy please share please share another share another suitable another suitable time suitable time and time and an and an alternate an alternate number.. alternate number.. cont1,negative
(leads/trends) 05/70 bjp: 05/70 bjp: 3 bjp: 3 cong: 3 cong: to cong: to others: to others: 0,neutral
giving away all away all these all these souvenirs these souvenirs to souvenirs to 5 to 5 lucky 5 lucky winners!to lucky winners!to enter: winners!to enter: follow enter: follow + follow + rtrolling + rtrolling winners rtrolling winners in winners in 48 in 48 hold 48 hold on,positive
i congratulate shri. congratulate shri. narendra shri. narendra modi narendra modi and modi and the and the bjp the bjp on bjp on their on their victory their victory in victory in uttar in uttar pradesh uttar pradesh uttarakhand,neutral
,positive
year old i old i am i am commenting am commenting on commenting on all on all the all the new the new ladylike new ladylike videos. ladylike videos. trust videos. trust me. trust me. not me. not a not a troll,positive
who in drive in drive to drive to check to check errors.,neutral
,neutral
says manini chatterjee.,neutral
those nights you're nights you're sad you're sad in sad in real in real life real life and life and cant and cant sleep cant sleep unhappy,negative
private fear plan fear plan to plan to monitor to monitor functioning monitor functioning will functioning will give will give local give local leaders local leaders a leaders a death a death grip.,neutral
here's the full the full art full art for art for both for both glyph both glyph keeper glyph keeper and keeper and his and his mummy his mummy token. mummy token. for token. for those for those interested those interested they interested they will they will be will be hitting be hitting ebay hitting ebay tonig,positive
others launch drive launch drive against drive against fake against fake news fake news in news in france,neutral
thanks for the for the recent the recent follow. recent follow. much follow. much appreciated much appreciated happy appreciated happy want happy want this want this ?,positive
but i want i want unhappy want unhappy that unhappy that looks that looks so looks so yummy so yummy hehehe.,negative
can you say you say hi say hi mekisha? hi mekisha? unhappy,negative
i miss them miss them unhappy,negative
you're so rude so rude unhappy,negative
share the love the love you're love you're top you're top engaged top engaged community engaged community members community members this members this week! this week! much week! much appreciated much appreciated happy,positive
as she opts she opts for opts for over,neutral
bengalis get their get their local their local again,neutral
damn it isn't it isn't available isn't available here available here unhappy,negative
i thought mountain thought mountain dew mountain dew in dew in australia in australia had australia had no had no caffeine no caffeine and caffeine and it and it was it was the was the little the little energy little energy drink energy drink cans drink cans were cans were caffeinated were caffeinated i caffeinated i will i will never will never sleep never sleep again sleep again unhappy,negative
why the pm the pm may pm may hang may hang out,neutral
you know what know what really what really upsets really upsets me? upsets me? when me? when a when a stranger a stranger on stranger on the on the internet the internet isn't internet isn't satisfied isn't satisfied with satisfied with the with the entertainment the entertainment i entertainment i provide i provide him provide him for,negative
government cannot make cannot make mandatory make mandatory for mandatory for extending for extending benefits extending benefits of benefits of its of its welfare its welfare schemes:,neutral
senior snaps are snaps are starting are starting to starting to get to get so get so senti so senti aw senti aw unhappy,negative
hopefully it should it should be should be ok be ok happy ok happy charts happy charts don't charts don't look don't look too look too bad too bad at bad at moment at moment but moment but depends but depends on depends on tides on tides directions,positive
in upright cop upright cop has cop has his has his son his son arrested.,neutral
an inspiration in inspiration in all in all aspects: all aspects: fashion,positive
you're welcome thomas welcome thomas happy thomas happy kim,positive
i work so work so much so much better much better there better there unhappy,negative
jae celebrating with celebrating with sheena with sheena easton sheena easton after easton after the after the triumphant the triumphant opening triumphant opening night opening night of night of 42nd of 42nd street 42nd street in street in the in the west the west end! west end! happy,positive
jaitley as a as a finance a finance minister,neutral
another great song great song have song have a have a listen. a listen. its listen. its good! its good! you good! you may you may well may well like well like it like it happy,positive
has agreed to agreed to teach to teach the teach the ropes?,neutral
hi ishwar! that's ishwar! that's not that's not the not the experience the experience we experience we want we want you want you to you to have to have unhappy have unhappy we unhappy we will we will call will call you call you for you for more for more details more details and details and sort and sort it sort it out! it out! - out! - roshan,negative
115 crore in crore in the in the same the same period same period a period a year a year ago.,neutral
keep smiling happy,positive
get a dog. a dog. :d,positive
this is great is great happy,positive
[thinks about how about how tfp how tfp soundwave tfp soundwave is soundwave is forever is forever trapped forever trapped in trapped in the in the void the void realm] void realm] unhappy,negative
yogendra yadav on yadav on the on the future the future of future of india of india under india under why under why get why get it get it wrong,neutral
how much? i much? i cant i cant seem cant seem to seem to deathmatch to deathmatch you deathmatch you unhappy,negative
it's just got just got 3 got 3 years 3 years longer years longer unhappy,negative
that might have might have cost have cost you cost you $3 you $3 a $3 a month!!!! a month!!!! happy,positive
yay another art another art raffle! art raffle! everything raffle! everything you everything you need you need to need to know to know is know is in is in the in the picture the picture :d,positive
who's selling an selling an army an army bomb army bomb ver bomb ver 2??? ver 2??? meet 2??? meet up meet up on up on sad,negative
i miss london miss london already london already unhappy,negative
have a blast a blast okay. blast okay. love okay. love you!,negative
congress wins 77 wins 77 seats 77 seats in seats in 117-member in 117-member assembly,neutral
artist of the of the line the line of line of no of no control.,neutral
taking up gatka,neutral
,positive
does anybody out anybody out there out there need there need any need any motion any motion design motion design or design or animation or animation help? animation help? if help? if so if so i so i am i am available am available happy,positive
when commandos get commandos get homesick,neutral
hijacked indian dhow indian dhow al-kausar dhow al-kausar released,neutral
,neutral
how prime minister prime minister made minister made himself made himself the himself the man the man to man to beat to beat in,neutral
i wish i wish i was i was meeting was meeting oa meeting oa again oa again unhappy,negative
i'll keep you keep you awake you awake happy,positive
i'm a joke a joke unhappy,negative
we just reply just reply to reply to his to his tweets?? his tweets?? like tweets?? like all like all his all his other his other followers other followers do.....this followers do.....this is do.....this is pointless,positive
he didn't play didn't play for play for a for a year,positive
india's production grew production grew by grew by 2.7% by 2.7% in 2.7% in january.,neutral
envoys upset by upset by silence by silence of silence of and,neutral
helloo :d braids! :d braids! (keyrazygirl15),positive
india plans to plans to deport to deport refugees.,neutral
,positive
playoffs rematch complete! rematch complete! feels complete! feels good feels good going good going to going to worlds to worlds again worlds again :d,positive
,positive
cm to prove to prove majority prove majority in majority in assembly in assembly today.,neutral
,neutral
will check it check it happy,positive
i released a released a new a new video new video about video about game about game genres.rts game genres.rts are genres.rts are super are super appreciated super appreciated happy,positive
resistance to in to in trumpland in trumpland is trumpland is nothing is nothing citizenry nothing citizenry can citizenry can yet can yet match.,neutral
have a great a great thursday! great thursday! looking thursday! looking forward looking forward to forward to reading to reading your reading your tweets your tweets happy tweets happy (want happy (want this? (want this? it's this? it's free!,positive
and mag refer mag refer kana refer kana rin kana rin sakanila rin sakanila nice sakanila nice game,positive
this is damn.... is damn.... theres damn.... theres people theres people who people who sincerely who sincerely want sincerely want to want to attend to attend bh attend bh birthday bh birthday party birthday party but party but bcs but bcs of bcs of those of those people those people who people who try who try for try for fun for fun make fun make them make them ca,negative
gen secy calls secy calls on calls on governor on governor ch governor ch vidyasagar ch vidyasagar rao,neutral
definitely my arms my arms unhappy,negative
,negative
another mp joins mp joins camp,neutral
india readies $5bn readies $5bn credit $5bn credit line credit line for line for as for as backup.,neutral
trump's order has order has parallel has parallel in parallel in citizenship in citizenship bill.,neutral
i miss you miss you levi you levi unhappy,negative
sorry guys unhappy,negative
colleges --for a --for a healthy,neutral
610 crore as crore as against as against rs against rs 1,neutral
jewish nobel for nobel for little for little stars,neutral
supreme court orders court orders attachment orders attachment of attachment of rs of rs 39,neutral
supreme court grants court grants bail grants bail to bail to scam to scam accused scam accused estranged accused estranged wife estranged wife of wife of former of former union former union minister union minister matang minister matang sinh.,neutral
why grabbing footpaths grabbing footpaths is footpaths is good is good business good business for business for everyone for everyone (except everyone (except pedestrians).,neutral
the agitation is agitation is delayed is delayed by delayed by 15 by 15 days. 15 days. the days. the trouble the trouble will trouble will soon will soon come..,neutral
i miss jamie miss jamie boy jamie boy and boy and we're and we're both we're both sick both sick unhappy,negative
a friend who friend who would who would like would like a like a brand a brand new brand new strapback new strapback hats strapback hats only hats only 14.99 only 14.99 at,positive
economic blockade won't blockade won't impact won't impact process,neutral
and more. also more. also in also in epaper.,neutral
thats how it how it sounds it sounds like sounds like at like at superbooth at superbooth happy,positive
new second home second home coming home coming soon! coming soon! :d,positive
vocal coach ig coach ig post:,positive
whaaaaaaaat!!! you and you and unhappy,negative
uttar pradesh (leads/trends) pradesh (leads/trends) 103/for03 (leads/trends) 103/for03 55 103/for03 55 26 55 26 18 26 18 others 18 others for,neutral
mukul kesavan on kesavan on how on how justifies how justifies even justifies even though even though it though it controls it controls the controls the machinery the machinery of machinery of the of the state.,neutral
,negative
share the love: the love: thanks love: thanks for thanks for being for being top being top new top new followers new followers this followers this week this week happy,positive
,neutral
after law to law to check to check private check private hospitals,neutral
payments bank to bank to offer to offer 4.5% offer 4.5% on 4.5% on deposits on deposits up deposits up to up to rs25000,neutral
hows the quintly the quintly trial quintly trial happy trial happy ?,positive
owner told me told me about me about it about it (as it (as in (as in article) in article) smile,positive
full year projected year projected at projected at 7.1%.,neutral
me too...i won't too...i won't miss won't miss the miss the hgvs the hgvs going hgvs going past going past our past our house our house though. house though. it though. it was it was a was a nice a nice looking nice looking building looking building - building - had - had initiall,negative
u.s. attorney preet attorney preet bharara preet bharara is bharara is fired is fired after fired after refusing after refusing to refusing to quit. to quit. more quit. more here:,neutral
gourmet chocolates are chocolates are special are special and special and should and should be should be reserved be reserved for reserved for special for special occasions. special occasions. plain occasions. plain mms,positive
if development means development means filling means filling up filling up it up it also it also means also means death means death of,neutral
the offer still offer still going still going happy,positive
thank you happy,positive
cong forced to forced to adjournments to adjournments in adjournments in pre-noon in pre-noon session pre-noon session over session over alleged over alleged misuse alleged misuse of misuse of ed of ed and ed and cbi and cbi against cbi against opposition against opposition chief opposition chief ministers.,neutral
us clash over clash over immigration; over immigration; puts immigration; puts india puts india on india on hold.,neutral
to visit today visit today for today for the for the 1st the 1st time 1st time after time after taking after taking oath taking oath as oath as up as up cm,neutral
spending time with time with dogs with dogs or dogs or other or other animals other animals is animals is great is great at great at helping at helping you helping you to you to relax to relax and relax and de-stress. and de-stress. great de-stress. great idea great idea happy,positive
i'm aborting mission aborting mission now mission now have now have a have a nice a nice day nice day though day though x,negative
lunchtime with flinthook! with flinthook! this flinthook! this game this game has game has so has so much so much personality much personality :d,positive
in 7 days: 7 days: the days: the bjp's the bjp's 'good bjp's 'good dynastic 'good dynastic parties,neutral
i woke up woke up at up at 4:17,negative
a peek into peek into fir into fir against fir against leaders against leaders in leaders in case.,neutral
i was a was a mess. a mess. i mess. i went i went to went to bed to bed feeling bed feeling numb feeling numb it numb it was it was awful was awful unhappy,negative
the displayport to displayport to hdmi to hdmi turned hdmi turned up turned up so up so we so we back we back on back on to on to screens to screens o/ screens o/ 5 o/ 5 days 5 days to days to get to get the get the dual the dual pc dual pc stream pc stream setup stream setup sorted setup sorted (lol) sorted (lol) :d,positive
good luck happy,positive
leaving out has out has weakened has weakened travel weakened travel ban travel ban order ban order for order for muslims,neutral
shoutout to for to for the for the donation. the donation. looks donation. looks like looks like i'm like i'm streaming i'm streaming some streaming some stanley some stanley parable stanley parable later parable later happy,positive
i miss my miss my boo my boo so boo so much so much unhappy,negative
raj bhavan denies bhavan denies reports denies reports of reports of calling of calling any calling any party any party to party to form to form the form the government.,neutral
- top engaged top engaged members engaged members this members this week this week happy,positive
i hate people hate people who people who steal who steal my steal my ideas,positive
oh well never well never liked never liked clay liked clay anyway clay anyway unhappy,negative
and you were you were there were there happy,positive
much appreciated happy appreciated happy want happy want it,positive
myth is a is a good a good team,positive
but the dub the dub is dub is what is what i what i watch i watch for watch for pokemon for pokemon unhappy,negative
there's always shit always shit like shit like this. like this. there's this. there's always there's always people always people who people who are who are less are less deserving less deserving getting deserving getting tickets,negative
only pure evil pure evil people evil people unhappy,negative
ministers of pmln of pmln are pmln are happy are happy like happy like those like those students those students who students who never who never studied never studied for studied for exams for exams luckily exams luckily exams luckily exams got exams got delayed. got delayed. they'll delayed. they'll still they'll still ha,positive
a dhoni fan's dhoni fan's tenacity,neutral
bypassing highway ban,neutral
india invokes emergency invokes emergency clause emergency clause to clause to end to end in end in pricing.,neutral
thanks for the for the recent the recent follow recent follow happy follow happy to happy to connect to connect happy connect happy have happy have a have a great a great thursday.,positive
i want to want to explode to explode like explode like a like a grenade a grenade to grenade to the to the point the point where point where people where people will people will die will die with die with me. with me. sad,negative
jyoust a reminder... a reminder... thank reminder... thank you thank you for you for this for this happy,positive
nationalist trend spreads-- trend spreads-- tightens spreads-- tightens rules tightens rules to rules to shield to shield local shield local jobs local jobs (and jobs (and keep (and keep out keep out indians).,neutral
,negative
,neutral
thanks for the for the recent the recent follow recent follow happy follow happy to happy to connect to connect happy connect happy have happy have a have a great a great thursday.,positive
u guys are guys are not are not noticing not noticing me noticing me unhappy,negative
keep being you,positive
flash - ghouse - ghouse mohammad ghouse mohammad khan,neutral
great groove to groove to this to this tune this tune by tune by and by and .. and .. thinking .. thinking in thinking in rewind,positive
,neutral
,neutral
ehh i cant i cant dm cant dm you dm you unhappy,negative
chewing in govt in govt offices,neutral
bells gone to gone to daddies to daddies for daddies for to for to days. to days. work days. work work work work work work work for work for me for me unhappy,negative
who is the is the prime the prime minster prime minster of minster of pakistan of pakistan ? pakistan ? nawaz ? nawaz sharif nawaz sharif hahahahah sharif hahahahah happy hahahahah happy sorryuncle,positive
did ate jenna ate jenna just jenna just blocked just blocked me blocked me or me or what? or what? unhappy,negative
in case for case for costs for costs ngo costs ngo a ngo a contract a contract for contract for soup for soup kitchens.,neutral
in unofficial ban unofficial ban on ban on dubbed on dubbed movies dubbed movies is movies is challenged is challenged by,neutral
the process of process of social of social change social change is change is seldom is seldom linear seldom linear or linear or pretty,neutral
mom please stop please stop making stop making cookies,negative
nothing could be could be better be better happy,positive
love them! can them! can i can i get i get some? get some? smile,positive
anti-terror operation in operation in lucknow's in lucknow's outskirts lucknow's outskirts ends,neutral
wowwow these are these are all are all so all so cute so cute unhappy cute unhappy i unhappy i wantt,negative
a key minister key minister who minister who comments who comments freely,neutral
ips officer on officer on frame-up,neutral
will return to return to lake to lake next lake next winter?,neutral
presumably mlas' support mlas' support list,neutral
thanks for the for the recent the recent follow recent follow happy follow happy to happy to connect to connect happy connect happy have happy have a have a great a great thursday. great thursday. want thursday. want this,positive
a blaze puts blaze puts the puts the spotlight the spotlight on spotlight on grand on grand pieces grand pieces of pieces of history of history that history that lurk that lurk in lurk in lanes.,neutral
who wants some wants some good some good vibes? good vibes? watch vibes? watch this watch this on this on youtube on youtube or youtube or tv100 or tv100 application tv100 application now application now for now for free for free happy,positive
andhra govt to govt to turn to turn a turn a into a into a into a museum.,neutral
=thumbnail uhc= this uhc= this is this is my is my best my best render best render ever render ever :dand ever :dand favs :dand favs are favs are appreciated are appreciated brosopinios appreciated brosopinios ?,positive
thanks by has by has notice has notice of notice of me of me greetings me greetings : greetings : jossetted'hermanni,positive
he was talking was talking with talking with the with the girl the girl behind girl behind jin behind jin unhappy,negative
looks awesome annette,negative
your an inspiration an inspiration to inspiration to everyone to everyone miss everyone miss jones miss jones happy,positive
haven't played fm played fm in fm in a in a long a long time. long time. i time. i really i really should. really should. unhappy,negative
,neutral
2010 week 11,negative
thanks for the for the recent the recent follow recent follow happy follow happy to happy to connect to connect happy connect happy have happy have a have a great a great thursday. great thursday. want thursday. want this,positive
awesome! makes a makes a good a good nurse good nurse maid,positive
i want to want to be to be cuddled be cuddled up cuddled up having up having someone having someone do someone do that do that little that little back little back trace back trace thing trace thing to thing to put to put me put me to me to sleep to sleep unhappy,negative
happy birthday sweet birthday sweet sweet sweet sweet girl! sweet girl! i girl! i hope i hope you hope you have you have the have the best the best day best day ever! day ever! love ever! love and love and miss and miss you miss you so you so much so much unhappy,negative
i'm one year one year younger year younger to younger to one to one year one year elder year elder to elder to in,neutral
mutual: let's talk let's talk more!me: talk more!me: for more!me: for sure!mutual: for sure!mutual: happy sure!mutual: happy me:,positive
they are family. are family. it's family. it's awful it's awful when awful when they when they go. they go. sorry go. sorry to sorry to hear. to hear. unhappy,negative
all! i'm roy i'm roy dahildahil,positive
extends offer in offer in mobile in mobile battle,neutral
go to five to five below. five below. you below. you can you can get can get a get a decent a decent protective decent protective case protective case that's case that's cute that's cute for cute for 5 for 5 bucks 5 bucks happy bucks happy it's happy it's where it's where i where i got i got mi,positive
a giraffe spurns giraffe spurns its spurns its calf,neutral
right i don%27t i don%27t see don%27t see how see how people how people can people can just can just do just do shit do shit like shit like this,negative
match referee and referee and umpires and umpires went umpires went by went by the by the book,neutral
superstar thanks so thanks so much so much for much for the for the kind the kind words! kind words! look words! look forward look forward to forward to seeing to seeing you seeing you soon you soon buddy soon buddy smile,positive
zac farro is farro is back is back by back by the by the way the way hehehe way hehehe so hehehe so sad so sad jeremy sad jeremy is jeremy is not is not unhappy,negative
this is damn.... is damn.... theres damn.... theres people theres people who people who sincerely who sincerely want sincerely want to want to attend to attend bh attend bh birthday bh birthday party birthday party but party but bcs but bcs of bcs of those of those people those people who people who try who try for try for fun for fun make fun make them make them ca,negative
spurned by mom,neutral
hyoug me longer me longer than longer than 10 than 10 secs. 10 secs. hyoug secs. hyoug me hyoug me even me even when even when i when i don%27t i don%27t want don%27t want you want you to you to unhappy,negative
i love them love them with them with all with all my all my hort my hort unhappy,negative
has it all,neutral
when will you will you notice you notice me? notice me? unhappy,negative
i always knew always knew you knew you woyould you woyould like woyould like this like this one this one better one better :d better :d hahaha.,positive
so sorry i sorry i havent i havent been havent been checking been checking my checking my tweets my tweets unhappy tweets unhappy we unhappy we are we are all are all here all here for here for you!,negative
army blocks key blocks key highway. key highway. and highway. and civilians and civilians are civilians are suffering.,neutral
going to see to see what's see what's about what's about and about and speak and speak to speak to people to people that people that live that live near live near to near to me to me and me and see and see what see what they what they use they use happy,positive
in lawmakers jump lawmakers jump ship,neutral
it's just a just a cut a cut during cut during one during one of one of my of my kitchen my kitchen experiments kitchen experiments happy,positive
us visa worries,neutral
aww i was i was trying was trying to trying to cheer to cheer you cheer you up you up unhappy,negative
orders sale of sale of slice.,neutral
can a man a man equated man equated with equated with the with the great the great leap great leap backwards leap backwards talk backwards talk of talk of asks of asks mukul asks mukul kesavan.,neutral
kp nayar on nayar on why on why failure why failure to failure to repeal to repeal is repeal is a is a wake-up a wake-up call wake-up call for call for him.,neutral
peacefully sitting here sitting here reading here reading my reading my book my book after book after work,negative
,positive
now i need i need a need a different a different pinned different pinned tweet pinned tweet unhappy,negative
and more. also more. also in also in epaper.,neutral
if you really you really want really want to want to dye to dye it dye it don't it don't go don't go lighter,negative
pfft- crying with crying with joy with joy oh.. joy oh.. i oh.. i hope i hope year hope year oldu're year oldu're okay,positive
a love story,neutral
march 20. plus 20. plus 15 plus 15 days. 15 days. equals...,neutral
crying we're getting we're getting vm getting vm soon vm soon wooo,negative
thanks for the for the recent the recent follow recent follow happy follow happy to happy to connect to connect happy connect happy have happy have a have a great a great thursday. great thursday. want thursday. want this,positive
former minister ka minister ka senkottaiyan ka senkottaiyan replaces senkottaiyan replaces madusudanan replaces madusudanan as madusudanan as presidium as presidium chairman,neutral
how unhappy some unhappy some dogs some dogs like dogs like it like it though,negative
check on hospitals,neutral
and i can't i can't believe can't believe customer believe customer service customer service just service just goes,negative
keeps key unchanged-- key unchanged-- repo unchanged-- repo at repo at 6.25%,neutral
education rankings throw rankings throw up throw up surprises.,neutral
double digit has digit has been has been controlled; been controlled; sluggish controlled; sluggish growth sluggish growth replaced growth replaced by replaced by high by high growth; high growth; war growth; war on war on launched:,neutral
in sushil modi sushil modi lists modi lists property lists property chain.,neutral
if anyone needs anyone needs me needs me i'll me i'll be i'll be on be on my on my vent my vent unhappy,negative
,positive
at least it's least it's not it's not 80 not 80 cad 80 cad like cad like here like here unhappy here unhappy (90 unhappy (90 cad (90 cad with cad with quebec with quebec taxes),negative
haryana peasants demand peasants demand justice demand justice for justice for right for right to right to cattle to cattle trade.,neutral
in bjp could bjp could face could face backlash.,neutral
after bjp claims bjp claims voters claims voters have voters have risen have risen above,neutral
i know.. i know.. i really i really want really want his want his ranks his ranks to ranks to rise to rise a rise a lot a lot during lot during tmr's during tmr's episode tmr's episode but episode but seeing but seeing how seeing how many how many tweet many tweet about tweet about him.. about him.. unhappy,negative
that would be would be a be a great a great trick great trick happy,positive
,neutral
dm us happy us happy s,positive
rocks. next question next question - question - where - where is where is my is my astro my astro unhappy astro unhappy ?,negative
,negative
supreme court is court is told is told that told that people that people not people not being not being allowed being allowed to allowed to deposit to deposit notes deposit notes till notes till mar31 till mar31 as mar31 as promised,neutral
new video!stream montage video!stream montage - montage - we - we finally we finally unboxed finally unboxed a unboxed a spectrum a spectrum knife spectrum knife :)hope knife :)hope you :)hope you like you like it! like it! here:,positive
,positive
idea itself wrong,neutral
what results mean results mean for mean for others.,neutral
why will be will be a be a smooth a smooth affair smooth affair for affair for today,neutral
its not organicthey'll not organicthey'll shoehorn organicthey'll shoehorn it shoehorn it inbut it inbut plot inbut plot character plot character developmentmcu character developmentmcu netflix developmentmcu netflix has netflix has leswhat has leswhat support,negative
.thanks so much so much for much for the for the rt,positive
joy we should we should get should get him get him back,negative
dgp likely to likely to take to take final take final call.,neutral
i don't want don't want to want to tell to tell fellow tell fellow comm fellow comm students comm students because students because i because i don't i don't want don't want them want them to them to think to think i'm think i'm some i'm some kind some kind of kind of suck-up... of suck-up... unhappy,negative
it's hard to hard to imagine to imagine anyone imagine anyone but anyone but robin but robin unhappy robin unhappy but unhappy but still but still exciting still exciting nonetheless,negative
thank you happy,positive
,neutral
,neutral
message from governors from governors of governors of us of us states,neutral
before anyone else anyone else we else we ass we ass hole ass hole unhappy,negative
thanks for the for the recent the recent follow recent follow happy follow happy to happy to connect to connect happy connect happy have happy have a have a great a great thursday.,positive
note to self: to self: dont self: dont get dont get to get to attached to attached crying,negative
huhu so lucky so lucky unhappy,negative
fear of law's of law's provisions law's provisions may provisions may force may force in force in private in private to private to shun to shun critical shun critical cases.,neutral
,neutral
true! khilado kuch khilado kuch unhappy,negative
should have had have had farnell had farnell fursday farnell fursday isn%27t fursday isn%27t it isn%27t it happy it happy all happy all meet all meet up meet up at up at tax at tax and tax and pounds and pounds happy,positive
please talk to talk to me to me about me about nct about nct instant nct instant message instant message lonely message lonely i lonely i need i need to need to fangirl to fangirl once fangirl once in once in a in a while a while okay while okay crying,negative
who wants some wants some good some good vibes? good vibes? watch vibes? watch this watch this on this on youtube on youtube or youtube or tv100 or tv100 application tv100 application now application now for now for free for free happy,positive
why you could you could miss could miss your miss your flight your flight out flight out of out of bangalore,neutral
,neutral
the email i email i was i was hoping was hoping i'd hoping i'd get i'd get today,negative
that is super is super scary super scary unhappy,negative
they have a have a whole a whole japan whole japan tour japan tour ahead tour ahead of ahead of them.. of them.. one them.. one that one that will that will be will be quite be quite brutal quite brutal on brutal on their on their already their already tired already tired bodies. tired bodies. boys bodies. boys unhappy,negative
founders admit gmv admit gmv is gmv is vanity,neutral
piyush srivastava looks srivastava looks at looks at the at the stunning the stunning victory stunning victory in,neutral
,positive
work at 7 at 7 this 7 this morning this morning unhappy,negative
pil filed in filed in seeking in seeking to seeking to restrain to restrain swearing-in restrain swearing-in of swearing-in of as of as chief as chief minister chief minister tomorrow.,neutral
help me too me too unhappy too unhappy as unhappy as an as an early an early birthday early birthday gift birthday gift huhu,negative
rock fossils in fossils in have in have clue have clue to clue to on to on earth.,neutral
govt says reliance says reliance and reliance and have and have tendered have tendered apologies tendered apologies for apologies for using for using prime using prime minister's prime minister's picture minister's picture in picture in their in their ads their ads without ads without permission.,neutral
broadcaster says fly says fly away fly away reminds away reminds him reminds him of him of early of early happy,positive
we've invited 24 invited 24 people 24 people to people to propose to propose visions propose visions of visions of the of the future. the future. jom future. jom happy,positive
,neutral
there was more was more history more history around history around the around the than the than in than in it,neutral
helloo :d chammy :d chammy (shamirakay),positive
one year ago year ago today ago today unhappy,negative
bihar extension impacts extension impacts privacy impacts privacy rights,neutral
ugh i miss i miss my miss my baby my baby crying,negative
municipal in to in to be to be held be held on held on april on april 22: april 22: state 22: state election state election commission,neutral
nooo your hair your hair color hair color is color is pretty,negative
prince baekhyun.....throw me baekhyun.....throw me into me into the into the dungeon the dungeon please dungeon please i please i don't i don't deserve don't deserve to deserve to see to see your see your beautiful your beautiful face beautiful face unhappy,negative
update: i got i got in got in :d,positive
i wasn't saying wasn't saying i saying i read i read a read a book a book today,positive
india's supreme court supreme court shuts court shuts highway shuts highway booze highway booze hatch.,neutral
the effect: a effect: a batsman a batsman gets batsman gets booed gets booed for booed for scoring for scoring a scoring a century.,neutral
,neutral
must feel like feel like shit like shit when shit when men when men can men can stare can stare down stare down the down the barrel the barrel of barrel of a of a bong a bong as bong as they as they spend they spend their spend their kid's their kid's milk kid's milk money milk money unhappy,negative
but you were you were going were going to going to do to do it do it yesterday it yesterday unhappy,negative
,positive
,neutral
stephen's tests autonomy,neutral
no govt probe govt probe yet probe yet into yet into video into video on video on by on by army.,neutral
how calcutta's menace calcutta's menace was menace was born was born -- born -- and -- and is and is eating is eating up eating up all up all pavements all pavements and pavements and footpaths.,neutral
boss is shunted,neutral
my back hurts back hurts sad,negative
no one to one to be to be deprived be deprived of deprived of benefits of benefits for benefits for lack for lack of lack of benefits of benefits to benefits to continue to continue with continue with alternate with alternate means alternate means of means of identification:,neutral
a pm who pm who hangs who hangs out,neutral
tell us about us about happy,positive
my only one only one cat one cat yang cat yang manja yang manja sangat manja sangat and sangat and now and now someone now someone has someone has took has took him took him unhappy,negative
as if this if this process this process hasn't process hasn't been hasn't been frustrating been frustrating enough,negative
koalas are dying are dying of dying of thirst of thirst and thirst and it's and it's all it's all because all because of because of us of us unhappy,negative
another day! good day! good morning!! good morning!! it's morning!! it's april it's april 20,positive
i ordered car ordered car yesterday,negative
in stone-pelters miss stone-pelters miss mehbooba's miss mehbooba's brother mehbooba's brother but brother but he but he gets he gets the gets the message.,neutral
why can't risk can't risk the risk the slightest the slightest smile slightest smile today.,neutral
go away unhappy,negative
why is life is life so life so unfair? so unfair? unhappy,negative
i would say would say quite say quite a quite a lot...but a lot...but hey,positive
twist in case,neutral
malala's oxford entry,neutral
i miss jihoon miss jihoon sad,negative
trop retard sad,negative
we left it left it all it all unspoken,negative
pm and australian and australian pm australian pm at pm at temple,neutral
mutual: let's talk let's talk more!me: talk more!me: for more!me: for sure!mutual: for sure!mutual: happy sure!mutual: happy me:,positive
and more. also more. also in also in epaper.,neutral
supreme court ropes court ropes in ropes in former in former top former top auditor top auditor to auditor to run,neutral
mp sushmita dev's sushmita dev's plea dev's plea to plea to keep to keep out keep out of out of takes of takes wings takes wings online.,neutral
i check beautiful check beautiful news beautiful news every news every single every single day,positive
that would be would be a be a great a great trick great trick happy,positive
what the fuck the fuck don%27t fuck don%27t unhappy,negative
flash: after supreme after supreme court's supreme court's order,neutral
excited about event about event next event next week next week in week in bangalore! in bangalore! come bangalore! come happy,positive
thanks for the for the recent the recent follow. recent follow. much follow. much appreciated much appreciated happy appreciated happy want happy want this,positive
rbi keeps policy keeps policy rate policy rate unchanged rate unchanged at unchanged at 6.25%.,neutral
l reaches raj reaches raj bhavan raj bhavan in bhavan in to in to tender to tender resignation tender resignation as resignation as up as up cm,neutral
my moms leaving moms leaving today leaving today to today to go to go out go out of out of town of town and town and i and i already i already miss already miss her miss her unhappy,negative
amit chaudhuri on chaudhuri on and on and why and why it why it is it is hard is hard to hard to give to give up give up the up the experience the experience of experience of pleasurable of pleasurable pain.,neutral
gets for weeks for weeks to weeks to reply to reply in reply in case.,neutral
oh my god my god same! god same! we same! we should we should attend should attend on attend on some on some lessons some lessons together lessons together sometime together sometime just sometime just kidding just kidding hahah,negative
we bought a bought a 523 a 523 litre 523 litre fridge. litre fridge. i fridge. i am i am applying am applying for applying for cold for cold storage cold storage license storage license in license in bhayander in bhayander west bhayander west :d,positive
i face swapped face swapped a swapped a cat a cat with cat with a with a dog a dog and dog and it's and it's really it's really upsetting really upsetting unhappy,negative
don't like how like how jittery how jittery caffeine jittery caffeine makes caffeine makes me makes me sad,negative
,neutral
,neutral
perch on the on the peak,neutral
car sales recover sales recover from recover from in from in all in all regions all regions -- regions -- barring -- barring east barring east and,neutral
aap govt moves govt moves sc moves sc for sc for setting for setting up setting up 5-judge up 5-judge constitution 5-judge constitution bench constitution bench to bench to decide to decide the decide the appeal the appeal on appeal on hc on hc verdict hc verdict holding verdict holding lg holding lg as lg as delhi's as delhi's administ,neutral
navjot singh sidhu singh sidhu sworn sidhu sworn in sworn in as in as a as a cabinet a cabinet minister cabinet minister of minister of govt,neutral
a 'nationalist' cub 'nationalist' cub threatens cub threatens to threatens to cut to cut off cut off finger off finger of,neutral
trump on immigration,neutral
how scientists saved scientists saved orbiter saved orbiter from orbiter from death from death by death by eclipse.,neutral
,neutral
i miss you miss you more you more unhappy,negative
theres only one only one thing one thing i thing i want i want to want to change to change about change about you about you . you . your . your last your last name last name happy name happy aldubonly,positive
hi mahima! we mahima! we share we share your share your concern your concern unhappy concern unhappy please unhappy please dm please dm us dm us your us your contact your contact details contact details so details so that so that we that we can we can get can get in get in touch in touch for touch for a for a detailed.. a detailed.. cont1,negative
thanks for the for the recent the recent follow recent follow happy follow happy to happy to connect to connect happy connect happy have happy have a have a great a great thursday.,positive
i suppose they suppose they are they are waiting are waiting for waiting for you for you happy,positive
rolled into one.,neutral
my favourite lipstick favourite lipstick hilang lipstick hilang crying,negative
i want jabee want jabee crying,negative
our lovely lunch lovely lunch menu lunch menu is menu is sure is sure to sure to please! to please! smile,positive
,neutral
sharad wants gujarat wants gujarat cm gujarat cm arrested cm arrested for arrested for trying for trying to trying to push to push making push making meat making meat a meat a communal a communal issue.,neutral
a to tackle to tackle less tackle less wheat,neutral
in a bjp a bjp govt bjp govt with govt with faces.,neutral
don't do that do that unhappy,negative
even at $2.17m,neutral
we're you also you also at also at our at our signing our signing session signing session with session with qian with qian liu qian liu jared liu jared wright jared wright after wright after the after the last the last performance last performance of performance of onegin? of onegin? share onegin? share your,positive
definitely my arms my arms unhappy,negative
wish you were you were here were here smile,positive
my boyfriend mad boyfriend mad cute mad cute unhappy,negative
mystery over art,neutral
palaniswami wins trust wins trust vote trust vote in vote in with in with 122 with 122 mlas 122 mlas voting mlas voting for voting for his for his govt his govt after govt after a after a chaotic a chaotic day. chaotic day. earlier;,neutral
attacked in five in five arrested,neutral
sets 1 for 1 for 800,neutral
thanks for the for the recent the recent follow recent follow happy follow happy to happy to connect to connect happy connect happy have happy have a have a great a great thursday.,positive
mutual: let's talk let's talk more!me: talk more!me: for more!me: for sure!mutual: for sure!mutual: happy sure!mutual: happy me:,positive
rbi chief sees chief sees v sees v for v for growth for growth rate.,neutral
top bureaucrat is bureaucrat is innocent,neutral
got on my on my favorite my favorite boot favorite boot cut boot cut jeans cut jeans and jeans and roshe and roshe runs. roshe runs. no runs. no girl no girl is girl is safe is safe today. safe today. have today. have a have a blessed a blessed 4/20 blessed 4/20 all 4/20 all smile,positive
but no sign.,negative
imagine paying a paying a of a of rs500 of rs500 -- rs500 -- in -- in 1863.,neutral
i miss rockys miss rockys posts rockys posts unhappy,negative
good evening happy,positive
in 7days: secessionists,neutral
,neutral
i wanted $25 wanted $25 million $25 million and million and they and they were they were only were only offering only offering 24. offering 24. smile,positive
but court grants court grants him grants him bail.,neutral
unhappy how come how come people come people like people like this like this have this have children have children where's children where's the where's the state the state intervention,negative
you need a need a direct a direct coffee direct coffee feed coffee feed to feed to starbucks to starbucks happy,positive
2017 at 07:00am!! at 07:00am!! kamusta? 07:00am!! kamusta? don't kamusta? don't forget don't forget to forget to eat to eat your eat your breakfast your breakfast guys! breakfast guys! happy,positive
india versus australia versus australia is australia is holyfield is holyfield versus holyfield versus tyson,neutral
any updates about updates about the about the batch the batch 1 batch 1 of 1 of army of army bomb army bomb v2? bomb v2? happy,positive
hakyeon turns 27 turns 27 soon 27 soon oh soon oh my oh my god my god no god no he's no he's still he's still a still a baby a baby unhappy,negative
,positive
did some warm some warm up warm up sketches up sketches of sketches of some of some of some of my of my faves,negative
killed in airport in airport by airport by to by to women to women with women with poisoned with poisoned needles.,neutral
i just finished just finished gym,negative
let me know! me know! :-)(i'm know! :-)(i'm a :-)(i'm a champion!!!!!)elder a champion!!!!!)elder lenore champion!!!!!)elder lenore a. lenore a. artisministries...,positive
happy birthday nimesh!!! birthday nimesh!!! happy,positive
definitely my arms my arms unhappy,negative
so many cool many cool games cool games and games and updates and updates release updates release today. release today. happy,positive
after mass bunking,neutral
oh my god my god what god what the what the heck the heck i'm heck i'm so i'm so sorry! so sorry! this sorry! this was this was one was one of one of my of my favorites my favorites as favorites as well as well unhappy,negative
and more. also more. also in also in epaper.,neutral
cash lock on lock on jnu on jnu students jnu students and students and more. and more. also more. also in also in epaper.,neutral
hi instant message instant message your message your friend your friend friend friend friend lang,negative
lolo bin are bin are you are you fucking you fucking mental fucking mental screenshot mental screenshot :d screenshot :d haha,positive
does it have it have flip have flip out flip out scr,negative
thanks for the for the recent the recent follow recent follow happy follow happy to happy to connect to connect happy connect happy have happy have a have a great a great thursday.,positive
maybe i don't,positive
murder of pune of pune activist pune activist fuels activist fuels fears fuels fears against fears against revived against revived upa revived upa clause upa clause in clause in law.,neutral
,neutral
appeals people to people to vote,neutral
jaitley says likely says likely to likely to pick to pick up pick up further up further in further in coming in coming quarters.,neutral
tulips are my are my favorite my favorite unhappy,negative
shashank manohar quits manohar quits and quits and how!,neutral
tehmina janjua to janjua to be to be 1st be 1st woman 1st woman foreign woman foreign secretary.,neutral
and more. also more. also in also in epaper.,neutral
watch the live the live stream live stream of stream of fm of fm shri fm shri budget shri budget speech budget speech 2017-18 speech 2017-18 on 2017-18 on the on the link the link below,neutral
talking to my to my over my over driver over driver about driver about where about where i'm where i'm goinghe i'm goinghe said goinghe said he'd said he'd love he'd love to love to go to go to go to new to new york new york too york too but too but since but since trump since trump it's trump it's probably it's probably not,negative
her back unhappy,negative
'good things will things will happen,neutral
0 motivation to motivation to study to study unhappy,negative
all of the of the park the park areas park areas in areas in paris in paris are paris are marked are marked as marked as green as green on green on google on google maps,negative
scientists in calcutta in calcutta are calcutta are tracing are tracing the tracing the building the building blocks building blocks of blocks of in of in space,neutral
what texts are texts are you are you doing? you doing? happy doing? happy i've happy i've got i've got the got the same the same issue!,positive
won't allow barrages allow barrages on barrages on in on in name in name of name of says,neutral
,positive
but i can't,negative
the only appropriate only appropriate ones appropriate ones i ones i have i have unhappy,negative
to win draw win draw for draw for free for free download free download of download of for of for celebrate for celebrate with celebrate with us. with us. developed us. developed by developed by for,positive
i'm a building a building a building a llvm a llvm backend llvm backend so,negative
retweet this tweet this tweet if tweet if you if you want you want your want your to your to be to be included be included in included in the in the nhc the nhc scrapbook!! nhc scrapbook!! i'll scrapbook!! i'll be i'll be making be making something making something out something out of out of all of all of all of the of the usern,positive
court asks for asks for report for report on report on fracas,neutral
moral outrage cannot outrage cannot be cannot be the be the guide the guide when guide when things when things get things get messy,neutral
i really must really must go must go see go see power see power rangers power rangers again. rangers again. smile,positive
the telegraph published telegraph published today published today an today an article an article entitled article entitled french entitled french envoy french envoy bets envoy bets on bets on former on former colony former colony - colony - bonjour,neutral
administrators named for named for cricket for cricket body.,neutral
no stream tonight! stream tonight! throat tonight! throat is throat is killing is killing me. killing me. unhappy,negative
famous sa facebook,negative
hi mr. yen! mr. yen! will yen! will you will you be you be doing be doing any doing any signings any signings in signings in new in new york new york some york some day? some day? your day? your a your a great a great role great role model role model happy,positive
you'll be see,positive
i don't think don't think i'll think i'll be i'll be ever be ever to ever to edit to edit long edit long videos long videos here videos here unhappy here unhappy i'll unhappy i'll go i'll go try go try another try another editing another editing software,negative
no i'm waiting i'm waiting for waiting for jail for jail break jail break happy,positive
7-judge sc bench sc bench to bench to hear to hear plea hear plea of plea of madras of madras hc madras hc against hc against justice against justice order justice order staying order staying his staying his own his own transfer. own transfer. earlier:,neutral
dipankar dasgupta on dasgupta on and on and pitfalls and pitfalls of,neutral
y'all want me want me to me to choke to choke what'd choke what'd i what'd i do? i do? unhappy do? unhappy (,negative
but how about how about yours? about yours? unhappy,negative
sure is happy,positive
i'm very jealous very jealous of jealous of you of you all you all unhappy all unhappy please unhappy please go please go see go see 18:40 see 18:40 - 18:40 - green - green room green room on room on sat!,negative
definitely my arms my arms unhappy,negative
when your online your online crush online crush comes crush comes to comes to the to the meet-up the meet-up without meet-up without their without their snapchat their snapchat filter snapchat filter unhappy,negative
3 queens take queens take centrestage.,neutral
i miss temperance miss temperance brennan temperance brennan and brennan and seeley and seeley booth seeley booth so booth so much so much unhappy,negative
in few tears few tears for tears for father for father of father of 3 of 3 killed 3 killed by killed by stones.,neutral
cbi books 12 books 12 leaders 12 leaders in leaders in case.,neutral
sixth spot not spot not applicable not applicable team! applicable team! higher team! higher pa! higher pa! :)kisses pa! :)kisses thefashionicon,positive
do you want you want me want me to me to follow to follow you follow you back? you back? if back? if you if you do you do this do this tweet this tweet and tweet and i and i will. i will. happy will. happy only,positive
why the always the always meets always meets this meets this man this man when man when he when he visits he visits eastern visits eastern india.,neutral
i seriously thought seriously thought that thought that coldplay that coldplay was coldplay was going was going to going to be to be band be band like band like depeche like depeche mode depeche mode or mode or u2,negative
and more. also more. also in also in epaper.,neutral
kids versus legends versus legends crying legends crying with crying with joy,positive
such a lucky a lucky slave lucky slave i slave i wish i wish this wish this was this was me was me unhappy,negative
my heart unhappy,negative
........yeah sure happy,positive
thanks for being for being top being top engaged top engaged community engaged community members community members this members this week this week happy week happy (want happy (want this? (want this? it's this? it's free!,positive
yg should have should have sent have sent them sent them to them to mcd. to mcd. i mcd. i want i want to want to see to see them see them holding them holding the holding the trophy the trophy unhappy trophy unhappy anyways,negative
good morning messages morning messages never messages never fail never fail to fail to make to make me make me smile me smile happy,positive
too bad i bad i can't i can't watch can't watch it watch it unhappy it unhappy that unhappy that cake that cake is cake is cute is cute and cute and looks and looks delicious,negative
i caught a caught a cold. a cold. unhappy cold. unhappy it unhappy it seems it seems i've seems i've got i've got tired got tired than tired than i than i expected....,negative
i send people send people bunny people bunny pics,positive
good luck swampy luck swampy happy,positive
this is damn.... is damn.... theres damn.... theres people theres people who people who sincerely who sincerely want sincerely want to want to attend to attend bh attend bh birthday bh birthday party birthday party but party but bcs but bcs of bcs of those of those people those people who people who try who try for try for fun for fun make fun make them make them ca,negative
spending my night my night talking night talking to talking to my to my beloved my beloved ???perfect.i beloved ???perfect.i love ???perfect.i love you love you man! you man! happy,positive
and more. also more. also in also in epaper.,neutral
du's ramjas college ramjas college cancels college cancels event cancels event after event after protests after protests against protests against invite against invite for invite for speakers.,neutral
despair at after at after research after research seats research seats are seats are slashed.,neutral
oh no unhappy no unhappy could unhappy could you could you please you please tell please tell me tell me a me a little a little more little more about more about your about your issue? your issue? im issue? im following im following if following if youd if youd prefer youd prefer to prefer to dm. to dm. amanda,negative
a little video little video i video i made i made for made for the for the love the love of love of my of my life,positive
if you're a you're a champion,positive
boss of india's of india's largest india's largest cautions largest cautions against cautions against waiving,neutral
what means to means to mathew to mathew hayden.,neutral
beyond sad unhappy,negative
cram reading unhappy,negative
good morning! i morning! i hope i hope you hope you slept you slept well~ slept well~ happy,positive
why am i am i better i better at better at pen at pen then pen then pencil?dafaqcomoni then pencil?dafaqcomoni just pencil?dafaqcomoni just want just want to want to be to be a be a good a good drawer good drawer unhappy,negative
liquor baron declared baron declared a declared a proclaimed a proclaimed offender,neutral
what a beauty a beauty he beauty he scored he scored the scored the other the other night!! other night!! hope night!! hope we hope we get we get him get him too him too happy,positive
rural planned in planned in to in to counter to counter azadi counter azadi call.,neutral
happy 4/20 :)i'm 4/20 :)i'm drug :)i'm drug free drug free i've free i've never i've never smoked never smoked weed smoked weed before.,positive
governor asks congress asks congress cm congress cm okram cm okram ibobi okram ibobi singh ibobi singh to singh to resign to resign so resign so that so that process that process of process of formation of formation of formation of next of next govt next govt can govt can be can be started.,neutral
i love got7 love got7 but got7 but god but god i god i am i am bored am bored unhappy,negative
aww unhappy i'm unhappy i'm on i'm on coeurl,negative
roc boyz sad,negative
has someone contacted someone contacted jelpi contacted jelpi about jelpi about the about the issue the issue rn? issue rn? unhappy,negative
love it unhappy,negative
supreme court gives court gives govt gives govt a govt a chance a chance to chance to oppose to oppose judge oppose judge appointment judge appointment on appointment on 'national on 'national security'.,neutral
my puppies deserves puppies deserves all deserves all better all better unhappy,negative
i waited for waited for you for you unhappy,negative
tickets available now available now for now for the for the 401 the 401 festival 401 festival of festival of running of running 2017,positive
i just hope just hope i hope i start i start getting start getting the getting the 1gb the 1gb data 1gb data per data per day per day from day from tonight!! from tonight!! unhappy,negative
thanks for being for being top being top engaged top engaged community engaged community members community members this members this week this week happy week happy want happy want this,positive
polls 2017: polling 2017: polling for polling for first for first phase first phase begins,neutral
,positive
modi's gesture for gesture for bjp's for bjp's spot,neutral
aando uandhappy i uandhappy i googled i googled it googled it the it the other the other day other day to day to read to read the read the meandu the meandu agaiand meandu agaiand and agaiand and it and it said it said it said it was it was a was a hoax,negative
totoo po? waaahhh po? waaahhh may waaahhh may heart!!! may heart!!! heart heart!!! heart everywhere heart everywhere happy everywhere happy love happy love it,positive
this is damn.... is damn.... theres damn.... theres people theres people who people who sincerely who sincerely want sincerely want to want to attend to attend bh attend bh birthday bh birthday party birthday party but party but bcs but bcs of bcs of those of those people those people who people who try who try for try for fun for fun make fun make them make them ca,negative
,positive
,negative
and this credit this credit also credit also goes also goes to goes to ik to ik happy,positive
client work for work for rt for rt and rt and favorite and favorite happy,positive
it's gray outside gray outside today outside today unhappy,negative
free market is market is tops!!! is tops!!! real tops!!! real human real human rights human rights sound rights sound great sound great to great to me,positive
we're also making also making centuries,neutral
,neutral
poll data show data show still show still rules still rules the rules the roost the roost in,neutral
damn you both,negative
you might set might set the set the whole the whole place whole place on place on fire.,negative
,neutral
,positive
thanks for the for the recent the recent follow recent follow happy follow happy to happy to connect to connect happy connect happy have happy have a have a great a great thursday. great thursday. (want thursday. (want this? (want this? it's this? it's free!,positive
rt: almightytanner: good almightytanner: good evening good evening everyone evening everyone happy everyone happy join happy join our join our twitter our twitter party twitter party tonight. party tonight. official tonight. official tagline:tanner official tagline:tanner welcomeb,positive
his face looks face looks bloated looks bloated unhappy bloated unhappy baby unhappy baby get baby get well get well soon,negative
takes aol instant aol instant messanger instant messanger at,neutral
,negative
,neutral
it's such a such a negative a negative pit negative pit of pit of unhappiness,negative
,positive
live: british police british police say police say there say there are there are casualties,neutral
and that's what's that's what's important! what's important! happy important! happy that's happy that's what that's what i'm what i'm trying i'm trying to trying to remember.,positive
,positive
goals of 2017: of 2017: become 2017: become apart become apart of apart of with of with and with and lose and lose 50 lose 50 lbsstart 50 lbsstart youtube lbsstart youtube happy,positive
sone who cant who cant stream cant stream at stream at genie!you at genie!you can genie!you can stream can stream for stream for ty for ty at ty at genie! at genie! we genie! we are we are still are still sharing still sharing some sharing some genie some genie ids. genie ids. if ids. if you if you want you want it,positive
oh that feel that feel when feel when you when you have you have 10 have 10 gems 10 gems :d,positive
,neutral
i will do will do happy,positive
,neutral
breaking: to go to go ahead go ahead as ahead as scheduled,neutral
how lawmaker ticked lawmaker ticked 3 ticked 3 boxes: 3 boxes: supremacist,neutral
govt cuts rates cuts rates on rates on schemes on schemes marginally.,neutral
delhi police has police has arrested has arrested md arrested md ajay md ajay chandra ajay chandra for chandra for not for not developing not developing a developing a project a project despite project despite getting despite getting funds getting funds from funds from investors.,neutral
.i can't believe can't believe this believe this hasn't this hasn't been hasn't been fixed been fixed yet,negative
turnout till 5 till 5 pm 5 pm 68 pm 68 per 68 per cent,neutral
from soup and soup and sandwiches and sandwiches to sandwiches to slow to slow cooked slow cooked pork,positive
british prime minister prime minister theresa minister theresa may theresa may says may says she says she wants she wants to wants to hold to hold early hold early election early election on election on june on june 8: june 8: reuters,neutral
goenka's surprise:smith to surprise:smith to lead to lead pune,neutral
idea itself wrong,neutral
in class and class and i'm and i'm really i'm really bored really bored so bored so why so why not why not happy not happy rt happy rt for rt for one!! for one!! mutuals one!! mutuals non mutuals non mutuals non mutuals pls mutuals pls don't pls don't let don't let me let me flop me flop ;-;,positive
congratulation my world my world happy,positive
hc directs to directs to conclude to conclude preliminary conclude preliminary inquiry preliminary inquiry within inquiry within 72 within 72 hours 72 hours and hours and register and register fir,neutral
trial raises rigging raises rigging fears,neutral
7 new species new species of species of found of found in found in and in and some and some are,neutral
well this was this was fun. was fun. thanks fun. thanks for thanks for stopping for stopping by stopping by and by and giving and giving me giving me shit me shit tonight shit tonight fellas tonight fellas :d fellas :d much :d much love. much love. feelsgoodman,positive
i really liked really liked happy,positive
watch union budget union budget 2017 budget 2017 live 2017 live on live on abp on abp news abp news 11:00 news 11:00 am 11:00 am onwards,neutral
how boss quit,neutral
protected against tampering/manipulation: against tampering/manipulation: election tampering/manipulation: election commission,neutral
gentle reminder on reminder on our on our tp our tp guidelines tp guidelines happy guidelines happy please happy please read please read and read and spread. and spread. thank spread. thank you. thank you. happy you. happy kisses happy kisses thefashionicon,positive
the one on one on the on the left? the left? i left? i couldn't i couldn't see couldn't see it see it unhappy,negative
thank you unhappy you unhappy i unhappy i need i need a need a certificate a certificate signed certificate signed from signed from god,negative
pake 3 unhappy,negative
a telecom giant telecom giant is giant is born,neutral
select from 14 from 14 award-winning 14 award-winning laura award-winning laura taylor laura taylor romance taylor romance ebooks,positive
yess crying with crying with joy,positive
going to ca to ca in ca in july,negative
it would be would be awesome.,positive
okay i'll shut i'll shut up shut up now. up now. instant now. instant message instant message just message just mad just mad that mad that lots that lots of lots of people of people will people will now will now have now have a have a very a very flawed very flawed opinion flawed opinion on opinion on mental on mental health mental health ( health ( on ( on mine) on mine) because mine) because of because of this of this show this show unhappy,negative
we would love would love to love to have to have you have you as you as a as a guest a guest on guest on podcast on podcast sometime!!! podcast sometime!!! only sometime!!! only 15 only 15 minute 15 minute smile minute smile interested???,positive
today: congress vp congress vp to vp to address to address rallies address rallies in rallies in gonda,neutral
and so is so is an is an art an art form.,neutral
the problem is problem is only is only affecting only affecting webmail affecting webmail itself. webmail itself. accessing itself. accessing email accessing email from email from other from other applications other applications works applications works fine works fine happy fine happy ^mkl,positive
,negative
great night! hope night! hope you hope you enjoyed you enjoyed the enjoyed the strip the strip club strip club after club after happy after happy thx happy thx for thx for photo,positive
there will be will be more be more figures more figures happy,positive
wtf?! where's the where's the what the what is what is this is this boring this boring show boring show that's show that's on?! that's on?! when on?! when did when did this did this happen?? this happen?? this happen?? this is this is what is what happens what happens when happens when i when i close i close all close all week. all week. unhappy,negative
made dinner for dinner for two for two tonight two tonight happy,positive
look how big how big i've big i've become!,positive
,positive
mohandas pai backs pai backs murthy backs murthy against murthy against coo against coo pay coo pay hike.,neutral
only pure evil pure evil people evil people unhappy,negative
a huge thank huge thank you thank you to you to all to all the all the within the within the within the social the social work social work care work care sectors! care sectors! keep sectors! keep up keep up the up the great the great work great work happy,positive
happy anniv ming anniv ming and ming and papi!!!!! and papi!!!!! love papi!!!!! love love love love happy,positive
ikr!! unhappy oki unhappy oki welcome oki welcome sam,negative
yg should have should have sent have sent them sent them to them to mcd. to mcd. i mcd. i want i want to want to see to see them see them holding them holding the holding the trophy the trophy unhappy trophy unhappy anyways,negative
he can't leave can't leave us leave us unhappy,negative
delivering the conservative the conservative message conservative message of message of strong of strong stable strong stable leadership. stable leadership. happy,positive
can you do you do that do that when that when player when player kills player kills you. kills you. then you. then the then the player the player rank player rank would rank would show would show up. show up. happy,positive
bengal in a in a fix a fix over fix over bars: over bars: pay bars: pay for pay for repairs,neutral
thanks for being for being top being top engaged top engaged community engaged community members community members this members this week this week happy week happy - happy - i - i sent i sent this sent this with,positive
all eyes on eyes on a on a governor,neutral
india mulls auditor mulls auditor to auditor to check to check misuse check misuse of,neutral
i want to want to cry to cry unhappy,negative
bram stoker. can't stoker. can't wait can't wait to wait to show to show you show you in you in bronze in bronze soon. bronze soon. happy,positive
hello i am i am getting am getting cyber getting cyber bullied cyber bullied by bullied by do by do something do something about something about it about it unhappy,negative
with the help the help of help of made of made these made these sent these sent starters sent starters for starters for p1q3. for p1q3. open p1q3. open to open to suggestions to suggestions on suggestions on how on how to how to improve to improve happy,positive
case for bat for bat and bat and more. and more. also more. also in also in epaper.,neutral
wow this is this is amazing is amazing but amazing but i but i won't i won't be won't be in be in the in the country the country unhappy,negative
friday after the after the conference the conference some conference some of some of us of us will us will go will go for go for dinner for dinner to dinner to favourite to favourite smile,positive
,neutral
on heartland lab.,neutral
11 against. earlier:,neutral
instead of just of just money,positive
damn... this just this just sucks! just sucks! unhappy,negative
a couple more couple more unhappy,negative
and more. also more. also in also in epaper.,neutral
hi ashish! we ashish! we tried we tried to tried to call to call your call your number your number but number but got but got no got no response no response unhappy response unhappy please unhappy please share please share another share another suitable another suitable time suitable time and time and an and an alternate.. an alternate.. cont1,negative
feeling bad unhappy bad unhappy with unhappy with 89 with 89 others,negative
jyoust hyoug me,negative
it hurts me hurts me to me to see to see him see him so him so sad so sad unhappy sad unhappy you unhappy you don't you don't understand don't understand i understand i have i have to have to do to do this. do this. if this. if i if i don't i don't kill don't kill you,negative
ah awesome! pixel awesome! pixel art pixel art stuff art stuff by stuff by any by any chance? any chance? happy,positive
how sword-wielding processions sword-wielding processions left processions left gaping.,neutral
manipur assembly election assembly election result election result live: result live: congress live: congress ahead congress ahead in ahead in 6 in 6 seats,neutral
,positive
oh mince unhappy,negative
thanks for the for the recent the recent follow recent follow happy follow happy to happy to connect to connect happy connect happy have happy have a have a great a great wednesday. great wednesday. want wednesday. want this,positive
guys please help please help me help me retweet me retweet unhappy,negative
at balagarh in balagarh in the in the dying the dying art dying art of,neutral
,positive
want to win to win a win a pet a pet chick pet chick happy chick happy simply happy simply follow simply follow retweet follow retweet for retweet for your for your chance your chance to chance to win! to win! winners win! winners will winners will be will be selected be selected sunday selected sunday 23rd. sunday 23rd. go,positive
,neutral
,negative
much appreciated happy appreciated happy (want happy (want this (want this for this for it's for it's magical!,positive
nephews held in held in question-paper in question-paper scam.,neutral
gippy grewal will grewal will be will be online be online on online on twitter on twitter at twitter at 3 at 3 pm,positive
art of living's of living's fights living's fights back fights back over back over yamuna over yamuna floodplain yamuna floodplain damage,neutral
thanks for up-voting for up-voting us up-voting us on us on ph on ph happy,positive
this is damn.... is damn.... theres damn.... theres people theres people who people who sincerely who sincerely want sincerely want to want to attend to attend bh attend bh birthday bh birthday party birthday party but party but bcs but bcs of bcs of those of those people those people who people who try who try for try for fun for fun make fun make them make them ca,negative
small fishie died fishie died unhappy,negative
go back to back to school to school for school for music! for music! i music! i think i think i think i will i will in will in time in time happy,positive
i prefer it prefer it to it to sharm to sharm - sharm - enjoy - enjoy it enjoy it happy it happy gouna happy gouna 20km gouna 20km away 20km away is away is also is also quite also quite nice quite nice - nice - honestly - honestly anywhere honestly anywhere away anywhere away from away from crazy from crazy cairo crazy cairo is,positive
nadu governor invites governor invites edappadi invites edappadi k edappadi k to k to form to form government form government at government at the at the earliest.,neutral
june 5 - 5 - june - june 16 june 16 unhappy,negative
rahul says afraid,neutral
feel like i like i shoyould i shoyould be shoyould be telling be telling you telling you to you to get to get the get the fuck the fuck out fuck out social out social media social media byout media byout also byout also feel also feel really feel really mean really mean because mean because unhappy because unhappy silence unhappy silence love silence love yoyou love yoyou hope yoyou hope yoyoure hope yoyoure okay,negative
thanks for the for the recent the recent follow recent follow happy follow happy to happy to connect to connect happy connect happy have happy have a have a great a great thursday.,positive
calcutta hc judge hc judge c judge c s c s karnan s karnan fails karnan fails to fails to appear to appear in appear in sc in sc in sc in connection in connection with connection with suo with suo motu suo motu contempt motu contempt proceedings.,neutral
,positive
pierces like a like a bitch a bitch unhappy,negative
omg i see i see why see why you why you don't you don't drink don't drink alcohol drink alcohol haha alcohol haha so haha so glad so glad your glad your having your having fun having fun all fun all you all you guys you guys ! guys ! wish ! wish i,negative
thanks for the for the recent the recent follow recent follow happy follow happy to happy to connect to connect happy connect happy have happy have a have a great a great thursday.,positive
i am sad am sad to sad to report to report that report that the that the robins the robins egg robins egg my egg my mom my mom found mom found in found in the in the yard the yard after yard after a after a storm a storm has storm has been has been taken been taken off taken off life off life support. life support. poor support. poor thing poor thing is thing is too is too frozen too frozen unhappy,negative
it's been a been a year a year haha year haha unhappy,negative
look like somethings like somethings i somethings i will i will ignore will ignore xd ignore xd kart xd kart racing kart racing when? racing when? unhappy,negative
i want to want to hang to hang out hang out with out with them with them unhappy,negative
much appreciated happy appreciated happy want happy want this want this ?,positive
i have bronchitis have bronchitis i bronchitis i love i love that love that happy,positive
yes! with subtitles with subtitles only subtitles only happy,positive
this resort is resort is hosting is hosting 120-odd hosting 120-odd lawmakers 120-odd lawmakers now lawmakers now in now in camp.,neutral
and more. also more. also in also in epaper.,neutral
it's been so been so much so much fun much fun and fun and i and i absolutely i absolutely love absolutely love the love the kids!! the kids!! don't kids!! don't want don't want it want it to it to be to be over be over so over so soon so soon unhappy,negative
i'm job searching job searching and searching and got and got none got none so:(buthedonism none so:(buthedonism i so:(buthedonism i got i got in got in abundance,negative
and more. also more. also in also in epaper.,neutral
,neutral
not really i really i am i am a am a labour a labour supporter labour supporter and supporter and am and am actually am actually quite actually quite glad quite glad happy glad happy i happy i mean i mean how mean how much how much did much did he did he claim he claim in claim in 2009 in 2009 fuck 2009 fuck off,positive
govt sparks traffic sparks traffic chaos traffic chaos with chaos with plans with plans for plans for grand for grand gate grand gate in,neutral
as races hots races hots up,neutral
suspect in attack in attack nabbed attack nabbed in,neutral
yogi vows to vows to work to work for work for all.,neutral
indian govt draws govt draws goat draws goat parallel goat parallel in parallel in case.,neutral
everyone from getting from getting punched getting punched :d,positive
you know exactly know exactly what exactly what i'm what i'm talking i'm talking about talking about happy,positive
in india's protected india's protected forests protected forests have forests have it have it all it all planned all planned out,neutral
mukul kesavan on kesavan on 3 on 3 ds,neutral
congrats winner :d winner :d and :d and it's and it's eyounji it's eyounji you eyounji you did you did well did well my well my girl,positive
this is jimin is jimin to jimin to yoongi to yoongi unhappy,negative
match versus gut versus gut feeling gut feeling in feeling in modi's in modi's dig modi's dig at dig at supreme at supreme court supreme court acts court acts on acts on and on and more. and more. also more. also in also in epaper.,neutral
what to men to men said men said when said when cops when cops found cops found carcass found carcass in carcass in car in car boot...,neutral
va astept la astept la acest la acest eveniment! acest eveniment! :)next eveniment! :)next events:,positive
and more. also more. also in also in epaper.,neutral
don't be buffalo be buffalo unhappy,negative
after break with break with russia,neutral
guys please help please help i help i tried i tried to tried to smoke to smoke some smoke some lettuce some lettuce earlier lettuce earlier but earlier but now but now my now my salad my salad is salad is ruined is ruined unhappy,negative
,neutral
i'll be as be as strong as strong as strong as i as i can i can but can but it's but it's hard it's hard unhappy hard unhappy xxx,negative
when will you will you go you go here go here in here in batangas? in batangas? sad,negative
much appreciated happy appreciated happy want happy want this,positive
,positive
hellooo happy xbox happy xbox adhatter xbox adhatter (xboxmadhatter),positive
leadership and more.,neutral
,neutral
ohh yeah and yeah and we and we had we had sausage had sausage with sausage with our with our pancakes our pancakes happy pancakes happy x,positive
koalas are dying are dying of dying of thirst of thirst and thirst and it's and it's all it's all because all because of because of us of us unhappy,negative
sap did you did you also you also use,positive
koalas are dying are dying of dying of thirst of thirst and thirst and it's and it's all it's all because all because of because of us of us unhappy,negative
i'm hungry unhappy,negative
and more. also more. also in also in epaper.,neutral
also please send please send prayers send prayers and prayers and sympathy and sympathy because sympathy because my because my favorite my favorite ball favorite ball dress ball dress doesn't dress doesn't fit doesn't fit my fit my boobs my boobs crying,negative
life term for term for prof for prof saibaba. prof saibaba. and saibaba. and more. and more. in more. in epaper.,neutral
there're time shinhwa time shinhwa do/did shinhwa do/did something,positive
,neutral
oh my god my god it's god it's raining it's raining where raining where i where i live i live too live too crying too crying with crying with joy with joy and joy and stop and stop omg stop omg i omg i wanna i wanna cuddle wanna cuddle him cuddle him now,positive
hitches ride for ride for final for final unhappy,negative
,positive
,neutral
takes off for off for aerobatic for aerobatic display aerobatic display at display at inaugural,neutral
britain to trigger to trigger brexit trigger brexit on brexit on march on march 29:,neutral
| chief press chief press conference press conference to conference to begin to begin shortly. begin shortly. stay shortly. stay tuned.,neutral
fest sans pak sans pak voice,neutral
abc news got news got ahold got ahold of ahold of me of me and me and asked and asked if asked if they if they could they could use could use a use a few a few seconds few seconds of seconds of my of my coming my coming out coming out video out video for video for a for a transgender a transgender special transgender special this special this f,positive
we don%27t talk don%27t talk anymore talk anymore like anymore like we like we used we used to used to do to do unhappy,negative
260 for bare for bare metal bare metal rs29,neutral
i'm trying to trying to stay to stay positive stay positive but positive but i but i can't i can't help can't help be help be jealous be jealous of jealous of princess of princess mia's princess mia's life. mia's life. all life. all she all she does she does is does is cuddle is cuddle and cuddle and eat and eat unhappy,negative
this is damn.... is damn.... theres damn.... theres people theres people who people who sincerely who sincerely want sincerely want to want to attend to attend bh attend bh birthday bh birthday party birthday party but party but bcs but bcs of bcs of those of those people those people who people who try who try for try for fun for fun make fun make them make them ca,negative
slight buzy kasi buzy kasi besh kasi besh unhappy,negative
and sing the sing the song the song of song of the of the sullied.,neutral
i still cant still cant unhappy,negative
seems you like you like my like my black my black lingerie black lingerie picture lingerie picture then picture then happy,positive
these are for are for happy,positive
exactly same in same in was in was thinking.. was thinking.. unhappy,negative
mystery over data,neutral
,neutral
thanks for the for the recent the recent follow. recent follow. much follow. much appreciated much appreciated happy appreciated happy get happy get it,positive
,neutral
guess who's not who's not getting not getting a getting a unicorn a unicorn frappuccino unicorn frappuccino because frappuccino because they're because they're sold they're sold out sold out unhappy,negative
bench to appear to appear before appear before him.,neutral
vc says law says law will law will take will take its take its course its course if course if occupation if occupation of occupation of adblock of adblock doesnt adblock doesnt end doesnt end despi,neutral
govt seems to seems to have to have slipped have slipped in slipped in an in an in an in budget2017.,neutral
half of the of the time the time it time it doesn't it doesn't load,negative
thanks again for again for notifying for notifying us! notifying us! we us! we have we have updated have updated our updated our add-on our add-on plans add-on plans accordingly plans accordingly happy,positive
mutual: let's talk let's talk more!me: talk more!me: for more!me: for sure!mutual: for sure!mutual: happy sure!mutual: happy me:,positive
haha mate its mate its all its all good all good i good i love i love a love a debte a debte i debte i just i just wished just wished the wished the center,negative
so upsetting the upsetting the abuse the abuse these abuse these kids these kids get kids get unhappy get unhappy 3,negative
seokjinie went to went to everland to everland today~ everland today~ i today~ i guess i guess he guess he forgot he forgot that forgot that he's that he's an he's an idol,positive
narank 1 ako 1 ako bcos ako bcos of bcos of yoyou. of yoyou. can yoyou. can you can you please you please congratyoulate please congratyoulate me congratyoulate me even me even if even if its if its already its already late? already late? unhappy,negative
govt to go to go after go after militants after militants with militants with 'utmost with 'utmost harshness',neutral
pakistan's 1st woman 1st woman foreign woman foreign secy,neutral
thanks for the for the recent the recent follow recent follow happy follow happy to happy to connect to connect happy connect happy have happy have a have a great a great thursday. great thursday. want thursday. want it,positive
,negative
we've been selected been selected among selected among the among the top the top 20 top 20 social 20 social media social media blogs,positive
the sun is sun is shining is shining happy,positive
it was the was the day the day of day of left-arm of left-arm turners,neutral
talking to my to my over my over driver over driver about driver about where about where i'm where i'm goinghe i'm goinghe said goinghe said he'd said he'd love he'd love to love to go to go to go to new to new york new york too york too but too but since but since trump since trump it's trump it's probably it's probably not,negative
val and reggie and reggie had reggie had more had more screentime more screentime riverdale screentime riverdale wouldn't riverdale wouldn't be wouldn't be half be half as half as bad as bad as bad as it as it is it is happy,positive
if school has school has taught has taught us taught us anything,positive
join us this us this saturday this saturday to saturday to celebrate to celebrate our celebrate our earth our earth by earth by planting by planting seedings! planting seedings! head seedings! head to head to our to our fb our fb page fb page for page for more for more information. more information. happy,positive
laughing out loud out loud so loud so cuteee so cuteee happy,positive
i can't wait can't wait to wait to actually to actually see actually see a see a copy a copy smile,positive
,neutral
,positive
today: pm to pm to address to address a address a rally a rally in rally in imphal,neutral
this is jimin is jimin to jimin to yoongi to yoongi unhappy,negative
what jharkhand body jharkhand body has body has been has been doing been doing to doing to upgrade to upgrade pitch upgrade pitch for pitch for test.,neutral
am bored and bored and kandowiandg and kandowiandg i kandowiandg i have i have ando have ando plaands ando plaands for plaands for today for today is today is makiandg is makiandg me makiandg me eveand me eveand more eveand more bored more bored unhappy,negative
i've just wrote just wrote 30 wrote 30 tweets 30 tweets about tweets about but about but still but still didn't still didn't notice didn't notice me notice me crying,negative
something is really is really wrong. really wrong. i wrong. i should i should be should be spending be spending my spending my days my days naked days naked on naked on a on a beach a beach in beach in the in the hot the hot sunshine. hot sunshine. not sunshine. not working not working in working in the in the cold the cold in cold in king's in king's lynn king's lynn sad,negative
just photoblogged! happy photoblogged! happy re-using happy re-using old re-using old locations,positive
let me know me know if know if you're if you're up you're up for up for that for that happy,positive
why did she did she delete she delete the delete the tweet,negative
how tm krishna tm krishna took krishna took beyond took beyond fixed beyond fixed formats,neutral
thanks for the for the recent the recent follow recent follow happy follow happy to happy to connect to connect happy connect happy have happy have a have a great a great thursday.,positive
,positive
i want to want to be to be mutuals be mutuals with mutuals with you with you so you so bad so bad unhappy,negative
.- layout- btob layout- btob happy,positive
or shit for shit for short for short :)*thanks short :)*thanks to :)*thanks to my to my friend my friend maddy friend maddy over maddy over at,positive
virulent and more. and more. also more. also in also in epaper.,neutral
so excited for excited for ball for ball to ball to start to start smile start smile my smile my baby my baby is baby is in is in minor in minor b minor b and b and i and i absolutely i absolutely love absolutely love watching love watching them watching them play,positive
thanks for the for the recent the recent follow recent follow happy follow happy to happy to connect to connect happy connect happy have happy have a have a great a great thursday.,positive
thank you mama you mama bear! mama bear! ang bear! ang ganda ang ganda mo ganda mo happy,positive
have a great a great thursday! great thursday! looking thursday! looking forward looking forward to forward to reading to reading your reading your tweets your tweets happy tweets happy want happy want this want this ?,positive
secessionists in and in and the and the next the next generation.,neutral
a memorial gets memorial gets a gets a list,neutral
will be a be a blessing a blessing tomorrow blessing tomorrow happy tomorrow happy keep happy keep your keep your faith your faith stirred faith stirred up stirred up each up each day!,positive
reliance's promises free promises free voice free voice calls voice calls roaming calls roaming for roaming for 1 for 1 year... 1 year... and year... and with and with cheap,neutral
yes instant message instant message sad message sad crying,negative
easter has flown has flown unhappy flown unhappy i'm unhappy i'm not i'm not ready not ready to ready to give to give up give up home up home luxuries home luxuries like luxuries like branded like branded cereal,negative
to ask questions-- ask questions-- and questions-- and get and get to get to spend to spend 6 spend 6 hours 6 hours with hours with cops with cops (but cops (but no (but no answers).,neutral
check her as:,positive
i was thinking was thinking the thinking the same. the same. our same. our i our i know i know is know is so is so cute so cute happy,positive
city of no of no palaces,neutral
no breaks and breaks and a and a first a first practice first practice exam practice exam happy,positive
in a bahu a bahu makes bahu makes a makes a demand.,neutral
ministers of pmln of pmln are pmln are happy are happy like happy like those like those students those students who students who never who never studied never studied for studied for exams for exams luckily exams luckily exams luckily exams got exams got delayed. got delayed. they'll delayed. they'll still they'll still ha,positive
polythene in all in all government all government offices government offices in,neutral
give a trial a trial run trial run for run for to for to months,neutral
indian medical body medical body moots body moots for moots for handling for handling after handling after successful after successful trials successful trials in trials in tamil in tamil nadu.,neutral
supreme court restores court restores bangalore restores bangalore trial bangalore trial court trial court verdict court verdict holding verdict holding and holding and others and others in others in corruption in corruption case.,neutral
i was thinking was thinking about thinking about how about how i how i don't i don't want don't want to want to go to go to go to school to school and school and i'm and i'm suddenkyfeeling i'm suddenkyfeeling good suddenkyfeeling good happy,positive
good news from news from it from it seems it seems are seems are thriving are thriving at thriving at valmiki at valmiki reserve.,neutral
hi carlo! i'm carlo! i'm okay i'm okay nmn. okay nmn. howdy? nmn. howdy? happy,positive
why calcutta's are calcutta's are learning... are learning... chinese.,neutral
why wants paper wants paper trail paper trail in trail in elections.,neutral
army chief's words chief's words ring words ring in ring in pellet-hit in pellet-hit boy's pellet-hit boy's ears.,neutral
,neutral
i'm just really just really soft really soft spoken soft spoken unhappy,negative
they stopped having stopped having them having them when them when they when they got they got rid got rid of rid of the of the toy the toy surprises toy surprises at surprises at the at the bottom the bottom unhappy,negative
scenes from drama,neutral
if it's spring,neutral
1 short of short of two-thirds of two-thirds majority.,neutral
does not matter,positive
a nice morning nice morning working morning working from working from today. from today. lovely today. lovely atmosphere,positive
garg rapped for rapped for post,neutral
i swear sometimes swear sometimes it's sometimes it's cool it's cool to cool to break to break some break some mutuals some mutuals happy,positive
the road and road and traffic and traffic signs traffic signs section signs section of section of theory of theory revision theory revision is revision is such is such a such a myth a myth unhappy,negative
im just having just having one having one of one of those of those days those days where days where instant where instant message instant message like,negative
,neutral
jungkook looks like looks like he like he gives he gives the gives the biggest the biggest and biggest and warmest and warmest hugs warmest hugs unhappy,negative
thanks for your for your feedback! your feedback! it' feedback! it' just it' just the just the starting the starting phase,positive
see the next the next tweet! next tweet! i tweet! i did i did about did about 5 about 5 different 5 different things different things while things while keeping while keeping very keeping very calm,positive
who hacked me hacked me unhappy,negative
tests autonomy waters.,neutral
no serious concerns serious concerns regarding concerns regarding india regarding india captain india captain 's captain 's shoulder 's shoulder injury,neutral
modi had tested had tested waters tested waters with waters with letter with letter to letter to on,neutral
congratulations david! well david! well done well done mrs done mrs v! mrs v! welcome v! welcome jessica! welcome jessica! happy,positive
we all do all do unhappy do unhappy pizza unhappy pizza in pizza in taiwan! in taiwan! its taiwan! its like its like a like a swift,negative
i can't do can't do it do it all it all on all on my on my own. my own. (see own. (see what (see what i what i did i did there? did there? ),negative
judge blocks trump's blocks trump's ban trump's ban --effective ban --effective nationwide,neutral
,negative
thanks for the for the recent the recent follow recent follow happy follow happy to happy to connect to connect happy connect happy have happy have a have a great a great thursday.,positive
urban growth threatens growth threatens kidneys threatens kidneys -- kidneys -- that -- that are that are world's are world's largest world's largest waste largest waste recycling waste recycling system.,neutral
ailes sure knew sure knew how knew how to how to make to make a make a great a great network! great network! fox network! fox is fox is going is going downhill going downhill wi,negative
will strike at strike at decodes at decodes draft decodes draft order.,neutral
guess who's not who's not getting not getting a getting a unicorn a unicorn frappuccino unicorn frappuccino because frappuccino because they're because they're sold they're sold out sold out unhappy,negative
subir bhaumik on bhaumik on how on how has how has cast has cast a cast a shadow a shadow over shadow over india's over india's ties india's ties with,neutral
generation to generation,neutral
this happens all happens all the all the time! the time! unhappy,negative
i am perfectly am perfectly happy perfectly happy being happy being single being single .. single .. until .. until i until i see i see a see a happy a happy couple happy couple :(kisses couple :(kisses thefashionicon,negative
ugc extends funding extends funding scheme funding scheme for,neutral
,neutral
3 switch to switch to selvam's to selvam's side.,neutral
suuuuuuuuss scared crying,negative
whaddup. me too me too crying,negative
militant attack in attack in kashmir's in kashmir's shopian kashmir's shopian district,neutral
bill nye answers nye answers science answers science questions science questions from questions from twitter from twitter | twitter | wired,positive
india's air pollution,neutral
opens entertainment tv entertainment tv market tv market to,neutral
,neutral
when will you will you notice you notice me? notice me? unhappy,negative
sister cyril came cyril came to came to our to our school our school once school once happy,positive
my story on story on a on a 100-yr-old a 100-yr-old treasure 100-yr-old treasure from treasure from streetsmart from streetsmart bengal streetsmart bengal (,neutral
yogi adityanath or adityanath or keshav or keshav prasad keshav prasad maurya,neutral
takes custody of custody of 3 of 3 accused 3 accused from accused from bhopal from bhopal police,neutral
aww hating that hating that i that i got i got sponsored,positive
,positive
it was a was a captain's a captain's knock,neutral
the latest lacked latest lacked an lacked an economic an economic philosophy,neutral
one of my of my faves my faves too faves too unhappy too unhappy i'm unhappy i'm tying i'm tying to tying to get to get it get it up it up on up on vimeo on vimeo so vimeo so you so you guys you guys can guys can still can still watch still watch it watch it x,negative
i stayed 3 stayed 3 hours 3 hours on hours on the on the phone the phone with phone with ad with ad my ad my bubbyyyyyyy my bubbyyyyyyy i bubbyyyyyyy i miss i miss her miss her unhappy,negative
and more. also more. also in also in epaper.,neutral
keeps 36 portfolios 36 portfolios for portfolios for himself.,neutral
on epic migration epic migration campaign migration campaign that campaign that ended that ended its ended its slaughter its slaughter in slaughter in pit in pit stop.,neutral
no more good more good conversations good conversations here conversations here unhappy,negative
indian heft for heft for pope,neutral
i had but had but i but i have i have just have just seen just seen the seen the email. the email. so email. so good so good :d,positive
the tick-tock brotherhood tick-tock brotherhood that brotherhood that keeps that keeps calcutta's keeps calcutta's old calcutta's old running.,neutral
i'm sooooo sleepy sooooo sleepy unhappy,negative
then that's no that's no living no living at living at all,neutral
attaches 42 assets 42 assets worth assets worth crores worth crores under crores under the under the new,neutral
definitely my arms my arms unhappy,negative
why i didnt i didnt save didnt save it save it happy it happy going happy going to going to re-color to re-color again re-color again the,positive
157 days to days to go to go happy,positive
and more. also more. also in also in epaper.,neutral
,neutral
effigies burn on burn on jnu on jnu strike jnu strike after strike after 84% after 84% research 84% research seat research seat cut seat cut and cut and affirmative and affirmative action affirmative action junked,neutral
akhilesh to meet to meet newly meet newly elected newly elected sp elected sp mlas sp mlas today,neutral
murderers at large,neutral
hi stefan :)i stefan :)i am :)i am pretty am pretty confident pretty confident this confident this is this is isolated is isolated case isolated case and case and i and i would i would be would be glad be glad to glad to help to help with help with it.could with it.could you it.could you dm you dm me,positive
,negative
friendly fire to fire to wings to wings tour wings tour unhappy,negative
i sincerely hope sincerely hope not hope not too not too many too many priceless many priceless antiques priceless antiques were antiques were destroyed. were destroyed. reg,negative
rehearsing for and for and more. and more. in more. in our in our guwahati our guwahati epaper.,neutral
dm us happy us happy s,positive
just win at win at weekend at weekend and weekend and it and it will it will be will be a be a late a late gift,positive
that was a was a fun a fun night! fun night! sorry night! sorry i sorry i missed i missed last missed last night last night unhappy night unhappy we unhappy we really we really need really need to need to sync to sync our sync our calendars our calendars with calendars with and,negative
close shave for shave for passengers for passengers of passengers of and of and planes and planes at planes at delhi at delhi airport.,neutral
naeem bokhari says... bokhari says... mian says... mian has mian has gone has gone !! gone !! are !! are so are so cute so cute nb cute nb happy nb happy but happy but ns but ns is ns is ugly is ugly evil.,positive
thanks so much so much for much for following for following us! following us! we'd us! we'd love we'd love to love to know to know what know what you what you think you think of think of our of our flooring our flooring range flooring range happy,positive
,neutral
a dying language,neutral
i'm surprised you surprised you don't you don't use don't use an use an adblocker! an adblocker! happy,positive
please read unhappy,negative
cong to boycott to boycott pm boycott pm in pm in parliament in parliament over parliament over raincoat over raincoat remark; raincoat remark; will remark; will coordinate will coordinate with coordinate with other with other parties,neutral
scraps pension yojana. pension yojana. cycle yojana. cycle tracks cycle tracks may tracks may also may also be also be broken,neutral
let alone for alone for free!),negative
,positive
i hate when hate when my when my mom my mom ask mom ask so ask so you so you going you going or going or no? or no? bc no? bc then bc then i then i want i want to want to stay to stay home stay home but home but i but i missed i missed too missed too much too much school much school already school already unhappy,negative
one by one by one allah one allah ease allah ease my ease my problem my problem . problem . lot . lot of lot of thanks of thanks to thanks to him to him crying him crying with crying with joy,positive
i just wanted just wanted to wanted to say to say thank say thank you thank you for you for following for following me,positive
take a look a look at look at favourites.io at favourites.io you favourites.io you can you can do can do this do this and this and more and more happy,positive
how not to not to bore to bore your bore your friends).,neutral
somali grab indian grab indian with indian with 11 with 11 crew 11 crew members.,neutral
koalas are dying are dying of dying of thirst of thirst and thirst and it's and it's all it's all because all because of because of us of us unhappy,negative
no worries happy,positive
thank you so you so much so much sir much sir happy sir happy please happy please watch please watch the watch the film the film and film and call and call me call me happy,positive
please take all take all the all the rest the rest you rest you needwe you needwe love needwe love you love you so you so so so so much so much :(i much :(i hope :(i hope you hope you feel you feel better feel better soon better soon sunshine!,negative
and give one give one to one to every to every student every student and student and myswlf and myswlf happy,positive
why a bicycle a bicycle and bicycle and not and not a not a cm a cm asked. cm asked. his asked. his officer his officer learnt officer learnt ground learnt ground reality ground reality -- reality -- and -- and a and a dip a dip in dip in a in a river.,neutral
on extradition warrant: extradition warrant: scotland warrant: scotland yard.,neutral
not surprised that surprised that i that i have i have the have the least the least amount least amount of amount of followers of followers out followers out of out of the of the whole the whole cast whole cast sad cast sad lol,negative
polling underway in underway in 40 in 40 assembly 40 assembly seats assembly seats spread seats spread across spread across 7 across 7 districts 7 districts in districts in seventh in seventh and seventh and final and final phase final phase of,neutral
alaye give me give me iphone7 me iphone7 or iphone7 or dollars or dollars for dollars for my for my birthdaydo my birthdaydo normal birthdaydo normal abeg,positive
can you pm you pm me pm me ? me ? :d,positive
don't mention it! mention it! :d,positive
not clear right clear right now. right now. speaker now. speaker to speaker to decide....,neutral
thank you! happy,positive
playing with the with the photo the photo editor photo editor happy,positive
pretty much only much only the only the twitters the twitters and twitters and it and it doesn't it doesn't really doesn't really work really work out work out for out for me for me sad,negative
how has strengthened has strengthened a strengthened a sense a sense of sense of belonging of belonging among belonging among calcutta's,neutral
i'm still in still in my in my bedroom my bedroom and bedroom and scared and scared of scared of going of going out going out happy,positive
love your tweetability! your tweetability! we'd tweetability! we'd like we'd like to like to reach to reach out reach out to out to with to with an with an opportunity! an opportunity! could opportunity! could you could you hit you hit us hit us with us with your with your email your email happy,positive
i only just only just absorbed just absorbed that absorbed that i'm that i'm not i'm not going not going to going to get to get to get to laugh to laugh when laugh when he when he gets he gets 2000 gets 2000 votes. 2000 votes. unhappy,negative
only take season take season 9 season 9 off,negative
,negative
begins in 51 in 51 assembly 51 assembly constituencies assembly constituencies spread constituencies spread across spread across 11 across 11 districts. 11 districts. all districts. all eyes all eyes on,neutral
,neutral
thanks for the for the recent the recent follow,positive
hi ! i ! i want i want to want to speak to speak to speak to you to you about you about a about a business a business partnership. business partnership. happy,positive
this is so is so me so me though,negative
,positive
minute yoongi~watch 'til yoongi~watch 'til the 'til the end the end for end for a for a free a free cookie free cookie happy,positive
going to go to go meet go meet andrew meet andrew for andrew for lunch for lunch now lunch now but now but i'll but i'll be i'll be back be back at back at to at to or to or to or to :30,positive
sonia sarkar on sarkar on how on how nationalist how nationalist studies nationalist studies are studies are sprouting are sprouting across sprouting across campuses.,neutral
some of its of its men its men have men have friends have friends across friends across border,neutral
and this tweet this tweet made tweet made me made me cry!! me cry!! crying,negative
its been a been a good a good day good day hey. day hey. happy,positive
with 22 in 22 in support,neutral
in 7 days: 7 days: kashmiri days: kashmiri indignation,neutral
theme village on village on or on or a or a sanctuary?,neutral
both look so look so so so so good so good at good at there at there current there current clubs. current clubs. shame clubs. shame they shame they never they never cut never cut it cut it in it in the in the pl the pl unhappy,negative
editorial: why mayor why mayor cannot mayor cannot be cannot be trusted be trusted with trusted with the,neutral
how do we do we book we book the book the cars the cars service cars service for service for the for the swards the swards tommorow swards tommorow :d,positive
govt proposes limit proposes limit of limit of rs of rs to rs to lakh to lakh on lakh on down on down from down from rs from rs 3 rs 3 lakh 3 lakh as lakh as proposed as proposed in,neutral
20% off all off all knight all knight day knight day jewellery day jewellery ends jewellery ends this ends this sunday-why this sunday-why not sunday-why not pick not pick up pick up something up something nice something nice for,positive
,negative
,neutral
wowwow these are these are all are all so all so cute so cute unhappy cute unhappy i unhappy i wantt,negative
rivals govts unite govts unite to unite to act to act against act against sex-determination against sex-determination tests.,neutral
i need a need a car a car unhappy car unhappy but unhappy but no but no car no car unhappy car unhappy poor unhappy poor me poor me unhappy,negative
this never happened never happened with happened with our with our happy,positive
increase ordered in ordered in for in for workers.,neutral
all arrangements made arrangements made to made to ensure to ensure free ensure free fair free fair election: fair election: cec election: cec (f,neutral
good morning i morning i had i had a had a nightmare a nightmare and nightmare and i'm and i'm still i'm still wondering still wondering why wondering why maddie why maddie hates maddie hates me. hates me. this me. this is this is only is only the only the beginning the beginning of beginning of the of the day the day unhappy,negative
controlling and more. and more. also more. also in also in epaper.,neutral
sixth spot not spot not applicable not applicable team! applicable team! higher team! higher pa! higher pa! :)kisses pa! :)kisses thefashionicon,positive
a wage hike,neutral
how modi won modi won up,neutral
admission of defeat of defeat in defeat in kashmir,neutral
india's to go to go in go in 6 in 6 months.,neutral
this is what is what life what life is life is about. is about. enjoy about. enjoy happy,positive
fm to table to table today table today in,neutral
no supporting any supporting any activity any activity that activity that is that is violent...against is violent...against the violent...against the law: the law: ram law: ram madhav.,neutral
did just bring just bring into bring into the into the sharing the sharing issue?,neutral
what supreme court supreme court said court said about said about welfare about welfare schemes welfare schemes and schemes and proof.,neutral
yes you had you had smile,positive
haryana's have called have called off called off march off march to march to and to and siege and siege of siege of parliament.,neutral
thanks for the for the great the great review! great review! smile,positive
so precious i precious i really i really miss really miss him miss him unhappy,negative
you had loads had loads of loads of toys. of toys. all toys. all i all i had i had was had was a was a sweep a sweep hand sweep hand puppet hand puppet and puppet and the and the bastard the bastard lost bastard lost its lost its squeak! its squeak! unhappy,negative
congratulations very impressive very impressive happy,positive
7% voter turnout voter turnout in turnout in kashmir's in kashmir's re-poll,neutral
a village cries village cries for cries for a for a bridge,neutral
instant message still message still hoping still hoping unhappy,negative
,positive
,neutral
telecom operator will operator will acquire will acquire the acquire the business the business of business of telenor of telenor india telenor india in india in all in all seven all seven circles seven circles where circles where it where it holds it holds spectrum.,neutral
i know i'm know i'm not i'm not ready not ready to ready to say to say goodbye say goodbye unhappy goodbye unhappy so,negative
lotus garden dreams,neutral
u4v9rr i wish i wish i wish i had i had noted had noted the noted the gentleman's the gentleman's name gentleman's name unhappy name unhappy but unhappy but if but if you if you find you find out find out who out who he who he is,negative
amulya patnaik has patnaik has been has been appointed been appointed new appointed new delhi new delhi police delhi police commissioner. police commissioner. patnaik commissioner. patnaik is patnaik is a is a 1985 a 1985 agmut 1985 agmut cadre agmut cadre ips cadre ips officer.,neutral
no sign of sign of garry of garry barlow garry barlow yet barlow yet sad,negative
the girl in girl in front in front of front of me of me was,negative
right i seriously i seriously need seriously need a need a decent a decent butterfly decent butterfly tattoo butterfly tattoo design,positive
including police in police in attack in attack near attack near uk near uk parliament; uk parliament; cannot parliament; cannot confirm cannot confirm number.,neutral
big story: african story: african envoys african envoys slam envoys slam indian slam indian govt indian govt for govt for not for not condemning not condemning gr condemning gr noida gr noida attack noida attack enough; attack enough; say enough; say no say no visible,neutral
please let me let me meet me meet taehyung meet taehyung hiks taehyung hiks crying hiks crying with crying with joy with joy really joy really hope really hope i hope i could i could win.this could win.this is win.this is my is my first my first cover,positive
i'm not lost,positive
69% polling till polling till 1pm till 1pm in,neutral
have you smiled you smiled today? smiled today? never today? never forget never forget to forget to smile to smile happy,positive
you kills me kills me crying me crying with crying with joy,positive
swapan dasgupta on dasgupta on why on why must why must assess must assess on assess on the on the basis the basis of basis of national of national self-interest.,neutral
why do people do people abuse people abuse animals abuse animals unhappy animals unhappy they're unhappy they're so they're so loyal,negative
and gst is gst is the is the brain the brain child brain child of child of our of our modiji our modiji happy modiji happy perfect!,positive
,negative
thanks for the for the retweets the retweets this retweets this week. this week. much week. much appreciated much appreciated happy appreciated happy want happy want this,positive
dealer said loads said loads of loads of cars of cars were cars were returning were returning due returning due to due to disabled to disabled losing disabled losing them losing them sad,negative
walks; leaders bow leaders bow before bow before the before the 'nayak'. the 'nayak'. my 'nayak'. my story,neutral
in up ministry,neutral
,positive
trump national security national security adviser security adviser flynn adviser flynn resigns flynn resigns in resigns in controversy in controversy over controversy over russian over russian contacts,neutral
states rename roads rename roads to roads to duck to duck ban duck ban on ban on but on but top but top court top court won't court won't step won't step in step in till in till after till after summer after summer break.,neutral
how to law to law officers law officers did officers did their did their job,neutral
i miss louis' miss louis' tweets louis' tweets unhappy,negative
on moral grounds moral grounds this grounds this verdict this verdict is verdict is in is in favor in favor of favor of pti of pti happy pti happy becoz happy becoz to becoz to out to out of out of 5 of 5 judges 5 judges clearly judges clearly mention clearly mention that mention that our that our pm our pm is...,positive
i love him love him crying him crying with crying with joy,positive
sunanda datta-ray on datta-ray on the on the journey the journey from journey from light from light to,neutral
demit the gocoh the gocoh game gocoh game is game is real is real crying real crying with crying with joy,positive
bengal law that law that singles that singles out singles out may out may keep may keep out keep out investors out investors -- investors -- and -- and critical and critical cases.,neutral
security on border on border put border put at put at risk at risk by risk by trade.,neutral
ram guha on guha on how on how money how money and money and criminals and criminals got criminals got into got into in into in india.,neutral
,neutral
by-polls: retains kanthi retains kanthi dakshin,neutral
thank you crew you crew happy,positive
breaking: supreme court supreme court convicts court convicts in convicts in disproportionate in disproportionate assets disproportionate assets case,neutral
but i'm a i'm a bit a bit rusty bit rusty now! rusty now! unhappy,negative
damn ify ate ify ate unhappy,negative
facing arrest warrant,neutral
nmd r2's so r2's so ugly so ugly unhappy,negative
at least in least in my in my case my case it case it has it has not has not yet not yet completely yet completely broken completely broken tho,negative
i don%27t know don%27t know doesnt know doesnt seem doesnt seem fair seem fair to fair to me..two to me..two against me..two against one against one happy,positive
baby unhappy (bett,negative
we don%27t talk don%27t talk anymore talk anymore like anymore like we like we used we used to used to do to do unhappy,negative
for my 2000th my 2000th tweet 2000th tweet i'd tweet i'd like i'd like to like to say to say i say i love i love donghyuck love donghyuck :d,positive
this was awesome-- was awesome-- has awesome-- has two has two fill-ins two fill-ins this fill-ins this week this week happy,positive
stats for the for the week the week have week have arrived. have arrived. 1 arrived. 1 new 1 new follower new follower and follower and no and no unfollowers no unfollowers happy unfollowers happy via,positive
mmmmm i guess i guess your guess your not your not getting not getting much getting much acting much acting work acting work these work these days? these days? you days? you have you have too have too much too much time much time on time on your on your hands your hands unhappy,negative
my mom knows mom knows the knows the struggle the struggle of struggle of this of this drystreak this drystreak i'm drystreak i'm on i'm on unhappy,negative
amit roy on roy on how on how maneck how maneck dalal maneck dalal launched dalal launched international.,neutral
will there be there be a be a new a new amazingphil new amazingphil video amazingphil video today? video today? happy,positive
base unver ajalah unver ajalah minahaes ajalah minahaes unhappy,negative
can't defend its defend its digital its digital assets digital assets from,neutral
,neutral
,neutral
live: ruckus in ruckus in assembly in assembly over assembly over 'secret over 'secret ballot' 'secret ballot' demand,neutral
a visit to visit to retracing to retracing trip.,neutral
so precious i precious i really i really miss really miss him miss him unhappy,negative
thanks for the for the recent the recent follow. recent follow. much follow. much appreciated much appreciated happy appreciated happy want happy want this want this ?,positive
to decide on decide on new on new legislative new legislative party legislative party leader party leader future leader future course future course of course of action. of action. will action. will also,neutral
13 reasons why reasons why producers: why producers: we producers: we care we care about care about youth about youth mental youth mental health mental health :)13rw health :)13rw producers: :)13rw producers: *show producers: *show young *show young audience young audience graphic audience graphic rape graphic rape and rape and suicide and suicide s,positive
noted on this on this sir,positive
bajaj calls bad calls bad idea,neutral
sir ash ketchum ash ketchum and ketchum and princess and princess may. princess may. happy,positive
prabhat patnaik on patnaik on why on why has why has been has been a been a monumental,neutral
why should only should only private only private doctors private doctors face doctors face punishment?,neutral
how is going is going against going against the against the wave the wave of wave of transparency of transparency in,neutral
this is damn.... is damn.... theres damn.... theres people theres people who people who sincerely who sincerely want sincerely want to want to attend to attend bh attend bh birthday bh birthday party birthday party but party but bcs but bcs of bcs of those of those people those people who people who try who try for try for fun for fun make fun make them make them ca,negative
my honey unhappy,negative
,negative
,negative
to know about know about the about the safety the safety features safety features of features of watch of watch special watch special interview special interview with interview with dr. with dr. ajay dr. ajay bhushan ajay bhushan pandey,neutral
you can have can have mine have mine and mine and i'll and i'll take i'll take the take the iphone. the iphone. i'm iphone. i'm switching i'm switching back switching back when back when my when my contract my contract is contract is up... is up... in up... in a in a year a year and year and a and a half a half unhappy,negative
isn't it terrible it terrible that terrible that we that we live we live in live in a in a world a world where world where we where we have we have to have to address to address anticipated address anticipated criticism anticipated criticism of criticism of our of our thoughts our thoughts first? thoughts first? happy,positive
a day ahead day ahead of ahead of confidence of confidence vote.,neutral
follow us to us to dm/ to dm/ mail dm/ mail to mail to ttwebonlinefeed to ttwebonlinefeed release ttwebonlinefeed release to release to any to any of any of 3 of 3 aggregators 3 aggregators on aggregators on our on our site our site under site under press under press releases,neutral
last retweet about retweet about happy,positive
3 ds -- ds -- (doctor),neutral
make them feel them feel that feel that you that you are you are there are there to there to listen to listen to listen to their to their problems,positive
,positive
hellooo happy kt happy kt bear kt bear (ffabear),positive
this is jimin is jimin to jimin to yoongi to yoongi unhappy,negative
but i liked i liked seeing liked seeing her seeing her posts her posts and posts and love and love her love her wri,negative
why are you are you whimper you whimper at whimper at me?,negative
i love you love you i you i guess i guess happy,positive
order what ever what ever you ever you want you want to want to eat to eat through eat through our through our website.may our website.may you website.may you all you all have all have a have a great a great day great day happy,positive
ikr. i would i would have would have trauma have trauma if trauma if i if i ware i ware him ware him unhappy,negative
friendly reminder that reminder that you that you can you can enjoy can enjoy a enjoy a movie a movie or movie or television or television show television show without show without having without having to having to trash to trash another trash another happy,positive
tension over visit,neutral
amazing work :d,positive
what to do to do when do when you when you are you are feeling are feeling bad feeling bad - bad - buy - buy a buy a new a new book new book and book and get and get engrossed get engrossed into engrossed into a into a new a new world new world happy,positive
convoy attacked on attacked on parimpora-panthachowk on parimpora-panthachowk bypass parimpora-panthachowk bypass in bypass in police,neutral
,neutral
pak pm survives pm survives removal survives removal scare,neutral
i'm all fucked all fucked up fucked up right up right now right now unhappy,negative
i would love would love to love to win to win these win these gorgeous these gorgeous nail gorgeous nail polishes nail polishes :d! polishes :d! aren't :d! aren't they aren't they cute,positive
top retweeters this retweeters this week,positive
thanks for having for having me!! having me!! :d,positive
congratyoulations harry!!!!! been harry!!!!! been with been with you with you since you since fifa since fifa 13!!!! fifa 13!!!! miss 13!!!! miss yoyour miss yoyour younboxing yoyour younboxing videos younboxing videos unhappy,negative
sunanda k datta-ray k datta-ray on datta-ray on why on why political why political ethos political ethos must ethos must be must be faulted be faulted for faulted for the for the racist the racist attacks racist attacks on attacks on students.,neutral
fuck. tried changing tried changing my changing my settings my settings but settings but still but still in still in india. in india. unhappy,negative
try hacking india's hacking india's election india's election commission election commission challenges commission challenges all.,neutral
last day of day of the of the camp the camp tomorrow,negative
i have tested have tested all tested all sweet all sweet dishes sweet dishes but dishes but they but they are they are not are not as not as sweet as sweet as sweet as my as my lovers my lovers lips lovers lips :)marvoree lips :)marvoree magpasikatonshowtime,positive
aw younhappy i younhappy i miss i miss you miss you too,negative
i left my left my headphones my headphones at headphones at home at home unhappy home unhappy kms,negative
never give up give up on up on the on the things the things that things that make that make you make you smile you smile happy,positive
thanks for the for the recent the recent follow. recent follow. much follow. much appreciated much appreciated happy appreciated happy want happy want this,positive
who drafted challenge drafted challenge to challenge to high to high court high court order court order in order in case,neutral
house adjourned till adjourned till 3pm.,neutral
what sushma forgot sushma forgot in forgot in racism in racism sermon: racism sermon: modi,neutral
nashri tunnel: pm tunnel: pm to pm to inaugurate to inaugurate india's inaugurate india's longest india's longest road longest road tunnel road tunnel video:,neutral
it really is really is uplifting is uplifting and uplifting and inspiring,positive
7 in car in car crushed car crushed under crushed under tanker under tanker carrying tanker carrying molten carrying molten tar.,neutral
watch top 10 top 10 news 10 news of news of the of the day the day video:,neutral
crocs in and in and more.,neutral
top officer speaks officer speaks up speaks up against up against how against how innocent how innocent are innocent are victims are victims suffer.,neutral
a mutiny: it's mutiny: it's versus it's versus sasikala.,neutral
a test of test of politics.,neutral
- thanks for thanks for being for being top being top engaged top engaged community engaged community members community members this members this week this week happy week happy grow happy grow your grow your followers your followers with,positive
physics will have will have 80 have 80 formulas 80 formulas to formulas to memorize to memorize ha.ha.ha memorize ha.ha.ha happy,positive
african hunt in hunt in noida,neutral
should i stay i stay ? stay ? should ? should i should i go i go ? go ? nobody ? nobody knows nobody knows happy,positive
thanks for the for the recent the recent follow recent follow happy follow happy to happy to connect to connect happy connect happy have happy have a have a great a great thursday. great thursday. want thursday. want this,positive
,positive
,neutral
sloths are great? are great? so great? so it's so it's a it's a good a good un-unthinkable good un-unthinkable picture? un-unthinkable picture? have picture? have i have i dug i dug mysel,positive
and more. also more. also in also in epaper.,neutral
a question for question for america,neutral
,positive
every time meredith time meredith has meredith has flashbacks has flashbacks of flashbacks of derek of derek shepherd derek shepherd i shepherd i can't i can't hold can't hold back hold back the back the tears the tears unhappy,negative
venues and audiences.,neutral
ok. just please just please read please read the read the replies the replies on replies on this....,positive
share the love:thanks the love:thanks for love:thanks for being for being top being top new top new followers new followers this followers this week this week happy week happy want happy want this,positive
i have to have to wake to wake up wake up at up at 4:30 at 4:30 tomorrow 4:30 tomorrow so tomorrow so my so my body's my body's gotten body's gotten a gotten a head a head start head start by start by waking by waking up waking up at up at 4:30 at 4:30 every 4:30 every day every day this day this week this week unhappy,negative
fat ass girl ass girl fat girl fat fetish760 fat fetish760 hot fetish760 hot videos hot videos online,positive
this looks awesome! looks awesome! id awesome! id love id love to love to see to see a see a vn a vn like vn like this like this :d,positive
model for modi,neutral
there we go we go again go again smile,positive
thank you happy,positive
ministers: transport minister transport minister nitin minister nitin gadkari nitin gadkari after gadkari after cabinet after cabinet meet.,neutral
exaseetly what's happening what's happening in happening in tn in tn politisees. tn politisees. this politisees. this is this is not is not to not to get to get bjp get bjp at bjp at all at all to all to tn. to tn. game tn. game is game is different. is different. again,positive
go kisses!!... i kisses!!... i know i know you know you can you can do can do it..,positive
u.s. loosens curb loosens curb on curb on re-entry on re-entry by re-entry by green by green card green card holders,neutral
i should do should do aegyo do aegyo because aegyo because i because i lost i lost unhappy,negative
good crying with crying with joy with joy i joy i love i love you love you so you so much,positive
,neutral
,negative
share the love the love you're love you're top you're top engaged top engaged community engaged community members community members this members this week! this week! much week! much appreciated much appreciated happy,positive
i think i'm think i'm going i'm going to going to check to check out check out even out even though even though i though i hear i hear it's hear it's not it's not as not as good as good as good as ue4 as ue4 i ue4 i believe i believe it believe it might it might be might be cool be cool to cool to tr,positive
i really feel really feel for feel for that for that lamp that lamp unhappy,negative
how won the won the trust the trust vote trust vote 122-11.,neutral
,neutral
south korea's constitutional korea's constitutional court constitutional court upholds court upholds president upholds president park's president park's impeachment,neutral
supreme court wants court wants to wants to know to know if know if exchange if exchange of exchange of notes of notes has notes has been has been stopped been stopped before stopped before march before march 31 march 31 deadline.,neutral
my new video new video for video for happy for happy i happy i hope i hope you hope you like you like ithappy,positive
as learns to learns to follow to follow rules,neutral
hellooo happy pixelsavage happy pixelsavage (pixel_savage_yo),positive
i'm grateful to grateful to my to my mom my mom for mom for giving for giving birth giving birth to birth to me to me and me and not and not abort not abort me abort me crying me crying with crying with joy,positive
thanks for the for the recent the recent follow. recent follow. much follow. much appreciated much appreciated happy appreciated happy (want happy (want this (want this for this for it's for it's magical!,positive
cm demands conducting demands conducting mcd conducting mcd polls mcd polls via polls via ballot via ballot paper ballot paper in paper in place in place of place of evms,neutral
thanks for the for the recent the recent follow. recent follow. much follow. much appreciated much appreciated happy appreciated happy want happy want this?,positive
thanks for the for the recent the recent follow recent follow happy follow happy to happy to connect to connect happy connect happy have happy have a have a great a great thursday. great thursday. want thursday. want this,positive
blessing your first your first day first day of day of april of april happy,positive
jyoustinbieber can you can you please you please follow please follow me follow me on me on daianeryoufato on daianeryoufato i've daianeryoufato i've been i've been trying been trying for trying for too for too long too long unhappy long unhappy i unhappy i love i love you love you so you so much so much baby! much baby! xx baby! xx (april xx (april 20,negative
dr kunal sarkar kunal sarkar on sarkar on how on how cartels how cartels have cartels have been have been ripping been ripping off ripping off patients off patients in,neutral
bby unhappy your unhappy your emotion,negative
deep scratch ;_;all scratch ;_;all the ;_;all the paint the paint is paint is gone is gone you gone you see you see the see the bare the bare metal. bare metal. so metal. so it so it needs it needs to needs to be to be fixed be fixed to fixed to avoid to avoid getting avoid getting a getting a rusting a rusting car rusting car soon car soon unhappy,negative
,negative
wife were split were split over split over coo,neutral
someone should bring should bring me bring me breakfast me breakfast to breakfast to work to work unhappy,negative
thanks for your for your articles. your articles. b,positive
you know that know that the that the problem the problem still problem still exist still exist :d,positive
stirrings of cold of cold war,neutral
we will be will be never be never ready never ready actually ready actually happy actually happy idhuellam happy idhuellam dialogue idhuellam dialogue ku dialogue ku dhan ku dhan othu dhan othu varum..,positive
it must be must be a be a varsity,neutral
funds for poor for poor students poor students dry students dry up.,neutral
definitely my arms my arms unhappy,negative
well that's not that's not good not good unhappy,negative
thanks for the for the recent the recent follow recent follow happy follow happy to happy to connect to connect happy connect happy have happy have a have a great a great thursday.,positive
in racketeers backed racketeers backed by backed by politicians by politicians prevent politicians prevent legal prevent legal by legal by govt by govt licensees.,neutral
after 23 years,neutral
how theatre festival theatre festival got festival got muffled.,neutral
india's opaque law,neutral
it's not cassandra not cassandra cain. cassandra cain. unhappy cain. unhappy not unhappy not sure not sure i sure i want i want to want to watch to watch batbuffy. watch batbuffy. batwoman batbuffy. batwoman would batwoman would have would have been have been more been more interesting.,negative
prettier 1.0 is 1.0 is not is not the not the end. the end. i end. i just i just released just released 1.2.0 released 1.2.0 that 1.2.0 that fixes that fixes another fixes another batch another batch of batch of edge of edge cases edge cases happy,positive
but not your not your career. your career. unhappy,negative
activist is killed,neutral
mystery over effect over effect in effect in data.,neutral
i miss minmin miss minmin crying,negative
byron in 3 in 3 weeks,positive
true! u can u can waste can waste a waste a day a day in day in social in social media social media and media and reading and reading websites. reading websites. on websites. on the on the other the other hand,positive
i'd say :d,positive
i keep waking keep waking up waking up in up in the in the middle the middle of middle of the of the night the night sick night sick as sick as shit. as shit. unhappy,negative
wants cisf presence,neutral
nine injured: cpro injured: cpro north cpro north central north central railway.,neutral
tw: s assaultactually s assaultactually horrified assaultactually horrified how horrified how many how many friends many friends of friends of mine of mine women mine women i women i talk i talk to talk to have to have been have been sexually been sexually assaulted sexually assaulted in assaulted in past. in past. just past. just found just found out found out another out another unhappy,negative
dm us happy us happy s,positive
go back to back to school to school for school for music! for music! i music! i think i think i think i will i will in will in time in time happy,positive
cloud over and over and more. and more. also more. also in also in epaper.,neutral
thanks for the for the recent the recent follow recent follow happy follow happy to happy to connect to connect happy connect happy have happy have a have a great a great wednesday.,positive
supreme court refuses court refuses to refuses to stay to stay cbi stay cbi probe cbi probe into probe into sting into sting in sting in which in which several which several leaders several leaders were leaders were allegedly were allegedly caught allegedly caught on caught on camera on camera taking camera taking money.,neutral
limits on cash on cash withdrawals cash withdrawals from withdrawals from bank from bank accounts bank accounts and accounts and atms and atms - atms - restoration - restoration of restoration of status of status quo status quo ante,neutral
leander and mahesh and mahesh get mahesh get away,neutral
i want to want to make to make waffles make waffles unhappy,negative
china cautions over cautions over visit over visit to visit to arunachal to arunachal pradesh.,neutral
speech-to-text doesnt understand doesnt understand my understand my accent my accent or accent or irish or irish names irish names unhappy,negative
i'm so sorry so sorry to sorry to see to see your see your tweet your tweet unhappy tweet unhappy please unhappy please could please could you could you dm you dm your dm your address your address details? address details? i details? i will i will look will look i,negative
ravel morrison unhappy,negative
what industrialists did industrialists did when did when asked when asked them asked them a them a question a question on,neutral
premier calcutta ransacked calcutta ransacked over ransacked over death,neutral
shri arun jaitley arun jaitley shall jaitley shall be shall be assigned be assigned the assigned the charge the charge of charge of the of the ministry the ministry of ministry of defence,neutral
the tutorial of tutorial of michel of michel grundstein michel grundstein distinguishing grundstein distinguishing information distinguishing information from information from knowledge.. from knowledge.. will knowledge.. will start will start at start at 15pm. at 15pm. be 15pm. be here be here happy,positive
tete-a-tete with a with a former a former president,neutral
how to stop to stop (and stop (and loot) (and loot) a loot) a express a express with express with just with just a just a coin.,neutral
i can't access can't access my access my school my school emails school emails from emails from any from any web any web browser web browser unhappy browser unhappy yet unhappy yet i yet i have i have so have so much so much homework much homework for homework for all for all my all my subjects my subjects on subjects on there,negative
the untold love untold love story love story of story of and of and ayesha and ayesha mukherjee.,neutral
foreign journalists in journalists in north in north korea north korea gather korea gather for gather for 'big for 'big event' 'big event' amid event' amid tensions,neutral
client work for work for rt for rt and rt and favorite and favorite happy,positive
,neutral
when it comes it comes to comes to prey,neutral
what did he did he say he say i'm say i'm at i'm at work at work unhappy work unhappy totally unhappy totally made totally made my made my day my day though,negative
india's old ties old ties with ties with should with should continue should continue to continue to be to be nurtured,neutral
i feel like feel like the like the 'only the 'only environments 'only environments disable environments disable people' disable people' argument people' argument actually argument actually excludes actually excludes many excludes many disabled many disabled people,negative
on snapchat happy,positive
sanjiv goenka tells,neutral
oh jeez. i jeez. i didn't i didn't even didn't even try even try taking try taking a taking a crack a crack at crack at it at it because it because i because i expected i expected the expected the build the build to build to be to be so be so bad,negative
i hate losing hate losing online losing online friends online friends unhappy friends unhappy it's unhappy it's cruel it's cruel when cruel when people when people deactivate people deactivate unhappy,negative
france's group buys group buys brand buys brand from brand from birlas.,neutral
,neutral
i love my love my six my six pack six pack so pack so much,positive
and more. also more. also in also in epaper.,neutral
seem i want i want to want to drop to drop this drop this account this account to account to wuhyungwon to wuhyungwon unhappy,negative
thanks for sharing for sharing my sharing my iris my iris photo. iris photo. i photo. i really i really appreciate really appreciate it appreciate it smile,positive
know the names the names of names of who of who can who can possibly can possibly be possibly be next be next up next up cm up cm video:,neutral
after a a a a question: a question: were question: were banking were banking correspondents banking correspondents coerced correspondents coerced into coerced into switching into switching old switching old notes?,neutral
kp nayar on nayar on how on how tensions how tensions have tensions have crept have crept into crept into ties into ties over,neutral
and shopping directory,neutral
aha it's okay it's okay she's okay she's going she's going to going to be to be on be on rough on rough night rough night happy,positive
damn that's unfortunate that's unfortunate for unfortunate for them for them unhappy,negative
,neutral
get this to this to 150!!,positive
coming soon to soon to a to a screen a screen near screen near you.,positive
on our way our way home way home happy home happy happy happy happy si happy si noah si noah sa noah sa skyranch,positive
major waffle cravings waffle cravings right cravings right now right now sad,negative
thanks for the for the recent the recent follow recent follow happy follow happy to happy to connect to connect happy connect happy have happy have a have a great a great thursday.,positive
teaser coming out coming out today out today at today at 4pm!story,positive
,negative
,positive
i welcome you welcome you to you to germany to germany then. germany then. i then. i have i have no have no authority no authority to authority to welcome to welcome you welcome you in you in the in the other the other countries other countries though! countries though! happy,positive
india urges to urges to talk to talk to,neutral
trump repeals obama-era repeals obama-era broadband obama-era broadband rules.,neutral
lok sabha adjourned sabha adjourned for adjourned for 3rd for 3rd time 3rd time till time till 1.50pm till 1.50pm as 1.50pm as opposition as opposition uproar opposition uproar over uproar over leader over leader tarun leader tarun vijay's tarun vijay's remarks vijay's remarks continues.,neutral
52 injured as injured as jabalpur-delhi as jabalpur-delhi train jabalpur-delhi train derails train derails near derails near half near half train half train carries train carries on carries on after on after delay.,neutral
this baby at baby at calcutta at calcutta has calcutta has died.,neutral
ed finds leader finds leader chhagan leader chhagan bhujbal's chhagan bhujbal's connection bhujbal's connection with connection with shell with shell companies shell companies after companies after conducting after conducting raids conducting raids in raids in and,neutral
this is jimin is jimin to jimin to yoongi to yoongi unhappy,negative
share the love: the love: thanks love: thanks for thanks for being for being top being top new top new followers new followers this followers this week this week happy week happy get happy get it,positive
instant message still message still bored still bored unhappy,negative
why you should you should shun should shun water shun water at water at beaches.,neutral
a menu for menu for judges,neutral
a7atein because one because one 'a7a' one 'a7a' just 'a7a' just isn't just isn't enough isn't enough ({}) enough ({}) :d,positive
and he said he said it said it silence it silence in silence in morgan in morgan freeman's morgan freeman's voice freeman's voice happy,positive
mms too had too had cried had cried racism cried racism while racism while oz while oz was oz was probing was probing indian probing indian attacks,neutral
,positive
talking to my to my over my over driver over driver about driver about where about where i'm where i'm goinghe i'm goinghe said goinghe said he'd said he'd love he'd love to love to go to go to go to new to new york new york too york too but too but since but since trump since trump it's trump it's probably it's probably not,negative
after 15 years,neutral
this makes a makes a great a great point,positive
me to self: to self: don't self: don't buy don't buy that.also buy that.also me: that.also me: but me: but i'm but i'm a i'm a furry a furry unhappy,negative
a perspective on perspective on strife.,neutral
fake exit poll exit poll results poll results are results are being are being circulated being circulated using circulated using abp using abp news' abp news' brand news' brand name. brand name. we name. we want we want to want to clarify to clarify that clarify that we that we haven't we haven't aired haven't aired any aired any exit any exit piss exit piss off,neutral
,neutral
thank you for you for 2k for 2k likes 2k likes on likes on my on my banner my banner project banner project happy,positive
here's one of one of my of my rolls my rolls of rolls of 'poundland' of 'poundland' film! 'poundland' film! (a film! (a store (a store that store that sells that sells all sells all products all products at products at 140.) at 140.) and 140.) and here's and here's the here's the dx the dx d,positive
i know. happy,positive
$es_f $spy bulls $spy bulls are bulls are just are just relentless just relentless happy relentless happy some happy some setups some setups i setups i like i like today,positive
i miss the miss the 7/27 the 7/27 costumes 7/27 costumes unhappy,negative
,neutral
had chopsuey before chopsuey before that before that unhappy that unhappy laughing unhappy laughing my laughing my ass my ass off ass off humble off humble feeds humble feeds are feeds are always are always the always the bomb!,negative
red velvet too velvet too unhappy,negative
how lost its lost its deposit its deposit in deposit in rajouri in rajouri garden rajouri garden stronghold.,neutral
i won't be won't be on be on till on till later! till later! unhappy,negative
take it home it home to...well,neutral
its texting without texting without looking without looking :)kisses looking :)kisses thefashionicon,positive
beetle from grips from grips litchi grips litchi crop litchi crop in,neutral
fl design done design done by done by me by me inspired me inspired from inspired from fl from fl hopyou fl hopyou you hopyou you all you all love all love it,positive
nick? might he might he deliver he deliver when deliver when the when the time the time demands time demands it. demands it. story it. story of story of his of his life his life -,negative
follow to a to a saga a saga diary saga diary and diary and a and a year's a year's worth year's worth of worth of saga of saga pens saga pens :)tcs,positive
sone who cant who cant stream cant stream at stream at genie!you at genie!you can genie!you can stream can stream for stream for ty for ty at ty at genie! at genie! we genie! we are we are still are still sharing still sharing some sharing some genie some genie ids. genie ids. if ids. if you if you want you want it,positive
have a great a great day great day everyone day everyone happy,positive
nothing is ever is ever as ever as it as it seems. it seems. what seems. what looks what looks bad looks bad today,positive
no from now from now on now on cars on cars of cars of pm,neutral
rt quote with quote with your with your name your name for name for a for a calligraphy a calligraphy of calligraphy of it of it happy it happy i'll happy i'll try i'll try my try my best my best to best to make to make it make it pretty!! it pretty!! non pretty!! non mutuals/mutuals non mutuals/mutuals (ifb) mutuals/mutuals (ifb) fl,positive
we finally got finally got jinyoung got jinyoung to jinyoung to wipe to wipe it wipe it for it for jaebum for jaebum himself jaebum himself but himself but their but their precious their precious son precious son blocks son blocks it blocks it for it for the for the world the world to world to witness to witness it,positive
so sad unhappy,negative
arrived on the on the back the back of back of a of a little a little tipper little tipper lorry tipper lorry smile,positive
says manini chatterjee.,neutral
helloo :d kesh :d kesh (mzkeshnj),positive
but i think i think you'll think you'll do you'll do better do better than better than me than me happy,positive
,negative
long time no time no chat no chat sad,negative
your system does system does not does not recognize not recognize spaces recognize spaces in spaces in last in last names last names so names so for so for 2nd for 2nd time 2nd time unable time unable to unable to check to check in check in forced in forced to forced to wait to wait in wait in unnecessary in unnecessary lines unnecessary lines unhappy,negative
where are you are you now? you now? happy,positive
manohar sworn in sworn in as in as chief as chief minister chief minister of,neutral
as petitioner wants.,neutral
22 is old is old unhappy,negative
sangh puts up puts up show up show of show of strength of strength in,neutral
my contribution to contribution to ( to ( posted ( posted on posted on my on my tumblr my tumblr a tumblr a while a while ago while ago crying ago crying with crying with joy with joy ),positive
having no mobile no mobile signal mobile signal sucks signal sucks unhappy sucks unhappy what's unhappy what's the what's the full the full postcode full postcode for postcode for where for where this where this is this is happening? is happening? we're happening? we're keen we're keen to keen to help to help si,negative
mayawati plays divide-and-woo plays divide-and-woo on divide-and-woo on home on home turf. home turf. upelections,neutral
i don't like don't like their like their songs their songs after songs after debyout after debyout younhappy debyout younhappy so younhappy so i so i can i can syouggest can syouggest yoyou syouggest yoyou jyoust yoyou jyoust one jyoust one song one song i song i really i really love,negative
why are your are your campervan your campervan tickets campervan tickets so tickets so expensive? so expensive? unhappy,negative
answer this with this with yoyour with yoyour steam yoyour steam trade steam trade link trade link and link and ill and ill send ill send you send you right you right away right away :d,positive
hehe take care take care andy care andy friend andy friend happy,positive
,positive
few takers in takers in for in for mamata's for mamata's torsa mamata's torsa plan.,neutral
,negative
i tak ambik tak ambik wedding ambik wedding package wedding package cause package cause i cause i is i is poor is poor unhappy poor unhappy i unhappy i ambik i ambik aromaterapi ambik aromaterapi massage aromaterapi massage je massage je hajxjsjsj. je hajxjsjsj. hehe hajxjsjsj. hehe see hehe see uuuu see uuuu jwa,negative
have you tried you tried these tried these new these new hacks?! new hacks?! **trying hacks?! **trying dumb **trying dumb life dumb life hacks life hacks 17**,positive
and modi's comment.,neutral
bengal private schools private schools in schools in a in a fix,neutral
keep tweeting team. tweeting team. higher! team. higher! thank higher! thank you thank you for you for the for the efforts. the efforts. :)kisses efforts. :)kisses thefashionicon,positive
there is no is no project no project from project from india from india to india to test to test on test on the,neutral
as bjp heads bjp heads for heads for landslide for landslide win landslide win in win in samajwadis in samajwadis concede samajwadis concede defeat concede defeat but defeat but mayawati but mayawati wants mayawati wants fresh wants fresh polls fresh polls using polls using paper using paper votes.,neutral
dig at amartya,neutral
no merit in merit in claims in claims that claims that can that can be can be tampered be tampered with; tampered with; such with; such allegations such allegations are allegations are wild are wild and wild and baseless:,neutral
comforting london fog.,positive
and more. also more. also in also in the in the epaper.,neutral
there're time we time we shcj we shcj do/did shcj do/did something do/did something that something that dissapointed that dissapointed ot6,positive
but i can't i can't make can't make it make it unhappy it unhappy thanks unhappy thanks for thanks for the for the heads the heads up heads up though. up though. please though. please take please take photos!,negative
muz u more,negative
we finally got finally got jinyoung got jinyoung to jinyoung to wipe to wipe it wipe it for it for jaebum for jaebum himself jaebum himself but himself but their but their precious their precious son precious son blocks son blocks it blocks it for it for the for the world the world to world to witness to witness it,positive
pls rt[nct fic] rt[nct fic] love fic] love song,positive
can just see just see the see the edge the edge creeping edge creeping in creeping in unhappy,negative
abp news exclusive: news exclusive: arms,neutral
22 agreements signed,neutral
spose you don't you don't have don't have to have to pay to pay for pay for accomodation for accomodation which accomodation which is which is nice is nice haha? nice haha? or haha? or are or are you are you going you going to going to stay to stay somewhere stay somewhere anyway? somewhere anyway? happy,positive
wake-up call for call for trump,neutral
,positive
ed issues notice issues notice to notice to for to for violation for violation of violation of provisions of provisions to provisions to the to the tune the tune of tune of rs of rs 73 rs 73 crore 73 crore in crore in ipl.,neutral
flutter at trial at trial raises trial raises fresh raises fresh scare fresh scare about scare about accuracy.,neutral
i'm so tired so tired of tired of pretending of pretending i'm pretending i'm not i'm not falling not falling for falling for you for you unhappy,negative
,negative
hi tharakaram! that's tharakaram! that's not that's not the not the experience the experience we experience we want we want you want you to you to have to have unhappy have unhappy please unhappy please dm please dm us dm us your us your numbers your numbers so numbers so that so that we that we can we can get can get this.. get this.. cont1,negative
headmaster finds truant finds truant kids truant kids harvesting kids harvesting crop.,neutral
heeeeey notice me notice me unhappy,negative
bedroom journalism on journalism on trial,neutral
.is the winner the winner of winner of the of the donation the donation giveaway,positive
cloud over state over state boss state boss keshav boss keshav maurya's keshav maurya's chances maurya's chances of chances of becoming of becoming chief becoming chief minister.,neutral
oh shiiiiid noooooor shiiiiid noooooor unhappy,negative
just over 91% over 91% in 91% in favour in favour of favour of the of the unelectable the unelectable jeremy unelectable jeremy corbyn jeremy corbyn happy,positive
z-plus cover for cover for uttar for uttar pradesh uttar pradesh chief pradesh chief minister,neutral
but no arrests no arrests yet.,neutral
bjp rushes to rushes to shake to shake off shake off upper-caste off upper-caste tag.,neutral
getting up this up this morning this morning was morning was a was a hassle a hassle unhappy,negative
please! watch the watch the afl the afl anzac afl anzac game anzac game on game on tuesday! on tuesday! it's tuesday! it's a it's a very a very big very big tradition big tradition here tradition here and here and you'll and you'll love you'll love the love the sport! the sport! happy,positive
from old a old a street a street directory,neutral
she is! haha is! haha but haha but i but i wanted i wanted to wanted to look to look like look like v like v unhappy,negative
irfan habib on habib on seeing on seeing the seeing the past the past with past with both with both eyes both eyes on eyes on the on the present,neutral
i've been given been given a given a custom a custom console custom console bundle console bundle to bundle to giveaway! to giveaway! happy giveaway! happy this happy this tweet this tweet be tweet be following be following me following me to me to enter! to enter! ends,positive
how cloaked debate cloaked debate in debate in draupadi's in draupadi's robes.,neutral
i cringed so cringed so hard so hard :(that hard :(that fall :(that fall was fall was such was such a such a shame- a shame- she shame- she had she had been had been looking been looking really looking really good really good until good until that until that point...,negative
menu at dinner: at dinner: praise dinner: praise for praise for and for and more and more praise.,neutral
jk to resume to resume work resume work on work on on on on system on system river.,neutral
i dedicate this dedicate this song this song to,positive
idfc official vikram official vikram limaye,neutral
murali's initiative goes initiative goes to goes to jaffna,neutral
have a great a great day great day today day today happy,positive
in 7days: on 7days: on rallying on rallying cry rallying cry of cry of students,neutral
someone build house build house on house on (4) on (4) i (4) i cant i cant do cant do it do it unhappy it unhappy cant unhappy cant believe cant believe this believe this hasn't this hasn't already hasn't already been already been done????,negative
widening trade deficit trade deficit to deficit to $9.84bn.,neutral
there should be should be no be no room no room for room for in for in india in india for india for indian,neutral
in 7days: modi's 7days: modi's rule modi's rule by rule by twitter,neutral
it will be will be at be at random at random on random on twitch on twitch happy,positive
the middleman (or middleman (or conman) (or conman) nephew conman) nephew tapped nephew tapped to tapped to bribe to bribe election bribe election commission election commission officials.,neutral
sone who cant who cant stream cant stream at stream at genie!you at genie!you can genie!you can stream can stream for stream for ty for ty at ty at genie! at genie! we genie! we are we are still are still sharing still sharing some sharing some genie some genie ids. genie ids. if ids. if you if you want you want it,positive
it was not was not your not your fault,negative
000 join the join the 4500 the 4500 already 4500 already on already on in on in after in after assaults.,neutral
why victory may victory may be may be bad be bad news bad news for,neutral
jamie. passion + passion + perseverance + perseverance equals perseverance equals two equals two of two of the of the not-so-secret the not-so-secret ingredients not-so-secret ingredients in ingredients in the in the secret the secret sauce secret sauce of sauce of success of success happy,positive
same. unhappy i unhappy i got i got a got a 12h a 12h stream 12h stream coming stream coming up coming up for up for my for my bday my bday in bday in 8 in 8 hours. 8 hours. and hours. and i'm and i'm still i'm still not still not sleeping.,negative
to pork pies pork pies happy,positive
if looks could looks could kill......... could kill......... smile,positive
issa throwback. happy,positive
hungry unhappy but unhappy but no but no time no time to time to buy to buy food,negative
that makes me makes me sad. me sad. unhappy sad. unhappy i unhappy i wasn't i wasn't friends wasn't friends with friends with her with her like her like you,negative
thanks for the for the recent the recent follow recent follow happy follow happy to happy to connect to connect happy connect happy have happy have a have a great a great thursday.,positive
honestly college makes college makes me makes me want me want to want to curl to curl up curl up into up into a into a ball a ball and ball and cry and cry for cry for 3 for 3 days 3 days straight days straight unhappy,negative
,positive
molly 1. i 1. i wish i wish i wish i could i could have could have her have her hair her hair unhappy hair unhappy 2. unhappy 2. cutest 2. cutest michael cutest michael girl michael girl milly girl milly on milly on the on the phone the phone 3. phone 3. haiiiiiir 3. haiiiiiir and haiiiiiir and your and your lips your lips 4. lips 4. friend5. 4. friend5. yes6. friend5. yes6. -,negative
new job starts job starts in starts in to in to weeks! to weeks! :d,positive
govt drops plan drops plan to plan to slip to slip in slip in pseudo,neutral
unhappy i saw i saw somebody saw somebody said somebody said his said his hair his hair fell hair fell out fell out and out and bighit and bighit trying bighit trying to trying to figure to figure it figure it out,negative
hardest interview of interview of my of my life,neutral
harvests 1st crop 1st crop of,neutral
i was telling was telling you telling you to you to read to read a read a book a book today. book today. knowledge today. knowledge is knowledge is power. is power. knowledge power. knowledge is knowledge is growth. is growth. kee,positive
famfrit with and with and people and people happy,positive
music legend will legend will receive will receive his receive his diploma his diploma and diploma and medal and medal in medal in stockholm in stockholm in stockholm in the in the next the next few next few days,neutral
how has become has become epicentre become epicentre of epicentre of industry of industry in industry in bihar.,neutral
,positive
makes me so me so sad so sad unhappy sad unhappy they unhappy they looked they looked so looked so unhappy so unhappy when unhappy when i when i went i went to went to seaworld,negative
update: british police british police arrest police arrest seven arrest seven in seven in probe in probe into probe into attack into attack on,neutral
my real time real time happy,positive
ye... i will i will miss will miss you miss you unhappy,negative
and why a why a nation a nation at nation at 70 at 70 must 70 must begin must begin a begin a new a new life.,neutral
arrests woman director woman director of director of a of a hong a hong kong-based hong kong-based firm kong-based firm in firm in a in a rs a rs 1478 rs 1478 crore 1478 crore case crore case registered case registered post,neutral
great songs happy songs happy who happy who are who are your are your favourtie your favourtie member? favourtie member? x,positive
no food for food for dissent for dissent in dissent in this in this tradition this tradition of,neutral
,neutral
i lost one lost one import one import quizzz import quizzz unhappy,negative
a fish killer fish killer going killer going to going to be to be pressed be pressed younhappy pressed younhappy i younhappy i the i the hoe the hoe of hoe of today of today you today you were you were a were a good a good person,negative
thanks for the for the recent the recent follow,positive
,neutral
this is damn.... is damn.... theres damn.... theres people theres people who people who sincerely who sincerely want sincerely want to want to attend to attend bh attend bh birthday bh birthday party birthday party but party but bcs but bcs of bcs of those of those people those people who people who try who try for try for fun for fun make fun make them make them ca,negative
pakistan under pressure under pressure from pressure from ban,neutral
thanks for the for the follow the follow happy follow happy if happy if we if we can we can help can help your help your business your business in business in anyway in anyway please anyway please get please get in get in touch,positive
how went to went to meet,neutral
how returned to returned to a to a warm a warm welcome warm welcome in,neutral
when i got i got doubts got doubts about doubts about my about my summer my summer happiness. summer happiness. why happiness. why zcc? why zcc? unhappy,negative
,negative
great! you're welcome you're welcome josh welcome josh happy josh happy ^adam,positive
can someone buy someone buy me buy me a me a tasbih a tasbih pls? tasbih pls? i pls? i don't i don't have don't have one have one unhappy,negative
haha thanks fansnim! thanks fansnim! happy,positive
not a single a single idea single idea from idea from opposition from opposition on opposition on clean on clean says,neutral
3 publishers close publishers close suit close suit against suit against photocopying against photocopying of,neutral
basketball etc theyre etc theyre all theyre all restrict.threw,negative
i am if am if you're if you're still you're still looking still looking for looking for one for one happy,positive
research seats at seats at hit at hit again hit again as again as regulator as regulator tightens regulator tightens rules tightens rules for rules for guides.,neutral
indignation remains well-fed,neutral
younhappy i'll keep i'll keep it keep it jyoust it jyoust for jyoust for you,negative
the new twitter new twitter reply twitter reply view reply view has view has me has me confused... me confused... like confused... like do like do i do i capitalise i capitalise my capitalise my replies my replies to replies to people to people or people or not? or not? unhappy,negative
30 likes?} hehe,positive
readies stage for stage for 2019.,neutral
miss my friends my friends unhappy,negative
i had all had all and all and then and then most then most of most of you,positive
never mind khushi,negative
oh you american you american cultists american cultists :d,positive
jack and finn and finn harries finn harries crying harries crying with crying with joy,positive
babye old twitter old twitter unhappy,negative
share the love the love you're love you're top you're top engaged top engaged community engaged community members community members this members this week! this week! much week! much appreciated much appreciated happy,positive
india would do would do well do well to well to abolish to abolish the abolish the says,neutral
us nsa h.r. nsa h.r. to h.r. to arrive to arrive in arrive in today; in today; to today; to hold to hold talks hold talks with talks with nsa,neutral
all my irls my irls are irls are coming are coming at coming at me at me because me because i because i meet i meet the meet the boys the boys too boys too much too much and much and i and i don't i don't deserve don't deserve any deserve any of any of it of it unhappy,negative
lego_group: legothursdays jokersquad_swg legothursdays jokersquad_swg legolandwindsor jokersquad_swg legolandwindsor sounds legolandwindsor sounds like sounds like you like you had you had lots had lots of lots of fun! of fun! happy,positive
,negative
6 features of features of extended of extended stay extended stay in,neutral
will you do you do before do before and before and after and after pictures? after pictures? i pictures? i always i always enjoy always enjoy your enjoy your swanky your swanky hair swanky hair happy,positive
thanks for the for the follow,positive
,positive
,negative
little fans. - fans. - happy,positive
scotland yard arrests yard arrests in arrests in london,neutral
fans of see of see him see him as him as a as a future a future pm.,neutral
plus i want i want to want to win to win that win that merc that merc c63 merc c63 silence c63 silence sooo! silence sooo! happy,positive
that's kaki no kaki no tane no tane and tane and it's and it's amazing! it's amazing! foyound amazing! foyound a foyound a place a place here place here in here in germany in germany where germany where you where you can you can import can import it! import it! :d,positive
hi! we tried we tried to tried to call to call your call your number your number but number but got but got no got no response no response unhappy response unhappy please unhappy please share please share another share another suitable another suitable time suitable time and time and an and an alternate an alternate number alternate number for.. number for.. cont1,negative
hiring people for people for a for a task a task in task in which in which they which they have they have an have an edge.,neutral
first attempts of attempts of bird of bird photography. bird photography. :-)passer photography. :-)passer domesticus. :-)passer domesticus. how domesticus. how surprising. how surprising. wink,positive
what 'slaps' on 'slaps' on memorial on memorial mean.,neutral
have a great a great thursday! great thursday! looking thursday! looking forward looking forward to forward to reading to reading your reading your tweets your tweets happy tweets happy want happy want this,positive
need moodbooster juseyo moodbooster juseyo unhappy,negative
killed in deaths in deaths in deaths in not in not girl not girl after girl after all. after all. and all. and more. and more. also more. also in also in epaper.,neutral
happy birthday ! birthday ! happy ! happy hope happy hope you hope you have you have a have a good a good one,positive
promised denied helicopter,neutral
canberra is a is a land-locked a land-locked capital. land-locked capital. unhappy,negative
live pranab mukherjee pranab mukherjee to mukherjee to address to address parliament address parliament at parliament at 11am,neutral
govt seems to seems to have to have slipped have slipped in slipped in an in an in an in budget2017.,neutral
better be oldschool be oldschool crying oldschool crying with crying with joy with joy rs3 joy rs3 equals rs3 equals aids equals aids 3,positive
why may not may not show not show in,neutral
i love you love you but you but i but i can%27t i can%27t be can%27t be arsed be arsed i arsed i don%27t i don%27t know don%27t know why know why people why people keep people keep saying keep saying it saying it unhappy,negative
.listen to this to this beautiful this beautiful video beautiful video of video of her of her si,positive
setting up court up court at court at home,neutral
india caps prices caps prices -- prices -- rs7,neutral
i miss you miss you huhu you huhu so huhu so busy so busy unhappy,negative
says manini chatterjee.,neutral
,negative
i say tuna say tuna happy,positive
think it would it would drive would drive me drive me mad me mad once mad once the once the synths the synths and synths and other and other robots other robots turned robots turned up. turned up. unhappy,negative
that's why i why i say i say at say at the at the end the end of end of my of my videos my videos if videos if you if you liked you liked it,positive
yo thank you thank you for you for over for over 15,positive
,negative
being a parent a parent is parent is very is very challenging. very challenging. if challenging. if we if we cannot we cannot control cannot control ourselves control ourselves we'll ourselves we'll give we'll give the give the worst the worst output worst output to output to the to the children the children in children in other in other word,negative
,positive
kp nayar on nayar on why,neutral
autograph book at book at the at the ready,negative
a soldier's painful soldier's painful journey,neutral
don kray denial kray denial of denial of normal of normal bi normal bi say,negative
the perfect dress,positive
so precious i precious i really i really miss really miss him miss him unhappy,negative
best advice on advice on blogging. on blogging. happy,positive
and more. also more. also in also in epaper.,neutral
in new tv new tv channel's tv channel's bedroom channel's bedroom journalism bedroom journalism on journalism on trial.,neutral
hey guys could guys could you could you help you help me help me by me by retweeting by retweeting this? retweeting this? i've this? i've heard i've heard was heard was legitimate was legitimate and legitimate and i and i really i really need really need a need a vpn a vpn account vpn account rig,negative
you'll be see,positive
that's shocking and shocking and evil and evil unhappy,negative
bihar cm cites cm cites siltation cites siltation threat siltation threat of threat of barrages of barrages on barrages on national on national waterway.,neutral
home run !!!! run !!!! and !!!! and yes and yes charlie yes charlie is charlie is at is at the at the game the game happy,positive
you are welcome are welcome happy,positive
but calls floor calls floor test.,neutral
happy birthday have birthday have a have a good a good day good day happy,positive
,negative
even me unhappy me unhappy *hugs*,negative
i havent been havent been this been this early this early to early to school to school since school since last since last semester last semester unhappy,negative
that sucks unhappy,negative
vistara joins for joins for pervert for pervert airlines pervert airlines in airlines in call in call for call for list for list after list after assault after assault on assault on air on air india air india manager india manager by manager by mp,neutral
good morning every morning every one,positive
naila raheem is raheem is now is now following now following me following me on me on twitter!,positive
also in epaper.,neutral
,neutral
[please rt] he'll rt] he'll buy he'll buy me buy me a me a blinking a blinking taehyung blinking taehyung headband,negative
stats for the for the day the day have day have arrived. have arrived. 1 arrived. 1 new 1 new follower new follower and follower and no and no unfollowers no unfollowers happy unfollowers happy via,positive
jin was spotted was spotted at spotted at everland at everland today. everland today. nice today. nice to nice to see to see them see them having them having a having a break a break after break after the after the us the us tour us tour happy,positive
yg should have should have sent have sent them sent them to them to mcd. to mcd. i mcd. i want i want to want to see to see them see them holding them holding the holding the trophy the trophy unhappy trophy unhappy anyways,negative
to all fla all fla members fla members and members and officers and officers who officers who are who are going are going to going to cebu to cebu tomorrow cebu tomorrow silence tomorrow silence godbless silence godbless piss godbless piss off piss off mga off mga ante mga ante and ante and angkol! and angkol! happy,positive
instant message perfectly message perfectly fine perfectly fine :d fine :d how :d how about how about you about you fellow you fellow ken,positive
comparing 2015 with 2015 with 2017.,neutral
i hate throwing hate throwing up throwing up unhappy,negative
chidambaram on being on being in being in the in the opposition,neutral
crying muh feels,negative
no limits on limits on cash on cash withdrawals cash withdrawals from withdrawals from today,neutral
have a great,positive
ammunition and explosive and explosive material explosive material recovered material recovered after recovered after lucknow after lucknow operation lucknow operation ends operation ends video:,neutral
unhappy :/ unhappy :/ unhappy feeling unhappy feeling sick,negative
not you again you again sad,negative
lexxxxxy unhappy youre unhappy youre too youre too nice too nice to nice to me to me instant me instant message instant message really message really not really not eek,negative
thanks for being for being top being top engaged top engaged community engaged community members community members this members this week this week happy week happy want happy want this want this ?,positive
we can get can get pork get pork katsudon pork katsudon at katsudon at tokyo at tokyo diner! tokyo diner! tho diner! tho it tho it doesn't it doesn't have doesn't have egg have egg in egg in it in it unhappy,negative
rare species says species says hello says hello after hello after a after a century.,neutral
i miss quacktopia! miss quacktopia! unhappy,negative
5.5% on rs on rs 50000-100000.,neutral
didn't keep it keep it unhappy,negative
keep loving deepika,positive
thank you crew you crew happy,positive
nothing could be could be better be better happy,positive
,neutral
my hair is hair is not is not as not as crisp as crisp unhappy,negative
gamer follow train!follow follow train!follow meretweet train!follow meretweet thisfollow meretweet thisfollow all thisfollow all who all who retweetedgain who retweetedgain active retweetedgain active followers active followers happy followers happy 450,positive
i was actually was actually looking actually looking forward looking forward to forward to seeing to seeing if seeing if your if your theory your theory around theory around his around his personal his personal vote personal vote was vote was correct was correct unhappy,negative
who's that chair that chair you're chair you're sitting you're sitting in? sitting in? is in? is this is this how this how i how i find i find out. find out. everyone out. everyone knows everyone knows now. knows now. you've now. you've shamed you've shamed me shamed me in me in pu,negative
annoyingly the spaces the spaces in spaces in the in the variable the variable width variable width version width version of version of the of the c64 the c64 font c64 font that's font that's available that's available on available on the on the internet the internet are internet are wi,negative
india to end to end culture end culture of culture of sirens of sirens on sirens on cars.,neutral
development of all,neutral
thanks for sharing for sharing my sharing my iris my iris photo. iris photo. i photo. i really i really appreciate really appreciate it appreciate it smile,positive
5640 is less is less than less than 155 than 155 in 155 in world,neutral
but some veteran some veteran generals veteran generals see generals see breach.,neutral
i wasn't saying wasn't saying i saying i read i read a read a book a book today,positive
because you are you are one are one happy,positive
what 500m is 500m is in is in and in and more. and more. also more. also in also in epaper.,neutral
vows to move to move supreme move supreme court.,neutral
most likely to likely to be to be elected be elected as elected as up as up cm: up cm: sources,neutral
good luck to luck to rich to rich riding rich riding for riding for great for great project great project in project in this in this sunday. this sunday. can sunday. can you can you donate?,positive
i hope this hope this little this little beaand little beaand is beaand is andot is andot overworkiandg andot overworkiandg himself overworkiandg himself and himself and gettiandg and gettiandg at gettiandg at least at least some least some rest some rest unhappy,negative
sasikala expels scores expels scores of scores of rebels of rebels including rebels including minister including minister k minister k pandiarajan k pandiarajan and pandiarajan and senior and senior leader senior leader c leader c ponnaiyan c ponnaiyan from,neutral
to beautiful ladies beautiful ladies and ladies and so and so full so full of full of fun of fun and fun and body and body confidence. body confidence. .. confidence. .. then .. then on then on the on the s,negative
as in most in most used. most used. stats used. stats don't stats don't care don't care about care about motivation about motivation happy,positive
i miss temperance miss temperance brennan temperance brennan and brennan and seeley and seeley booth seeley booth so booth so much so much unhappy,negative
and more. also more. also in also in epaper.,neutral
my area's not area's not on not on the on the list the list unhappy list unhappy think unhappy think i'll think i'll go i'll go libdems go libdems anyway,negative
ruby was rehomed was rehomed for rehomed for times for times before times before she before she was she was for was for months for months old months old now old now loves now loves her loves her forever her forever home. forever home. pls home. pls always pls always consider always consider rescue consider rescue when,positive
i do it do it for it for 5/6 for 5/6 times 5/6 times a times a week a week leh week leh sad leh sad and sad and yes and yes closing yes closing is closing is damn is damn fuck damn fuck opening fuck opening so opening so much so much better,negative
how fielded nephew,neutral
thank you roshhh you roshhh i roshhh i miss i miss you miss you and you and everyone and everyone too. everyone too. love too. love youuu love youuu more,negative
eight coaches of coaches of derail of derail near derail near station near station in station in uttar in uttar pradesh,neutral
bjp flies on flies on wings,neutral
the best community best community gathering community gathering coming gathering coming up! coming up! we're up! we're full,positive
i want to want to but to but i but i wouldn't i wouldn't be wouldn't be able be able to able to get to get time get time off time off for off for it for it and it and don't and don't know don't know people know people in people in my in my year my year to year to go to go with go with unhappy,negative
,neutral
ohnoo unhappy unhappy unhappy unhappy hope unhappy hope it hope it recuperates it recuperates sooner!!,negative
just kept going kept going unhappy,negative
mrs king is king is excited is excited to excited to work to work with work with students with students today! students today! check today! check out check out this out this cool this cool classroom cool classroom shape! classroom shape! lots shape! lots of lots of math of math in math in here in here happy,positive
rohith's buddy's autopsy buddy's autopsy caught autopsy caught in caught in distrust,neutral
made new logotypes new logotypes for logotypes for really for really fun really fun to fun to work to work on work on you on you should you should follow should follow if follow if you if you want you want to want to keep to keep yourself keep yourself updated,positive
thanks for the for the recent the recent follow recent follow happy follow happy to happy to connect to connect happy connect happy have happy have a have a great a great thursday. great thursday. want thursday. want this,positive
pitched battles in battles in progress in progress in progress in du in du as du as abvp as abvp disrupts abvp disrupts ramjas disrupts ramjas march ramjas march to march to maurice to maurice nagar maurice nagar ps,neutral
modi in up,neutral
common bugbear for bugbear for india for india and india and and and and more. and more. also more. also in also in epaper.,neutral
no honesty hug honesty hug for hug for well-heeled,neutral
,positive
5 kids orphaned: kids orphaned: their orphaned: their parents their parents were parents were branded were branded and branded and hacked and hacked to hacked to death.,neutral
,neutral
unhappy they not,negative
grooming season dawns season dawns in dawns in madhya in madhya pradesh,neutral
this is jimin is jimin to jimin to yoongi to yoongi unhappy,negative
aiadmk expels after expels after supreme after supreme court supreme court ruling court ruling knocks ruling knocks out knocks out of out of cm of cm race.,neutral
i don't think don't think you'd think you'd understand you'd understand how understand how much how much a much a stream a stream would stream would mean would mean happy mean happy even happy even if even if it if it is it is very is very make-do,positive
mastermind of module of module of module of arrested of arrested by arrested by police by police in,neutral
unhappy we're sorry we're sorry your sorry your pizza your pizza arrived pizza arrived with arrived with mushrooms with mushrooms despite mushrooms despite your despite your request. your request. could request. could you could you please you please get please get in get in touch in touch vi,negative
this picture makes picture makes me makes me sad me sad unhappy,negative
heat wave coming,neutral
supreme court summons court summons boss,neutral
wow! my friend my friend dara friend dara shared dara shared this shared this from this from her from her hubby!!! her hubby!!! he hubby!!! he looks he looks terrific. looks terrific. :)order terrific. :)order yours :)order yours here yours here -,positive
what meghalaya got meghalaya got when got when it when it bred it bred local bred local pig local pig with pig with variety.,neutral
india's force wants force wants 20 wants 20 mps 20 mps named mps named and named and shamed and shamed for shamed for antics.,neutral
ugly high-rises are high-rises are taking are taking over taking over while over while grand while grand structures grand structures are structures are being are being ignored,neutral
can list them list them if them if you if you want you want happy,positive
govt to merge to merge bharatiya merge bharatiya mahila bharatiya mahila bank mahila bank with bank with for with for greater for greater services greater services outreach services outreach to,neutral
profit is sanity.,neutral
we have a have a few a few breweries few breweries in breweries in the in the uk the uk too.... uk too.... smile,positive
prasun chaudhuri on chaudhuri on the on the (dying?) the (dying?) art (dying?) art of art of carving of carving from,neutral
i just did just did happy,positive
did you go you go all go all the all the way the way to way to keem? to keem? have keem? have you have you been you been up been up minaun? up minaun? that's minaun? that's a that's a good a good one good one if one if you if you are you are into are into extreme into extreme driving extreme driving today driving today smile,positive
hey screenshot sainyo screenshot sainyo . sainyo . hmm . hmm tumagal hmm tumagal sana tumagal sana us sana us . us . stay . stay what stay what uu what uu are uu are . are . im . im always im always here always here fr here fr uu fr uu no uu no matter no matter what matter what . what . luv . luv uu luv uu so uu so mats,negative
cold as a as a mother a mother crusher mother crusher right crusher right now. right now. nearing now. nearing the nearing the end the end of end of april. of april. sad,negative
instant message cramping message cramping sad,negative
the most painful most painful goodbyes painful goodbyes are goodbyes are the are the onesthat the onesthat are onesthat are never are never said never said and said and never and never explained never explained crying explained crying unhappy crying unhappy :/,negative
,negative
and more. also more. also in also in epaper.,neutral
perfectly happy with happy with the with the players the players we've players we've got,neutral
what did for did for some for some stretches some stretches of stretches of highways of highways (to highways (to save (to save bars?).,neutral
india's foreign secretary foreign secretary to secretary to visit to visit next visit next week next week for week for 'frank' for 'frank' talks.,neutral
indian navy ships navy ships respond ships respond to respond to piracy to piracy attack piracy attack on attack on foreign on foreign merchant foreign merchant vessel merchant vessel in vessel in gulf in gulf of gulf of aden,neutral
rather than the than the uk,positive
here's me being me being brutally being brutally respectable brutally respectable in respectable in a in a suit... a suit... enjoy suit... enjoy happy enjoy happy contrast happy contrast so contrast so you so you appreciate you appreciate mo,positive
patna's tires out tires out machine.,neutral
i want to want to learn to learn the learn the choreo the choreo but choreo but my but my ugly my ugly body ugly body says body says no says no crying no crying with crying with joy,positive
i said d2 said d2 largely d2 largely because largely because sd because sd d2 sd d2 doesn't d2 doesn't run doesn't run on run on newer on newer versions newer versions of versions of mac of mac os mac os and os and i and i miss i miss playing miss playing it playing it unhappy it unhappy hd unhappy hd woul,negative
this is so is so sad so sad what sad what the what the fuck the fuck unhappy,negative
can i pop i pop in pop in a in a request a request for request for assassin for assassin shower assassin shower gel? shower gel? happy,positive
bsp boss is boss is not is not averse not averse to averse to joining to joining forces joining forces with forces with non-bjp with non-bjp parties.,neutral
hi kn fans! kn fans! happy,positive
9 other civic other civic bodies civic bodies in bodies in state in state to state to go to go to go to polls to polls on polls on tuesday,neutral
this is damn.... is damn.... theres damn.... theres people theres people who people who sincerely who sincerely want sincerely want to want to attend to attend bh attend bh birthday bh birthday party birthday party but party but bcs but bcs of bcs of those of those people those people who people who try who try for try for fun for fun make fun make them make them ca,negative
writes sonia sarkar.,neutral
thanks for the for the recent the recent follow. recent follow. much follow. much appreciated much appreciated happy appreciated happy get happy get this,positive
sorry. one bad one bad egg bad egg has egg has to has to embarrass to embarrass the embarrass the rest. the rest. unhappy,negative
penge damit unhappy,negative
penge damit unhappy,negative
what jharkhand body jharkhand body has body has been has been doing been doing to doing to upgrade to upgrade pitch upgrade pitch for pitch for test.,neutral
so you thought you thought the thought the has the has made has made transparent?,neutral
hi ashish! we've ashish! we've an we've an update an update regarding update regarding your regarding your concern your concern but concern but your but your number your number was number was switched was switched off switched off unhappy off unhappy please unhappy please share please share another share another suitable another suitable time.. suitable time.. cont1,negative
thanks for the for the recent the recent follow recent follow happy follow happy to happy to connect to connect happy connect happy have happy have a have a great a great thursday. great thursday. want thursday. want it,positive
former captain diana captain diana edulji diana edulji are edulji are others are others in others in panel in panel to panel to run,neutral
thanks for sharing for sharing happy,positive
indian hold promise hold promise in promise in battle in battle against,neutral
this wasnt meant wasnt meant to meant to sound to sound ano sound ano sad,negative
7 indian to indian to scrap to scrap tags scrap tags for tags for handbaggage.,neutral
and i suspect i suspect you suspect you will you will be will be one be one of one of the of the few the few who few who would who would get would get it get it happy,positive
000 seats across seats across 3400 across 3400 colleges.,neutral
thats sooooooooooooo sick!!!! sooooooooooooo sick!!!! xd sick!!!! xd thanks xd thanks so thanks so much so much for much for making for making it making it kin!! it kin!! i kin!! i love i love it! love it! :d,positive
this never happened never happened with happened with our with our happy,positive
thank you kpop you kpop crying kpop crying with crying with joy,positive
why a list a list may list may not may not be not be a be a good a good idea.,neutral
members from camp from camp meet camp meet assembly meet assembly speaker assembly speaker p speaker p dhanapal,neutral
visual studio installation studio installation - installation - 89% - 89% .. 89% .. bsod .. bsod comes bsod comes suddenly comes suddenly unhappy,negative
arson on film on film sets,neutral
how can people can people do people do stuff do stuff like stuff like this like this unhappy,negative
that would be would be a be a great a great trick great trick happy,positive
thanks a lot,positive
one year ago year ago today ago today unhappy,negative
that would be would be a be a great a great trick great trick happy,positive
govt mulls giving mulls giving power giving power to power to award to award to award to teachers.,neutral
instant message in message in a in a lot a lot of lot of pain of pain and pain and the and the school the school doesnt school doesnt allow doesnt allow my allow my to my to have to have my have my pain my pain meds pain meds unhappy,negative
in so much so much pain. much pain. my pain. my eye my eye hurts eye hurts unhappy,negative
u.s. to review to review lifting review lifting of lifting of sanctions of sanctions on sanctions on iran: on iran: tillerson,neutral
the oath taking oath taking of taking of new of new up new up cm up cm to cm to take to take place take place at place at 5 at 5 pm 5 pm on pm on sunday: on sunday: keshav sunday: keshav prasad keshav prasad maurya,neutral
if you don't you don't actually don't actually live actually live then live then honesty then honesty and honesty and integrity and integrity won't integrity won't be won't be embraced,neutral
trying to get to get in get in touch in touch with touch with but with but their but their numbers their numbers appear numbers appear to appear to be to be down! be down! unhappy,negative
hold off the off the frowns the frowns until frowns until you've until you've used you've used the used the new the new application new application - application - which - which is which is made is made by made by the by the same the same team! same team! happy,positive
regimes changes. bullying changes. bullying of bullying of police of police officers police officers does officers does not.,neutral
results live: leads live: leads with leads with 93 with 93 seats 93 seats in seats in offers in offers resignation,neutral
petronas blue/green isnt blue/green isnt that isnt that far that far away far away from away from billy from billy monger billy monger blue/green. monger blue/green. just blue/green. just a just a thought a thought happy,positive
resolve is sooo is sooo slow sooo slow on slow on my on my laptop,negative
lose their light,neutral
state bank of bank of india of india q3 india q3 profit q3 profit more profit more than more than doubles than doubles to doubles to rs to rs 2,neutral
definitely my arms my arms unhappy,negative
uttar pradesh video:,neutral
,neutral
thats grim unhappy,negative
for private airlines private airlines follow airlines follow in follow in revoking in revoking flying revoking flying ban flying ban on ban on sena's,neutral
can someone pls someone pls gift pls gift me gift me xayah me xayah using xayah using pi using pi plssss? pi plssss? unhappy,negative
sc collegium accepts collegium accepts govt accepts govt thorn,neutral
7 arrested in arrested in attack in attack probe.,neutral
headline inflation as inflation as measured as measured by measured by consumer by consumer price consumer price index price index (cpi) index (cpi) remained (cpi) remained under remained under control under control for control for the for the third the third successive third successive financial successive financial year:,neutral
,negative
this is jimin is jimin to jimin to yoongi to yoongi unhappy,negative
,neutral
good show by show by pales by pales next pales next to next to 329% to 329% jump 329% jump in jump in imports.,neutral
this right here.aren't right here.aren't you here.aren't you happy you happy you happy you don't you don't have don't have [x]???no. have [x]???no. because [x]???no. because i'm because i'm still i'm still here still here in here in this in this 'condition' this 'condition' with 'condition' with no with no i,positive
,negative
after steps in,neutral
gdp grew at grew at 7% at 7% in 7% in quarter,neutral
it can't be can't be over be over unhappy,negative
che no critiques. no critiques. unhappy,negative
as long as long as she's as she's cool,positive
here is a is a new a new thesis new thesis by thesis by another by another genius.sir,positive
i was going was going to going to add to add bazza,negative
the world is world is so is so big. so big. too big. too big too big for big for our for our problems our problems and problems and worries and worries to worries to take to take over take over our over our world. our world. there world. there is there is much is much to much to smile to smile for smile for happy,positive
this is jimin is jimin to jimin to yoongi to yoongi unhappy,negative
,neutral
made my day! my day! great day! great story great story happy,positive
chin up leo up leo crying,negative
thank you happy,positive
oh no andy no andy unhappy,negative
been streaminuteg for streaminuteg for 45 for 45 minute 45 minute not minute not understanding not understanding a understanding a thing a thing and thing and still.. and still.. unhappy,negative
please meeeee you meeeee you have you have followed have followed me followed me for me for almost for almost to almost to years to years now years now unhappy,negative
high court judge court judge again judge again plays again plays card.,neutral
why is key is key to key to europe,neutral
especially for people for people who people who have who have low have low patience low patience level patience level happy,positive
3 gardens make gardens make a make a mark a mark at mark at us at us meet.,neutral
what calcutta is calcutta is doing is doing to doing to get to get mom get mom to mom to accept to accept her accept her calf.,neutral
another great day great day out day out in out in westhoughton,positive
record haul of haul of booze,neutral
your birthday isn't birthday isn't for isn't for another for another for another for hours for hours for hours for me,positive
share the love the love - love - high - high value high value members value members of members of this of this week this week happy week happy (insight happy (insight by,positive
,negative
that i said,positive
thanks for the for the recent the recent follow recent follow happy follow happy to happy to connect to connect happy connect happy have happy have a have a great a great thursday. great thursday. want thursday. want this,positive
please reading this reading this breaks this breaks my breaks my heart my heart unhappy,negative
had a fun a fun welcome fun welcome back welcome back to back to taping! to taping! first taping! first day first day for day for happy for happy mainit. happy mainit. pawisan. mainit. pawisan. dirty. pawisan. dirty. i dirty. i really i really miss really miss this,positive
,neutral
my honey unhappy,negative
[thinks about how about how tfp how tfp soundwave tfp soundwave is soundwave is forever is forever trapped forever trapped in trapped in the in the void the void realm] void realm] unhappy,negative
it was a was a new a new mother new mother who mother who challenged who challenged change challenged change in change in date in date for date for exchanging for exchanging notes.,neutral
arisun at town at town hall town hall has hall has pretty has pretty terrible pretty terrible service terrible service and service and rude and rude staff. rude staff. we staff. we only we only went only went there went there because there because icg's because icg's fryer icg's fryer was fryer was broken was broken unhappy,negative
says isro official isro official m official m annadurai,neutral
| i can i can understand can understand the understand the state the state ohf state ohf mind ohf mind ohf mind ohf ji ohf ji right ji right nohw. right nohw. hence,neutral
hit by splurge by splurge freebies,neutral
,neutral
high court orders court orders govt orders govt to govt to waive to waive of waive of all of all drought-hit all drought-hit farmers.,neutral
2nd cousin vlad cousin vlad !!!!! vlad !!!!! maybe !!!!! maybe thats maybe thats a thats a message a message from message from the from the hockey the hockey g,positive
order what ever what ever you ever you want you want to want to eat to eat through eat through our through our website.may our website.may you website.may you all you all have all have a have a great a great day great day happy,positive
militants opt for opt for poaching for poaching to poaching to fund to fund outfit.,neutral
palaniswami's victory (and victory (and how (and how the how the dhoti the dhoti survived),neutral
relief on front on front for front for small for small firms small firms hit firms hit by,neutral
top law advisor law advisor backs advisor backs use backs use of use of human of human shield,neutral
we're ready for ready for our for our next our next fire next fire lighting fire lighting session lighting session at session at - at - we - we have we have a have a few a few keen few keen early keen early birds early birds here birds here already here already smile,positive
from panchayat to panchayat to parliament to parliament seems parliament seems to seems to be to be boss be boss amit boss amit shah's amit shah's goal.,neutral
economic survey is survey is to is to be to be tabled be tabled in tabled in the in the parliament the parliament shortly. parliament shortly. know shortly. know your know your economic your economic survey:,neutral
,neutral
music and direction and direction by direction by of by of my of my favourites my favourites by,positive
if you follow you follow and follow and dm and dm us dm us we us we will we will be will be able be able to able to assist to assist you. assist you. chris you. chris happy,positive
superstar thanks so thanks so much so much for much for the for the kind the kind words! kind words! look words! look forward look forward to forward to seeing to seeing you seeing you soon you soon buddy soon buddy smile,positive
and more. also more. also in also in epaper.,neutral
i'll always be always be there. be there. love there. love you love you happy,positive
the trauma... of trauma... of driving of driving without driving without the without the red,neutral
leading in 18 in 18 other 18 other seats.,neutral
share the love: the love: thanks love: thanks for thanks for being for being top being top new top new followers new followers this followers this week this week happy week happy want happy want this?,positive
bihar sets rs25lakh sets rs25lakh fee rs25lakh fee for fee for who for who skip who skip after skip after subsidised after subsidised education.,neutral
and more. also more. also in also in epaper.,neutral
as frets and frets and waits and waits for waits for governor's for governor's call.,neutral
omg i'm so i'm so happy!! so happy!! new happy!! new video new video about video about ma about ma bigbang ma bigbang babies bigbang babies happy,positive
court summons cm summons cm suspended cm suspended bjp suspended bjp mp bjp mp as mp as accused as accused in accused in criminal in criminal defamation criminal defamation plea defamation plea by,neutral
good morning unhappy,negative
,negative
an untold story untold story of story of how of how pranab how pranab mukherjee pranab mukherjee nixed mukherjee nixed plan nixed plan to plan to unseat to unseat her.,neutral
here is question is question 18! question 18! make 18! make sure make sure to sure to use to use in use in all in all your all your tweets your tweets replies tweets replies happy,positive
people who don%27t who don%27t know don%27t know me know me always me always think always think i think i am i am quiet. am quiet. people quiet. people who people who do who do know do know me. know me. wish me. wish i wish i was i was :)kisses was :)kisses thefashionicon,positive
yeah did update did update to update to 16.04,negative
i missed you missed you a you a whole a whole lot whole lot unhappy,negative
dang guess my guess my plans my plans are plans are ruined are ruined unhappy,negative
air india lifts india lifts no-fly lifts no-fly ban no-fly ban on ban on mp,neutral
helloo :d car :d car fox car fox (ror925),positive
mutual: let's talk let's talk more!me: talk more!me: for more!me: for sure!mutual: for sure!mutual: happy sure!mutual: happy me:,positive
froze mid install. mid install. waited install. waited 3hrs waited 3hrs he'd 3hrs he'd to he'd to pull to pull plug pull plug crying,negative
thanks for being for being top being top engaged top engaged community engaged community members community members this members this week this week happy week happy - happy - try - try this try this too,positive
all you need you need to need to know to know about know about election about election commission's election commission's 'open commission's 'open challenge' 'open challenge' to challenge' to hack,neutral
,negative
the one with one with backward with backward cap,positive
only to ways to ways to ways to tackle to tackle world's tackle world's says world's says prabhat says prabhat patnaik.,neutral
lessons for from for from school.,neutral
several injured as injured as mobs as mobs storm mobs storm polling storm polling booths; polling booths; low booths; low 3.3 low 3.3 % 3.3 % turnout % turnout till turnout till 11 till 11 am,neutral
calcutta's suddenly cannot suddenly cannot have cannot have enough have enough of enough of mother's of mother's dishes mother's dishes --but dishes --but outsourced --but outsourced from outsourced from outlets.,neutral
we don%27t spam don%27t spam him spam him in him in any in any way,positive
wow i just i just made just made a made a js a js compressor js compressor that compressor that actually that actually checks actually checks scoped checks scoped variables scoped variables existing. variables existing. turns existing. turns out turns out i out i have i have a have a few a few issues few issues happy issues happy linters happy linters may linters may be may be useful be useful happy,positive
now i'm really i'm really out. really out. happy,positive
thanks for the for the recent the recent follow recent follow happy follow happy to happy to connect to connect happy connect happy have happy have a have a great a great thursday.,positive
unhappy my 4c my 4c struggle 4c struggle is struggle is not is not valid?,negative
rt for 13 for 13 ffs-it's 13 ffs-it's not ffs-it's not much not much but much but they're but they're free-legit-free they're free-legit-free but free-legit-free but follow but follow me follow me first me first to first to get to get them get them quicker-be them quicker-be patient quicker-be patient i patient i will i will g,positive
,negative
i understand that understand that look that look sad,negative
i want to want to go to go to go to an to an m's an m's game m's game unhappy,negative
does anybody know anybody know if know if the if the rand's the rand's likely rand's likely to likely to fall to fall against fall against the against the dollar? the dollar? i dollar? i got i got some got some money some money i money i need i need to need to change to change into change into r into r but r but it but it keeps it keeps getting keeps getting stronger getting stronger unhappy,negative
,neutral
dont laugh unhappy laugh unhappy meanie unhappy meanie base,negative
and more. also more. also in also in epaper.,neutral
thanks for the for the recent the recent follow. recent follow. much follow. much appreciated much appreciated happy appreciated happy want happy want this want this ?,positive
that would be would be a be a great a great trick great trick happy,positive
sup guys? :d,positive
i want to want to meet to meet you meet you both you both so both so bad so bad unhappy,negative
dropped you a you a follow a follow on follow on twitch on twitch happy,positive
president backs move backs move to move to make to make mandatory make mandatory up mandatory up to up to class to class x.,neutral
,negative
crpf's commandos return commandos return to return to their to their unit.,neutral
thank you crew you crew happy,positive
supreme court asks court asks 6 asks 6 states 6 states to states to explain to explain why explain why vigilantes why vigilantes should vigilantes should not should not be not be banned.,neutral
worries about unsold about unsold stocks.,neutral
man. : (,negative
was within budget,neutral
much appreciated happy,positive
bengal bill scares bill scares pervert scares pervert schools,neutral
7 coaches of coaches of meerut-lucknow of meerut-lucknow rajya meerut-lucknow rajya rani rajya rani express rani express derail express derail near derail near rampur,neutral
thanks for the for the recent the recent follow. recent follow. much follow. much appreciated much appreciated happy appreciated happy - happy - i - i sent i sent this sent this with,positive
until they put they put a put a password a password on password on their on their wi-fi their wi-fi :)kisses wi-fi :)kisses thefashionicon,positive
it kind of kind of feels of feels like feels like a like a sunburight a sunburight now sunburight now right now right now right now sad now sad someone sad someone please someone please make please make the make the nobby the nobby things nobby things on things on glasses on glasses not glasses not slip,negative
thank you! happy,positive
25x25? i can i can go can go first go first happy,positive
why am i am i not i not in not in aus in aus with aus with alisha with alisha unhappy alisha unhappy imagine unhappy imagine the imagine the things the things we things we could we could be could be doing,negative
best colleges and colleges and varsities,neutral
i hit that,positive
in may go may go away go away happy,positive
dammit the effect the effect of effect of the of the linearts the linearts doesn't linearts doesn't show doesn't show so show so nicely so nicely on nicely on twitter on twitter unhappy,negative
won't have to have to keep to keep its keep its promise its promise of promise of 'good of 'good quality,neutral
amit roy on roy on an on an potboiler.,neutral
big love for love for anne for anne cox anne cox happy,positive
and hijabs stand hijabs stand for stand for not for not radicalisation.,neutral
demitronisation in relief in relief for relief for small for small firms,neutral
idea of saying of saying no saying no to no to almo,positive
russell my phone my phone is phone is just is just 10% just 10% is 10% is there is there a there a possibility a possibility or possibility or a or a chance a chance that chance that you that you would you would notice would notice me? notice me? unhappy,negative
oh sadly i sadly i wont i wont watch wont watch her watch her right her right now right now they're now they're forbid they're forbid me forbid me to me to see to see her see her unhappy,negative
plays woman wronged.,neutral
i want to want to give to give him give him everything him everything that everything that makes that makes him makes him happy him happy just happy just to just to see to see this see this smile this smile unhappy,negative
[please rt] he'll rt] he'll buy he'll buy me buy me a me a blinking a blinking taehyung blinking taehyung headband,negative
ouch elena eremina's elena eremina's foot eremina's foot slip,negative
death by currency,neutral
i need a need a unicorn a unicorn frappuccino unicorn frappuccino stat. frappuccino stat. i stat. i just i just found just found out found out they out they are they are limited are limited timee! limited timee! unhappy timee! unhappy how unhappy how much how much longer?,negative
hellooo.. happy satans-daughter happy satans-daughter (taylynnox),positive
ngt punches holes punches holes in holes in delhi in delhi fuel delhi fuel supply fuel supply chain supply chain with chain with ban with ban on ban on old on old tankers.,neutral
,positive
that would be would be a be a great a great trick great trick happy,positive
big brother at brother at academia,neutral
i'm slow unhappy,negative
who took to took to social to social media social media complaining media complaining of complaining of bad of bad food,neutral
i feel so feel so bad,negative
cabinet approves merger approves merger of merger of five of five subsidiaries five subsidiaries of subsidiaries of state of state bank state bank of bank of india of india with india with the with the state-owned the state-owned lender: state-owned lender: finance lender: finance minister finance minister arun minister arun jaitle,neutral
and have yourself have yourself a yourself a groovy a groovy thursday! groovy thursday! happy,positive
sad story unhappy,negative
i think that's think that's one that's one of one of the of the hottest the hottest part hottest part of part of your of your body,negative
and more. also more. also in also in epaper.,neutral
i miss my miss my boys my boys unhappy boys unhappy i unhappy i have i have started have started working started working with working with my with my own my own local own local boys local boys but boys but they but they are they are very are very nervous very nervous college nervous college friends,negative
,neutral
,negative
but genix deserves genix deserves so deserves so much so much more much more than more than myth! than myth! open myth! open your open your eyes your eyes the eyes the community the community want,positive
govt's latest: no latest: no then no then no then no for no for school for school kids.,neutral
with national body national body meeting,neutral
oh no unhappy,negative
facts about parrots about parrots in parrots in minecraft in minecraft coming minecraft coming soon!! coming soon!! :d,positive
the rallying cry rallying cry of cry of has of has become has become a become a thing a thing to thing to behold to behold and behold and celebrate and celebrate this celebrate this season.,neutral
pm reaches parliament,neutral
your generous support generous support is support is an is an integral an integral part integral part of part of my of my happy my happy thank happy thank you thank you for you for the for the like!!,positive
when a man a man took man took his took his neighbour his neighbour to neighbour to court to court over court over pet over pet dogs pet dogs that dogs that bark that bark at bark at night-- at night-- and night-- and judge and judge is judge is a,neutral
when are you are you going you going to going to notice to notice yous? notice yous? unhappy,negative
and the dame the dame computer dame computer decides computer decides to decides to crash to crash unhappy crash unhappy now unhappy now i...,negative
need your help your help guys help guys crying,negative
i really really really really need really need them need them right them right now right now unhappy,negative
went to work.don't to work.don't get work.don't get too get too excited,positive
veronice and jughead! and jughead! happy,positive
000 crore property crore property in property in pune.,neutral
missing in crying in crying seaside crying seaside area.,negative
,neutral
india rushes to rushes to put to put out put out fire.,neutral
bjp (13 seats) (13 seats) fails seats) fails to fails to get to get majority get majority in majority in congress in congress emerges congress emerges single emerges single largest single largest party largest party bagging party bagging 17 bagging 17 seats 17 seats in seats in 40-member in 40-member house.,neutral
and have fun,negative
wanna get a get a haircut a haircut but haircut but i but i don%27t i don%27t know don%27t know a know a good a good place good place unhappy,negative
thanks for the for the recent the recent follow recent follow happy follow happy to happy to connect to connect happy connect happy have happy have a have a great a great thursday. great thursday. (want thursday. (want this?,positive
,neutral
good luck to luck to rich to rich riding rich riding for riding for great for great project great project in project in this in this sunday. this sunday. can sunday. can you can you donate?,positive
how to shield to shield your shield your child your child from child from and,neutral
thanks for the for the recent the recent follow recent follow happy follow happy to happy to connect to connect happy connect happy have happy have a have a great a great thursday.,positive
and share a share a bugbear.,neutral
gotta keep trying keep trying before trying before i before i have i have to have to quit to quit to quit to work to work unhappy work unhappy pick unhappy pick me pick me please! me please! give,negative
then and now and now happy,positive
and on the on the pic? the pic? unhappy,negative
ok will do! will do! i do! i never i never had never had any had any problems any problems with problems with the with the old the old ticket old ticket app,negative
in 7 days: 7 days: qa days: qa with qa with ram with ram madhav,neutral
india has changed,neutral
this is by is by far by far my far my worst my worst day worst day of day of 2017 of 2017 since 2017 since january since january 8th january 8th unhappy 8th unhappy crying unhappy crying crying crying crying .,negative
i'm staying here staying here in here in sa in sa unhappy,negative
again as i as i said i said i said i do i do see do see your see your concerns. your concerns. but concerns. but i but i assure i assure you assure you sir you sir that sir that hinduism that hinduism will hinduism will stay will stay dharma stay dharma and dharma and will and will no,positive
it's too nice too nice outside nice outside to outside to be to be stuck be stuck in stuck in school in school all school all day all day unhappy,negative
i waited for waited for u for u unhappy,negative
my salary reminds salary reminds me reminds me of me of the of the weekends,negative
i wish my wish my dogs my dogs knew dogs knew how knew how much how much i much i hyped i hyped them hyped them up them up on up on snap on snap chat snap chat unhappy,negative
,neutral
thank you so you so much so much willow! much willow! you willow! you helped you helped me helped me ring me ring in ring in the in the birthday the birthday with birthday with that with that amazing that amazing stream amazing stream last stream last night last night :d,positive
,neutral
nooo your hair your hair color hair color is color is pretty,negative
,negative
sc to frame to frame issues frame issues on issues on mar30 on mar30 regarding mar30 regarding triple regarding triple nikah triple nikah halala nikah halala and halala and in and in for in for its for its consideration.1/2,neutral
what teachers at teachers at said at said about said about her about her stand.,neutral
looking forward to forward to this. to this. come this. come out come out to out to see to see us! see us! our us! our booth our booth is booth is going is going to going to be to be right be right in right in the in the center the center of center of the of the field. the field. happy,positive
govt admits economy admits economy will economy will take will take a take a hit a hit because hit because of,neutral
and more. also more. also in also in epaper.,neutral
i miss so miss so much so much unhappy,negative
hi please rt please rt my rt my pinned my pinned post pinned post happy,positive
vijayvargiya dares to dares to arrest to arrest leaders.,neutral
i'm upstairs to upstairs to the to the right the right happy,positive
where ? happy,positive
amit roy on roy on why on why and why and are and are looking are looking for looking for campus for campus abroad.,neutral
its my birthday my birthday tomorrow birthday tomorrow baby tomorrow baby unhappy,negative
last to things to things i've things i've bought i've bought from bought from you from you no you no sweets no sweets unhappy,negative
you know what know what i what i really i really love really love about love about you about you lot?not you lot?not only lot?not only do only do you do you support you support me support me in me in the in the comments,positive
former president renders president renders unqualified renders unqualified and unqualified and unconditional and unconditional apology unconditional apology in apology in the in the supreme the supreme court.,neutral
,neutral
and cowardice; season cowardice; season of season of buds of buds and buds and thorns,neutral
pm's pitch for pitch for sisters,neutral
kp nayar on nayar on why on why narendra why narendra modi narendra modi can modi can be can be satisfied be satisfied with satisfied with his with his policy.,neutral
april 19 1906: 19 1906: nobel 1906: nobel laureate nobel laureate pierre laureate pierre curie pierre curie was curie was run was run over run over by over by a by a horse-drawn a horse-drawn wagon horse-drawn wagon near wagon near the near the pont the pont neuf,neutral
unhappy every time every time laughing time laughing my laughing my ass my ass off,negative
44 days of days of extreme of extreme that's extreme that's the that's the prediction the prediction for,neutral
sciatica. what a what a monumental a monumental pain monumental pain in pain in the in the arse. the arse. unhappy,negative
give me a me a chance a chance in chance in west in west server west server unhappy,negative
no relief yet relief yet for yet for sellers for sellers in,neutral
why no one no one suggested one suggested names suggested names of names of and of and for and for icc for icc meeting.,neutral
,neutral
while rahul and rahul and modi and modi trade modi trade barbs trade barbs in barbs in up,neutral
,neutral
says kanwal sibal.,neutral
and more. also more. also in also in epaper.,neutral
crude buildings are buildings are taking are taking over taking over the over the only the only city only city in city in the in the world the world with world with for with for iconic for iconic buildings iconic buildings by,neutral
hc scraps plea scraps plea against plea against jnu against jnu norms. jnu norms. seat norms. seat cuts,neutral
,neutral
if i can't i can't fix can't fix it fix it soon it soon i'll soon i'll have i'll have to have to delay to delay them delay them until them until tomorrow until tomorrow unhappy,negative
scientists build case build case for case for against for against bites,neutral
hahaa i'm second i'm second best second best always best always happy,positive
rose come to come to him! to him! he's him! he's really he's really your really your enthusiast your enthusiast :-d enthusiast :-d using :-d using so using so much so much not much not so not so may! so may! :-)~~~,positive
ias officers insist.,neutral
apr. 26th beach 26th beach house! beach house! dinner+music+ house! dinner+music+ party dinner+music+ party with party with oldies with oldies goldies oldies goldies happy goldies happy buffet happy buffet / buffet / bbq / bbq 40tlbeer- bbq 40tlbeer- wein10tl 40tlbeer- wein10tl raki12.5tl wein10tl raki12.5tl h,positive
i wish i wish i could i could attend could attend it attend it too it too unhappy,negative
angst of authors,neutral
unruly behaviour and behaviour and violence and violence on violence on our on our aviation our aviation network aviation network is network is regrettable. is regrettable. each regrettable. each such each such incident such incident will incident will be will be investigated be investigated and investigated and appropri,neutral
thanks for the for the recent the recent follow recent follow happy follow happy to happy to connect to connect happy connect happy have happy have a have a great a great thursday. great thursday. want thursday. want this want this ?,positive
,neutral
some farmers in farmers in get in get lucky get lucky with,neutral
a few reasons few reasons to reasons to celebrate to celebrate the celebrate the uncelebrated,neutral
and more. also more. also in also in epaper.,neutral
this is damn.... is damn.... theres damn.... theres people theres people who people who sincerely who sincerely want sincerely want to want to attend to attend bh attend bh birthday bh birthday party birthday party but party but bcs but bcs of bcs of those of those people those people who people who try who try for try for fun for fun make fun make them make them ca,negative
its ending soon ending soon aah soon aah unhappy,negative
some see hope see hope in hope in comments.,neutral
time just flies,negative
popping into a into a store,positive
200000 people turned people turned up turned up at up at in at in bolpur in bolpur for bolpur for its for its famed,neutral
kp nayar on nayar on why on why exit why exit could exit could be could be bad be bad for bad for india.,neutral
,neutral
stats for the for the day the day have day have arrived. have arrived. 1 arrived. 1 new 1 new follower new follower and follower and no and no unfollowers no unfollowers happy unfollowers happy via,positive
big boss of boss of calcutta's of calcutta's and calcutta's and science and science of science of giving,neutral
i won't. if won't. if i if i do i do it's do it's probably it's probably for probably for phil for phil but phil but he but he hasn't he hasn't seen hasn't seen me seen me yet me yet unhappy,negative
i wish i wish i could i could vote could vote for vote for you for you unhappy,negative
ceo today at today at 7,neutral
,neutral
i suddenly miss suddenly miss you miss you ate you ate unhappy,negative
helloo :d mack. :d mack. (macktimus),positive
rt for an for an indirect an indirect from indirect from and from and me and me happy,positive
,neutral
do happy we happy we are we are at are at 27 at 27 million 27 million keep million keep it keep it up it up happy up happy and happy and we and we are we are at are at 71 at 71 million 71 million we million we are we are so are so close so close to close to have to have another have another 100m,positive
jungkook looks like looks like he like he gives he gives the gives the biggest the biggest and biggest and warmest and warmest hugs warmest hugs unhappy,negative
order what ever what ever you ever you want you want to want to eat to eat through eat through our through our website.may our website.may you website.may you all you all have all have a have a great a great day great day happy,positive
wht sort of sort of thing of thing (can't thing (can't use (can't use word use word person word person for person for it)can for it)can cause it)can cause such cause such suffering such suffering to suffering to ths to ths sad,negative
opera nirjhor as nirjhor as long as long as long as they as they are they are not are not claiming not claiming to claiming to be to be the be the first the first one first one :d one :d /rosi,positive
gujarat turns avenger,neutral
flashing light. (and light. (and paying (and paying for paying for parking).,neutral
wth why did why did 4/20 did 4/20 have 4/20 have to have to happen to happen during happen during the during the easter the easter holidays easter holidays it's holidays it's one it's one of one of the of the best the best days best days in days in leeds in leeds unhappy,negative
ohh welcome to welcome to clxsslc to clxsslc chanyeol clxsslc chanyeol oppa! chanyeol oppa! or oppa! or should or should i should i call i call you call you with you with richard? with richard? kalau richard? kalau jadi kalau jadi sayang jadi sayang gimana? sayang gimana? unhappy,negative
roc boyz sad,negative
manini chatterjee on chatterjee on how on how the how the is the is adopting is adopting all adopting all the all the of the of the of the of the of yore.,neutral
sanjiv goenka tells,neutral
cannot be stopped be stopped from stopped from using from using in using in other in other schemes other schemes like schemes like opening like opening of opening of bank of bank accounts,neutral
kissward tagline:tweet with tagline:tweet with us with us pans us pans :)noonecanstop pans :)noonecanstop kissward,positive
rip tes 100k tes 100k experience 100k experience crying,negative
lets agree she agree she put she put her put her brain her brain on brain on knees on knees crying knees crying with crying with joy,positive
you know what know what i what i think? i think? you think? you look you look exceptional look exceptional for exceptional for a for a new a new mum,positive
,neutral
caution on loan on loan waivers,neutral
,positive
,positive
get your own your own rover own rover :dthey rover :dthey are :dthey are double are double sided! double sided! check sided! check it check it out it out shipping: out shipping: worldwide!,positive
ignorance and shape and shape indians' shape indians' attitude indians' attitude towards,neutral
bounty on savarkar on savarkar on savarkar on yamuna on yamuna damage yamuna damage bill,neutral
ashok v desai v desai on desai on formula on formula for formula for tackling for tackling of tackling of banks.,neutral
talking to my to my over my over driver over driver about driver about where about where i'm where i'm goinghe i'm goinghe said goinghe said he'd said he'd love he'd love to love to go to go to go to new to new york new york too york too but too but since but since trump since trump it's trump it's probably it's probably not,negative
i don%27t know don%27t know he know he looks he looks so looks so cool so cool crying cool crying with crying with joy,positive
,positive
flames of singe of singe events singe events at events at other at other colleges.,neutral
,positive
when your online your online crush online crush comes crush comes to comes to the to the meet-up the meet-up without meet-up without their without their snapchat their snapchat filter snapchat filter unhappy,negative
i'm sorry unhappy,negative
,negative
jk is attached,neutral
new video out video out today out today happy,positive
bapak tom cruise.,negative
company photoshoot with photoshoot with our with our fabulous our fabulous photographer fabulous photographer happy photographer happy look happy look at look at this at this determination this determination (concrete determination (concrete shoes) (concrete shoes) to shoes) to get,positive
ladies! - tell - tell me tell me why me why yoyoyou why yoyoyou don't yoyoyou don't play don't play golf. play golf. what golf. what wyoyoyoud what wyoyoyoud make wyoyoyoud make yoyoyou make yoyoyou want yoyoyou want to want to play? to play? top play? top 3 top 3 reasons 3 reasons yoyoyou reasons yoyoyou do yoyoyou do play? do play? heyjyoyoyoude66info,positive
why body will body will not will not pull not pull up pull up either up either or,neutral
in bihar meet,neutral
mettur legislator semmalai legislator semmalai joins semmalai joins cm joins cm camp.,neutral
first round exit round exit in exit in 15 in 15 minutes 15 minutes followed minutes followed by followed by 45 by 45 of 45 of tech of tech crying tech crying unhappy,negative
why govt decided govt decided to decided to merge to merge industries merge industries departments.,neutral
have you ever you ever been ever been to been to australia! to australia! :d australia! :d love :d love your love your vids. your vids. lovo vids. lovo on lovo on youtube on youtube :d,positive
the consolidation of consolidation of independent of independent 2nd independent 2nd countrywide 2nd countrywide political countrywide political entity.,neutral
opposition disrupts with disrupts with demand with demand for demand for apology for apology from,neutral
it's 2017. making 2017. making law making law to law to ban to ban and ban and mha and mha is mha is sitting is sitting on sitting on draft.,neutral
oil prices hit prices hit three-month hit three-month low three-month low as low as u.s. as u.s. rig u.s. rig count rig count climbs,neutral
akhilesh and his and his 'aunt',neutral
to be sworn be sworn in sworn in as in as chief as chief minister chief minister tomorrow.,neutral
what if the if the one the one direction one direction (band) direction (band) itself (band) itself is itself is the is the one the one who's one who's giving who's giving up? giving up? unhappy,negative
call for affordable for affordable dialysis,neutral
sometimes at night at night i night i feel i feel scared feel scared and scared and vulnerable and vulnerable crying,negative
released my 3rd my 3rd episode 3rd episode of episode of programming of programming for programming for everyone! for everyone! be everyone! be sure be sure to sure to check to check it check it out it out happy,positive
,neutral
didn't get a get a chance a chance to chance to say to say hi say hi unhappy,negative
i should never should never draw never draw again draw again unhappy,negative
come volunteer at volunteer at the at the abbeydale the abbeydale picture abbeydale picture house! picture house! next house! next wednesday...,positive
some indian politicians indian politicians still politicians still need still need this need this lucky this lucky charm lucky charm -- charm -- a -- a campaign a campaign bus.,neutral
he's not beating not beating the beating the two the two favourites two favourites here favourites here anyway here anyway so anyway so i'll so i'll stop i'll stop caring stop caring about caring about this about this match,negative
before going back going back back back back to back to jail,neutral
31-member cabinet to cabinet to be to be sworn-in be sworn-in at sworn-in at 4.30pm: at 4.30pm: raj 4.30pm: raj bhavan.,neutral
hi! we tried we tried to tried to call to call your call your number your number but number but got but got no got no response no response unhappy response unhappy please unhappy please share please share another share another suitable another suitable time suitable time and time and an and an alternate an alternate number.. alternate number.. cont1,negative
well that's terrible that's terrible unhappy,negative
enjoy smile h.e.r.,positive
much appreciated happy appreciated happy want happy want this,positive
there are some are some rumors some rumors going rumors going around going around and around and videos and videos of videos of his of his performances his performances on performances on youtube on youtube have youtube have already have already been already been deleted..,negative
don't ask. two ask. two special two special issues special issues lined issues lined up. lined up. unhappy,negative
as nani in nani in lies in lies unconscious,negative
bae's not here not here unhappy,negative
i want to want to see to see you see you happy you happy sad,negative
notice anything unusual? anything unusual? happy unusual? happy birthday happy birthday to birthday to the to the lovely the lovely frooty! lovely frooty! happy,positive
post-show blues are blues are hitting are hitting hard. hitting hard. unhappy,negative
thanks for the for the recent the recent follow recent follow happy follow happy to happy to connect to connect happy connect happy have happy have a have a great a great thursday.,positive
wish knock out knock out lang out lang talaga lang talaga for talaga for the for the new the new school new school year school year are year are good are good and good and cooperative and cooperative groupmates cooperative groupmates please groupmates please unhappy,negative
2nd phase begins; phase begins; cm begins; cm okram cm okram ibobi okram ibobi casts ibobi casts his casts his vote,neutral
if this gets this gets 70rts gets 70rts i 70rts i will i will giveaway will giveaway 5 giveaway 5 minecraft 5 minecraft accounts minecraft accounts and accounts and an and an origin an origin account origin account randomly account randomly to randomly to people to people who people who retw,positive
but... you use you use a use a purple a purple flowercrown purple flowercrown in flowercrown in your in your display your display picture display picture unhappy,negative
national bitbucket unfriending bitbucket unfriending day unfriending day to day to save to save $2 save $2 smile,positive
even benchmark for benchmark for pro-poor for pro-poor leader pro-poor leader seems leader seems to seems to be,neutral
sekhar raha on raha on letting on letting go letting go of go of the of the past,neutral
new twitter account twitter account piss account piss off piss off no off no idea no idea maja idea maja salvador maja salvador is salvador is follow is follow not follow not applicable not applicable guys applicable guys happy,positive
thanks for the for the recent the recent follow recent follow happy follow happy to happy to connect to connect happy connect happy have happy have a have a great a great thursday. great thursday. want thursday. want this want this ?,positive
god not the not the koalas,negative
3. that's a that's a lot a lot cheaper lot cheaper and cheaper and easier and easier than easier than make than make your make your own. your own. my own. my schematic my schematic needs schematic needs special needs special cables special cables that cables that doesn't that doesn't come doesn't come easy. come easy. unhappy,negative
my other accounts:them other accounts:them both accounts:them both or both or get or get rekt! get rekt! :d,positive
former captain michael captain michael john michael john clarke john clarke on clarke on strengths on strengths of strengths of a of a team,neutral
road safety crusader safety crusader to crusader to fight to fight bid fight bid to bid to bypass to bypass order bypass order on order on highway,neutral
your life is life is a is a reflection a reflection of reflection of the of the way the way you way you think. you think. if think. if you if you change you change the change the way the way you way you think,positive
this freaking chapter freaking chapter of chapter of one of one piece!! one piece!! it's piece!! it's definitely it's definitely a definitely a good a good one! good one! :d,positive
'shocked' by hc by hc order hc order on order on handover on handover to handover to cbi,neutral
client work for work for rt for rt and rt and favorite and favorite happy,positive
i miss talking miss talking to talking to yoyoyou to yoyoyou who yoyoyou who are who are yoyou are yoyou younhappy yoyou younhappy yoyou younhappy yoyou can yoyou can always can always still always still talk still talk to talk to me,negative
they're like 90 like 90 calories 90 calories per calories per piece per piece unhappy,negative
i don%27t know don%27t know if know if you if you saw you saw my saw my comment my comment yet,negative
i look good look good in good in blue in blue happy,positive
hole's in armour,neutral
,neutral
my tum is tum is still is still like still like that like that 20yrs that 20yrs on. 20yrs on. happy,positive
you don't ever don't ever have ever have to have to thank to thank me thank me j me j hunt,positive
india's to spike to spike 3 spike 3 initiatives 3 initiatives for,neutral
my puppies deserves puppies deserves all deserves all better all better unhappy,negative
,neutral
you too my too my friend. my friend. smile,positive
what if the if the one the one direction one direction (band) direction (band) itself (band) itself is itself is the is the one the one who's one who's giving who's giving up? giving up? unhappy,negative
a statement on statement on the on the terrorist the terrorist initiated terrorist initiated incident initiated incident at incident at shopian,neutral
my dog who dog who my who my family my family have family have had have had for had for 18 for 18 years 18 years is years is being is being put being put down put down tomorrow down tomorrow unhappy,negative
dreams of one of one are one are still are still alive,neutral
unhappy friendzone. damn friendzone. damn sad,negative
jawan tej bahadur tej bahadur yadav,neutral
pips singing let singing let it let it snow it snow crying snow crying with crying with joy,positive
they would have would have sustained have sustained their sustained their fame their fame if fame if they if they did they did unhappy,negative
sorry for being for being tired being tired on tired on stream. on stream. will stream. will get will get some get some sleep some sleep and sleep and try and try be try be more be more fun more fun tomorrow. fun tomorrow. just tomorrow. just wasn't just wasn't feeling wasn't feeling it feeling it tonight it tonight guys. tonight guys. not,negative
parrikar resigns as resigns as defence as defence minister,neutral
i appreciate the appreciate the sentiment the sentiment but sentiment but i but i couldn't i couldn't do couldn't do that. do that. happy,positive
feeling so shit so shit today shit today unhappy,negative
supreme court will court will have will have decided have decided future decided future of future of and of and her and her rival,neutral
in court's limit court's limit of limit of 500m of 500m leaves 500m leaves very leaves very few very few watering few watering holes watering holes (and holes (and is (and is dry).,neutral
youngjae during fansign during fansign on fansign on 04/10/17 on 04/10/17 constantly 04/10/17 constantly massaging constantly massaging his massaging his back. his back. clearly back. clearly something clearly something wrong something wrong but wrong but pretended but pretended he pretended he was he was not,negative
kind of jealous of jealous with jealous with you with you all you all laughs all laughs but laughs but it's but it's ny it's ny fault ny fault for fault for not for not working not working hard working hard happy,positive
jem did the did the dark the dark star dark star orianna star orianna splash orianna splash with splash with assistance with assistance from assistance from alex! from alex! :d alex! :d she's :d she's done she's done lots done lots of lots of splash of splash updates,positive
when jongin asked jongin asked each asked each members each members whether members whether they whether they have they have eaten have eaten and eaten and felt and felt so felt so wronged so wronged because wronged because they because they ate they ate without ate without him without him unhappy,negative
,neutral
trashing others and others and having and having a having a possee a possee behind possee behind you behind you boosts you boosts your boosts your ego,negative
unhappy sorry to sorry to hear to hear this.....,negative
,neutral
yg should have should have sent have sent them sent them to them to mcd. to mcd. i mcd. i want i want to want to see to see them see them holding them holding the holding the trophy the trophy unhappy trophy unhappy anyways,negative
we buried it buried it alive it alive and alive and now and now it's now it's screaming it's screaming in screaming in my in my head my head crying,negative
watchman comes and comes and threatens and threatens me,negative
after plan to plan to cap to cap fees,neutral
thanks for the for the recent the recent follow. recent follow. much follow. much appreciated much appreciated happy appreciated happy want happy want this want this ?,positive
it seems they seems they cost they cost abut cost abut 40k abut 40k a 40k a year? a year? i'm year? i'm paying i'm paying half paying half that half that for that for my for my full my full education full education and education and don't and don't get don't get treat,negative
this is damn.... is damn.... theres damn.... theres people theres people who people who sincerely who sincerely want sincerely want to want to attend to attend bh attend bh birthday bh birthday party birthday party but party but bcs but bcs of bcs of those of those people those people who people who try who try for try for fun for fun make fun make them make them ca,negative
100 per cent per cent viva cent viva to viva to follow,neutral
case: exempts centre exempts centre from centre from filing from filing status filing status report status report before report before it before it on it on proceedings on proceedings before proceedings before the before the international the international tribunal.,neutral
what happened to happened to promised to promised funds promised funds for,neutral
civic poll counting poll counting to counting to begin to begin at begin at 10 at 10 am 10 am today; am today; all today; all eyes all eyes on eyes on result,neutral
thanks smile much smile much better much better today better today and today and thanks and thanks for thanks for the for the message.,positive
,neutral
les videre happy,positive
delma hanville it's hanville it's official it's official we official we are we are connected are connected on connected on twitter! on twitter! thank twitter! thank you thank you for you for the for the follow. the follow. please follow. please don't please don't ever don't ever let ever let it let it go! it go! happy,positive
it was extended was extended family. extended family. 12 family. 12 ppl.ahh 12 ppl.ahh wanted ppl.ahh wanted to wanted to show to show a show a oh a oh my oh my girl my girl being girl being dorky being dorky while dorky while playing while playing a playing a game a game but game but it but it got it got deleted got deleted unhappy,negative
britain is not is not becoming not becoming xenophobic becoming xenophobic or xenophobic or hostile,neutral
but won't say won't say sorry say sorry to sorry to man to man he man he had he had assaulted.,neutral
,neutral
centre mobilises 247 mobilises 247 companies 247 companies (about companies (about 24,neutral
mayes unhappy .g,negative
tapping self-help group,neutral
freebet any sport any sport except sport except total except total mkets total mkets on mkets on handball,negative
but won't ban,neutral
1 rupee increase rupee increase in increase in mocks in mocks dignified-living mocks dignified-living plea,neutral
us gives a gives a scare,neutral
jackson unhappy then unhappy then youngjae then youngjae silence youngjae silence aww,negative
orders a weekly a weekly for weekly for all for all trainees.,neutral
as is destroyed,neutral
,neutral
thanks for the for the recent the recent follow recent follow happy follow happy to happy to connect to connect happy connect happy have happy have a have a great a great thursday. great thursday. want thursday. want this,positive
saha's preference: one-dayers preference: one-dayers t20s,neutral
we'd love to,negative
greatness means winning means winning the winning the says the says sunanda says sunanda k sunanda k dattaray.,neutral
,neutral
the nachnis of nachnis of are of are dying are dying unsung,neutral
just wandering around,positive
thanks for the for the follow! the follow! happy,positive
the new one new one just one just seems just seems a seems a bit a bit unstable bit unstable unhappy,negative
to stress dress stress dress code,neutral
kante why do why do broke do broke girls broke girls love girls love exposing love exposing broke exposing broke niggars broke niggars so niggars so much? so much? where's much? where's the where's the team the team spirit? team spirit? unhappy,negative
happy 420 everyone 420 everyone happy,positive
i cm laxmikant cm laxmikant parsekar laxmikant parsekar tenders parsekar tenders resignation. tenders resignation. he resignation. he lost he lost to lost to seeandidate to seeandidate dayanand seeandidate dayanand sopte dayanand sopte from sopte from see,neutral
how (but not (but not failed not failed govt's failed govt's birthplace govt's birthplace test.,neutral
thanks for the for the recent the recent follow. recent follow. much follow. much appreciated much appreciated happy appreciated happy get happy get it,positive
sc to hear to hear various hear various petitions various petitions on petitions on the on the constitutional the constitutional legitimacy constitutional legitimacy of legitimacy of today,neutral
mutual: let's talk let's talk more!me: talk more!me: for more!me: for sure!mutual: for sure!mutual: happy sure!mutual: happy me:,positive
good morning peady,positive
yogi to be to be sworn be sworn in sworn in as in as chief as chief minister chief minister on minister on sunday on sunday afternoon.,neutral
hi! we tried we tried to tried to call to call your call your number your number but number but got but got no got no response no response unhappy response unhappy please unhappy please share please share another share another suitable another suitable time suitable time and time and an and an alternate an alternate number alternate number for number for us for us to.. us to.. cont1,negative
thanks for the for the recent the recent follow recent follow happy follow happy to happy to connect to connect happy connect happy have happy have a have a great a great thursday. great thursday. want thursday. want this want this ?,positive
,neutral
wont be able be able to able to stream to stream tonight stream tonight i'm tonight i'm sorry i'm sorry guys sorry guys unhappy,negative
rate falls below falls below 8%.,neutral
so inspiring crying inspiring crying with crying with joy,positive
hope he's ok,negative
,negative
close up of up of the of the animation the animation 3i animation 3i will 3i will post will post the post the second the second part second part soon! part soon! happy,positive
koalas are dying are dying of dying of thirst of thirst and thirst and it's and it's all it's all because all because of because of us of us unhappy,negative
it may be may be open be open happy,positive
and more. also more. also in also in epaper.,neutral
in bengal trinamool bengal trinamool vote trinamool vote share vote share goes share goes up,neutral
i love youu love youu so youu so much so much unhappy much unhappy thank unhappy thank you,negative
overburdened says it says it may it may not may not be not be able be able to able to hold to hold for hold for college for college teachers college teachers this teachers this year.,neutral
still not possible! not possible! unhappy,negative
sc to hear to hear petition hear petition challenging petition challenging bombay challenging bombay hc bombay hc order hc order on order on beef on beef ban,neutral
leftist who became who became minority became minority voice,neutral
koalas are dying are dying of dying of thirst of thirst and thirst and it's and it's all it's all because all because of because of us of us unhappy,negative
,neutral
why india is india is not is not ready not ready for ready for manipulation for manipulation in manipulation in human in human embryos.,neutral
when can you can you notice you notice me. notice me. unhappy me. unhappy what?,negative
akhilesh keeps options keeps options open options open on,neutral
is the rocksoc the rocksoc still rocksoc still going? still going? i going? i was i was there was there at there at the at the beginning the beginning smile,positive
have a great a great thursday! great thursday! looking thursday! looking forward looking forward to forward to reading to reading your reading your tweets your tweets happy tweets happy want happy want this,positive
this is damn.... is damn.... theres damn.... theres people theres people who people who sincerely who sincerely want sincerely want to want to attend to attend bh attend bh birthday bh birthday party birthday party but party but bcs but bcs of bcs of those of those people those people who people who try who try for try for fun for fun make fun make them make them ca,negative
and more. also more. also in also in epaper.,neutral
have to work to work unhappy work unhappy but unhappy but i'll but i'll see i'll see you see you tomorrow!!,negative
still waiting unhappy,negative
is -- and -- and not and not to not to blame to blame for blame for stipend for stipend crisis stipend crisis faced crisis faced by faced by 4000 by 4000 scholars?,neutral
calcutta high court high court orders court orders to orders to probe to probe sting probe sting operation.,neutral
,neutral
younger. softer. crying softer. crying with crying with joy,positive
share the love: the love: thanks love: thanks for thanks for being for being top being top new top new followers new followers this followers this week this week happy,positive
1 terrorist killed; terrorist killed; reports killed; reports of reports of to of to terrorists to terrorists holed terrorists holed up holed up false: up false: adg,neutral
reverse polarisation and polarisation and more. and more. in more. in special in special epaper special epaper link.,neutral
thanks for the for the recent the recent follow recent follow happy follow happy to happy to connect to connect happy connect happy have happy have a have a great a great thursday. great thursday. get thursday. get free?,positive
cm assures impartial assures impartial probe,neutral
congrats on your on your :d,positive
episode two now two now crying now crying with crying with joy,positive
goodnight i love i love these love these beautiful these beautiful boys beautiful boys unhappy,negative
mmmm... the blood the blood of blood of my of my enemies... my enemies... happy,positive
515 subscribers!!!! :dthe subscribers!!!! :dthe continues!,positive
oh yes happy,positive
kp nayar on nayar on how on how the how the engagement the engagement between engagement between and between and the and the gulf the gulf has gulf has deepened.,neutral
koalas are dying are dying of dying of thirst of thirst and thirst and it's and it's all it's all because all because of because of us of us unhappy,negative
beautiful album from album from the from the greatest the greatest unsung greatest unsung guitar unsung guitar genius guitar genius of genius of our of our time our time - time - and - and i've and i've met i've met the met the great the great backstage,positive
china lodges protest lodges protest with protest with india's with india's ambassador india's ambassador in ambassador in vijay in vijay gokhale vijay gokhale over gokhale over the over the visit the visit to visit to arunachal to arunachal pradesh: arunachal pradesh: foreign pradesh: foreign ministry.,neutral
i say keep say keep with keep with it. with it. happy,positive
usually a speedboat a speedboat behind speedboat behind any behind any we any we get we get here get here on here on the on the river the river unhappy,negative
last night i night i had i had a had a dream a dream in dream in which in which i which i moved i moved to moved to japan to japan and japan and just and just so just so happened so happened to happened to see to see you! see you! you you! you denied you denied my denied my friendlies my friendlies request. friendlies request. unhappy,negative
,neutral
i face swapped face swapped a swapped a cat a cat with cat with a with a dog a dog and dog and it's and it's really it's really upsetting really upsetting unhappy,negative
hellooo.. happy lil happy lil strait lil strait (daddyy_rat),positive
,neutral
,positive
1st round of round of talks of talks held,neutral
yes we can we can do can do that! do that! happy,positive
voting pattern shows pattern shows cofounder,neutral
hey thanks for thanks for being for being top being top new top new followers new followers this followers this week! this week! much week! much appreciated much appreciated happy,positive
transparency in looking in looking for looking for india's for india's ranking? india's ranking? start ranking? start at start at the at the bottom.,neutral
and more. also more. also in also in epaper.,neutral
aw bcc is bcc is having is having a having a pride a pride prom pride prom and prom and i and i kind i kind of kind of want of want to want to go to go happy,positive
meeting with governor with governor ends. governor ends. he ends. he stakes he stakes claim stakes claim to claim to form to form government: form government: jaya government: jaya tv.,neutral
19 days of days of school of school left school left happy,positive
i love you love you so you so much so much rui-chan much rui-chan smile rui-chan smile smile,positive
one table last table last night last night told night told me told me i me i look i look like look like a like a graceful a graceful ballerina graceful ballerina gliding ballerina gliding through gliding through tables- through tables- then tables- then another then another told another told me told me i me i looked i looked like looked like a like a flash a flash dancer flash dancer unhappy,negative
sixth spot not spot not applicable not applicable team! applicable team! higher team! higher pa! higher pa! :)kisses pa! :)kisses thefashionicon,positive
and more. also more. also in also in epaper.,neutral
but happy birthday happy birthday hoe! birthday hoe! have hoe! have a have a good a good day,positive
bjp urges governor urges governor vidyasagar governor vidyasagar rao vidyasagar rao to rao to take to take a take a decision a decision on decision on basis on basis of basis of numbers of numbers as numbers as well as well as well as credibility.,neutral
guess what happened what happened after happened after said after said he said he is he is 'adopted is 'adopted son' 'adopted son' of,neutral
have a great a great week!! great week!! happy,positive
savours civic win civic win and win and congress and congress loss.,neutral
,negative
,positive
rs 42 crore 42 crore needed crore needed to needed to repair to repair damage repair damage to damage to floodplain to floodplain from floodplain from event.,neutral
definitely my arms my arms unhappy,negative
for the recent the recent follow. recent follow. much follow. much appreciated much appreciated happy appreciated happy want happy want this?,positive
changes stance from stance from accommodative from accommodative to accommodative to neutral.,neutral
now gets license gets license to license to raid to raid -- raid -- without -- without citing without citing grounds.,neutral
sonia sarkar on sarkar on the on the jig-gigs the jig-gigs that jig-gigs that were that were a were a key a key tool key tool in tool in run in run up run up to,neutral
more kid/parent friendly kid/parent friendly spaces friendly spaces like spaces like this like this please.,positive
bengal tops again tops again --in again --in of --in of women of women and women and children.,neutral
stats for the for the day the day have day have arrived. have arrived. to arrived. to new to new followers new followers and followers and no and no unfollowers no unfollowers happy unfollowers happy via,positive
we have moved have moved from moved from discretionary from discretionary based discretionary based administration based administration to administration to policy to policy based policy based administration:,neutral
rocks. next question next question - question - where - where is where is my is my astro my astro unhappy astro unhappy ?,negative
a 7-judge bench 7-judge bench has bench has to has to be to be set be set up set up to up to hear to hear the hear the pleas the pleas challenging pleas challenging but challenging but right but right now right now it now it is it is not is not possible:,neutral
it's raining so raining so hard so hard unhappy,negative
hellooo.. happy pussy happy pussy (creepz_x),positive
ich will ned will ned unhappy,negative
opening up to up to you to you lot!rt you lot!rt likes lot!rt likes would likes would be would be laaaaaverly be laaaaaverly :d laaaaaverly :d .xxenjoy,positive
hello 1372 followers 1372 followers - followers - thank - thank you thank you so you so much so much for much for following! for following! will following! will love will love to love to read to read your read your tweets your tweets happy tweets happy want happy want this want this ?,positive
sachin tendulkar on tendulkar on his on his 2nd his 2nd innings,neutral
samsung chief lee chief lee arrested lee arrested as arrested as south as south korean south korean corruption korean corruption probe corruption probe deepens,neutral
is terrorist in terrorist in lucknow: in lucknow: to lucknow: to make to make statement make statement in statement in on in on up,neutral
as the last the last event last event for event for chapter for chapter 1,positive
happy birthday to birthday to the to the cyoutest/fyounniest the cyoutest/fyounniest a cyoutest/fyounniest a d a d you d you l you l t l t i t i know i know :')have know :')have a :')have a good a good day good day coreo day coreo boreo,positive
i think i'm think i'm probably i'm probably beyond probably beyond repair beyond repair by repair by the by the sounds the sounds of sounds of tea of tea etiquette tea etiquette happy,positive
and more. also more. also in also in epaper.,neutral
' says tn says tn cm tn cm after cm after meeting after meeting governor meeting governor ch governor ch vidyasagar ch vidyasagar rao.,neutral
publishers lose to lose to photocopiers,neutral
is effective and effective and his and his figures his figures show figures show that.,neutral
clay and hannah and hannah - hannah - they - they were they were so were so in so in love in love they love they deserved they deserved to deserved to be to be endgame be endgame unhappy,negative
here is the is the link the link for link for seventeen's for seventeen's yokohama seventeen's yokohama concert yokohama concert with concert with english with english subs english subs :)ddl:,positive
so right! sir right! sir rob sir rob loves rob loves to loves to torture to torture us torture us unhappy,negative
anti-romeo squad starts squad starts in starts in lucknow in lucknow video:,neutral
delhi uttar pradesh uttar pradesh in pradesh in view in view of,neutral
supreme court asks court asks govt asks govt to govt to explain to explain why explain why need why need pre-censorship.,neutral
stats for the for the week the week have week have arrived. have arrived. 1 arrived. 1 new 1 new follower new follower and follower and no and no unfollowers no unfollowers happy unfollowers happy via,positive
beauty and personality. and personality. :)kisses personality. :)kisses thefashionicon,positive
,neutral
this is the is the main the main reason main reason i reason i drink i drink total drink total selflessness total selflessness :d,positive
yogi as pm,neutral
arrest of a of a conman a conman and conman and bribe and bribe charges bribe charges against charges against nephew against nephew churns nephew churns politics.,neutral
this team has team has come has come up come up with up with a with a that a that has that has minimal has minimal side-effects.,neutral
you also support also support each support each other! each other! an,positive
sadly yes. since yes. since he since he was he was expected was expected to expected to continue to continue losing continue losing support losing support before support before dropping before dropping bombs dropping bombs unhappy bombs unhappy going unhappy going up going up when up when expe,negative
thanks for the for the recent the recent follow. recent follow. much follow. much appreciated much appreciated happy appreciated happy want happy want this want this ?,positive
foreign policy must policy must be must be rooted be rooted in rooted in ethics,neutral
i took a took a full a full drink full drink into drink into my into my uber; my uber; i uber; i guess i guess you guess you could you could say could say instant say instant message instant message pretty message pretty wild. pretty wild. these wild. these are these are the are the tuesdays the tuesdays we'll tuesdays we'll never we'll never forget never forget happy,positive
,positive
thanks for the for the recent the recent follow. recent follow. much follow. much appreciated much appreciated happy appreciated happy want happy want this,positive
,positive
not tired and tired and there's and there's nothing there's nothing to nothing to do to do great do great combo great combo unhappy,negative
elaborate system in system in place in place to place to prevent to prevent misuse prevent misuse of misuse of evms: of evms: election evms: election commission,neutral
hellooo.. happy kyle happy kyle davies kyle davies (rebelbyacause),positive
my heart hurts. heart hurts. sad hurts. sad i sad i hate i hate people,negative
youngjae looked so looked so sad so sad in sad in the in the video the video unhappy,negative
pharma companies are companies are opposing are opposing names opposing names on,neutral
sure do! happy,positive
oh my god my god unhappy god unhappy next unhappy next time next time mishutuuu,negative
same happy i'll happy i'll see i'll see closer see closer to closer to the to the con the con but con but it's but it's no it's no more no more than more than five than five or five or so. or so. lol so. lol same lol same :d,positive
what a sad a sad life sad life it life it must it must be,positive
not yet! maybe yet! maybe this maybe this year this year happy,positive
.the person who person who chose who chose shut chose shut the shut the fuck the fuck up: fuck up: unhappy,negative
one direction (band) direction (band) whats (band) whats going whats going on going on unhappy,negative
that would be would be a be a great a great trick great trick happy,positive
yogi adityanath arrives adityanath arrives at arrives at the at the venue the venue of venue of meeting of meeting of meeting of mlas of mlas amid mlas amid talk amid talk that talk that he that he will he will be will be named be named chief named chief minister,neutral
powerpoint'te mi hazirladiniz mi hazirladiniz post'u hazirladiniz post'u unhappy,negative
try the front the front door,positive
,negative
can't wait to wait to see to see you see you in you in that in that film that film karl! film karl! i karl! i wished i wished you wished you would you would be would be here be here were here were i'm were i'm bu,negative
i find it find it so it so difficult so difficult to difficult to says to says no says no to no to him to him unhappy,negative
i miss him miss him unhappy,negative
finds sunanda k sunanda k datta-ray.,neutral
how has graduated has graduated from graduated from a from a captain a captain into captain into being into being a,neutral
thanks for the for the recent the recent follow recent follow happy follow happy to happy to connect to connect happy connect happy have happy have a have a great a great thursday. great thursday. want thursday. want this,positive
can air india air india enforce india enforce fines enforce fines on fines on unruly on unruly passengers unruly passengers for,neutral
winners of awards of awards at awards at the at the telegraph's the telegraph's - telegraph's - advantage - advantage 2017.,neutral
and more. also more. also in also in epaper.,neutral
someone asked me asked me hows me hows life? hows life? i life? i just i just smiled just smiled and smiled and replied,positive
serious charges absent charges absent in absent in varsity in varsity press varsity press releases press releases appear releases appear in appear in plaint in plaint htt,neutral
got to aksis to aksis 2nd aksis 2nd part 2nd part and part and have and have a have a cp a cp for cp for him for him but him but have but have never have never completed never completed it completed it since it since return since return on return on investment on investment dropped investment dropped laughing dropped laughing out laughing out loud out loud unhappy,negative
nice! some really some really nice really nice stuff nice stuff there! stuff there! mostly there! mostly black mostly black dresses black dresses which dresses which i which i won't i won't get won't get away get away with away with for with for a for a june a june wedding june wedding though wedding though unhappy,negative
april is really is really really really really bloody. really bloody. i'm bloody. i'm so i'm so proud so proud of proud of our of our boys our boys crying boys crying with crying with joy,positive
,neutral
but why? unhappy,negative
if anyone has anyone has got has got a got a design a design or design or could or could find could find me find me one me one i one i would i would be would be so be so grateful so grateful to grateful to you to you :d,positive
,neutral
or the station the station didn't station didn't check. didn't check. happy check. happy surely happy surely some surely some combination some combination of combination of 0xx-xxx-x938 of 0xx-xxx-x938 or 0xx-xxx-x938 or 0xx-9,positive
imagine if he if he wins he wins next wins next time next time too time too unhappy too unhappy unhappy,negative
definitely my arms my arms unhappy,negative
find out more out more and more and sign and sign up sign up at,positive
i miss going miss going to going to gigs to gigs in gigs in liverpool in liverpool unhappy,negative
miss biking unhappy,negative
thanks for the for the recent the recent follow recent follow happy follow happy to happy to connect to connect happy connect happy have happy have a have a great a great thursday. great thursday. want thursday. want this,positive
guys please help please help me help me retweet me retweet unhappy,negative
it's that a*dy that a*dy guy a*dy guy from guy from pop from pop asia pop asia and asia and then and then the then the translator the translator so translator so they'll so they'll probs they'll probs go probs go with go with them with them around them around aus around aus unhappy,negative
we loved to loved to have to have reply have reply by reply by you. by you. :d you. :d now :d now get now get lost get lost .,positive
roc boyz sad,negative
sena's apologises in apologises in parliament,neutral
i can't continue can't continue this continue this right this right now right now because now because the because the lighting the lighting is lighting is shitty is shitty as shitty as f as f i f i swear i swear sorry swear sorry sad,negative
i hope it hope it was it was great,negative
or let take let take a take a hit?,neutral
digital monsters want monsters want to want to work to work with work with blackpink with blackpink make blackpink make it make it happen it happen pls happen pls unhappy,negative
a tutor for tutor for kids for kids roped kids roped in roped in for in for harvest,neutral
we love that love that our that our bloggers our bloggers love bloggers love us love us so us so much so much happy much happy thank happy thank you thank you for you for such for such an such an amazing an amazing review amazing review the review the perfect the perfect glasses perfect glasses h,positive
but puts question puts question mark question mark on mark on video.,neutral
molten tar wipes tar wipes out wipes out family,neutral
man arrested over arrested over truck over truck deaths truck deaths suspected deaths suspected to suspected to have to have carried have carried out carried out attack.,neutral
why sena lawmakers sena lawmakers are lawmakers are opposing are opposing harsher opposing harsher steps harsher steps for steps for those for those assaulting those assaulting public assaulting public servants.,neutral
thanks for the for the recent the recent follow recent follow happy follow happy to happy to connect to connect happy connect happy have happy have a have a great a great thursday.,positive
ready for 420 for 420 happy,positive
aiadmk expels after expels after supreme after supreme court supreme court ruling court ruling knocks ruling knocks out knocks out of out of cm of cm race.,neutral
finance minister arun minister arun jaitley arun jaitley tables jaitley tables in tables in lok in lok sabha,neutral
make in built in built in built in westward in westward ho! westward ho! for ho! for calcutta for calcutta estate. calcutta estate. read,neutral
how rahul met rahul met hc met hc gives hc gives to gives to cbi,neutral
how centre hiked centre hiked for hiked for jobs for jobs scheme jobs scheme by... scheme by... a by... a (and a (and what (and what you what you can you can do can do with do with a with a rupee).,neutral
.nothing changed but changed but the but the date the date .. date .. april .. april 28 april 28 make 28 make s,positive
bihar exam body's exam body's boss,neutral
jk: schools colleges schools colleges shut colleges shut down shut down after down after clashes,neutral
thanks for the for the recent the recent follow recent follow happy follow happy to happy to connect to connect happy connect happy have happy have a have a great a great thursday. great thursday. want thursday. want this want this ?,positive
some and now and now none now none of none of you of you crying you crying with crying with joy,positive
this worked out worked out beautifully. out beautifully. if beautifully. if you if you redesign you redesign the redesign the import the import page import page to page to suit to suit the suit the whole the whole application whole application would application would mak,positive
for this visiting this visiting prime visiting prime minister,neutral
shihaaaa help me help me on me on my on my bishie my bishie hunttt bishie hunttt equals hunttt equals ^ equals ^ equals ^ equals ),positive
,neutral
pawar points out.,neutral
virulent are going are going against going against india's against india's culture india's culture (and culture (and census),neutral
how 4000 punjab 4000 punjab cops punjab cops spent cops spent night spent night preventing night preventing by preventing by filling by filling breach filling breach in breach in wall in wall with,neutral
someone messed up messed up unhappy up unhappy available**,negative
how bjp sold bjp sold development sold development -- development -- and -- and then and then sprang then sprang a sprang a hawk.,neutral
,positive
i want to want to drink to drink with drink with cigarettes with cigarettes unhappy,negative
thanks for the for the recent the recent follow. recent follow. much follow. much appreciated much appreciated happy appreciated happy want happy want this want this ?,positive
,neutral
,positive
eases to 3.17 to 3.17 per 3.17 per cent per cent in cent in january in january from january from 3.41 from 3.41 per 3.41 per cent per cent in cent in december.,neutral
keep looking for looking for the for the things the things i things i bought i bought yesterday bought yesterday in yesterday in my in my dream my dream unhappy,negative
yg should have should have sent have sent them sent them to them to mcd. to mcd. i mcd. i want i want to want to see to see them see them holding them holding the holding the trophy the trophy unhappy trophy unhappy anyways,negative
and more. also more. also in also in epaper.,neutral
uncheck new arrivals new arrivals happy,positive
dumbing down of down of popular of popular entertainment popular entertainment is entertainment is an is an important an important issue.,positive
call center nice center nice game nice game 4/20 game 4/20 unhappy,negative
feel so fucking so fucking shit fucking shit today shit today unhappy,negative
i feel that feel that way that way about way about life about life and life and is and is what is what gets what gets me gets me through me through everyday through everyday in everyday in a in a positive a positive mood! positive mood! happy,positive
found use for use for the for the sewable the sewable led sewable led holder led holder happy,positive
non-teaching staff call staff call for call for end for end to end to jnu to jnu stir,neutral
nice gif happy,positive
,neutral
claims he has he has the has the masses. the masses. who masses. who decides?,neutral
i write fiction. write fiction. some fiction. some pr some pr knob pr knob who knob who writes who writes sentence writes sentence fragments sentence fragments on fragments on an on an ipad an ipad next ipad next to next to the to the shoreditch the shoreditch house shoreditch house piss house piss off,positive
but it wasn't it wasn't lit wasn't lit at lit at all at all unhappy,negative
before i think i think of think of them of them :)kisses them :)kisses thefashionicon,positive
after being at being at receiving at receiving end,neutral
supreme court says court says it says it will it will auction will auction aamby auction aamby valley aamby valley project valley project if project if money if money is money is not is not paid not paid by paid by and by and others.,neutral
off the turf the turf too,neutral
,neutral
thanks for the for the recent the recent follow recent follow happy follow happy to happy to connect to connect happy connect happy have happy have a have a great a great thursday. great thursday. get thursday. get it,positive
but you should you should not.,neutral
registers case against case against meat against meat exporter meat exporter in exporter in a in a graft a graft case; graft case; names case; names its names its former its former chief former chief ap chief ap singh ap singh also.,neutral
,negative
superstar thanks so thanks so much so much for much for the for the kind the kind words! kind words! look words! look forward look forward to forward to seeing to seeing you seeing you soon you soon buddy soon buddy smile,positive
my puppies deserves puppies deserves all deserves all better all better unhappy,negative
ohh normally i normally i feel i feel sick feel sick when sick when i when i drink i drink like drink like 3-4 like 3-4 cups 3-4 cups of cups of coffee,negative
still no sign no sign - sign - it's - it's a it's a very a very small very small area small area ( area ( gardens ( gardens ) gardens ) and ) and it and it would it would be would be very be very obvious very obvious sad obvious sad quite sad quite a quite a few a few eyes few eyes now,negative
did you see you see this see this one? this one? happy one? happy transitional happy transitional piece transitional piece // piece // chiffon // chiffon dress,positive
depth charges sonobuoys.pse charges sonobuoys.pse note sonobuoys.pse note the note the 'msl-torp' the 'msl-torp' getting 'msl-torp' getting released,neutral
modi's call for call for orphans for orphans trafficked,neutral
the first group first group of group of locals of locals came locals came forward came forward yesterday forward yesterday with yesterday with cakes with cakes and cakes and cards and cards for cards for african for african victims african victims of victims of racist of racist mob racist mob violence,neutral
this is damn.... is damn.... theres damn.... theres people theres people who people who sincerely who sincerely want sincerely want to want to attend to attend bh attend bh birthday bh birthday party birthday party but party but bcs but bcs of bcs of those of those people those people who people who try who try for try for fun for fun make fun make them make them ca,negative
if you can you can send can send me send me a me a dm a dm with dm with your with your postcode your postcode i postcode i can i can check can check a check a few a few of few of your of your local your local stores. local stores. look stores. look forward look forward to forward to your to your reply your reply happy reply happy - happy - nathan - nathan 2/2,positive
noooooooo you gonna you gonna miss gonna miss the miss the buffet the buffet unhappy buffet unhappy take unhappy take care take care ain!!!!!!!!!!!!!!!!!,negative
shameful business :(stop business :(stop paying :(stop paying giant paying giant corporations giant corporations for corporations for foods for foods you foods you just you just don't just don't need.... don't need.... wake need.... wake up wake up people up people plea,negative
i miss quacktopia! miss quacktopia! unhappy,negative
when your online your online crush online crush comes crush comes to comes to the to the meet-up the meet-up without meet-up without their without their snapchat their snapchat filter snapchat filter unhappy,negative
but what camera what camera you camera you shooting you shooting with,negative
i'll try sad try sad and sad and yes and yes i yes i am i am unhappy,negative
tolong bantu sampaikan bantu sampaikan keluhan sampaikan keluhan armys keluhan armys ke armys ke dong. ke dong. too dong. too many too many complaint many complaint here complaint here and here and there and there since there since day since day 1 day 1 of 1 of ticketing of ticketing unhappy,negative
life in a in a dark a dark corner dark corner of corner of has of has become has become magical become magical after magical after villagers after villagers got villagers got their got their 1st their 1st this 1st this year.,neutral
principal rajendra prasad rajendra prasad says prasad says his says his heart his heart bleeds heart bleeds over bleeds over v,neutral
rt: good evening good evening everyone evening everyone happy everyone happy join happy join our join our twitter our twitter party twitter party tonight. party tonight. official tonight. official tagline:tanner official tagline:tanner welcomebackph tagline:tanner welcomebackph tmi,positive
agriculture sector to sector to grow to grow at grow at 4.1 at 4.1 per 4.1 per cent per cent in cent in the in the current the current year current year up year up from up from 1.2 from 1.2 per 1.2 per cent per cent in cent in 2015-16:,neutral
yesterday's faci so faci so cute! so cute! but cute! but he but he 30+ he 30+ :(today's 30+ :(today's faci :(today's faci is faci is old is old eeyer,negative
rt if you if you hate you hate me hate me crying me crying with crying with joy,positive
opening up to up to you to you lot!rt you lot!rt likes lot!rt likes would likes would be would be laaaaaverly be laaaaaverly :d laaaaaverly :d .xxenjoy,positive
people wanted to wanted to buy to buy in buy in bulk in bulk from bulk from govt,neutral
i miss him miss him so him so much so much unhappy,negative
i feel so feel so sick so sick today sick today unhappy,negative
it's getting harder getting harder and harder and harder and harder to harder to stay to stay unhappy,negative
her back unhappy,negative
board's stand on stand on an on an potboiler. an potboiler. and potboiler. and more. and more. also more. also in also in epaper.,neutral
back at it at it again it again with again with the with the matemticas the matemticas unhappy,negative
do it like it like it's like it's legal it's legal sweaters legal sweaters ..more sweaters ..more designs ..more designs available designs available at,positive
thanks for the for the recent the recent follow recent follow happy follow happy to happy to connect to connect happy connect happy have happy have a have a great a great thursday. great thursday. want thursday. want this?,positive
mmmmmmmm love naughty love naughty wives naughty wives smile,positive
to mps join mps join camp; join camp; frets camp; frets and frets and tends and tends to tends to flock.,neutral
ngam to weeks to weeks left weeks left for left for cadet for cadet pilot cadet pilot exam pilot exam crying exam crying with crying with joy,positive
guns for bjp,neutral
thanks for the for the recent the recent follow recent follow happy follow happy to happy to connect to connect happy connect happy have happy have a have a great a great thursday.,positive
happy 16th birthday 16th birthday to birthday to my to my bff! my bff! i bff! i may i may only may only be only be 15 be 15 and 15 and a and a half a half but half but i'll but i'll have i'll have you have you to you to take to take me take me places me places happy places happy have happy have a have a great a great birt,positive
r.i.p victoria wood victoria wood heaven wood heaven knows heaven knows we're knows we're miserable we're miserable now miserable now unhappy,negative
remember- vocab knowledge vocab knowledge is knowledge is worth is worth 75% worth 75% of 75% of your of your grade! your grade! will grade! will announce will announce winner announce winner tomorrow winner tomorrow morning tomorrow morning at morning at 10am! at 10am! happy 10am! happy 15 happy 15 to 15 to purchase! to purchase! happy,positive
now bureaucrats face bureaucrats face action face action for action for drinking for drinking alcohol drinking alcohol -- alcohol -- anywhere -- anywhere in anywhere in the in the world.,neutral
floor test for test for on for on saturday.,neutral
finals are next are next week next week unhappy week unhappy wish unhappy wish me wish me luck me luck x,negative
thanks for the for the recent the recent follow recent follow happy follow happy to happy to connect to connect happy connect happy have happy have a have a great a great thursday. great thursday. want thursday. want this?,positive
two indians kidnapped indians kidnapped in kidnapped in south in south sudan south sudan released,neutral
,positive
as lands in lands in delhi,neutral
abvp takes out takes out tricolour out tricolour march tricolour march with march with 180ft with 180ft long 180ft long flag long flag from flag from ramjas,neutral
the saddest part saddest part of part of my of my day my day everyday day everyday is everyday is when is when ryan when ryan has ryan has to has to leave to leave at leave at 5:30 at 5:30 am 5:30 am unhappy,negative
1st day of day of ja of ja entertainment's ja entertainment's marathi entertainment's marathi film marathi film savita film savita damodar savita damodar paranjpe damodar paranjpe have paranjpe have been have been a been a big a big fan big fan of fan of this of this story. this story. finally story. finally get,positive
death on 1st on 1st solo 1st solo trip solo trip and trip and more. and more. also more. also in also in epaper.,neutral
(leads/trends) 26/117: bjp/sad: 26/117: bjp/sad: 3,neutral
pamura isa because isa because in because in this in this very this very moment,negative
5-judge constitution bench constitution bench to bench to sit to sit in sit in may in may to may to decide to decide on decide on pleas on pleas relating pleas relating to relating to aspects to aspects of aspects of triple of triple 2/2,neutral
last kiss unhappy,negative
astaga unhappy /?,negative
soph please don%27t please don%27t win don%27t win again win again unhappy again unhappy jk.. unhappy jk.. good jk.. good luck good luck i luck i think i think you think you will you will draw will draw a draw a good a good poster,negative
hey thanks for thanks for being for being top being top new top new followers new followers this followers this week! this week! much week! much appreciated much appreciated happy,positive
,negative
happy me too me too i too i hope,positive
but i'm a i'm a bit a bit rusty bit rusty now! rusty now! unhappy,negative
today is 4-20 is 4-20 which 4-20 which is which is hitler's is hitler's birthday hitler's birthday unhappy,negative
every time i time i think i think that think that my that my skin my skin is skin is getting is getting better,positive
congrats for 3m for 3m followers 3m followers on followers on instagram! on instagram! happy,positive
bjp sees stamp sees stamp missing stamp missing in missing in choice.,neutral
bihar to tell to tell why tell why govt why govt rejected govt rejected an rejected an idea.,neutral
faltan russel why russel why noodle why noodle unhappy,negative
ban ja hero ja hero :d,positive
sworn-in as chief as chief minister chief minister of,neutral
another atbb on atbb on it's on it's way it's way ! way ! i ! i wish i wish srk wish srk sir srk sir starts sir starts signing starts signing good signing good movies good movies unhappy,negative
that's the law the law of law of nature of nature happy,positive
got a msg! a msg! oops msg! oops not oops not you not you unhappy,negative
,positive
just me killin me killin time killin time to time to say to say hey! say hey! :d,positive
air india to india to tighten to tighten security tighten security at security at mumbai at mumbai pune mumbai pune as pune as threatens as threatens to threatens to stall to stall airline's stall airline's operations airline's operations there.,neutral
,negative
thanks for the for the retweets the retweets this retweets this week. this week. much week. much appreciated much appreciated happy appreciated happy want happy want this? want this? it's this? it's free!,positive
twitter explores premium explores premium version premium version after version after 11 after 11 years 11 years as years as a as a free a free service,neutral
breaking: indias december indias december quarter december quarter gdp quarter gdp at gdp at 7 at 7 percent 7 percent (reuters percent (reuters forecast (reuters forecast was forecast was 6.4 was 6.4 percent),neutral
superstar thanks so thanks so much so much for much for the for the kind the kind words! kind words! look words! look forward look forward to forward to seeing to seeing you seeing you soon you soon buddy soon buddy smile,positive
edm pleaseeeeeeeee unhappy,negative
talking to my to my over my over driver over driver about driver about where about where i'm where i'm goinghe i'm goinghe said goinghe said he'd said he'd love he'd love to love to go to go to go to new to new york new york too york too but too but since but since trump since trump it's trump it's probably it's probably not,negative
your always welcome always welcome thank welcome thank you thank you sa you sa treat sa treat sa treat sa susunod sa susunod ako susunod ako happy,positive
ma de tonight de tonight i tonight i don%27t i don%27t really don%27t really care really care crying care crying with crying with joy,positive
definitely my arms my arms unhappy,negative
i only just only just absorbed just absorbed that absorbed that i'm that i'm not i'm not going not going to going to get to get to get to laugh to laugh when laugh when he when he gets he gets 2000 gets 2000 votes. 2000 votes. unhappy,negative
bring back the back the ginger the ginger curls ginger curls =(,negative
bengal unit of unit of finally of finally gets finally gets a gets a full-time a full-time chief.,neutral
i just told just told them told them to them to bugger to bugger off bugger off and off and hung and hung up! hung up! they up! they waned they waned access waned access to access to my to my pc. my pc. if pc. if they if they phoned they phoned someone phoned someone like someone like my like my gran,negative
why is it is it so it so hard so hard for hard for you for you to you to notice to notice me? notice me? haay me? haay unhappy,negative
happy birthday megan birthday megan happy,positive
who knows :d,positive
thank you roshhh you roshhh i roshhh i miss i miss you miss you and you and everyone and everyone too. everyone too. love too. love youuu love youuu more,negative
to look beyond look beyond defence beyond defence during defence during visit.,neutral
supreme court takes court takes on takes on record on record 'unqualified record 'unqualified apology' 'unqualified apology' tendered apology' tendered by tendered by bengal by bengal counsel,neutral
helloo :d (keep_smiling_y),positive
7 arrested in arrested in attack in attack case; attack case; police case; police see police see link.,neutral
that would be would be a be a great a great trick great trick happy,positive
but here's how here's how you how you can you can be can be a be a part a part of part of this of this happy,positive
sibal and datar and datar spike datar spike bcci spike bcci wish,neutral
how self-belief has self-belief has kept has kept him kept him on him on top on top of top of the of the game.,neutral
javadekar backs restrictive backs restrictive research restrictive research entry,neutral
hellooo happy bluey happy bluey (xblueys),positive
didn't arrive unhappy arrive unhappy here's unhappy here's hoping here's hoping tomorrow hoping tomorrow it tomorrow it does,negative
superstar thanks so thanks so much so much for much for the for the kind the kind words! kind words! look words! look forward look forward to forward to seeing to seeing you seeing you soon you soon buddy soon buddy smile,positive
omg i'm sad i'm sad to sad to say to say that say that i that i actually i actually don't actually don't remember don't remember this! remember this! unhappy this! unhappy when unhappy when did when did this did this happen??,negative
sc issues notices issues notices to notices to centre,neutral
with jatavs as jatavs as base as base and base and pitch and pitch for pitch for muslims,neutral
ansals let off let off lightly off lightly (again),neutral
kp nayar on nayar on how on how party how party revolt party revolt knocked revolt knocked out knocked out nominee out nominee for nominee for labour for labour secretary labour secretary post.,neutral
half empty for empty for cloud for cloud over cloud over research,neutral
and the website the website is website is down is down since down since long since long happy,positive
i miss jihoon miss jihoon sad,negative
and you're right you're right about right about mcconnell about mcconnell as mcconnell as well. as well. unfortunately,negative
i hate park hate park jisung park jisung so jisung so much so much sad,negative
57.36% turnout in turnout in fifth in fifth phase fifth phase of phase of voting of voting ends voting ends by ends by large by large peacefully large peacefully in peacefully in 51 in 51 assembly 51 assembly seats: assembly seats: up seats: up ceo up ceo t ceo t venkatesh,neutral
new twitter acc. twitter acc. happy,positive
i just hope just hope everything hope everything goes everything goes right goes right from right from now from now on now on unhappy,negative
unhappy oh man..,negative
thanks for the for the recent the recent follow recent follow happy follow happy to happy to connect to connect happy connect happy have happy have a have a great a great thursday. great thursday. want thursday. want this want this ?,positive
that sucks unhappy,negative
this is damn.... is damn.... theres damn.... theres people theres people who people who sincerely who sincerely want sincerely want to want to attend to attend bh attend bh birthday bh birthday party birthday party but party but bcs but bcs of bcs of those of those people those people who people who try who try for try for fun for fun make fun make them make them ca,negative
i cant deathmatch cant deathmatch you deathmatch you piss you piss off piss off unhappy,negative
not going to going to burst to burst more burst more data more data crying data crying with crying with joy,positive
hey thanks for thanks for being for being my being my top my top new top new followers new followers this followers this week! this week! much week! much appreciated much appreciated happy appreciated happy want happy want this want this ?,positive
happy birthday crying birthday crying with crying with joy with joy yoyour joy yoyour so yoyour so so so so cool so cool and cool and i and i hope i hope yoyour hope yoyour day yoyour day goes day goes super goes super good,positive
nah over-rated happy over-rated happy x,positive
how the formidable the formidable madame formidable madame of madame of calcutta's of calcutta's runs calcutta's runs her runs her business.,neutral
fears over plan over plan to plan to set to set rates set rates for,neutral
jp yadav finds yadav finds an finds an us-versus-them an us-versus-them undercurrent us-versus-them undercurrent in,neutral
what happened unhappy,negative
there you guys. you guys. read guys. read it read it for it for once for once at once at least. at least. crying least. crying with crying with joy,positive
oh noooo baby noooo baby unhappy,negative
,neutral
and more. also more. also in also in epaper.,neutral
who wants some wants some good some good vibes? good vibes? watch vibes? watch this watch this on this on youtube on youtube or youtube or tv100 or tv100 application tv100 application now application now for now for free for free happy,positive
,positive
,neutral
sounds like a like a lot a lot of lot of fun of fun :d fun :d i :d i like i like it,positive
,negative
could dethrone as dethrone as top as top draw.,neutral
824000 new vehicles new vehicles trashed,neutral
yeaaaah! alpha invitation alpha invitation well invitation well received well received happy,positive
made to trek to trek 2km trek 2km to 2km to fetch to fetch water fetch water for,neutral
did you notice? you notice? there notice? there is there is no is no killings no killings of killings of rss of rss / rss / bjp / bjp workers bjp workers in workers in another in another southern another southern state? southern state? cm state? cm is cm is dismantling is dismantling xtian dismantling xtian infra xtian infra in infra in munnar?,positive
music and direction and direction by direction by of by of my of my favourites my favourites by,positive
,neutral
thanks for the for the recent the recent follow,positive
holy shit! 40 shit! 40 pages 40 pages script pages script of script of the of the opening the opening scene opening scene of scene of man of man of man of steel of steel on steel on krypton on krypton got krypton got compressed.i got compressed.i wish compressed.i wish i wish i could i could at could at least,negative
why no available no available in available in the in the u.k.? the u.k.? unhappy,negative
delhi worried over worried over silence over silence of silence of on,neutral
okay what tf what tf is tf is this is this colorful this colorful starbucks colorful starbucks thing starbucks thing all thing all over all over social over social media social media unhappy,negative
it's adore you,negative
update: manhattan attorney manhattan attorney preet attorney preet bharara preet bharara was bharara was asked was asked to asked to resign to resign along resign along with along with other with other obama-era other obama-era u.s. obama-era u.s. attorneys u.s. attorneys - attorneys - doj.,neutral
hellooo happy xbox happy xbox adhatter xbox adhatter (xboxmadhatter),positive
happy 10th wedding 10th wedding anniversary wedding anniversary aishwarya anniversary aishwarya rai-abhishek aishwarya rai-abhishek bachchan rai-abhishek bachchan happy,positive
u.s. judges reject judges reject travel reject travel ban,neutral
this is jimin is jimin to jimin to yoongi to yoongi unhappy,negative
,neutral
,neutral
i just did just did happy,positive
yg should have should have sent have sent them sent them to them to mcd. to mcd. i mcd. i want i want to want to see to see them see them holding them holding the holding the trophy the trophy unhappy trophy unhappy anyways,negative
noooo in here in here is here is 6.45 is 6.45 ;_; 6.45 ;_; i ;_; i have i have classes have classes at classes at that at that time that time unhappy,negative
we're no less no less than less than cricketers,neutral
how techie was techie was killed was killed --and killed --and an --and an american an american took american took bullets took bullets aimed bullets aimed at aimed at another.,neutral
looking forward to forward to you to you visiting! you visiting! you've visiting! you've picked you've picked a picked a great a great day great day too,positive
why is italian is italian easier italian easier than easier than spanish than spanish unhappy,negative
hey thanks for thanks for being for being top being top new top new followers new followers this followers this week! this week! much week! much appreciated much appreciated happy,positive
didn't even get even get an get an easter an easter egg easter egg this egg this year! this year! unhappy year! unhappy xx,negative
can't wait for wait for those for those revealing those revealing qa's. revealing qa's. happy,positive
why you could you could meet could meet a meet a saltwater a saltwater next saltwater next time next time you time you are you are in are in the,neutral
stakes claim to claim to form to form government form government in government in tamil in tamil nadu,neutral
teachers back worry back worry over worry over silence,neutral
experts say wrong say wrong in wrong in blaming in blaming on blaming on ganga on ganga for ganga for siltation.,neutral
tn farmers in farmers in skull in skull protest skull protest in protest in delhi,neutral
i want fun want fun plans fun plans this plans this weekend this weekend unhappy,negative
preliminary enquiry by enquiry by against by against health against health minister health minister for minister for alleged for alleged money alleged money laundering.,neutral
yep i'm going i'm going back going back to back to school to school to school to become to become an become an editor an editor hopefully. editor hopefully. can't hopefully. can't wait! can't wait! your wait! your sister your sister really sister really believes really believes in believes in my in my skills my skills happy,positive
you can get can get a get a professional a professional one professional one here,positive
,negative
i miss my miss my baby my baby unhappy,negative
4000 migrated in migrated in 2015 in 2015 to 2015 to shield to shield their shield their capital.,neutral
our crazy easter! crazy easter! our easter! our donkey our donkey is donkey is insane! is insane! seriously insane! seriously crazy seriously crazy haha!,positive
we seem to seem to have to have sold have sold our sold our government our government some government some time some time ago. time ago. unhappy,negative
stats for the for the day the day have day have arrived. have arrived. 1 arrived. 1 new 1 new follower new follower and follower and no and no unfollowers no unfollowers happy unfollowers happy via,positive
parties led by led by can't by can't seem can't seem to seem to look to look beyond look beyond family beyond family for family for top for top posts.,neutral
oh no unhappy no unhappy what unhappy what are what are you are you like?! you like?! is like?! is it is it still it still in still in shops?,negative
who is e is e from e from local from local functionary local functionary to functionary to legislature to legislature party legislature party leader,neutral
and more. also more. also in also in epaper.,neutral
pak court sentences court sentences to sentences to death to death for death for spying.,neutral
are you also you also attractive also attractive to attractive to liza to liza soberano? liza soberano? happy,positive
these will be will be ready be ready long ready long before long before winners before winners are winners are named.,neutral
the video will video will definitely will definitely be definitely be a be a 30 a 30 minute 30 minute episode minute episode if episode if not if not longer.,positive
funds fear on fear on research,neutral
chicken; more pulses,neutral
currently standing outside standing outside the outside the shard the shard with shard with a with a bag a bag full bag full of full of empty of empty bottles empty bottles because bottles because i because i came i came to came to work to work with work with tom with tom today tom today happy,positive
a fish killer fish killer going killer going to going to be to be pressed be pressed younhappy pressed younhappy i younhappy i the i the hoe the hoe of hoe of today of today you today you were you were a were a good a good person,negative
,negative
not applicablengarag not applicablengarag not applicable not applicable this applicable this unhappy this unhappy ill unhappy ill find ill find more find more wonu more wonu pictures wonu pictures soon pictures soon alxmdkcsnx,negative
puritans and critics and critics be critics be damned,neutral
i'll be attending be attending cosmic attending cosmic latte cosmic latte on latte on saturday on saturday and saturday and i'll and i'll give i'll give these give these out these out to out to selu to selu shippers selu shippers kasi shippers kasi selu kasi selu month selu month qaqo month qaqo unhappy,negative
this mighty albatross mighty albatross carried albatross carried missile carried missile torpedoes,neutral
jitters for pervert for pervert healthcare pervert healthcare in healthcare in bengal,neutral
16000 cars and cars and 40000 and 40000 autos.,neutral
yes!!! neil gaiman neil gaiman for gaiman for life! for life! :d,positive
you deserve a deserve a vacation a vacation happy,positive
maybe coffee is coffee is not is not for not for you for you unhappy,negative
ahhh i'd be i'd be well be well chuffed,negative
sad i don't,negative
british dhc bruce dhc bruce bucknell bruce bucknell with bucknell with institute with institute of institute of entrepreneurs of entrepreneurs head entrepreneurs head manoj head manoj das manoj das discussing das discussing skill discussing skill devt skill devt in devt in ne in ne at,neutral
no its okay its okay she okay she survived she survived :,negative
assumes im outsider im outsider because outsider because of because of my,negative
mp put on put on no-fly on no-fly list no-fly list by list by for by for pervert for pervert airlines pervert airlines as airlines as well.,neutral
on electile dysfunction electile dysfunction (among dysfunction (among losers),neutral
how childish of childish of you of you commando you commando happy,positive
weare are u? are u? unhappy,negative
capt amarinder singh amarinder singh takes singh takes oath takes oath as oath as 26th as 26th chief 26th chief minister chief minister of minister of watch of watch live:,neutral
truuuu!! si grim si grim reaper grim reaper and reaper and sunny and sunny huhu sunny huhu grabe huhu grabe love grabe love story love story nila story nila unhappy,negative
gunbattle that felled that felled father.,neutral
amazing stuff!!! thansk stuff!!! thansk for thansk for this for this happy this happy birth happy birth control birth control - control - gamma - gamma ray gamma ray (1972),positive
says prasun chaudhuri.,neutral
cheer up the up the new the new administrator new administrator team. administrator team. happy,positive
so excited for excited for the for the things the things coming things coming in coming in the in the future the future happy future happy things happy things are things are going are going great,positive
i'm sorry but sorry but people but people have people have to have to make to make a make a living a living happy,positive
me everything and everything and anything and anything these anything these days,positive
and more. also more. also in also in epaper,neutral
its hard to hard to see to see your see your best your best friend best friend with friend with another with another girl another girl happy,positive
thanks for the for the recent the recent follow. recent follow. much follow. much appreciated much appreciated happy appreciated happy want happy want this,positive
if you can't you can't be can't be there be there for there for someone for someone at someone at their at their worst their worst then worst then you then you don't you don't deserve don't deserve to deserve to be to be there be there at there at their at their best their best :)kisses best :)kisses thefashionicon,positive
foreign tourists with tourists with e-visas with e-visas to e-visas to get to get free get free cards free cards on cards on arrival.,neutral
bjp worker stabbed worker stabbed to stabbed to death to death during death during local during local temple local temple festivities temple festivities at festivities at mukkattukara at mukkattukara in mukkattukara in kerala's in kerala's district,neutral
,neutral
oh my god my god not god not laurie not laurie penny laurie penny unhappy,negative
go back to back to school to school for school for music! for music! i music! i think i think i think i will i will in will in time in time happy,positive
i liked a liked a video,negative
thanks for the for the recent the recent follow recent follow happy follow happy to happy to connect to connect happy connect happy have happy have a have a great a great thursday.,positive
sorry about that. about that. you that. you can you can always can always ask always ask us ask us to us to follow to follow you follow you so you so you so you can you can dm can dm you dm you happy,positive
when protestors in protestors in began in began trying began trying to trying to rescue to rescue trapped,neutral
how is playing is playing in playing in du in du colleges.,neutral
well..human. that's all that's all i,positive
but the customs the customs of customs of argentina of argentina that argentina that fill that fill you fill you with you with paperwork with paperwork unhappy,negative
who wants some wants some good some good vibes? good vibes? watch vibes? watch this watch this on this on youtube on youtube or youtube or tv100 or tv100 application tv100 application now application now for now for free for free happy,positive
talking to my to my over my over driver over driver about driver about where about where i'm where i'm goinghe i'm goinghe said goinghe said he'd said he'd love he'd love to love to go to go to go to new to new york new york too york too but too but since but since trump since trump it's trump it's probably it's probably not,negative
talking about tattoos about tattoos just tattoos just makes just makes me makes me want me want my want my bb8 my bb8 tattoo bb8 tattoo more tattoo more and more and more and more but more but i'm but i'm so i'm so broke so broke it broke it makes it makes me makes me unhappy,negative
you got to got to rest,negative
awesome recommendation jess! recommendation jess! listened jess! listened to listened to the,positive
what we did we did after did after the after the climax the climax shot climax shot happy,positive
she loved beth loved beth so beth so much so much unhappy,negative
our to fro to fro flights fro flights are flights are affected. are affected. as affected. as a as a result a result consequential result consequential delays consequential delays are delays are expected.,neutral
modi's call to call to ensure to ensure justice ensure justice for justice for women for women facing women facing evil facing evil customs.,neutral
not being spe,positive
,neutral
no print edition print edition today,neutral
that would be would be a be a great a great trick great trick happy,positive
appreciate your recent your recent retweets recent retweets have retweets have a have a great a great thursday great thursday happy,positive
so i may i may be may be one be one of one of those of those workers those workers who workers who are who are not are not properly not properly compensated properly compensated unhappy,negative
umma why you why you do you do this do this crying,negative
and more. also more. also in also in epaper.,neutral
badly equipped surgery,neutral
fri or thu? or thu? i'm thu? i'm going i'm going to going to the to the friday the friday showing friday showing :d,positive
notes for indian,neutral
why karnataka body karnataka body decided body decided to decided to boycott to boycott awards boycott awards function.,neutral
what meant by meant by 'potato by 'potato factory' 'potato factory' is factory' is thriving is thriving reality thriving reality for reality for bengal for bengal farmers bengal farmers in farmers in chain.,neutral
white genocide is genocide is not is not a not a thing. a thing. its thing. its figment its figment of figment of your of your imagination. your imagination. youre imagination. youre a youre a victim a victim of victim of nothing of nothing but nothing but disinformation.,negative
this escalated quickly,negative
it froze a froze a few a few times. few times. then times. then went then went to went to 16.10,negative
mom who lost who lost teen lost teen kids teen kids in kids in fire in fire same%2c fire same%2c old%2c same%2c old%2c boring old%2c boring shit boring shit as shit as are as are let are let off let off lightly,neutral
where's justin i justin i miss i miss him miss him unhappy,negative
is that store that store still store still in still in use? in use? if use? if so,negative
cabinet meeting begins.,neutral
my friend is friend is such is such an such an egg,positive
and more. also more. also in also in epaper.,neutral
nia to take to take over take over encounter,neutral
how govt made govt made look made look benign: look benign: use benign: use revised use revised (and revised (and lower) (and lower) base lower) base for base for comparison.,neutral
awww yeah :d,positive
thanks lala.. much lala.. much needed much needed happy,positive
hobart in 7 in 7 weeks. 7 weeks. lots weeks. lots to lots to look to look forward look forward to forward to happy,positive
wish i could i could stay could stay in stay in bed in bed all bed all day all day and day and listen and listen to listen to the to the rain the rain sad,negative
,negative
when your efforts your efforts pay efforts pay off... pay off... happy,positive
the other half other half of half of the of the time the time it time it crashes it crashes unhappy crashes unhappy it's unhappy it's embarassing it's embarassing when embarassing when i',negative
re-polling underway in underway in 8 in 8 assembly 8 assembly constituencies assembly constituencies which constituencies which went which went to went to polls to polls in polls in 1st in 1st phase 1st phase on phase on march on march for,neutral
,positive
thanks for the for the this the this week,positive
prepare to be to be inspired! be inspired! happy,positive
,neutral
fir registered against registered against up against up minister up minister over minister over gang over gang rape gang rape sexual rape sexual harassment,neutral
,positive
thanks for the for the recent the recent follow recent follow happy follow happy to happy to connect to connect happy connect happy have happy have a have a great a great thursday. great thursday. want thursday. want this want this ?,positive
mutual: let's talk let's talk more!me: talk more!me: for more!me: for sure!mutual: for sure!mutual: happy sure!mutual: happy me:,positive
for first time first time in time in 3 in 3 decades,neutral
a governor ponders.,neutral
what zoo is zoo is doing is doing to doing to mark,neutral
soon :' i :' i need i need you need you so you so much so much crying much crying with crying with joy with joy {} joy {} i {} i need i need you need you kaswa you kaswa :',positive
my favorite hobby favorite hobby is hobby is finding is finding the finding the negative the negative in negative in a in a positive a positive thing positive thing happy,positive
,neutral
unfollowing bye happy,positive
,positive
puzzle pieces [64]rt pieces [64]rt and [64]rt and like and like for like for the for the next the next please next please :){20 please :){20 rts,positive
set to take to take oath take oath as oath as up as up cm up cm today,neutral
full interview inside interview inside in inside in 7 in 7 days.,neutral
how to be to be you be you piss you piss off piss off crying off crying 3,negative
in 7days today: 7days today: bjp's today: bjp's expanding bjp's expanding footprint,neutral
mcd polls: releases polls: releases second releases second list second list of list of 127 of 127 candidates,neutral
if i get i get 900 get 900 retweets 900 retweets and retweets and 900 and 900 likes. 900 likes. help likes. help me help me :(un,negative
and more. also more. also in also in epaper.,neutral
,negative
no celtics or celtics or bruins or bruins today bruins today unhappy today unhappy at unhappy at least at least sale least sale is sale is pitching is pitching for pitching for the for the sox,negative
dept crackdown on crackdown on hoarders; on hoarders; issues hoarders; issues 87 issues 87 notices,neutral
thanks for connecting for connecting we connecting we are we are passionate are passionate about passionate about - about - hope - hope you hope you like you like our like our tweets our tweets happy,positive
says president mukherjee.,neutral
3 men die men die trying die trying to trying to save to save friend save friend from friend from on,neutral
hrd to stop to stop funding stop funding research funding research on research on social on social exclusion,neutral
here are some are some very some very happy very happy boys happy boys to boys to brighten to brighten up brighten up your up your day your day happy,positive
i'm so glad so glad i glad i have i have you,negative
,positive
wut i totally i totally missed totally missed your missed your bday your bday unhappy bday unhappy happy unhappy happy belated happy belated birthday belated birthday sweetheart,negative
big decisions expected,neutral
she might have might have dressed have dressed a dressed a bit a bit better.,positive
surround yourself with yourself with positivity with positivity happy,positive
after the bjp the bjp is bjp is certain is certain it certain it can it can get can get away get away with away with anything,neutral
000 in villages in villages are villages are taught are taught to taught to google to google designs,neutral
what the numbers the numbers say,neutral
mp cases: rajnath.,neutral
13 guilty in guilty in murder,neutral
my knee is knee is similar is similar colour similar colour to colour to leny to leny henry's leny henry's unhappy,negative
poor baby unhappy baby unhappy i unhappy i hate i hate people,negative
honesty hug for hug for bottom for bottom rung bottom rung -- rung -- while -- while mystery while mystery persists mystery persists over persists over missing over missing taxpayers.,neutral
sorry i didn't i didn't make didn't make it make it to it to the to the book the book drive book drive yesterday drive yesterday couldn't yesterday couldn't get couldn't get outta get outta work outta work unhappy,negative
sajeda momin on momin on why on why as why as cm as cm is cm is a is a logical a logical milestone logical milestone of milestone of the of the death the death of death of the,neutral
i'm so tired so tired unhappy,negative
hundreds of immigrants of immigrants arrested immigrants arrested in arrested in 'routine' in 'routine' u.s. 'routine' u.s. enforcement u.s. enforcement surge,neutral
how bypoll was bypoll was put was put off-- put off-- on off-- on ruling on ruling combine's ruling combine's request.,neutral
who would you would you call you call when call when you when you are you are roused are roused in roused in midnightreminds in midnightreminds me midnightreminds me of me of the of the time(s) the time(s) they time(s) they were they were roommates were roommates unhappy roommates unhappy unhappy unhappy unhappy unhappy unhappy unhappy you unhappy you suck,negative
i miss big miss big brother big brother unhappy,negative
pak terms for terms for access,neutral
i miss bmf miss bmf sad,negative
trump administration resists administration resists economics resists economics of economics of and of and visas and visas for visas for indian for indian companies.,neutral
they pinched him pinched him on him on a on a free? a free? his free? his quality his quality on quality on fm on fm smile,positive
how became demonetised became demonetised notes demonetised notes in,neutral
and more. also more. also in also in epaper.,neutral
you're got to got to disappear to disappear half disappear half way half way too? way too? unhappy too? unhappy everybody unhappy everybody want everybody want to want to being to being lazy being lazy eue,negative
enter to win to win 1 win 1 of 1 of to of to boxes to boxes of boxes of highly of highly anticipated highly anticipated books! anticipated books! 6 books! 6 books 6 books in books in each in each box! each box! open box! open int open int happy,positive
citing outsider inflow outsider inflow open inflow open campus.,neutral
im getting one getting one too one too smile too smile smile smile smile smile smile smile smile,positive
definitely my arms my arms unhappy,negative
just a new a new happy,positive
so i'm super i'm super impressed super impressed he's impressed he's got he's got his got his musical his musical mojo musical mojo back! mojo back! thank back! thank you thank you so you so much so much happy,positive
tats! i have i have question have question happy,positive
no one is one is offering is offering this offering this poor this poor old poor old lady old lady a lady a seat a seat unhappy,negative
in midst of midst of an of an incendiary an incendiary wish incendiary wish from,neutral
student stir to stir to intensify- to intensify- strike intensify- strike today,neutral
from may 1,neutral
chaged for the for the best the best for best for our for our singto. our singto. please,positive
it looks like looks like ios like ios 11 ios 11 is 11 is due is due to due to kill to kill it kill it unhappy,negative
no stamping tagging stamping tagging of tagging of fliers' of fliers' hand fliers' hand baggage hand baggage at baggage at 7 at 7 major 7 major from major from april from april 1.,neutral
this survivor of survivor of riots of riots has riots has a has a simple a simple message simple message for message for voters.,neutral
hellooo happy cjay happy cjay (cjay_100),positive
caution on site on site inroads site inroads for inroads for mayor for mayor (who mayor (who is (who is also is also minister also minister of minister of housing of housing and housing and environment.),neutral
mane has been has been amazing been amazing unhappy,negative
no offence :)** offence :)** don't :)** don't want don't want to want to hurt to hurt anyone. hurt anyone. all anyone. all i,positive
omg he... kissed... he... kissed... him kissed... him crying him crying with crying with joy,positive
despite its it its it edge,neutral
,positive
the graveyard echo graveyard echo in echo in choice in choice as choice as chief as chief minister.,neutral
tougher road laws,neutral
maayos didn%27t ang didn%27t ang lahat ang lahat happy lahat happy lets happy lets give lets give him give him a him a space a space and space and time and time happy,positive
why is it is it so it so difficult so difficult for difficult for me for me to me to get to get at get at least at least a least a chance a chance unhappy,negative
appeasement of none of none is none is the is the policy the policy of policy of my of my govt,neutral
they want says want says at says at victory at victory rally.,neutral
mine hasn't been hasn't been sending been sending stuff sending stuff unhappy,negative
we all know all know unhappy,negative
supreme court issues court issues arrest issues arrest warrant arrest warrant to warrant to get to get high get high court high court judge court judge to judge to face to face case.,neutral
if you're an you're an aspiring an aspiring developer aspiring developer in developer in or in or near or near krakw near krakw this krakw this is this is an is an excellent an excellent opportunity. excellent opportunity. they opportunity. they even they even pay even pay their pay their interns their interns happy,positive
have i told i told you told you lately you lately that lately that olive that olive juice? olive juice? :d,positive
does anyone have anyone have a have a 7 a 7 adapter 7 adapter or adapter or 7 or 7 earbuds 7 earbuds i earbuds i can i can borrow can borrow for borrow for the for the day? the day? left day? left mine left mine in mine in my in my car my car unhappy,negative
i literally couldn't literally couldn't see couldn't see a see a thing a thing when thing when they when they were they were at were at the at the back the back of back of the of the stage,negative
it's okay i've okay i've accepted i've accepted you accepted you the you the way the way you way you are you are unhappy,negative
i can't do can't do it do it all it all on all on my on my own. my own. (see own. (see what (see what i what i did i did there? did there? ),negative
modi says people says people don't people don't want don't want handouts,neutral
i protect it protect it with it with a with a layer a layer of layer of fat of fat :)kisses fat :)kisses thefashionicon,positive
greeted by cm by cm captain cm captain amarinder captain amarinder singh,neutral
what do religious do religious have religious have against have against atheists against atheists and,neutral
bonds for political for political funding,neutral
my bed is bed is so is so comfortable so comfortable i comfortable i don't i don't want don't want to want to get to get up get up unhappy,negative
how slashed research slashed research seats,neutral
how offered to offered to help to help of,neutral
you may draw may draw your draw your conclusions your conclusions from conclusions from any from any deviation any deviation from deviation from that from that level that level either level either in either in the in the direction the direction of direction of therapy of therapy or therapy or prevention,positive
it's $10 but $10 but also but also free also free postage. free postage. i postage. i wish i wish the wish the seller the seller had seller had yanan had yanan and yanan and yeo and yeo one yeo one too. one too. unhappy,negative
,neutral
nothing moves faster moves faster than faster than a than a girl a girl untagging girl untagging herself untagging herself from herself from an from an ugly an ugly picture ugly picture :)kisses picture :)kisses thefashionicon,positive
ahhhhh! you recognized you recognized logan!!! recognized logan!!! cinemax logan!!! cinemax shows cinemax shows have shows have a have a bad a bad track bad track record track record for record for getting for getting cancelled getting cancelled unhappy,negative
but surges to surges to runner-up to runner-up slot.,neutral
i need cheering need cheering up,negative
koalas are dying are dying of dying of thirst of thirst and thirst and it's and it's all it's all because all because of because of us of us unhappy,negative
thank you happy,positive
,positive
likely to hear to hear pil hear pil against pil against swearing-in against swearing-in today,neutral
justice fails to fails to appear to appear before appear before apex before apex court apex court to court to face to face contempt face contempt charges.,neutral
3 shot dead shot dead in dead in as in as protestors as protestors try protestors try to try to rescue,neutral
president trump fires trump fires top fires top government top government lawyer government lawyer sally lawyer sally yates sally yates for yates for defiance for defiance on defiance on immigration on immigration order,neutral
thanks for the for the recent the recent follow,positive
vile tactic in tactic in valley,neutral
militant wing welcomes wing welcomes but welcomes but asks but asks him asks him not him not to not to speak to speak against,neutral
4/the pilot project pilot project for project for green for green transportation green transportation across transportation across national across national capital national capital region capital region is region is the is the next the next such next such service such service being service being introduced being introduced on,neutral
a treaty could treaty could provide could provide security/ provide security/ tech security/ tech for tech for culture for culture development culture development happy,positive
yoongi come back come back unhappy,negative
thanks for the for the recent the recent follow recent follow happy follow happy to happy to connect to connect happy connect happy have happy have a have a great a great thursday.,positive
i love when love when people when people or people or message or message me message me w me w long w long messages long messages about messages about how about how beautiful how beautiful they beautiful they find they find joon find joon like joon like unhappy like unhappy yes unhappy yes i yes i agree i agree keep agree keep going,negative
unhappy let's fight let's fight all fight all those all those kids,negative
,neutral
thank you happy,positive
i always know always know when know when it when it come it come but come but have but have no have no fucking no fucking clue fucking clue how clue how it how it goes it goes unhappy,negative
the famed has famed has to has to conform.,neutral
time for modi's for modi's reforms.,neutral
are dying of dying of thirst of thirst and thirst and it's and it's all it's all because all because of because of us of us unhappy,negative
instant message fine message fine yoo,positive
its not organicthey'll not organicthey'll shoehorn organicthey'll shoehorn it shoehorn it inbut it inbut plot inbut plot character plot character developmentmcu character developmentmcu netflix developmentmcu netflix has netflix has leswhat has leswhat support,negative
shashank manohar to manohar to stay to stay on stay on as on as chairman as chairman till chairman till june till june meet.,neutral
,neutral
use to track to track for track for preventing for preventing track preventing track deaths,neutral
says up chief up chief minister chief minister yogi,neutral
i married a married a maoist a maoist by maoist by swati by swati sengupta,neutral
delhi high court high court orders court orders cop orders cop shield cop shield for shield for willing for willing drivers; willing drivers; tells drivers; tells strikers tells strikers to strikers to deal to deal with deal with companies.,neutral
madam and more. and more. also more. also in also in epaper.,neutral
mike. blessings to blessings to you. to you. happy,positive
works on options on options to options to get to get backing get backing on,neutral
,positive
,positive
poor mouse unhappy,negative
india's industrial production industrial production contracts production contracts 0.4% contracts 0.4% in 0.4% in dec in dec 2016 dec 2016 against 2016 against a against a decline a decline of decline of 0.9% of 0.9% in 0.9% in dec in dec 2015.,neutral
,positive
thanks for up-voting for up-voting us up-voting us on us on ph on ph happy,positive
maa ki kuss ki kuss tumhari. kuss tumhari. now tumhari. now take now take this take this bullshit this bullshit you bullshit you loser.,negative
bihar jharkhand for jharkhand for nice for nice try nice try filling try filling police filling police vacancie,neutral
crusader pleads for pleads for saving,neutral
record low turnout.,neutral
months and years and years of years of bonding of bonding and bonding and happiness and happiness family happiness family mclisse family mclisse starmu,positive
,neutral
happy belated birthday belated birthday :)another birthday :)another duet :)another duet of duet of you of you and you and amaal and amaal is amaal is much is much needed,positive
surit doss on doss on what on what you what you should you should do should do if do if you if you forget you forget dynamic forget dynamic of dynamic of your of your mobile,neutral
in this mandate,neutral
,negative
in melbourne please melbourne please happy,positive
mutual: let's talk let's talk more!me: talk more!me: for more!me: for sure!mutual: for sure!mutual: happy sure!mutual: happy me:,positive
this is what is what we what we have we have in have in front in front of front of us.,negative
we will accept will accept the accept the people's the people's mandate,neutral
,negative
india pushes universities pushes universities to universities to accept to accept 3yr accept 3yr graduates 3yr graduates for graduates for courses.,neutral
and more. also more. also in also in epaper.,neutral
,neutral
koalas are dying are dying of dying of thirst of thirst and thirst and it's and it's all it's all because all because of because of us of us unhappy,negative
? news ? news ? :d,positive
.agata baby unhappy baby unhappy it unhappy it broke it broke in broke in the in the mail. the mail. but mail. but i but i read i read your read your letter your letter can't letter can't thank can't thank you thank you enough. you enough. you enough. you are you are the are the best,negative
how broke ranks broke ranks with ranks with other with other bodies other bodies in bodies in east,neutral
600 for drug for drug eluting-- drug eluting-- in eluting-- in crackdown in crackdown on crackdown on wild on wild markups.,neutral
supreme court terms court terms as terms as 'unfortunate' as 'unfortunate' the 'unfortunate' the grounds the grounds cited grounds cited by cited by bengal by bengal govt bengal govt in govt in its in its plea its plea against plea against hc against hc order hc order asking order asking cbi asking cbi to cbi to take to take over take over case,neutral
,neutral
77 ? old ? old leyland,negative
i hope louis hope louis gets louis gets all gets all the all the off the off time off time that time that he that he wants he wants and wants and comes and comes back comes back fresh back fresh and fresh and happy and happy happy,positive
psa: remember this remember this when this when you when you ask you ask artists ask artists to artists to draw to draw for draw for you. for you. i'd you. i'd say i'd say the say the same the same thing same thing for thing for writers for writers but writers but apparently but apparently commissi,negative
ministers of pmln of pmln are pmln are happy are happy like happy like those like those students those students who students who never who never studied never studied for studied for exams for exams luckily exams luckily exams luckily exams got exams got delayed. got delayed. they'll delayed. they'll still they'll still ha,positive
today hasn't been hasn't been great been great unhappy,negative
,negative
yeah! my sight my sight reading sight reading was reading was pretty was pretty good pretty good in good in high in high school,negative
great to work to work with work with you with you too you too such too such a such a lovely a lovely place! lovely place! thank place! thank you thank you for you for havin,positive
apka apna awam apna awam ka awam ka channel ka channel frankline channel frankline tv frankline tv aam tv aam admi aam admi production admi production please production please visit please visit or visit or likes or likes share likes share :)fb share :)fb page :)fb page :...,positive
bombay high court high court directs court directs protesting directs protesting resident protesting resident in resident in to in to resume to resume duty resume duty immediately,neutral
swear i just i just walked just walked past walked past haha,negative
please do commend do commend him. commend him. h,negative
junior home minister home minister admits minister admits he admits he made he made comments made comments on comments on without on without having without having seen having seen her seen her video.,neutral
blocked by christensen.another by christensen.another notch christensen.another notch on notch on the on the belt. the belt. happy,positive
alright. looks like looks like back like back to back to chores to chores behind chores behind the behind the scenes. the scenes. my scenes. my page my page hits page hits drop hits drop to drop to 1k to 1k daily 1k daily when daily when i when i don't i don't visit don't visit and visit and post. and post. unhappy,negative
i love it love it when it when pretty when pretty girls pretty girls call girls call me call me pretty me pretty like pretty like bitch like bitch tf bitch tf you tf you too you too happy too happy let's happy let's be let's be friends,positive
thanks for being for being top being top new top new followers new followers - followers - have - have a have a great a great week great week happy,positive
,neutral
bonhomie between and between and strikes and strikes a strikes a chord a chord on chord on the on the ground.,neutral
i'm actually crying actually crying while crying while typing while typing this typing this tweet this tweet i tweet i just i just can't just can't take can't take it take it anymore.. it anymore.. not anymore.. not applicablehulog not applicablehulog not applicablehulog not applicable not applicable knock applicable knock out knock out d out d unhappy,negative
i need lessons need lessons to lessons to learn to learn how learn how to how to start to start conversations start conversations with conversations with people with people and people and keep and keep chatting keep chatting with chatting with them with them unhappy,negative
does a virat a virat kohli,neutral
watch your words your words happy,positive
im hungry unhappy,negative
thanks for the for the recent the recent follow recent follow happy follow happy to happy to connect to connect happy connect happy have happy have a have a great a great thursday. great thursday. want thursday. want it,positive
well thanks for thanks for stoping for stoping by stoping by unhappy,negative
i need cue need cue something cue something that something that would that would make would make me make me smile....i'll me smile....i'll be smile....i'll be waiting...:(,negative
give me my me my own my own ahn own ahn minhyuk ahn minhyuk juseyoooo minhyuk juseyoooo unhappy,negative
,neutral
and more. also more. also in also in epaper.,neutral
in 7 days: 7 days: what days: what calcutta's what calcutta's are calcutta's are learning,neutral
no one is one is selling is selling vhope selling vhope banners vhope banners what? banners what? sad,negative
sunnyside as well as well unhappy,negative
it's only been only been a been a few a few days few days since days since their since their promotion their promotion ended promotion ended but ended but i'm but i'm already i'm already missing already missing her missing her so her so much so much unhappy,negative
hotel fire in fire in calcutta,neutral
,neutral
rs 1 crore 1 crore and crore and rs and rs 50 rs 50 lakh 50 lakh respectiv,neutral
protein from an from an australian an australian venom australian venom may venom may help may help victims help victims recover victims recover faster.,neutral
i feel bad feel bad for bad for doing for doing that doing that ahaha that ahaha unhappy,negative
kim jong nam,neutral
i face swapped face swapped a swapped a cat a cat with cat with a with a dog a dog and dog and it's and it's really it's really upsetting really upsetting unhappy,negative
thanks for that! for that! little that! little things little things like things like that like that really that really help really help when help when sleep when sleep starts sleep starts hitting starts hitting and hitting and you and you don't you don't drink don't drink coffee drink coffee or coffee or energy or energy drinks energy drinks unhappy,negative
would really like really like it like it if it if the if the coandsole the coandsole versioands coandsole versioands and versioands and got and got the got the update the update to update to makr to makr it makr it like it like the like the steam the steam versioand. steam versioand. =(,negative
if you want you want a want a friend a friend in friend in washington,positive
join vote for vote for the for the singer! the singer! do singer! do spread do spread the spread the word. the word. :d,positive
there isnt a isnt a new a new riverdale new riverdale tonight riverdale tonight ? tonight ? unhappy,negative
finmin arun jaitley arun jaitley given jaitley given additional given additional charge additional charge of charge of defence of defence ministry defence ministry following ministry following manohar following manohar parikkar's manohar parikkar's resignation: parikkar's resignation: rashtrapati resignation: rashtrapati bhav,neutral
you still syoure still syoure ? syoure ? :d,positive
forecast for wet for wet dol wet dol (sunday) dol (sunday) and (sunday) and dry and dry (monday).,neutral
why schools in schools in calcutta in calcutta (and calcutta (and elsewhere) (and elsewhere) are elsewhere) are stunned are stunned by stunned by imposition by imposition plan.,neutral
rape-accused leader gayatri leader gayatri prajapati gayatri prajapati nabbed prajapati nabbed --after nabbed --after roaming --after roaming in roaming in delhi,neutral
at the memorial.,neutral
how had offered had offered india offered india consular india consular access consular access to,neutral
has accepted the accepted the resignation the resignation of resignation of shri of shri manohar shri manohar parrikar manohar parrikar from parrikar from the from the council the council of council of ministers of ministers with ministers with immediate,neutral
i have a have a cold a cold unhappy cold unhappy we'll unhappy we'll see we'll see how see how i how i feel i feel today!,negative
who got to got to pen to pen today pen today man today man crying,negative
but in reality in reality they're reality they're just they're just patches just patches of patches of dusty of dusty dirt dusty dirt unhappy,negative
good morning every morning every one,positive
visa 'selfie' by 'selfie' by cbse's by cbse's plans,neutral
trump signs repeal signs repeal of repeal of u.s. of u.s. broadband u.s. broadband privacy broadband privacy rules,neutral
supreme court seeks court seeks govt's seeks govt's response govt's response on response on a on a plea a plea to plea to frame to frame national frame national policy national policy to policy to promote to promote and,neutral
hey thanks for thanks for being for being top being top new top new followers new followers this followers this week! this week! much week! much appreciated much appreciated happy appreciated happy want happy want this want this ?,positive
hey thanks for thanks for being for being top being top new top new followers new followers this followers this week! this week! much week! much appreciated much appreciated happy appreciated happy want happy want this want this ?,positive
mukul kesavan on kesavan on what on what the what the attack the attack on attack on means.,neutral
what's wrong with wrong with you with you why you why don't why don't you don't you like you like animals like animals unhappy,negative
talking to my to my over my over driver over driver about driver about where about where i'm where i'm goinghe i'm goinghe said goinghe said he'd said he'd love he'd love to love to go to go to go to new to new york new york too york too but too but since but since trump since trump it's trump it's probably it's probably not,negative
yg should have should have sent have sent them sent them to them to mcd. to mcd. i mcd. i want i want to want to see to see them see them holding them holding the holding the trophy the trophy unhappy trophy unhappy anyways,negative
for trade ? trade ? happy ? happy what happy what yeah what yeah want yeah want ?,positive
,neutral
,positive
pozuelo (formerly of (formerly of swans) of swans) and swans) and suso and suso (liverpool suso (liverpool now (liverpool now ac),negative
hindi close friend? close friend? unhappy,negative
smile so true. so true. for true. for someone for someone who someone who was who was being was being recognised being recognised for recognised for her for her contribution her contribution to contribution to fashion,positive
,neutral
this is great is great to great to hear to hear joanna! hear joanna! happy joanna! happy we're happy we're so we're so pleased so pleased you've pleased you've had you've had a had a good a good experience.,positive
okay lang friend lang friend promise friend promise meant promise meant to meant to be to be broken be broken =( broken =( hahahaha,negative
supreme court may court may hear may hear key hear key cases key cases during cases during summer during summer break.,neutral
koalas are dying are dying of dying of thirst of thirst and thirst and it's and it's all it's all because all because of because of us of us unhappy,negative
,neutral
having lost kerala lost kerala bypoll,neutral
cant speak japanese speak japanese ::(,negative
this is damn.... is damn.... theres damn.... theres people theres people who people who sincerely who sincerely want sincerely want to want to attend to attend bh attend bh birthday bh birthday party birthday party but party but bcs but bcs of bcs of those of those people those people who people who try who try for try for fun for fun make fun make them make them ca,negative
the application is application is kana is kana kanji kana kanji funtime! kanji funtime! sadly,negative
700 personnel) of personnel) of paramilitary of paramilitary forces paramilitary forces in forces in haryana,neutral
in setback for setback for trump,neutral
,neutral
i miss temperance miss temperance brennan temperance brennan and brennan and seeley and seeley booth seeley booth so booth so much so much unhappy,negative
president clears for clears for pieces for pieces of pieces of supporting of supporting legislation supporting legislation related legislation related to,neutral
roc boyz sad,negative
give it a it a like a like happy like happy it's happy it's all it's all about all about choice! about choice! :d,positive
thanks for the for the recent the recent follow recent follow happy follow happy to happy to connect to connect happy connect happy have happy have a have a great a great thursday. great thursday. want thursday. want this want this ?,positive
,negative
and more. also more. also in also in epaper.,neutral
hey thanks for thanks for being for being top being top new top new followers new followers this followers this week! this week! much week! much appreciated much appreciated happy,positive
all that voters that voters in voters in these in these villages these villages want villages want is want is a is a permanent a permanent with permanent with india.,neutral
i dohn't want dohn't want toh want toh cohmment toh cohmment ohn cohmment ohn it: ohn it: amit it: amit shah amit shah oh,neutral
two militants killed militants killed in killed in encounter in encounter in encounter in that in that lasted that lasted nearly lasted nearly 12 nearly 12 hours.,neutral
we were classmates were classmates for classmates for alvarez for alvarez but alvarez but i but i don't i don't really don't really see really see you see you around you around school around school anymore school anymore unhappy,negative
,neutral
,negative
always running out running out of out of space of space on space on my on my phone,positive
ram madhav tells,neutral
,negative
newly elected mlas elected mlas to mlas to meet to meet in meet in lucknow in lucknow on lucknow on mar on mar 18.,neutral
,positive
election commission on commission on plea on plea seeking plea seeking scrapping seeking scrapping of scrapping of and of and other and other benefits other benefits given benefits given to,neutral
why stem is stem is important,neutral
,negative
fear and outrage and outrage among outrage among students among students from students from in from in delhi,neutral
,neutral
nothing could be could be better be better happy,positive
koalas are dying are dying of dying of thirst of thirst and thirst and it's and it's all it's all because all because of because of us of us unhappy,negative
supreme court shoots court shoots down shoots down govt down govt bid govt bid to bid to put to put sports put sports ministry sports ministry bureaucrat ministry bureaucrat in bureaucrat in panel in panel to panel to run,neutral
,positive
thanks for the for the recent the recent follow recent follow happy follow happy to happy to connect to connect happy connect happy have happy have a have a great a great thursday.,positive
online shopping timmeee. shopping timmeee. anyone timmeee. anyone got anyone got good got good site good site suggestions? site suggestions? happy,positive
i face swapped face swapped a swapped a cat a cat with cat with a with a dog a dog and dog and it's and it's really it's really upsetting really upsetting unhappy,negative
indian techie shot techie shot in shot in us,neutral
kanwal sibal on sibal on why on why could why could be could be a be a victim a victim of victim of disruptive of disruptive thinking.,neutral
india's growth rate growth rate at rate at constant at constant market constant market prices market prices for prices for 2016-17 for 2016-17 seen 2016-17 seen at seen at 7.1%,neutral
kind of like of like my like my layout my layout happy,positive
to retain tv retain tv innings.,neutral
this is damn.... is damn.... theres damn.... theres people theres people who people who sincerely who sincerely want sincerely want to want to attend to attend bh attend bh birthday bh birthday party birthday party but party but bcs but bcs of bcs of those of those people those people who people who try who try for try for fun for fun make fun make them make them ca,negative
full expected in expected in a in a month a month or month or two: or two: arvind two: arvind subramanian.,neutral
if i get i get 900 get 900 retweets 900 retweets and retweets and 900 and 900 likes. 900 likes. help likes. help me help me :(un,negative
happy 420 happy 420 happy pass happy pass it pass it to it to your to your followers!,positive
miss the rain the rain unhappy,negative
i want harry's want harry's phonecase harry's phonecase sad,negative
legal eagles back eagles back call back call for call for probing for probing suicide probing suicide note.,neutral
i don't know don't know where know where i where i was i was at was at this at this time this time but time but i but i have i have retweeted have retweeted now retweeted now and now and i've and i've been i've been waiting been waiting the waiting the dm the dm for dm for a for a long a long time long time unhappy,negative
summer's not in not in our in our school's our school's vocabulary school's vocabulary unhappy vocabulary unhappy we unhappy we need we need air. need air. please air. please tell,negative
,negative
road to economy,neutral
india's jan 2017 jan 2017 rise 2017 rise 4.32% rise 4.32% to 4.32% to $22.11bn to $22.11bn -- $22.11bn -- but -- but imports but imports up imports up 10.70%,neutral
estranged half-brother of half-brother of leader of leader kim leader kim jong kim jong un,neutral
although i'll be i'll be a be a little a little late little late sad,negative
,neutral
,neutral
but water pact water pact remains pact remains elusive remains elusive for elusive for india,neutral
shouldn't keep kenyans keep kenyans complaining kenyans complaining on,negative
panic and deaths. and deaths. at deaths. at india's at india's top india's top hospital.,neutral
in case you case you missed you missed it,positive
have you voted you voted for voted for the for the wolf's the wolf's bite wolf's bite on bite on greenlight on greenlight yet? greenlight yet? happy yet? happy help happy help us help us get us get wolfie get wolfie pigs wolfie pigs on pigs on steam!,positive
,neutral
becoz if we if we will we will depend will depend on depend on your on your promoting your promoting its promoting its waste its waste of waste of hardwork of hardwork to hardwork to all to all team all team who,negative
l uttar pradesh uttar pradesh (leads/trends) pradesh (leads/trends) 373/403 (leads/trends) 373/403 264 373/403 264 70 264 70 27 70 27 others 27 others 12,neutral
country's first conviction: first conviction: minister conviction: minister sentenced minister sentenced to sentenced to 7 to 7 years 7 years rigorous years rigorous imprisonment.,neutral
excuse me i me i don%27t i don%27t see don%27t see my see my nama my nama unhappy,negative
definitely my arms my arms unhappy,negative
a riot refugee's riot refugee's resolve refugee's resolve and resolve and more. and more. also more. also in also in epaper.,neutral
people don't want don't want handouts,neutral
,neutral
the bank job,positive
wish i had i had someone had someone to someone to cuddle to cuddle me cuddle me right me right now right now unhappy,negative
high court grants court grants stay grants stay on stay on criminal on criminal proceedings criminal proceedings against proceedings against minister against minister in minister in case in case filed case filed by filed by mla by mla mohua mla mohua moitra.,neutral
bsf dismisses constable dismisses constable tej constable tej bahadur tej bahadur yadav bahadur yadav from yadav from service from service after service after a after a court a court of court of inquiry. of inquiry. bad inquiry. bad quality bad quality food quality food allegations food allegations were allegations were base,neutral
fuck get me get me followers me followers unhappy followers unhappy my unhappy my ratio my ratio is ratio is amazing,negative
and more. also more. also in also in epaper.,neutral
it's only been only been 3 been 3 days 3 days and days and to and to nights to nights since nights since mama since mama went mama went back went back to back to the to the province the province but province but i but i already i already miss already miss her miss her unhappy,negative
hellooo happy ross happy ross chaplin ross chaplin (masoncooper4),positive
jp yadav on yadav on rebranding on rebranding of,neutral
you too man too man happy,positive
sukanta chaudhuri on chaudhuri on and on and what and what it what it means it means for means for indian,neutral
union will include will include railway include railway budget. railway budget. today,neutral
in govt sets govt sets menu sets menu item menu item limit item limit on limit on wedding,neutral
[bot] i'm not i'm not perfect not perfect happy,positive
i'll like her like her happy,positive
i had that had that down that down south down south and south and had and had no had no issues,positive
why india is india is trying is trying to trying to seal to seal with,neutral
in memoriam of memoriam of alea of alea starbridge alea starbridge unhappy starbridge unhappy your unhappy your beautiful your beautiful voice beautiful voice will voice will never will never be never be forgotten.,negative
writes to tn to tn assembly tn assembly secretary assembly secretary for secretary for no-confidence for no-confidence motion no-confidence motion against motion against speaker against speaker dhanapal.,neutral
and winning giveaways winning giveaways etc giveaways etc unhappy,negative
,negative
growth rate of rate of the of the industrial the industrial sector industrial sector estimated sector estimated to estimated to moderate to moderate to moderate to 5.2% to 5.2% in 5.2% in 2016-17 in 2016-17 from 2016-17 from 7.4% from 7.4% in 7.4% in 2015-16:,neutral
mood is against is against communalism,neutral
has the numbers,neutral
goodmorning!! my parents my parents are parents are taking are taking kids taking kids for kids for lunch for lunch today- lunch today- they today- they are they are off are off school-report off school-report card! school-report card! i'm card! i'm wor,negative
centre allows to allows to prosecute to prosecute former prosecute former principal former principal secretary principal secretary of secretary of delhi of delhi chief delhi chief minister chief minister arvind minister arvind kejriwal,neutral
i got th got th will th will add will add sim add sim ant sim ant as ant as a as a possible a possible thanks possible thanks happy,positive
keep smiling happy,positive
,positive
polling underway in underway in 69 in 69 assembly 69 assembly seats assembly seats spread seats spread across spread across 12 across 12 districts 12 districts in districts in phase-iii in phase-iii of,neutral
.a scan for scan for your for your tumblr your tumblr happy,positive
mukul kesavan on kesavan on who on who ought who ought to ought to (and to (and not (and not who not who will) who will) win will) win in,neutral
dm us happy us happy s,positive
note crunch and crunch and glass-bangles,neutral
british police probing police probing background probing background of background of terrorist.,neutral
minah starts crying starts crying because crying because of because of the of the fans the fans and fans and yura and yura hyeri yura hyeri make hyeri make her make her laugh her laugh to laugh to cheer to cheer her cheer her up.. her up.. i up.. i can't i can't crying can't crying with crying with joy,positive
unhappy feeling bored,negative
agreed! i feel i feel like feel like i've like i've skipped i've skipped too skipped too many too many css/design many css/design fundamentals. css/design fundamentals. i'm fundamentals. i'm spending i'm spending the spending the next the next couple next couple of,positive
,negative
how notes are notes are entering are entering system entering system via system via calcutta via calcutta business calcutta business district.,neutral
the today doubles today doubles annual doubles annual contracts annual contracts of contracts of india of india cricketers india cricketers to cricketers to rs to rs to rs to crore,neutral
what powers drive powers drive to drive to become to become chief become chief minister.,neutral
i miss them miss them already them already unhappy,negative
thanks for the for the recent the recent follow recent follow happy follow happy to happy to connect to connect happy connect happy have happy have a have a great a great thursday.,positive
to be sworn be sworn in sworn in as in as deputy as deputy cms,neutral
i was telling was telling you telling you to you to read to read a read a book a book today. book today. knowledge today. knowledge is knowledge is power. is power. knowledge power. knowledge is knowledge is growth. is growth. kee,positive
i love laying love laying in laying in a in a meadow a meadow of meadow of flowers of flowers listening flowers listening to listening to mellow's to mellow's music mellow's music ...a music ...a great ...a great way great way to way to relax to relax smile,positive
can't believe he believe he will he will be will be year be year for year for next for next year next year unhappy year unhappy we're unhappy we're becoming we're becoming old becoming old hahahah old hahahah :v,negative
mukul kesavan on kesavan on the on the state the state of state of the of the fourth the fourth estate.,neutral
modi takes plunge,neutral
india to tap to tap for,neutral
and more. also more. also in also in epaper.,neutral
,negative
yeesh unhappy it's unhappy it's fairly it's fairly warm fairly warm here.,negative
,positive
seokjinie went to went to everland to everland today~ everland today~ i today~ i guess i guess he guess he forgot he forgot that forgot that he's that he's an he's an idol,positive
that's insane! good insane! good luck good luck for luck for that! for that! i that! i took i took it took it off it off yesterday off yesterday afternoon. yesterday afternoon. :d,positive
slight buzy kasi buzy kasi besh kasi besh unhappy,negative
louis_tomlinson follow me follow me please? me please? unhappy,negative
i understand....i do understand....i do silly do silly shit silly shit like shit like that like that to that to make to make my make my friends my friends smile friends smile happy,positive
drugs during despite,neutral
celebrate hitler's birthday! hitler's birthday! =d,positive
much appreciated happy,positive
don't miss you miss you anymore you anymore unhappy,negative
thanks for the for the recent the recent follow. recent follow. much follow. much appreciated much appreciated happy,positive
thanks for the for the recent the recent follow recent follow happy follow happy to happy to connect to connect happy connect happy have happy have a have a great a great thursday. great thursday. get thursday. get free?,positive
attack on westminster,neutral
happy bday midawgdarnizlle bday midawgdarnizlle i midawgdarnizlle i love i love you love you a you a long a long time long time happy time happy thanks happy thanks for thanks for being for being my being my best my best friend best friend forever friend forever and forever and attempting and attempting to attempting to travel to travel on travel on the on the road,positive
puts forth searching forth searching questions searching questions to questions to liquor to liquor baron liquor baron on baron on the on the disclosure the disclosure of disclosure of his of his assets his assets to assets to the to the court.,neutral
amit roy on roy on the on the clash the clash between clash between and,neutral
die evil raven! evil raven! :d,positive
assam lawmaker wants lawmaker wants national wants national body national body to body to save to save the,neutral
over 20 million 20 million voters.,neutral
i want to want to quit to quit fighting quit fighting any fighting any type any type of type of election: of election: irom election: irom sharmila irom sharmila after sharmila after losing after losing her losing her maiden her maiden election maiden election in election in (ani),neutral
all ready for ready for its for its poster its poster - poster - when - when my when my computer my computer gets,negative
supreme court quashes court quashes criminal quashes criminal complaint criminal complaint against complaint against cricketer against cricketer for cricketer for allegedly for allegedly depicting allegedly depicting himself depicting himself as himself as on as on magazine on magazine cover.,neutral
why do people do people on people on the on the internet the internet have internet have to have to be to be such be such asses such asses annoyance asses annoyance here's annoyance here's some here's some positivity some positivity for positivity for you. for you. i you. i love i love your love your art!!! your art!!! :d art!!! :d it's :d it's so it's so pretty!!,positive
sunday holiday for holiday for recruits,neutral
we've 80 so 80 so far so far in far in our in our collection our collection of collection of 150+! of 150+! happy 150+! happy new happy new gin new gin menu gin menu coming menu coming soon coming soon as soon as well!,positive
scout photobombed my photobombed my bluebells my bluebells photo bluebells photo sad,negative
shades of in of in law in law change,neutral
i miss my miss my baby my baby unhappy,negative
muslim body lays body lays down lays down code down code of code of conduct of conduct during conduct during divorce,neutral
and more. also more. also in also in epaper.,neutral
,positive
back to coconut to coconut hair coconut hair unhappy,negative
swanmen setting up! setting up! pablo up! pablo is pablo is waiting is waiting for waiting for more for more news more news to news to happen to happen happy,positive
how is pushing is pushing his pushing his team his team to team to use to use twitter use twitter as twitter as a as a tool.,neutral
im done trying done trying to trying to take to take men take men seriously men seriously happy,positive
thanks for being for being high being high value high value member value member this member this week,positive
good luck! you luck! you have you have my have my vote my vote smile,positive
8 killed in killed in election in election violence,neutral
a chub bun chub bun because bun because its because its easter! its easter! happy easter! happy easter! happy easter! his easter! his name his name is name is almond! is almond! :d,positive
,negative
auditors at helm,neutral
,neutral
no change in change in word in word limit word limit in limit in rti in rti queries; rti queries; no queries; no application no application will application will be will be rejected be rejected only rejected only on only on the on the ground the ground of ground of containing of containing more containing more than more than 500,neutral
gets the crowds.,neutral
,positive
whatever india offers india offers the offers the biggest the biggest issue biggest issue is,neutral
i'm so glad so glad i glad i don't i don't care don't care what care what people what people think people think anymore think anymore but anymore but i but i wish i wish i wish i still i still looked still looked my looked my best my best everyday best everyday like everyday like i like i used i used too used too sad too sad i sad i just i just pick,negative
if you are you are reading are reading this reading this i this i hope i hope something hope something great something great happens great happens smile,positive
you nailed it!!!!! nailed it!!!!! brought it!!!!! brought tears brought tears to tears to my to my eyes,positive
inhe sikhaiye!!! msy sikhaiye!!! msy requests msy requests to requests to teach to teach ropes teach ropes of ropes of politics..,neutral
ruchir joshi on joshi on how on how calcutta's how calcutta's is calcutta's is being is being destroyed being destroyed as destroyed as vandals as vandals decide vandals decide the decide the future.,neutral
her back unhappy,negative
you've got the got the message the message happy,positive
soon i'll make i'll make arts make arts happy,positive
wow awesome gog! awesome gog! thanks gog! thanks happy,positive
and more. also more. also in also in epaper.,neutral
soldier trekked through trekked through snow through snow to snow to take to take his take his mother's his mother's body mother's body home.,neutral
sudden blaze destroys blaze destroys bungalow.,neutral
up female cops female cops take cops take selfies take selfies while selfies while guarding while guarding acid guarding acid attack acid attack victim attack victim in victim in hospital,neutral
wants to say to say hi say hi to hi to you.,negative
those chibis though!!' chibis though!!' :d,positive
ugc proposes 20% proposes 20% pay 20% pay hike pay hike for hike for college for college teachers.,neutral
the how and how and why and why of why of (or,neutral
and more. also more. also in also in epaper.,neutral
i think that's think that's going that's going to going to be to be true,negative
some summer salad summer salad inspiration salad inspiration for inspiration for the for the bbq the bbq smile,positive
focus on msme,neutral
i miss you miss you too you too unhappy,negative
haha! i would i would love would love to love to work to work for work for a for a train a train company train company :d company :d be :d be a be a great a great dream great dream come dream come true!,positive
centre overrides bengal,neutral
thanks for the for the recent the recent follow recent follow happy follow happy to happy to connect to connect happy connect happy have happy have a have a great a great thursday. great thursday. get thursday. get this,positive
laws cannot replace cannot replace the replace the trust the trust and trust and compassion and compassion between compassion between and,neutral
i love you love you have you have fun have fun with fun with your with your friends,negative
after 65 years,neutral
only on vehicles: on vehicles: gadkari.,neutral
that fall was fall was a was a mess a mess unhappy,negative
i hope this hope this little this little beaand little beaand is beaand is andot is andot overworkiandg andot overworkiandg himself overworkiandg himself and himself and gettiandg and gettiandg at gettiandg at least at least some least some rest some rest unhappy,negative
r.i.p cellphone unhappy,negative
these nosebleeds are nosebleeds are getting are getting outta getting outta hands outta hands unhappy,negative
an old street old street directory street directory of directory of had of had astounding had astounding detailing.,neutral
not really an really an amount an amount just amount just loads just loads of loads of sections of sections unhappy sections unhappy i'll unhappy i'll ride i'll ride up ride up to up to to to to netherton to netherton now netherton now meet now meet me meet me at me at darby at darby end darby end ?,negative
mla sits on sits on speak's on speak's chair speak's chair in chair in angst,neutral
gorbachev done w/o done w/o fear. w/o fear. thought fear. thought bold thought bold enough bold enough to enough to implement to implement his implement his vision his vision on vision on damp on damp squib damp squib unhappy,negative
thanks for the for the recent the recent follow recent follow happy follow happy to happy to connect to connect happy connect happy have happy have a have a great a great thursday. great thursday. get thursday. get this,positive
for being top being top high top high value high value members value members this members this week this week happy,positive
thanks for the for the recent the recent follow recent follow happy follow happy to happy to connect to connect happy connect happy have happy have a have a great a great thursday.,positive
i've been trying been trying to trying to bank to bank sleep bank sleep all sleep all week all week happy week happy i happy i doubt i doubt i'll doubt i'll be i'll be able be able to able to sleep to sleep friday sleep friday or friday or saturday or saturday night,positive
and mixing folklore mixing folklore with folklore with history.,neutral
good morning every morning every one,positive
the may be may be changing be changing its changing its attitude its attitude to attitude to coalition to coalition partners,neutral
hey thanks for thanks for being for being top being top new top new followers new followers this followers this week! this week! much week! much appreciated much appreciated happy,positive
i really appreciate really appreciate it. appreciate it. hope it. hope you hope you have you have a have a brilliant a brilliant day brilliant day happy,positive
exclusive jnu fir jnu fir marks fir marks aisa marks aisa leadership,neutral
man seen tied seen tied to tied to army to army jeep army jeep in jeep in video in video from video from jk from jk identified,neutral
how shattered firozabad's shattered firozabad's industry.,neutral
congratulations to both to both of both of you. of you. happy,positive
call duration: before duration: before sex: before sex: 01:47:36 sex: 01:47:36 after 01:47:36 after sex: after sex: 00:00:19 sex: 00:00:19 crying,negative
worship me and me and spoil and spoil me spoil me happy,positive
i'm happy happy,positive
streaming later in later in the in the day the day (night day (night stream) (night stream) since stream) since i since i have i have to have to go to go and go and take and take care take care of care of the of the internet the internet contract,negative
talking to my to my over my over driver over driver about driver about where about where i'm where i'm goinghe i'm goinghe said goinghe said he'd said he'd love he'd love to love to go to go to go to new to new york new york too york too but too but since but since trump since trump it's trump it's probably it's probably not,negative
,positive
definitely my arms my arms unhappy,negative
,neutral
after surprise resignation surprise resignation by resignation by boss by boss manohar,neutral
hiii. . gentleman . gentleman commander gentleman commander (bryannousaurus) commander (bryannousaurus) happy,positive
supreme court caution court caution on caution on not on not for not for stealing for stealing saris,neutral
hits at advertisement.,neutral
after graveyard barb,neutral
governor vidayasagar rao vidayasagar rao to rao to meet to meet new meet new legislature new legislature party legislature party leader party leader edappadi leader edappadi k edappadi k palaniswami k palaniswami and palaniswami and others and others at others at 5.40pm.,neutral
this week marilyn week marilyn pops marilyn pops by pops by and by and get's and get's down get's down and down and dirty and dirty happy dirty happy cum happy cum see!,positive
govt appoints directors appoints directors of directors of ten of ten indian ten indian institutes indian institutes of institutes of management.,neutral
,neutral
ready now! one now! one 9 one 9 week 9 week old week old chocolate old chocolate female chocolate female puppy female puppy from puppy from harlowe from harlowe x harlowe x sterling! x sterling! happy sterling! happy this happy this girl this girl is girl is a is a sweetheart a sweetheart and sweetheart and has and has a...,positive
thanks for being for being top being top engaged top engaged community engaged community members community members this members this week this week happy week happy want happy want this?,positive
thanks for being for being top being top influencers top influencers in influencers in my in my community my community last community last week last week happy,positive
bengal drafts bill drafts bill to bill to check to check bills.,neutral
enforcement directorate chief directorate chief karnal chief karnal singh karnal singh gets singh gets a gets a fixed a fixed tenure fixed tenure of tenure of to of to years.,neutral
you too. smile,positive
a troubled life troubled life ends life ends and ends and more. and more. also more. also in also in epaper.,neutral
can you guys you guys make guys make the make the japanese the japanese greninja's japanese greninja's and greninja's and waveguider and waveguider come waveguider come as come as well? as well? happy,positive
come to miami to miami sad,negative
and he's still he's still taking still taking over taking over a over a quarter a quarter of quarter of the of the billboard the billboard charts billboard charts while charts while x while x is,negative
you guys are guys are entertaining are entertaining and entertaining and insightful... and insightful... and insightful... and one and one of one of the of the reasons the reasons i reasons i have i have been have been really been really enjoying really enjoying lpl enjoying lpl a lpl a lot a lot more lot more this more this season this season :d,positive
,neutral
me too sweetie too sweetie i sweetie i know i know how know how you how you feel you feel unhappy,negative
aww eunji didnt eunji didnt see didnt see win see win today win today sad today sad but sad but congratulations but congratulations to congratulations to winner to winner !!!!,negative
ummm announced a announced a new a new show new show in show in buffalo! in buffalo! he buffalo! he should he should ask should ask to ask to be to be an be an opener! an opener! happy,positive
this is why is why i why i made i made the made the video the video about video about improving about improving your improving your line your line work line work on work on youtube,positive
don't rt to rt to save to save a save a guy's a guy's life,negative
standoff with left with left as left as abvp as abvp blocks abvp blocks entrance blocks entrance of entrance of maurice of maurice nagar maurice nagar ps. nagar ps. stones ps. stones eggs stones eggs shoes eggs shoes thrown shoes thrown from thrown from ps from ps side. ps side. many side. many hurt,neutral
if the below the below tweet below tweet hits tweet hits 1000 hits 1000 is 1000 is getting is getting rian getting rian holding rian holding the holding the sticker the sticker too!!! sticker too!!! click too!!! click the click the below the below tweet below tweet sm,positive
charge to experience to experience muna experience muna happy,positive
do you even you even care even care at care at all at all unhappy,negative
these are things are things that things that will that will get will get cheaper get cheaper costlier cheaper costlier for costlier for you for you from you from april from april 1,neutral
how to win to win friends win friends and friends and influence and influence people. influence people. with people. with cows.,neutral
,positive
helloo :d best :d best damn best damn avocado damn avocado (batsyy_),positive
give a little a little for little for her for her happy,positive
pill for schools,neutral
i'll give it give it a it a try a try happy,positive
,neutral
thanks for the for the recent the recent follow recent follow happy follow happy to happy to connect to connect happy connect happy have happy have a have a great a great thursday. great thursday. want thursday. want this,positive
citizens petition govt petition govt to govt to make to make nursing make nursing homes nursing homes come homes come clean come clean on,neutral
papa bird? i bird? i hope i hope year hope year oldu year oldu don't oldu don't mind? don't mind? because mind? because i because i want i want to want to stay to stay with stay with year with year old,positive
dragon more! omg more! omg :d,positive
mutual: let's talk let's talk more!me: talk more!me: for more!me: for sure!mutual: for sure!mutual: happy sure!mutual: happy me:,positive
definitely wasn't what wasn't what i what i was i was looking was looking for looking for :/ for :/ but :/ but gave but gave it gave it a it a try a try anyway try anyway happy,positive
,neutral
ahead of elections,neutral
trouble with google with google play google play and play and more. and more. in,neutral
hiii. . reece . reece (reeceboast) reece (reeceboast) happy,positive
i don't want don't want to want to adult to adult today.. adult today.. it's today.. it's my it's my birthday my birthday unhappy,negative
this song will song will always will always be always be one be one of one of my of my faves my faves unhappy,negative
justice faces supreme faces supreme court,neutral
i see a see a new a new highlights new highlights of highlights of pm of pm speech pm speech at speech at bjp at bjp hq,neutral
,positive
riddle over 'formerly' over 'formerly' tag 'formerly' tag on tag on collection.,neutral
toshiba approves chapter approves chapter 11 chapter 11 filing 11 filing for filing for nuclear for nuclear unit nuclear unit westinghouse: unit westinghouse: nikkei,neutral
,neutral
follow him happy,positive
private put expansion put expansion on expansion on hold.,neutral
having pulled up pulled up for up for negligence for negligence bengal negligence bengal cm bengal cm orders cm orders party orders party not party not to not to meddle.,neutral
rt for 50 for 50 ffs-rt 50 ffs-rt pinned ffs-rt pinned tweet!!-be pinned tweet!!-be patient tweet!!-be patient -legiiiiiiit-no patient -legiiiiiiit-no saved -legiiiiiiit-no saved accounts saved accounts happy,positive
,positive
,neutral
on the way,negative
,negative
another 'go-back' shooting 'go-back' shooting in shooting in us,neutral
hi :d retweet :d retweet for retweet for a for a follow!!!,positive
cash rewards likely rewards likely for likely for doctors for doctors following doctors following correct following correct protocol.,neutral
bsp's is keeping is keeping her keeping her rivals her rivals edgy.,neutral
,neutral
the people of people of are of are going are going back going back to back to a to a economy,neutral
order what ever what ever you ever you want you want to want to eat to eat through eat through our through our website.may our website.may you website.may you all you all have all have a have a great a great day great day happy,positive
your body hears body hears everything hears everything your everything your mind your mind says. mind says. be says. be kind,positive
happy weed day weed day without day without them without them is them is not is not the not the same the same anymore same anymore unhappy,negative
talking to my to my over my over driver over driver about driver about where about where i'm where i'm goinghe i'm goinghe said goinghe said he'd said he'd love he'd love to love to go to go to go to new to new york new york too york too but too but since but since trump since trump it's trump it's probably it's probably not,negative
what a great a great thing great thing to thing to be to be sad be sad about sad about unhappy,negative
top to make to make you make you pay you pay for pay for cash for cash transactions cash transactions at transactions at branches.,neutral
in 7days: cricket's 7days: cricket's commoner cricket's commoner prince,neutral
can i only i only pick only pick one pick one unhappy,negative
a governor's letter governor's letter is letter is leaked,neutral
,positive
says manini chatterjee.,neutral
says prasun chaudhuri.,neutral
,positive
i've tried resetting tried resetting everything,negative
i bet the bet the media's the media's one-sided media's one-sided view one-sided view of view of tim of tim tams tim tams surprisingly tams surprisingly was surprisingly was the was the alt-right the alt-right roar alt-right roar extreme roar extreme droll extreme droll fad droll fad unhappy,negative
very sad unhappy,negative
govt ducks call ducks call for call for vote for vote verifiers,neutral
koalas are dying are dying of dying of thirst of thirst and thirst and it's and it's all it's all because all because of because of us of us unhappy,negative
+i have no have no choice no choice but choice but to but to cancel to cancel it. cancel it. unhappy,negative
modi govt to govt to consult to consult on consult on before on before talking before talking to,neutral
enough! says supreme says supreme court supreme court and court and ends and ends 38yr ends 38yr legal 38yr legal battle legal battle over battle over project.,neutral
being framed by framed by politicians,neutral
you mean your mean your voice your voice changed? voice changed? unhappy,negative
8 core sectors core sectors slow sectors slow down slow down to down to 1% to 1% in 1% in feb in feb 2017 feb 2017 against 2017 against 9.4% against 9.4% in 9.4% in feb in feb 2016.,neutral
thanks for the for the recent the recent follow recent follow happy follow happy to happy to connect to connect happy connect happy have happy have a have a great a great thursday.,positive
carcasses found at found at home at home of home of govt of govt doctor govt doctor into doctor into drugs.,neutral
,negative
how people write people write a write a joke a joke on joke on religion on religion online.*joke**just religion online.*joke**just joking online.*joke**just joking guys,positive
envoys worry over worry over india over india and india and taxing and taxing sanitary taxing sanitary napkins,neutral
class hall missions hall missions and missions and heroic and heroic dungeons heroic dungeons surprised dungeons surprised :d,positive
abha narain lambah narain lambah on lambah on her on her mission her mission to mission to restore to restore capitol restore capitol complex capitol complex in,neutral
i think i've think i've finally i've finally figured finally figured out figured out the out the tattoo the tattoo i'm tattoo i'm getting i'm getting in getting in august in august :d,positive
you deserve better deserve better . better . hope . hope you'll hope you'll be you'll be okay be okay unhappy,negative
good morning every morning every one,positive
is running out running out of out of patience,neutral
dargah trust volunteers trust volunteers in volunteers in sc in sc to sc to clear to clear in clear in 908sq in 908sq metre.,neutral
left few months few months in months in hinhua in hinhua ler hinhua ler unhappy ler unhappy i unhappy i need i need to need to gambateh to gambateh wink,negative
says sp leader sp leader shivpal leader shivpal yadav,neutral
l congratulate people congratulate people of people of up,neutral
calcutta hc sends hc sends case sends case to case to cbi.,neutral
why can't dogs can't dogs just dogs just live just live forever live forever unhappy,negative
which is good is good for good for him for him happy,positive
punishment time for time for jb's for jb's team! jb's team! unhappy,negative
slayin_bodies going live...please going live...please tune live...please tune in...thank tune in...thank you in...thank you happy,positive
bjp captures in captures in record in record show.,neutral
hey everyone me everyone me and me and harry and harry have harry have just have just had just had pancakes had pancakes and pancakes and maple and maple syrup maple syrup for syrup for breakfast for breakfast . breakfast . great . great way great way to way to start to start the start the day the day happy day happy miss happy miss you miss you a,positive
says of her of her bid her bid to bid to enter,neutral
retweet if you if you are you are with are with us? with us? kaway us? kaway kaway kaway kaway family kaway family :)mclisse family :)mclisse starmusicifwefallinlove,positive
,neutral
rt for 13 for 13 ffs-it's 13 ffs-it's not ffs-it's not much not much but much but they're but they're free-legit-free they're free-legit-free but free-legit-free but follow but follow me follow me first me first to first to get to get them get them quicker-be them quicker-be patient quicker-be patient i patient i will i will g,positive
please follow me follow me . me . i . i have i have been have been trying been trying to trying to get to get your get your follow your follow for follow for a for a long a long time long time unhappy time unhappy .,negative
huge haul of haul of milk-boosting of milk-boosting hormone milk-boosting hormone in hormone in calcutta.,neutral
and they'll brush they'll brush it brush it off it off lng off lng telling lng telling others telling others not others not applicable not applicable not applicable not applicableg-iinot not applicableg-iinot applicablerte applicableg-iinot applicablerte lng applicablerte lng sila lng sila and sila and that and that other that other had other had it had it worse it worse than worse than them. than them. unhappy,negative
i guess it's guess it's a it's a good a good thing good thing then thing then to then to bring to bring it bring it right it right to right to the to the foreground the foreground and foreground and put and put it put it right it right in right in their in their face,positive
some people you people you intensionly you intensionly they intensionly they don%27t they don%27t even don%27t even they even they please they please someone please someone unhappy,negative
fixing iphone storage iphone storage issues storage issues and issues and more. and more. in,neutral
this is just is just super just super can't super can't wait can't wait happy,positive
,positive
get all the all the latest the latest fastest latest fastest updates fastest updates on updates on throughout on throughout the throughout the day the day here:,neutral
she also makes also makes some makes some of some of the of the most the most beautiful most beautiful art beautiful art (my art (my biggest (my biggest inspo) biggest inspo) all inspo) all for all for sale for sale if sale if anyone if anyone is anyone is interested is interested happy,positive
india using to using to tackle to tackle insurgents.,neutral
yes it would it would have would have if have if it if it hadn't it hadn't been hadn't been for been for those for those meddling those meddling clouds meddling clouds smile,positive
sixth spot not spot not applicable not applicable team! applicable team! higher team! higher pa! higher pa! :)kisses pa! :)kisses thefashionicon,positive
helloo :d mr :d mr drippy mr drippy (callmeergan),positive
reservoirs to financial to financial deal,neutral
i want a want a spoons a spoons but spoons but i but i cant i cant go cant go unhappy go unhappy honestly unhappy honestly feels honestly feels like feels like a like a messy a messy break messy break up break up unhappy,negative
play your part your part in part in raising in raising funds raising funds for funds for :,positive
got this interview this interview poppin interview poppin happy poppin happy $$$$$,positive
gets majority in majority in 117-member in 117-member wins 117-member wins 59 wins 59 seats,neutral
instant message still message still hoping still hoping unhappy,negative
i really enjoyed really enjoyed horrizion enjoyed horrizion zero horrizion zero dawn zero dawn but dawn but no but no idea no idea what idea what to what to play to play next play next unhappy,negative
i love him love him so him so much so much i much i want i want to want to kindly to kindly stroke kindly stroke his stroke his penis his penis :d,positive
we lost: at lost: at jacksonville,negative
happy many days,positive
i only just only just absorbed just absorbed that absorbed that i'm that i'm not i'm not going not going to going to get to get to get to laugh to laugh when laugh when he when he gets he gets 2000 gets 2000 votes. 2000 votes. unhappy,negative
sorry for no for no stream no stream yesterday,negative
definitely my arms my arms unhappy,negative
i wish but wish but i but i can't i can't sad,negative
when gave this gave this mp this mp a mp a bus a bus all bus all to all to himself to himself to himself to board to board flight...as board flight...as 'goodwill',neutral
india may make may make it make it illegal it illegal for illegal for social for social messaging social messaging platforms messaging platforms to platforms to share to share personal share personal data.,neutral
miss you unhappy,negative
love you too you too p!,positive
palani in court in court rules court rules on rules on and on and more. and more. also more. also in also in epaper.,neutral
i want to want to kiss to kiss his kiss his nose his nose and nose and tell and tell him tell him i him i love i love him love him sad,negative
growth of 8 of 8 core 8 core sector core sector slows sector slows to slows to 3.4 to 3.4 pc 3.4 pc in pc in january in january compared january compared to compared to 5.7 to 5.7 pc 5.7 pc in pc in the in the year-ago the year-ago month.,neutral
my puppies deserves puppies deserves all deserves all better all better unhappy,negative
bjp leaders in leaders in the in the dock,neutral
playmfs: need moodbooster need moodbooster juseyo moodbooster juseyo unhappy juseyo unhappy jily_jelly,negative
one of our of our fleet our fleet is fleet is solely is solely seeharged solely seeharged by seeharged by domestisee by domestisee hydro domestisee hydro toro hydro toro see,positive
aw goodnight angel! goodnight angel! i angel! i love i love you love you lots you lots and lots and i and i hope i hope you're hope you're going you're going to going to have to have the have the best the best tiame best tiame and tiame and a and a lot a lot of lot of fun!! of fun!! wonho's fun!! wonho's already wonho's already am,negative
i wish i wish i could i could sleep could sleep early sleep early unhappy,negative
beetle done and done and joins and joins wall-e,positive
for matthew hayden,neutral
breather for highway for highway booze,neutral
ah baba no baba no idea no idea tori idea tori olorun. tori olorun. may olorun. may i may i never i never be never be a be a victim a victim of victim of such of such case,negative
great to see to see you see you buddy you buddy nicest buddy nicest dude nicest dude in dude in the in the world. the world. keep world. keep killing keep killing it killing it brother it brother happy,positive
hello i hope i hope you hope you visit you visit luxor visit luxor its luxor its amazing its amazing city amazing city in city in egypt in egypt pleas egypt pleas check,positive
after sc ban,neutral
,neutral
3 3 3 3 3 please 3 please unhappy,negative
but the same the same look same look at look at epaper at epaper at epaper at special at special link.,neutral
asses star in star in battle,neutral
i considered asking considered asking where asking where that where that came that came from. came from. :d,positive
i second that! second that! thanks that! thanks for thanks for the for the spin. the spin. very spin. very much very much appreciated. much appreciated. happy,positive
india's action against action against charity against charity trigger charity trigger spat trigger spat with spat with administration.,neutral
give away random away random rt! random rt! for rt! for a for a chance a chance to chance to win to win a win a 10usd a 10usd itunes 10usd itunes or itunes or gp or gp gift gp gift card! gift card! winner card! winner will winner will be will be selected be selected in selected in a in a few a few minutes few minutes happy,positive
for those asking,negative
sooooo feels like feels like a like a friday a friday today friday today unhappy,negative
modi promises early promises early deal. early deal. but...,neutral
it is versus,neutral
thanks for the for the recent the recent follow recent follow happy follow happy to happy to connect to connect happy connect happy have happy have a have a great a great thursday. great thursday. want thursday. want this,positive
no some bengal some bengal traffic bengal traffic cops traffic cops do cops do the do the with the with pen with pen and pen and paper.,neutral
nearly done now! done now! thanks now! thanks everyone thanks everyone for everyone for joining for joining and joining and hope and hope to hope to see to see you see you same you same time same time next time next thursday next thursday happy,positive
thanks for the for the recent the recent follow recent follow happy follow happy to happy to connect to connect happy connect happy have happy have a have a great a great thursday.,positive
he's the best the best happy,positive
on the moon. the moon. and moon. and more. and more. also more. also in also in epaper.,neutral
bengal looks at looks at ways at ways to ways to change to change classification change classification of classification of to of to bypass to bypass order.,neutral
soumitra das listens das listens to listens to kirtans to kirtans asks kirtans asks why asks why should why should be should be set be set by set by rules.,neutral
quiz for industry,neutral
will miss it miss it but it but i'm but i'm on i'm on an on an open an open education open education seminar education seminar in seminar in palestine in palestine happy,positive
yg should have should have sent have sent them sent them to them to mcd. to mcd. i mcd. i want i want to want to see to see them see them holding them holding the holding the trophy the trophy unhappy trophy unhappy anyways,negative
it's a very a very cute very cute picture cute picture though picture though :d,positive
demands presidential rule,neutral
fuckin' headache everyday headache everyday unhappy,negative
3 arrested in arrested in connection in connection with connection with of with of men of men on men on polling on polling day polling day in day in budgam in budgam on budgam on april on april 9: april 9: police.,neutral
watch this mayward this mayward fam!,positive
and the hype the hype is hype is real is real happy,positive
crude 'architecture' is 'architecture' is taking is taking over taking over the over the world's the world's only world's only city only city with city with for with for buildings for buildings by,neutral
ouuuuu..... right in right in the in the jewels! the jewels! :d,positive
just please look please look at look at how at how scared how scared and scared and full and full of full of tence of tence lauren's tence lauren's face lauren's face is face is after is after tryin after tryin reaching tryin reaching camila's reaching camila's hand,negative
beyond bihar border,neutral
india could gain could gain from gain from a from a partnership a partnership with partnership with in with in the in the says the says kp says kp nayar.,neutral
new upcoming heroes upcoming heroes revealed! heroes revealed! wukong,positive
committee constituted by constituted by the by the ministry the ministry has ministry has recommended has recommended that recommended that city that city taxis city taxis should taxis should be should be allowed be allowed to allowed to run to run on run on app on app based app based platforms.,neutral
for every like every like ill like ill post ill post an post an answer an answer smile,positive
in 7 days: 7 days: assam days: assam vies assam vies for vies for taste for taste buds,neutral
avi for my for my man my man :)phone man :)phone made :)phone made like made like always like always wink,positive
poor baby unhappy baby unhappy i unhappy i hate i hate people,negative
due to sudden to sudden drop sudden drop in drop in visibility in visibility at visibility at blr,neutral
,neutral
kp nayar says.,neutral
[please rt] he'll rt] he'll buy he'll buy me buy me a me a blinking a blinking taehyung blinking taehyung headband,negative
naeem bokhari says... bokhari says... mian says... mian has mian has gone has gone !! gone !! are !! are so are so cute so cute nb cute nb happy nb happy but happy but ns but ns is ns is ugly is ugly evil.,positive
i know how know how you how you feel,negative
going through paces through paces of paces of decommissioing. of decommissioing. very decommissioing. very poignant very poignant moment poignant moment for moment for in/ for in/ air in/ air arm air arm - arm - to - to give to give a give a send a send off send off to off to a to a true a true war true war horse,neutral
says sl rao.,neutral
cpl swallows just swallows just gone just gone over gone over the over the house. the house. heard house. heard them heard them whilst them whilst flying whilst flying my flying my drone.. my drone.. happy,positive
review shows up shows up holes up holes in holes in india's in india's govt-funded,neutral
raje's stock-home syndrome,neutral
i can't draw can't draw naked draw naked women naked women crying,negative
i miss my miss my baby my baby unhappy,negative
crowds flock to flock to rowling-morgan to rowling-morgan clash,neutral
supreme court says court says final says final hearing final hearing of hearing of disputes of disputes case disputes case from case from july from july 11.,neutral
how come i come i didn't i didn't get didn't get a get a reminder a reminder email reminder email this email this month this month unhappy,negative
but court orders court orders further orders further probe further probe into probe into corruption into corruption charge.,neutral
please just stop just stop confining stop confining animals confining animals in animals in zoos in zoos unhappy,negative
american does not does not consider not consider himself consider himself a himself a hero.,neutral
who to bring to bring to bring to mb to mb man mb man unhappy,negative
i'll dm you dm you half you half naked half naked pictures naked pictures happy,positive
,neutral
how about me about me bes me bes jup bes jup unhappy,negative
miss petite happy petite happy thursday happy thursday happy thursday happy looking happy looking forward looking forward to forward to the to the weekend?,positive
while the unit the unit involved unit involved was involved was pti,neutral
nitish is not is not stupid.,neutral
,neutral
thanks for being for being top being top engaged top engaged community engaged community members community members this members this week this week happy week happy (want happy (want this (want this ?,positive
govt to set to set up set up panel up panel to panel to study to study service study service conditions service conditions of conditions of paramilitary of paramilitary forces.,neutral
come back callie back callie gabbie callie gabbie d gabbie d ghost d ghost unhappy ghost unhappy i unhappy i love i love you love you both,negative
and more. also more. also in also in epaper.,neutral
no i don%27t i don%27t :)),positive
- thank you thank you tons,negative
why commandos went,neutral
,neutral
supreme court rejects court rejects age rejects age plea age plea to plea to skip to skip jail.,neutral
finds indian trump,neutral
you change your change your whole your whole life whole life happy,positive
everything is a is a choice a choice happy,positive
sorry piss off piss off /3 off /3 unhappy,negative
,positive
i cant find cant find my find my striped my striped shirt striped shirt unhappy shirt unhappy so unhappy so instant so instant message instant message wearing message wearing the wearing the one the one that one that says that says what says what is what is your is your favorite your favorite thing? favorite thing? with thing? with lucas with lucas in lucas in the in the middle,negative
this guy got guy got me got me into me into exo into exo back exo back in back in 2013. in 2013. he 2013. he was he was also was also my also my very my very first very first bias first bias in bias in kpop. in kpop. to kpop. to be to be honest be honest i honest i miss i miss him miss him so him so much. so much. happy much. happy birthd,positive
joo okay happy,positive
mukul kesavan on kesavan on bcci on bcci and bcci and the and the curious the curious case curious case of case of versus of versus steve versus steve smith.,neutral
nachnis of fighting of fighting for fighting for rights for rights in rights in and in and more.,neutral
,negative
we got a got a vive a vive tracker vive tracker in tracker in the in the office the office and office and our and our intern,positive
look at this at this happy,positive
koalas are dying are dying of dying of thirst of thirst and thirst and it's and it's all it's all because all because of because of us of us unhappy,negative
opposition creates ruckus creates ruckus in ruckus in over in over trust over trust vote,neutral
fresh fir filed fir filed by filed by jnu by jnu alleging jnu alleging misbehaviour alleging misbehaviour by misbehaviour by students. by students. students students. students accused students accused of accused of assault,neutral
