tweet,sentiment
unhappy dogs dogs like like though,negative
talking driver driver goinghe goinghe said said love love go go new new york york since since trump trump probably,negative
anybody know know rand's rand's likely likely fall fall dollar? dollar? got got money money need need change change r r keeps keeps getting getting stronger stronger unhappy,negative
miss going going gigs gigs liverpool liverpool unhappy,negative
isnt new new riverdale riverdale tonight tonight ? ? unhappy,negative
a*dy guy guy pop pop asia asia translator translator probs probs go go around around aus aus unhappy,negative
who's chair chair sitting sitting in? in? find find out. out. everyone everyone knows knows now. now. shamed shamed pu,negative
like jittery jittery caffeine caffeine makes makes sad,negative
area's list list unhappy unhappy think think go go libdems libdems anyway,negative
want fun fun plans plans weekend weekend unhappy,negative
notice me. me. unhappy unhappy what?,negative
ahhhhh! recognized recognized logan!!! logan!!! cinemax cinemax shows shows bad bad track track record record getting getting cancelled cancelled unhappy,negative
errr dude.... dude.... gone gone unhappy unhappy asked asked league league memeber memeber check check guys guys go,negative
,negative
would harvey harvey going going prison? prison? unhappy,negative
missing crying crying seaside seaside area.,negative
becoz depend depend promoting promoting waste waste hardwork hardwork team,negative
thought save save crying,negative
major waffle waffle cravings cravings right right sad,negative
cant speak speak japanese japanese ::(,negative
people stuff stuff like like unhappy,negative
please stop stop confining confining animals animals zoos zoos unhappy,negative
feel like like shoyould shoyould telling telling get get fuck fuck social social media media byout byout also also feel feel really really mean mean unhappy unhappy silence silence love love yoyou yoyou hope hope yoyoure yoyoure okay,negative
miss huhu huhu busy busy unhappy,negative
extended family. family. 12 12 ppl.ahh ppl.ahh wanted wanted show show oh oh girl girl dorky dorky playing playing game game got got deleted deleted unhappy,negative
,negative
jamie please please reset reset cga cga grandfinal grandfinal server... server... administrator administrator responding responding unhappy,negative
noooooooo gonna gonna miss miss buffet buffet unhappy unhappy take take care care ain!!!!!!!!!!!!!!!!!,negative
wish could could vote vote unhappy,negative
instant message message jealous jealous okay okay unhappy unhappy never never mind mind haha haha bruno bruno wait wait finals finals first,negative
enlisting please please turn turn like like unhappy,negative
unhappy come come people people like like children children where's where's state state intervention,negative
ouchhhhh unhappy,negative
help... want want stop stop tweeting. tweeting. feel feel endless endless suffering suffering pain. pain. tried tried deactivate deactivate many many times... times... save save me... me... unhappy,negative
,negative
application kana kana kanji kanji funtime! funtime! sadly,negative
looks like like ios ios 11 11 due due kill kill unhappy,negative
yeah update update 16.04,negative
froze times. times. went went 16.10,negative
froze mid mid install. install. waited waited 3hrs 3hrs pull pull plug plug crying,negative
,negative
,negative
another atbb atbb way way ! ! wish wish srk srk sir sir starts starts signing signing good good movies movies unhappy,negative
want jabee jabee crying,negative
sociopath full full raid raid gear gear sad,negative
say hi hi sunshine sunshine ? ? unhappy,negative
feel bad bad ahaha ahaha unhappy,negative
getting harder harder harder harder stay stay unhappy,negative
face looks looks bloated bloated unhappy unhappy baby baby get get well well soon,negative
fuck. tried tried changing changing settings settings still still india. india. unhappy,negative
talking driver driver goinghe goinghe said said love love go go new new york york since since trump trump probably,negative
let's forget forget also also gabriel gabriel tenma tenma white's white's birthday birthday today!i today!i miss miss unhappy,negative
always taken taken granted granted eversince eversince unhappy,negative
ah alright,negative
don%27t know know saw saw comment comment yet,negative
camera shooting,negative
flip scr,negative
miss louis' louis' tweets tweets unhappy,negative
koalas dying dying thirst thirst us us unhappy,negative
okay shut shut now. now. instant instant message message mad mad lots lots people people flawed flawed opinion opinion mental mental health health ( ( mine) mine) show show unhappy,negative
pamura isa isa moment,negative
want explode explode like like grenade grenade point point people people die die me. me. sad,negative
yg sent sent mcd. mcd. want want see see holding holding trophy trophy unhappy unhappy anyways,negative
really want want one one iconic iconic jimin jimin stripes stripes turtleneck turtleneck shirt shirt unhappy,negative
want spoons spoons cant cant go go unhappy unhappy honestly honestly feels feels like like messy messy break break unhappy,negative
makes sad sad unhappy unhappy looked looked unhappy unhappy went went seaworld,negative
yg sent sent mcd. mcd. want want see see holding holding trophy trophy unhappy unhappy anyways,negative
miss rockys rockys posts posts unhappy,negative
hey tony,negative
oh unhappy unhappy could could please please tell tell little little issue? issue? im im following following youd youd prefer prefer dm. dm. amanda,negative
love mason mason miss miss mason mason unhappy,negative
cold mother mother crusher crusher right right now. now. nearing nearing end end april. april. sad,negative
don%27t talk talk anymore anymore like like used used unhappy,negative
yg sent sent mcd. mcd. want want see see holding holding trophy trophy unhappy unhappy anyways,negative
miss biking biking unhappy,negative
miss big big brother brother unhappy,negative
6 days days camp camp haiss haiss miss miss lot lot unhappy,negative
raining hard hard unhappy,negative
bored kandowiandg kandowiandg ando ando plaands plaands today today makiandg makiandg eveand eveand bored bored unhappy,negative
oh god god laurie laurie penny penny unhappy,negative
say hi hi mekisha? mekisha? unhappy,negative
never draw draw unhappy,negative
,negative
visual studio studio installation installation - - 89% 89% .. .. bsod bsod comes comes suddenly suddenly unhappy,negative
want make make waffles waffles unhappy,negative
sad unhappy,negative
crying muh muh feels,negative
look like like somethings somethings ignore ignore xd xd kart kart racing racing when? when? unhappy,negative
ate jenna jenna blocked blocked what? what? unhappy,negative
bed comfortable comfortable want want get get unhappy,negative
store still still use?,negative
sincerely hope hope many many priceless priceless antiques antiques destroyed. destroyed. reg,negative
astaga unhappy unhappy /?,negative
want puppy puppy unhappy,negative
work unhappy unhappy see see tomorrow!!,negative
happy weed weed day day without without anymore anymore unhappy,negative
favourite lipstick lipstick hilang hilang crying,negative
time flies,negative
can't believe believe year year next next year year unhappy unhappy becoming becoming old old hahahah hahahah :v,negative
new twitter twitter reply reply view view confused... confused... like like capitalise capitalise replies replies people people not? not? unhappy,negative
whaddup. crying,negative
unhappy every every time time laughing laughing ass,negative
who's selling selling army army bomb bomb ver ver 2??? 2??? meet meet sad,negative
yeesh unhappy unhappy fairly fairly warm warm here.,negative
easter flown flown unhappy unhappy ready ready give give home home luxuries luxuries like like branded branded cereal,negative
ohnoo unhappy unhappy unhappy unhappy hope hope recuperates recuperates sooner!!,negative
back unhappy,negative
give chance chance west west server server unhappy,negative
going yesterday yesterday unhappy,negative
agree. issue issue would would paid paid somehow. somehow. can't can't see see numbers numbers adding adding up. up. sad,negative
want drink drink cigarettes cigarettes unhappy,negative
oh mince mince unhappy,negative
,negative
nick? might might deliver deliver time time demands demands it. it. story story life life -,negative
okay accepted accepted way way unhappy,negative
people abuse abuse animals animals unhappy unhappy loyal,negative
actually crying crying typing typing tweet tweet can't can't take take anymore.. anymore.. applicablehulog applicablehulog applicable applicable knock knock unhappy,negative
imagine wins wins next next time time unhappy unhappy unhappy,negative
,negative
need cue cue something something would would make make smile....i'll smile....i'll waiting...:(,negative
yg sent sent mcd. mcd. want want see see holding holding trophy trophy unhappy unhappy anyways,negative
yg sent sent mcd. mcd. want want see see holding holding trophy trophy unhappy unhappy anyways,negative
nosebleeds getting getting outta outta hands hands unhappy,negative
perfectly happy happy single single .. .. see see happy happy couple couple :(kisses :(kisses thefashionicon,negative
dude want want sleep sleep unhappy,negative
feel fucking fucking shit shit today today unhappy,negative
wont able able stream stream tonight tonight sorry sorry guys guys unhappy,negative
face swapped swapped cat cat dog dog really really upsetting upsetting unhappy,negative
system recognize recognize spaces spaces last last names names 2nd 2nd time time unable unable check check forced forced wait wait unnecessary unnecessary lines lines unhappy,negative
still waiting waiting unhappy,negative
- thank thank tons,negative
rocks. next next question question - - astro astro unhappy unhappy ?,negative
,negative
customs argentina argentina fill fill paperwork paperwork unhappy,negative
tried fixing fixing choristers choristers dress dress hem hem came came undone undone taping taping fabric fabric tape tape put put wrong wrong even even ruined ruined unhappy,negative
small fishie fishie died died unhappy,negative
nice outside outside stuck stuck school school day day unhappy,negative
edm pleaseeeeeeeee pleaseeeeeeeee unhappy,negative
oh god god unhappy unhappy next next time time mishutuuu,negative
say hi hi julia julia ??pleasee ??pleasee crying,negative
bby unhappy unhappy emotion,negative
seriously thought thought coldplay coldplay going going band band like like depeche depeche mode mode u2,negative
kept going going unhappy,negative
poor baby baby unhappy unhappy hate hate people,negative
unhappy strong strong today today jfjfjkf,negative
need unicorn unicorn frappuccino frappuccino stat. stat. found found limited limited timee! timee! unhappy unhappy much much longer?,negative
back unhappy,negative
unhappy sorry sorry hear hear this.....,negative
won't. probably probably phil phil seen seen yet yet unhappy,negative
yuri know know unhappy unhappy second second snsd snsd missed,negative
campervan tickets tickets expensive? expensive? unhappy,negative
canberra land-locked land-locked capital. capital. unhappy,negative
much? cant cant seem seem deathmatch deathmatch unhappy,negative
.agata baby baby unhappy unhappy broke broke mail. mail. read read letter letter can't can't thank thank enough. enough. best,negative
,negative
is! haha haha wanted wanted look look like like v v unhappy,negative
unhappy look look dead,negative
puta know know sorry sorry enough enough pero pero sorry sorry padin padin unhappy,negative
,negative
want go go m's m's game game unhappy,negative
unhappy feeling feeling bored,negative
wish could could sleep sleep early early unhappy,negative
hope start start getting getting 1gb 1gb data data per per day day tonight!! tonight!! unhappy,negative
koalas dying dying thirst thirst us us unhappy,negative
want see see happy happy sad,negative
told bugger bugger hung hung up! up! waned waned access access pc. pc. phoned phoned someone someone like like gran,negative
braces hurt hurt unhappy,negative
ohh welcome welcome clxsslc clxsslc chanyeol chanyeol oppa! oppa! call call richard? richard? kalau kalau jadi jadi sayang sayang gimana? gimana? unhappy,negative
don%27t talk talk anymore anymore like like used used unhappy,negative
claaaaaaaaaaaaasse !,negative
pity! unhappy unhappy beautiful! beautiful! thank thank answer!,negative
sciatica. monumental monumental pain pain arse. arse. unhappy,negative
escalated quickly,negative
aborting mission mission nice nice day day though though x,negative
- thank thank tons,negative
rocks. next next question question - - astro astro unhappy unhappy ?,negative
back unhappy,negative
stream tonight! tonight! throat throat killing killing me. me. unhappy,negative
too...i miss miss hgvs hgvs going going past past house house though. though. nice nice looking looking building building - - initiall,negative
say unhappy,negative
summer's school's school's vocabulary vocabulary unhappy unhappy need need air. air. please please tell,negative
bae's unhappy,negative
wanna get get haircut haircut don%27t don%27t know know good good place place unhappy,negative
feels kind kind empty empty w/o w/o youngjae youngjae venue.. venue.. unhappy,negative
back unhappy,negative
,negative
think that's that's going going true,negative
can't leave leave us us unhappy,negative
yesterday felt felt like like friday friday unhappy,negative
[please rt] rt] buy buy blinking blinking taehyung taehyung headband,negative
get 900 900 retweets retweets 900 900 likes. likes. help help :(un,negative
yes instant instant message message sad sad crying,negative
face swapped swapped cat cat dog dog really really upsetting upsetting unhappy,negative
nice! really really nice nice stuff stuff there! there! mostly mostly black black dresses dresses get get away away june june wedding wedding though though unhappy,negative
miss unhappy,negative
beyond sad sad unhappy,negative
goodnight princess,negative
love fun fun friends,negative
yg sent sent mcd. mcd. want want see see holding holding trophy trophy unhappy unhappy anyways,negative
something really really wrong. wrong. spending spending days days naked naked beach beach hot hot sunshine. sunshine. working working cold cold king's king's lynn lynn sad,negative
punishment time time jb's jb's team! team! unhappy,negative
aw goodnight goodnight angel! angel! love love lots lots hope hope going going best best tiame tiame lot lot fun!! fun!! wonho's wonho's already,negative
really amount amount loads loads sections sections unhappy unhappy ride ride netherton netherton meet meet darby darby end end ?,negative
q2 mh mh healthcare healthcare professional. professional. much much want want help help scared scared death death might might make make situation,negative
got msg! msg! oops oops unhappy,negative
chillin~ bit bit quiet quiet tonight tonight tough tough luck luck unhappy unhappy you??,negative
bet media's media's one-sided one-sided view view tim tim tams tams surprisingly surprisingly alt-right alt-right roar roar extreme extreme droll droll fad fad unhappy,negative
hair crisp crisp unhappy,negative
couple unhappy,negative
fuck don%27t don%27t unhappy,negative
going ca ca july,negative
reunion august august unhappy,negative
road traffic traffic signs signs section section theory theory revision revision myth myth unhappy,negative
unhappy sorry sorry pizza pizza arrived arrived mushrooms mushrooms despite despite request. request. could could please please get get touch touch vi,negative
kabute unhappy,negative
last things things bought bought sweets sweets unhappy,negative
wish could could stay stay bed bed day day listen listen rain rain sad,negative
want tell tell fellow fellow comm comm students students want want think think kind kind suck-up... suck-up... unhappy,negative
notice me? me? unhappy,negative
go away away unhappy,negative
ally unhappy unhappy can't can't make make poem poem cute,negative
ehh cant cant dm dm unhappy,negative
beautiful ladies ladies full full fun fun body body confidence. confidence. ..,negative
italian easier easier spanish spanish unhappy,negative
find difficult difficult says says unhappy,negative
3 days days nights nights since since mama mama went went back back province province already already miss miss unhappy,negative
want cry cry unhappy,negative
love got7 got7 god god bored bored unhappy,negative
can't continue continue right right lighting lighting shitty shitty f f swear swear sorry sorry sad,negative
let's dinneeeer dinneeeer please please unhappy,negative
lost one one import import quizzz quizzz unhappy,negative
want mutuals mutuals bad bad unhappy,negative
keep looking looking things things bought bought yesterday yesterday dream dream unhappy,negative
hurts see see sad sad unhappy unhappy understand understand this. this. kill,negative
,negative
hate park park jisung jisung much much sad,negative
online crush crush comes comes meet-up meet-up without without snapchat snapchat filter filter unhappy,negative
hate mom mom ask ask going going no? no? bc bc want want stay stay home home missed missed much much school school already already unhappy,negative
happy birthday birthday katrika katrika miss miss though though unhappy unhappy miss miss group group haih haih anyway,negative
blast okay. okay. love love you!,negative
miss dogs dogs unhappy,negative
yg sent sent mcd. mcd. want want see see holding holding trophy trophy unhappy unhappy anyways,negative
digital monsters monsters want want work work blackpink blackpink make make happen happen pls pls unhappy,negative
,negative
miss boys boys unhappy unhappy started started working working local local boys boys nervous nervous college college friends,negative
classmates alvarez alvarez really really see see around around school school anymore anymore unhappy,negative
ugh miss miss baby baby crying,negative
anyone needs needs vent vent unhappy,negative
hard notice notice me? me? haay haay unhappy,negative
cant deathmatch deathmatch piss piss unhappy,negative
going notice notice yous? yous? unhappy,negative
miss bedroom bedroom unhappy,negative
please take take rest rest needwe needwe love love much much :(i :(i hope hope feel feel better better soon soon sunshine!,negative
,negative
,negative
miss baby baby unhappy,negative
days since since promotion promotion ended ended already already missing missing much much unhappy,negative
miss unhappy,negative
miss jihoon jihoon sad,negative
one cat cat yang yang manja manja sangat sangat someone someone took took unhappy,negative
tired there's there's nothing nothing great great combo combo unhappy,negative
tweet made made cry!! cry!! crying,negative
back coconut coconut hair hair unhappy,negative
please return return jacket jacket unhappy,negative
would call call roused roused midnightreminds midnightreminds time(s) time(s) roommates roommates unhappy unhappy unhappy unhappy unhappy unhappy suck,negative
feel bad,negative
mobbing australia,negative
hope everything everything goes goes right right unhappy,negative
days since since promotion promotion ended ended already already missing missing much much unhappy,negative
hungry unhappy unhappy time time buy buy food,negative
set alarm alarm 9am 9am snooze snooze 12 12 unhappy,negative
sad story story unhappy,negative
koalas dying dying thirst thirst us us unhappy,negative
hey screenshot screenshot sainyo sainyo . . hmm hmm tumagal tumagal sana sana us us . . stay stay uu uu . . im im always always fr fr uu uu matter matter . . luv luv uu uu mats,negative
looks awesome awesome annette,negative
can't make make unhappy unhappy thanks thanks heads heads though. though. please please take take photos!,negative
narank 1 1 ako ako bcos bcos yoyou. yoyou. please please congratyoulate congratyoulate even even already already late? late? unhappy,negative
can't unhappy,negative
relatable unhappy,negative
,negative
offline unhappy,negative
heeeeey notice notice unhappy,negative
want hang hang unhappy,negative
talking girl girl behind behind jin jin unhappy,negative
need cheering,negative
dog family family 18 18 years years put put tomorrow tomorrow unhappy,negative
molly 1. 1. wish wish could could hair hair unhappy unhappy 2. 2. cutest cutest michael michael girl girl milly milly phone phone 3. 3. haiiiiiir haiiiiiir lips lips 4. 4. friend5. friend5. yes6. yes6. -,negative
even unhappy unhappy *hugs*,negative
building llvm llvm backend,negative
really need need build build unhappy,negative
can't access access school school emails emails web web browser browser unhappy unhappy yet yet much much homework homework subjects,negative
oh sad sad unhappy unhappy goodluck!,negative
ouch elena elena eremina's eremina's foot foot slip,negative
fall mess mess unhappy,negative
donny unhappy,negative
rude unhappy,negative
oh god god same! same! attend attend lessons lessons together together sometime sometime kidding kidding hahah,negative
every time time meredith meredith flashbacks flashbacks derek derek shepherd shepherd can't can't hold hold back back tears tears unhappy,negative
whew! can't can't asses asses unhappy,negative
round ass ass crying,negative
unhappy saw saw somebody somebody said said hair hair fell fell bighit bighit trying trying figure,negative
,negative
tolong bantu bantu sampaikan sampaikan keluhan keluhan armys armys ke ke dong. dong. many many complaint complaint since since day day 1 1 ticketing ticketing unhappy,negative
keep waking waking middle middle night night sick sick shit. shit. unhappy,negative
cringed hard hard :(that :(that fall fall shame- shame- looking looking really really good good point...,negative
man 2hrs 2hrs since since vlive...its vlive...its nearly nearly sydney sydney ppl... ppl... unhappy unhappy goes goes quick quick appreciate appreciate every every second!!,negative
hi aled,negative
mobile signal signal sucks sucks unhappy unhappy what's what's full full postcode postcode happening? happening? keen keen help help si,negative
sucks unhappy,negative
rusty.. played played game game since since like like 10. 10. kept kept dying dying crocodile crocodile part part crying,negative
really really really need need right right unhappy,negative
hey guys guys could could help help retweeting retweeting this? this? heard heard legitimate legitimate really really need need vpn vpn account account rig,negative
god koalas,negative
feeling bad bad unhappy unhappy 89 89 others,negative
tweet made made cry!! cry!! crying,negative
could write write paragraphs paragraphs xdshame xdshame theoretically theoretically impossible impossible real real life life unhappy,negative
thank roshhh roshhh miss miss everyone everyone too. too. love love youuu,negative
sweetie know know feel feel unhappy,negative
online crush crush comes comes meet-up meet-up without without snapchat snapchat filter filter unhappy,negative
.the person person chose chose shut shut fuck fuck up: up: unhappy,negative
sadly yes. yes. since since expected expected continue continue losing losing support support dropping dropping bombs bombs unhappy unhappy going going expe,negative
hope little little beaand beaand andot andot overworkiandg overworkiandg gettiandg gettiandg least least rest rest unhappy,negative
could whatever,negative
so? sad,negative
dub watch watch pokemon pokemon unhappy,negative
dying thirst thirst us us unhappy,negative
youngjae fansign fansign 04/10/17 04/10/17 constantly constantly massaging massaging back. back. clearly clearly something something wrong wrong pretended,negative
but... use use purple purple flowercrown flowercrown display display picture picture unhappy,negative
still cant cant unhappy,negative
well that's that's terrible terrible unhappy,negative
sorry piss piss /3 /3 unhappy,negative
woke 4:17,negative
joke unhappy,negative
right! sir sir rob rob loves loves torture torture us us unhappy,negative
salary reminds reminds weekends,negative
always know know come come fucking fucking clue clue goes goes unhappy,negative
feel sick sick today today unhappy,negative
wish can't can't sad,negative
birthday tomorrow tomorrow baby baby unhappy,negative
slow unhappy,negative
super unhappy,negative
trashing others others possee possee behind behind boosts boosts ego,negative
career. unhappy,negative
finished gym,negative
chopsuey unhappy unhappy laughing laughing ass ass humble humble feeds feeds always always bomb!,negative
still possible! possible! unhappy,negative
whaaaaaaaat!!! unhappy,negative
loads toys. toys. sweep sweep hand hand puppet puppet bastard bastard lost lost squeak! squeak! unhappy,negative
damn.... theres theres people people sincerely sincerely want want attend attend bh bh birthday birthday party party bcs bcs people people try try fun fun make make ca,negative
aegyo lost lost unhappy,negative
also please please send send prayers prayers sympathy sympathy favorite favorite ball ball dress dress fit fit boobs boobs crying,negative
miss snsd. snsd. miss miss girls girls unhappy,negative
parent challenging. challenging. cannot cannot control control give give worst worst output output children children word,negative
ngomel crying,negative
jonny poor poor legs legs make make sad sad unhappy unhappy hope hope okay,negative
hope ok,negative
poor mouse mouse unhappy,negative
okay survived survived :,negative
yeah! sight sight reading reading pretty pretty good good high high school,negative
bit rusty rusty now! now! unhappy,negative
self: buy buy that.also that.also me: me: furry furry unhappy,negative
damn.... theres theres people people sincerely sincerely want want attend attend bh bh birthday birthday party party bcs bcs people people try try fun fun make make ca,negative
love youu youu much much unhappy unhappy thank,negative
,negative
damn.... theres theres people people sincerely sincerely want want attend attend bh bh birthday birthday party party bcs bcs people people try try fun fun make make ca,negative
upsetting abuse abuse kids kids get get unhappy unhappy 3,negative
oo crying crying // // happy3yearsbraceunited,negative
exactly thinking.. thinking.. unhappy,negative
scared unhappy unhappy mean. mean. heck heck decide decide laundry laundry 7:30 7:30 pm? pm? wrong wrong me. me. mention mention dark dark is. is. fml,negative
sunnyside well well unhappy,negative
y'all want want choke choke what'd what'd do? do? unhappy unhappy (,negative
whole japan japan tour tour ahead ahead them.. them.. one one quite quite brutal brutal already already tired tired bodies. bodies. boys boys unhappy,negative
ahhh well well chuffed,negative
even get get easter easter egg egg year! year! unhappy unhappy xx,negative
someone buy buy tasbih tasbih pls? pls? one one unhappy,negative
clay hannah hannah - - love love deserved deserved endgame endgame unhappy,negative
please talk talk nct nct instant instant message message lonely lonely need need fangirl fangirl okay okay crying,negative
sad fuck fuck unhappy,negative
please follow follow . . trying trying get get follow follow long long time time unhappy unhappy .,negative
really enjoyed enjoyed horrizion horrizion zero zero dawn dawn idea idea play play next next unhappy,negative
damn.... theres theres people people sincerely sincerely want want attend attend bh bh birthday birthday party party bcs bcs people people try try fun fun make make ca,negative
good conversations conversations unhappy,negative
annoyingly spaces spaces variable variable width width version version c64 c64 font font that's that's available available internet internet wi,negative
like songs songs debyout debyout younhappy younhappy syouggest syouggest yoyou yoyou jyoust jyoust one one song song really really love,negative
,negative
jackson unhappy unhappy youngjae youngjae silence silence aww,negative
trop retard retard sad,negative
rather sailor sailor uranus uranus chibiusa chibiusa thats thats everyone everyone says says unhappy unhappy rip,negative
right mcconnell mcconnell well. well. unfortunately,negative
seem sold sold government government time time ago. ago. unhappy,negative
wish dogs dogs knew knew much much hyped hyped snap snap chat chat unhappy,negative
people intensionly intensionly don%27t don%27t even even please please someone someone unhappy,negative
sad unhappy,negative
damn.... theres theres people people sincerely sincerely want want attend attend bh bh birthday birthday party party bcs bcs people people try try fun fun make make ca,negative
painful goodbyes goodbyes onesthat onesthat never never said said never never explained explained crying crying unhappy unhappy :/,negative
miss bmf bmf sad,negative
got disappear disappear half half way way too? too? unhappy unhappy everybody everybody want want lazy lazy eue,negative
+i choice choice cancel cancel it. it. unhappy,negative
oh sadly sadly wont wont watch watch right right forbid forbid see see unhappy,negative
koalas dying dying thirst thirst us us unhappy,negative
r.i.p cellphone cellphone unhappy,negative
pic? unhappy,negative
yeah unhappy,negative
miss anymore anymore unhappy,negative
okay tf tf colorful colorful starbucks starbucks thing thing social social media media unhappy,negative
damn.... theres theres people people sincerely sincerely want want attend attend bh bh birthday birthday party party bcs bcs people people try try fun fun make make ca,negative
well that's that's good good unhappy,negative
oh boo,negative
mine inbox inbox unhappy,negative
keep unhappy,negative
absorbed going going get get laugh laugh gets gets 2000 2000 votes. votes. unhappy,negative
hi ishwar! ishwar! that's that's experience experience want want unhappy unhappy call call details details sort sort out! out! - - roshan,negative
know unhappy,negative
strong hard hard unhappy unhappy xxx,negative
lost two two streaks streaks two two favorite favorite people people silence silence unhappy unhappy good good night,negative
relate much much unhappy,negative
joy get get back,negative
can't own. own. (see (see there? there? ),negative
brush lng lng telling telling others others applicable applicable applicableg-iinot applicableg-iinot applicablerte applicablerte lng lng sila sila worse worse them. them. unhappy,negative
usually speedboat speedboat behind behind get get river river unhappy,negative
omg see see drink drink alcohol alcohol haha haha glad glad fun fun guys guys ! ! wish,negative
happens time! time! unhappy,negative
0 motivation motivation study study unhappy,negative
happy birthday birthday sweet sweet sweet sweet girl! girl! hope hope best best day day ever! ever! love love miss miss much much unhappy,negative
nmd r2's r2's ugly ugly unhappy,negative
honey unhappy,negative
philippines? unhappy,negative
want able able get get time time know know people people year year go go unhappy,negative
unhappy friendzone. friendzone. damn damn sad,negative
cried much,negative
mess. went went bed bed feeling feeling numb numb awful awful unhappy,negative
[please rt] rt] buy buy blinking blinking taehyung taehyung headband,negative
get 900 900 retweets retweets 900 900 likes. likes. help help :(un,negative
email hoping hoping get get today,negative
arrive unhappy unhappy here's here's hoping hoping tomorrow,negative
haha mate mate good good love love debte debte wished wished center,negative
wowwow cute cute unhappy unhappy wantt,negative
sucks unhappy,negative
instant message message getting getting sad sad unhappy,negative
wow unhappy unhappy people people mean,negative
damn.... theres theres people people sincerely sincerely want want attend attend bh bh birthday birthday party party bcs bcs people people try try fun fun make make ca,negative
talking driver driver goinghe goinghe said said love love go go new new york york since since trump trump probably,negative
love hort hort unhappy,negative
golly gosh. gosh. simply simply dreadful dreadful havoc havoc must must wreaking wreaking subsurface? subsurface? black black salve,negative
autograph book book ready,negative
sign garry garry barlow barlow yet yet sad,negative
thank roshhh roshhh miss miss everyone everyone too. too. love love youuu,negative
please meeeee meeeee followed followed almost almost years years unhappy,negative
happened unhappy,negative
true! khilado khilado kuch kuch unhappy,negative
realized havent havent eaten eaten rice rice maghapon maghapon finished finished 3 3 packs packs spicy spicy seafood seafood noodles noodles + + extra extra big big chilimansi chilimansi :(acid :(acid attack attack right,negative
post-show blues blues hitting hitting hard. hard. unhappy,negative
ready poster poster - - computer computer gets,negative
good morning morning unhappy,negative
wht sort sort thing thing (can't (can't use use word word person person it)can it)can cause cause suffering suffering ths ths sad,negative
want kiss kiss nose nose tell tell love love sad,negative
stayed 3 3 hours hours phone phone ad ad bubbyyyyyyy bubbyyyyyyy miss miss unhappy,negative
girl unhappy unhappy that's that's why. why. wa wa ropiwa ropiwa 1. 1. sandton sandton unnecessarily unnecessarily expensive2. expensive2. try try salons salons braam.,negative
actually looking looking forward forward seeing seeing theory theory around around personal personal vote vote correct correct unhappy,negative
bring mb mb man man unhappy,negative
sad report report robins robins egg egg mom mom found found yard yard storm storm taken taken life life support. support. poor poor thing thing frozen frozen unhappy,negative
back unhappy,negative
slight buzy buzy kasi kasi besh besh unhappy,negative
late work work break break news news lovely lovely lady lady cleans cleans house... house... crying crying together together unhappy,negative
stopped got got rid rid toy toy surprises surprises bottom bottom unhappy,negative
tell unhappy,negative
cant find find striped striped shirt shirt unhappy unhappy instant instant message message wearing wearing one one says says favorite favorite thing? thing? lucas lucas middle,negative
guys please please help help retweet retweet unhappy,negative
there's always always shit shit like like this. this. there's there's always always people people less less deserving deserving getting getting tickets,negative
winning giveaways giveaways etc etc unhappy,negative
truuuu!! si si grim grim reaper reaper sunny sunny huhu huhu grabe grabe love love story story nila nila unhappy,negative
caught cold. cold. unhappy unhappy seems seems got got tired tired expected....,negative
,negative
shameful business business :(stop :(stop paying paying giant giant corporations corporations foods foods need.... need.... wake wake people people plea,negative
miss baby baby unhappy,negative
holy shit! shit! 40 40 pages pages script script opening opening scene scene man man steel steel krypton krypton got got compressed.i compressed.i wish wish could could least,negative
late nights,negative
face swapped swapped cat cat dog dog really really upsetting upsetting unhappy,negative
failed unhappy unhappy .g .g hehe,negative
miss boo boo much much unhappy,negative
need car car unhappy unhappy car car unhappy unhappy poor poor unhappy,negative
wish could could attend attend unhappy,negative
ikr. would would trauma trauma ware ware unhappy,negative
4/20 today,negative
lit unhappy,negative
life unfair? unfair? unhappy,negative
biblical lectures lectures coming. coming. notification notification soon. soon. tomorrow,negative
,negative
glad care care people people think think anymore anymore wish wish still still looked looked best best everyday everyday like like used used sad sad pick,negative
muz u,negative
sure prob. prob. ilabyu,negative
lucky slave slave wish wish unhappy,negative
instant message message still still hoping hoping unhappy,negative
fuck unhappy,negative
tak ambik ambik wedding wedding package package cause cause poor poor unhappy unhappy ambik ambik aromaterapi aromaterapi massage massage je je hajxjsjsj. hajxjsjsj. hehe hehe see see uuuu uuuu jwa,negative
koalas dying dying thirst thirst us us unhappy,negative
unhappy let's let's fight fight kids,negative
cassandra cain. cain. unhappy unhappy sure sure want want watch watch batbuffy. batbuffy. batwoman batwoman would would interesting.,negative
half time time load,negative
half time time crashes crashes unhappy unhappy embarassing embarassing i',negative
right don%27t don%27t see see people people shit shit like,negative
miss hoseok hoseok unhappy,negative
left months months hinhua hinhua ler ler unhappy unhappy need need gambateh gambateh wink,negative
fish killer killer going going pressed pressed younhappy younhappy hoe hoe today today good good person,negative
loved beth beth much much unhappy,negative
prince baekhyun.....throw baekhyun.....throw dungeon dungeon please please deserve deserve see see beautiful beautiful face face unhappy,negative
family. awful awful go. go. sorry sorry hear. hear. unhappy,negative
face swapped swapped cat cat dog dog really really upsetting upsetting unhappy,negative
honey unhappy,negative
unhappy pizza pizza taiwan! taiwan! like like swift,negative
flavorful dream,negative
can't :(tello,negative
swear walked walked past past haha,negative
get chance chance say say hi hi unhappy,negative
miss quacktopia! quacktopia! unhappy,negative
dying thirst thirst us us unhappy,negative
goodnight love love beautiful beautiful boys boys unhappy,negative
available u.k.? u.k.? unhappy,negative
ailes sure sure knew knew make make great great network! network! fox fox going going downhill downhill wi,negative
penge damit damit unhappy,negative
sorry unhappy,negative
koalas dying dying thirst thirst us us unhappy,negative
hungry unhappy,negative
finals next next week week unhappy unhappy wish wish luck luck x,negative
miss temperance temperance brennan brennan seeley seeley booth booth much much unhappy,negative
miss quacktopia! quacktopia! unhappy,negative
said d2 d2 largely largely sd sd d2 d2 run run newer newer versions versions mac mac os os miss miss playing playing unhappy unhappy hd hd woul,negative
follow mee mee plss plss unhappy,negative
talking driver driver goinghe goinghe said said love love go go new new york york since since trump trump probably,negative
babye old old twitter twitter unhappy,negative
congratyoulations harry!!!!! harry!!!!! since since fifa fifa 13!!!! 13!!!! miss miss yoyour yoyour younboxing younboxing videos videos unhappy,negative
can't wait wait see see film film karl! karl! wished wished would would bu,negative
cram reading reading unhappy,negative
job searching searching got got none none so:(buthedonism so:(buthedonism got got abundance,negative
days since since promotion promotion ended ended already already missing missing much much unhappy,negative
hello getting getting cyber cyber bullied bullied something something unhappy,negative
call center center nice nice game game 4/20 4/20 unhappy,negative
bes rip,negative
follow unhappy,negative
attending cosmic cosmic latte latte saturday saturday give give selu selu shippers shippers kasi kasi selu selu month month qaqo qaqo unhappy,negative
baby unhappy,negative
absorbed going going get get laugh laugh gets gets 2000 2000 votes. votes. unhappy,negative
friendly fire fire wings wings tour tour unhappy,negative
back hurts hurts sad,negative
typed medical medical shorthand shorthand abbreviation abbreviation use use work,negative
dame computer computer decides decides crash crash unhappy unhappy i...,negative
excuse don%27t don%27t see see nama nama unhappy,negative
damn.... theres theres people people sincerely sincerely want want attend attend bh bh birthday birthday party party bcs bcs people people try try fun fun make make ca,negative
that's shocking shocking evil evil unhappy,negative
zac farro farro back back way way hehehe hehehe sad sad jeremy jeremy unhappy,negative
maa ki ki kuss kuss tumhari. tumhari. take take bullshit bullshit loser.,negative
thought mountain mountain dew dew australia australia caffeine caffeine little little energy energy drink drink cans cans caffeinated caffeinated never never sleep sleep unhappy,negative
hope little little beaand beaand andot andot overworkiandg overworkiandg gettiandg gettiandg least least rest rest unhappy,negative
base unver unver ajalah ajalah minahaes minahaes unhappy,negative
damn.... theres theres people people sincerely sincerely want want attend attend bh bh birthday birthday party party bcs bcs people people try try fun fun make make ca,negative
someone contacted contacted jelpi jelpi issue issue rn? rn? unhappy,negative
arisun town town hall hall pretty pretty terrible terrible service service rude rude staff. staff. went went icg's icg's fryer fryer broken broken unhappy,negative
damn.... theres theres people people sincerely sincerely want want attend attend bh bh birthday birthday party party bcs bcs people people try try fun fun make make ca,negative
powerpoint'te mi mi hazirladiniz hazirladiniz post'u post'u unhappy,negative
yeah! sight sight reading reading pretty pretty good good high high school,negative
bit rusty rusty now! now! unhappy,negative
pure evil evil people people unhappy,negative
poor baby baby unhappy unhappy hate hate people,negative
great thing thing sad sad unhappy,negative
hair iand iand suandlight suandlight versus versus ando ando light light waandt waandt chaandge chaandge duandando duandando waandt waandt go go darker darker bloandder bloandder sad sad please please help help (po,negative
hi ashish! ashish! tried tried call call number number got got response response unhappy unhappy please please share share another another suitable suitable time time alternate.. alternate.. cont1,negative
kante broke broke girls girls love love exposing exposing broke broke niggars niggars much? much? where's where's team team spirit? spirit? unhappy,negative
want unhappy unhappy looks looks yummy yummy hehehe.,negative
think pretty pretty enough enough unhappy,negative
koalas dying dying thirst thirst us us unhappy,negative
warm sketches sketches faves,negative
going add add bazza,negative
,negative
want wish wish marissa marissa happy happy birthday birthday keeps keeps ignoring ignoring sad,negative
what's wrong wrong like like animals animals unhappy,negative
someone build build house house (4) (4) cant cant unhappy unhappy cant cant believe believe already already done????,negative
tulips favorite favorite unhappy,negative
omg sad sad say say actually actually remember remember this! this! unhappy unhappy happen??,negative
crying getting getting vm vm soon soon wooo,negative
unhappy 4c 4c struggle struggle valid?,negative
77 ? ? old old leyland,negative
love unhappy,negative
pure evil evil people people unhappy,negative
sounds family,negative
jimin yoongi yoongi unhappy,negative
chin leo leo crying,negative
slight buzy buzy kasi kasi besh besh unhappy,negative
rip tes tes 100k 100k experience experience crying,negative
please reading reading breaks breaks heart heart unhappy,negative
mager unhappy,negative
penge damit damit unhappy,negative
jimin yoongi yoongi unhappy,negative
bapak tom tom cruise.,negative
absorbed going going get get laugh laugh gets gets 2000 2000 votes. votes. unhappy,negative
watched kid kid produce produce 101 101 performed performed chewing chewing gum gum omoo omoo poor poor kid kid bless bless soul soul unhappy,negative
definitely arms arms unhappy,negative
moms leaving leaving today today go go town town already already miss miss unhappy,negative
can't own. own. (see (see there? there? ),negative
online crush crush comes comes meet-up meet-up without without snapchat snapchat filter filter unhappy,negative
would never never forget forget you!!,negative
fuckin' headache headache everyday everyday unhappy,negative
jyoust hyoug,negative
hyoug longer longer 10 10 secs. secs. hyoug hyoug even even don%27t don%27t want want unhappy,negative
saddest part part day day everyday everyday ryan ryan leave leave 5:30 5:30 unhappy,negative
say work work unhappy unhappy totally totally made made day day though,negative
jimin doesnt doesnt follow follow yet yet unhappy,negative
know time time retweeted retweeted waiting waiting dm dm long long time time unhappy,negative
need moodbooster moodbooster juseyo juseyo unhappy,negative
miss unhappy,negative
wth 4/20 4/20 happen happen easter easter holidays holidays one one best best days days leeds leeds unhappy,negative
hakyeon turns turns 27 27 soon soon oh oh god god still still baby baby unhappy,negative
gray outside outside today today unhappy,negative
ordered car car yesterday,negative
dealer said said loads loads cars cars returning returning due due disabled disabled losing losing sad,negative
gotta keep keep trying trying quit quit work work unhappy unhappy pick pick please! please! give,negative
definitely arms arms unhappy,negative
literally see see thing thing back back stage,negative
girl front,negative
definitely arms arms unhappy,negative
getting morning morning hassle hassle unhappy,negative
mom knows knows struggle struggle drystreak drystreak unhappy,negative
played fm fm long long time. time. really really should. should. unhappy,negative
someone messed messed unhappy unhappy available**,negative
miss baby baby unhappy,negative
yesterday's faci faci cute! cute! 30+ 30+ :(today's :(today's faci faci old old eeyer,negative
yes jenniessi?,negative
precious really really miss miss unhappy,negative
louis_tomlinson follow follow please? please? unhappy,negative
waited u u unhappy,negative
makes sad. sad. unhappy unhappy friends friends like,negative
liked seeing seeing posts posts love love wri,negative
waited unhappy,negative
u4v9rr wish wish noted noted gentleman's gentleman's name name unhappy unhappy find,negative
please commend commend him. him. h,negative
5/6 times times week week leh leh sad sad yes yes closing closing damn damn fuck fuck opening opening much much better,negative
one selling selling vhope vhope banners banners what? what? sad,negative
irls coming coming meet meet boys boys much much deserve deserve unhappy,negative
might set set whole whole place place fire.,negative
try sad sad yes yes unhappy,negative
goodmorning!! parents parents taking taking kids kids lunch lunch today- today- school-report school-report card! card! wor,negative
yeah sad,negative
streaming later later day day (night (night stream) stream) since since go go take take care care internet internet contract,negative
sorry guys guys unhappy,negative
true unhappy,negative
help unhappy unhappy early early birthday birthday gift gift huhu,negative
definitely arms arms unhappy,negative
please look look scared scared full full tence tence lauren's lauren's face face tryin tryin reaching reaching camila's camila's hand,negative
baby unhappy unhappy (bett,negative
aww eunji eunji didnt didnt see see win win today today sad sad congratulations congratulations winner winner !!!!,negative
mine take take iphone. iphone. switching switching back back contract contract up... up... year year half half unhappy,negative
know.. really really want want ranks ranks rise rise lot lot tmr's tmr's episode episode seeing seeing many many tweet tweet him.. him.. unhappy,negative
hitches ride ride final final unhappy,negative
white genocide genocide thing. thing. figment figment imagination. imagination. youre youre victim victim nothing nothing disinformation.,negative
one direction direction (band) (band) whats whats going going unhappy,negative
bad can't can't watch watch unhappy unhappy cake cake cute cute looks looks delicious,negative
definitely arms arms unhappy,negative
give ahn ahn minhyuk minhyuk juseyoooo juseyoooo unhappy,negative
sorry unhappy unhappy need need sex sex time,negative
definitely arms arms unhappy,negative
wants say say hi hi you.,negative
jimin yoongi yoongi unhappy,negative
seems cost cost abut abut 40k 40k year? year? paying paying half half full full education education get get treat,negative
definitely arms arms unhappy,negative
come miami miami sad,negative
tw: assaultactually assaultactually horrified horrified many many friends friends mine mine women women talk talk sexually sexually assaulted assaulted past. past. found found another another unhappy,negative
heart unhappy,negative
soph please please don%27t don%27t win win unhappy unhappy jk.. jk.. good good luck luck think think draw draw good good poster,negative
,negative
,negative
really feel feel lamp lamp unhappy,negative
sadly unhappy,negative
last kiss kiss unhappy,negative
whimper me?,negative
damn.... theres theres people people sincerely sincerely want want attend attend bh bh birthday birthday party party bcs bcs people people try try fun fun make make ca,negative
streaminuteg 45 45 minute minute understanding understanding thing thing still.. still.. unhappy,negative
difficult get get least least chance chance unhappy,negative
reason last.fm last.fm unlinks unlinks spotify spotify miss miss like like month month scrobbles scrobbles notice notice unhappy,negative
take season season 9,negative
definitely arms arms unhappy,negative
definitely arms arms unhappy,negative
park areas areas paris paris marked marked green green google google maps,negative
reality patches patches dusty dusty dirt dirt unhappy,negative
ill work work second second come come unhappy,negative
still taking taking quarter quarter billboard billboard charts charts x,negative
damn.... theres theres people people sincerely sincerely want want attend attend bh bh birthday birthday party party bcs bcs people people try try fun fun make make ca,negative
guys please please help help tried tried smoke smoke lettuce lettuce earlier earlier salad salad ruined ruined unhappy,negative
someone pls pls gift gift xayah xayah using using pi pi plssss? plssss? unhappy,negative
instant message message still still bored bored unhappy,negative
jimin yoongi yoongi unhappy,negative
heart hurts. hurts. sad sad hate hate people,negative
see edge edge creeping creeping unhappy,negative
organicthey'll shoehorn shoehorn inbut inbut plot plot character character developmentmcu developmentmcu netflix netflix leswhat leswhat support,negative
suddenly miss miss ate ate unhappy,negative
biggest problem problem paper paper books books storage storage unhappy,negative
havent early early school school since since last last semester semester unhappy,negative
pierces like like bitch bitch unhappy,negative
think that's that's one one hottest hottest part part body,negative
wow amazing amazing country country unhappy,negative
definitely arms arms unhappy,negative
want harry's harry's phonecase phonecase sad,negative
work 7 7 morning morning unhappy,negative
jungkook looks looks like like gives gives biggest biggest warmest warmest hugs hugs unhappy,negative
ah baba baba idea idea tori tori olorun. olorun. may may never never victim victim case,negative
psa: remember remember ask ask artists artists draw draw you. you. say say thing thing writers writers apparently apparently commissi,negative
want give give everything everything makes makes happy happy see see smile smile unhappy,negative
miss jamie jamie boy boy sick sick unhappy,negative
one direction direction (band) (band) one one who's who's giving giving up? up? unhappy,negative
damn ify ify ate ate unhappy,negative
,negative
rt save save guy's guy's life,negative
nooo hair hair color color pretty,negative
koalas dying dying thirst thirst us us unhappy,negative
definitely arms arms unhappy,negative
where's justin justin miss miss unhappy,negative
someone bring bring breakfast breakfast work work unhappy,negative
thats grim grim unhappy,negative
oh noooo noooo baby baby unhappy,negative
tired unhappy,negative
miss levi levi unhappy,negative
left headphones headphones home home unhappy unhappy kms,negative
wish meeting meeting oa oa unhappy,negative
year ago ago today today last last time time sakho sakho played played us us unhappy,negative
would sustained sustained fame fame unhappy,negative
miss unhappy,negative
ich ned ned unhappy,negative
online crush crush comes comes meet-up meet-up without without snapchat snapchat filter filter unhappy,negative
far worst worst day day 2017 2017 since since january january 8th 8th unhappy unhappy crying crying crying crying .,negative
note self: self: dont dont get get attached attached crying,negative
mine sending sending stuff stuff unhappy,negative
definitely arms arms unhappy,negative
roc boyz boyz sad,negative
love can%27t can%27t arsed arsed don%27t don%27t know know people people keep keep saying saying unhappy,negative
celtics bruins bruins today today unhappy unhappy least least sale sale pitching pitching sox,negative
honestly think think trying trying get get rid rid make make mockery mockery town town wont wont admit admit it. it. unhappy,negative
nooo hair hair color color pretty,negative
,negative
bantay? unhappy,negative
trying get get touch touch numbers numbers appear appear down! down! unhappy,negative
need help help guys guys crying,negative
fish killer killer going going pressed pressed younhappy younhappy hoe hoe today today good good person,negative
need lessons lessons learn learn start start conversations conversations people people keep keep chatting chatting unhappy,negative
hacked unhappy,negative
,negative
till later! later! unhappy,negative
lets hope hope vip vip good good deed. deed. want want watch watch . . done done thi,negative
sometimes night night feel feel scared scared vulnerable vulnerable crying,negative
really want want dye dye go go lighter,negative
come get get reminder reminder email email month month unhappy,negative
wowwow cute cute unhappy unhappy wantt,negative
[please rt] rt] buy buy blinking blinking taehyung taehyung headband,negative
get 900 900 retweets retweets 900 900 likes. likes. help help :(un,negative
younhappy keep keep jyoust,negative
damn available available unhappy,negative
$10 also also free free postage. postage. wish wish seller seller yanan yanan yeo yeo one one too. too. unhappy,negative
kray denial denial normal normal bi bi say,negative
unhappy unfollowed unfollowed many many people people ugh,negative
negative pit pit unhappiness,negative
ending soon soon aah aah unhappy,negative
definitely arms arms unhappy,negative
damn.... theres theres people people sincerely sincerely want want attend attend bh bh birthday birthday party party bcs bcs people people try try fun fun make make ca,negative
faltan russel russel noodle noodle unhappy,negative
yeah unhappy unhappy thank thank much much angel,negative
miss jihoon jihoon sad,negative
lost: jacksonville,negative
2010 week week 11,negative
24-20 unhappy,negative
hope little little beaand beaand andot andot overworkiandg overworkiandg gettiandg gettiandg least least rest rest unhappy,negative
guess who's who's getting getting unicorn unicorn frappuccino frappuccino sold sold unhappy,negative
one direction direction (band) (band) one one who's who's giving giving up? up? unhappy,negative
come back back callie callie gabbie gabbie ghost ghost unhappy unhappy love,negative
unhappy oh oh man..,negative
kind feels feels like like sunburight sunburight right right sad sad someone someone please please make make nobby nobby things things glasses glasses slip,negative
guess who's who's getting getting unicorn unicorn frappuccino frappuccino sold sold unhappy,negative
would really really like like coandsole coandsole versioands versioands got got update update makr makr like like steam steam versioand. versioand. =(,negative
hi! tried tried call call number number got got response response unhappy unhappy please please share share another another suitable suitable time time alternate alternate number.. number.. cont1,negative
sooooo feels feels like like friday friday today today unhappy,negative
definitely arms arms unhappy,negative
miss talking talking yoyoyou yoyoyou yoyou yoyou younhappy younhappy yoyou yoyou always always still still talk,negative
picture makes makes sad sad unhappy,negative
can't dogs dogs live live forever forever unhappy,negative
understand look look sad,negative
boyfriend mad mad cute cute unhappy,negative
miss minmin minmin crying,negative
good morning morning nightmare nightmare still still wondering wondering maddie maddie hates hates me. me. beginning beginning day day unhappy,negative
pake unhappy,negative
miss london london already already unhappy,negative
jyoustinbieber please please follow follow daianeryoufato daianeryoufato trying trying long long unhappy unhappy love love much much baby! baby! xx xx (april (april 20,negative
2017 08:45am),negative
deep scratch scratch ;_;all ;_;all paint paint gone gone see see bare bare metal. metal. needs needs fixed fixed avoid avoid getting getting rusting rusting car car soon soon unhappy,negative
go batangas? batangas? sad,negative
miss unhappy,negative
absorbed going going get get laugh laugh gets gets 2000 2000 votes. votes. unhappy,negative
wasnt meant meant sound sound ano ano sad,negative
damn.... theres theres people people sincerely sincerely want want attend attend bh bh birthday birthday party party bcs bcs people people try try fun fun make make ca,negative
one year year ago ago today today unhappy,negative
song always always one one faves faves unhappy,negative
talking driver driver goinghe goinghe said said love love go go new new york york since since trump trump probably,negative
fuck get get followers followers unhappy unhappy ratio ratio amazing,negative
mom please please stop stop making making cookies,negative
like 90 90 calories calories per per piece piece unhappy,negative
miss 7/27 7/27 costumes costumes unhappy,negative
delete tweet,negative
need different different pinned pinned tweet tweet unhappy,negative
[thinks tfp tfp soundwave soundwave forever forever trapped trapped void void realm] realm] unhappy,negative
deserve better better . . hope hope okay okay unhappy,negative
mane amazing amazing unhappy,negative
dammit effect effect linearts linearts show show nicely nicely twitter twitter unhappy,negative
like long long while?! while?! want want back back puts puts good good mood mood want,negative
get pork pork katsudon katsudon tokyo tokyo diner! diner! tho tho egg egg unhappy,negative
anyone else else ass ass hole hole unhappy,negative
anniversary josh's josh's death death unhappy,negative
sorry havent havent checking checking tweets tweets unhappy unhappy you!,negative
aww unhappy unhappy coeurl,negative
oh unhappy,negative
liked video,negative
puppies deserves deserves better better unhappy,negative
husband family family history history mafia mafia know know stories stories sad,negative
wtf canada canada 2017 2017 still still 1700s. 1700s. never never support,negative
buy anything anything supports supports canada,negative
suuuuuuuuss scared scared crying,negative
one table table last last night night told told look look like like graceful graceful ballerina ballerina gliding gliding tables- tables- another another told told looked looked like like flash flash dancer dancer unhappy,negative
seem want want drop drop account account wuhyungwon wuhyungwon unhappy,negative
ask. two two special special issues issues lined lined up. up. unhappy,negative
got rest,negative
man. : : (,negative
anyone 7 7 adapter adapter 7 7 earbuds earbuds borrow borrow day? day? left left mine mine car car unhappy,negative
staying sa sa unhappy,negative
preacher...... unhappy,negative
umma crying,negative
miss already already unhappy,negative
well thanks thanks stoping stoping unhappy,negative
why? like like blonde blonde hair? hair? unhappy,negative
3. that's that's lot lot cheaper cheaper easier easier make make own. own. schematic schematic needs needs special special cables cables come come easy. easy. unhappy,negative
pozuelo (formerly (formerly swans) swans) suso suso (liverpool (liverpool ac),negative
look good good current current clubs. clubs. shame shame never never cut cut pl pl unhappy,negative
gorbachev done done w/o w/o fear. fear. thought thought bold bold enough enough implement implement vision vision damp damp squib squib unhappy,negative
wuut seriously?,negative
got pen pen today today man man crying,negative
process frustrating frustrating enough,negative
got 3 3 years years longer longer unhappy,negative
roc boyz boyz sad,negative
ravel morrison morrison unhappy,negative
super scary scary unhappy,negative
same. unhappy unhappy got got 12h 12h stream stream coming coming bday bday 8 8 hours. hours. still still sleeping.,negative
talking driver driver goinghe goinghe said said love love go go new new york york since since trump trump probably,negative
ps4 mate,negative
got aksis aksis 2nd 2nd part part cp cp never never completed completed since since return return investment investment dropped dropped laughing laughing loud loud unhappy,negative
left unspoken,negative
buried alive alive screaming screaming head head crying,negative
dont laugh laugh unhappy unhappy meanie meanie base,negative
sorry make make book book drive drive yesterday yesterday get get outta outta work work unhappy,negative
yoongi come come back back unhappy,negative
noooo 6.45 6.45 ;_; ;_; classes classes time time unhappy,negative
yg sent sent mcd. mcd. want want see see holding holding trophy trophy unhappy unhappy anyways,negative
call duration: duration: sex: sex: 01:47:36 01:47:36 sex: sex: 00:00:19 00:00:19 crying,negative
jimin yoongi yoongi unhappy,negative
fucked right right unhappy,negative
definitely arms arms unhappy,negative
last day day camp camp tomorrow,negative
much fun fun absolutely absolutely love love kids!! kids!! want want soon soon unhappy,negative
koalas dying dying thirst thirst us us unhappy,negative
think would would drive drive mad mad synths synths robots robots turned turned up. up. unhappy,negative
don%27t want want go go camp camp unhappy,negative
pick one one unhappy,negative
lonely. unhappy,negative
hi! tried tried call call number number got got response response unhappy unhappy please please share share another another suitable suitable time time alternate alternate number number for.. for.. cont1,negative
miss friends friends unhappy,negative
one left? left? see see unhappy,negative
applicablengarag applicable applicable unhappy unhappy ill ill find find wonu wonu pictures pictures soon soon alxmdkcsnx,negative
please answer answer request. request. unhappy,negative
koalas dying dying thirst thirst us us unhappy,negative
painful thing thing ever ever feelings feelings someone someone can't can't .. .. unhappy,negative
one offering offering poor poor old old lady lady seat seat unhappy,negative
lexxxxxy unhappy unhappy youre youre nice nice instant instant message message really really eek,negative
better pen pen pencil?dafaqcomoni pencil?dafaqcomoni want want good good drawer drawer unhappy,negative
mayes unhappy unhappy .g,negative
thanks that! that! little little things things like like really really help help sleep sleep starts starts hitting hitting drink drink coffee coffee energy energy drinks drinks unhappy,negative
miss already already unhappy,negative
definitely arms arms unhappy,negative
oh god god heck heck sorry! sorry! one one favorites favorites well well unhappy,negative
scout photobombed photobombed bluebells bluebells photo photo sad,negative
crap. hailie hailie there. there. school school game game make make middleburg middleburg time time unhappy,negative
still sign sign - - small small area area ( ( gardens gardens ) ) would would obvious obvious sad sad quite quite eyes,negative
,negative
knee similar similar colour colour leny leny henry's henry's unhappy,negative
okey unhappy,negative
much pain. pain. eye eye hurts hurts unhappy,negative
buffalo unhappy,negative
hard imagine imagine anyone anyone robin robin unhappy unhappy still still exciting exciting nonetheless,negative
least 80 80 cad cad like like unhappy unhappy (90 (90 cad cad quebec quebec taxes),negative
ye... miss miss unhappy,negative
22 old old unhappy,negative
rl? serius?,negative
feel awful awful today today unhappy unhappy want want go go internship,negative
may one one workers workers properly properly compensated compensated unhappy,negative
love people people message message w w long long messages messages beautiful beautiful find find joon joon like like unhappy unhappy yes yes agree agree keep keep going,negative
today great great unhappy,negative
used month's month's worth worth laugharne laugharne weekend weekend sad sad (no (no wi-fi wi-fi small small carmarthenshire carmarthenshire towns,negative
let alone alone free!),negative
today 4-20 4-20 hitler's hitler's birthday birthday unhappy,negative
jungkook looks looks like like gives gives biggest biggest warmest warmest hugs hugs unhappy,negative
youngjae looked looked sad sad video video unhappy,negative
babies unhappy,negative
check out... out... excited excited backup backup singers singers way way backup backup unhappy,negative
first round round exit exit 15 15 minutes minutes followed followed 45 45 tech tech crying crying unhappy,negative
puppies deserves deserves better better unhappy,negative
resolve sooo sooo slow slow laptop,negative
think ever ever edit edit long long videos videos unhappy unhappy go go try try another another editing editing software,negative
hate throwing throwing unhappy,negative
nani lies lies unconscious,negative
never mind mind khushi,negative
know ready ready say say goodbye goodbye unhappy,negative
,negative
:^) hello,negative
beating two two favourites favourites anyway anyway stop stop caring caring match,negative
sob. unhappy,negative
feel like like 'only 'only environments environments disable disable people' people' argument argument actually actually excludes excludes many many disabled disabled people,negative
jimin yoongi yoongi unhappy,negative
baaaper unhappy,negative
roc boyz boyz sad,negative
roc boyz boyz sad,negative
,negative
last night night dream dream moved moved japan japan happened happened see see you! you! denied denied friendlies friendlies request. request. unhappy,negative
precious really really miss miss unhappy,negative
oh unhappy unhappy like?! like?! still still shops?,negative
aando uandhappy uandhappy googled googled day day read read meandu meandu agaiand agaiand said said hoax,negative
thank unhappy unhappy need need certificate certificate signed signed god,negative
hi mahima! mahima! share share concern concern unhappy unhappy please please dm dm us us contact contact details details get get touch touch detailed.. detailed.. cont1,negative
talking tattoos tattoos makes makes want want bb8 bb8 tattoo tattoo broke broke makes makes unhappy,negative
never want want finish finish desperate desperate housewives housewives life life unhappy,negative
surprised least least amount amount followers followers whole whole cast cast sad sad lol,negative
dear attendees,negative
jealous unhappy unhappy please please go go see see 18:40 18:40 - - green green room room sat!,negative
talking driver driver goinghe goinghe said said love love go go new new york york since since trump trump probably,negative
ok do! do! never never problems problems old old ticket ticket app,negative
new one one seems seems bit bit unstable unstable unhappy,negative
,negative
customs mean mean can't can't send send food food abroad abroad unhappy unhappy hope hope birthday birthday dreams dreams come come true,negative
freebet sport sport except except total total mkets mkets handball,negative
basketball etc etc theyre theyre restrict.threw,negative
ikr!! unhappy unhappy oki oki welcome welcome sam,negative
speech-to-text doesnt doesnt understand understand accent accent irish irish names names unhappy,negative
jimin yoongi yoongi unhappy,negative
rumors going going around around videos videos performances performances youtube youtube already already deleted..,negative
wrote 30 30 tweets tweets still still notice notice crying,negative
damn.... theres theres people people sincerely sincerely want want attend attend bh bh birthday birthday party party bcs bcs people people try try fun fun make make ca,negative
why? unhappy,negative
definitely arms arms unhappy,negative
post much much lately? lately? school school unhappy,negative
u guys guys noticing noticing unhappy,negative
koalas dying dying thirst thirst us us unhappy,negative
sorry tired tired stream. stream. get get sleep sleep try try fun fun tomorrow. tomorrow. feeling feeling tonight tonight guys.,negative
saw. reply reply unhappy,negative
piss crying crying 3,negative
,negative
bes jup jup unhappy,negative
andy unhappy,negative
lage unhappy,negative
wake 4:30 4:30 tomorrow tomorrow body's body's gotten gotten head head start start waking waking 4:30 4:30 every every day day week week unhappy,negative
wish someone someone cuddle cuddle right right unhappy,negative
hi julie,negative
sorry see see tweet tweet unhappy unhappy please please could could dm dm address address details? details? look,negative
trying stay stay positive positive can't can't help help jealous jealous princess princess mia's mia's life. life. cuddle cuddle eat eat unhappy,negative
russell phone phone 10% 10% possibility possibility chance chance would would notice notice me? me? unhappy,negative
away next next thursday thursday unhappy unhappy one one after!,negative
peacefully sitting sitting reading reading book book work,negative
watchman comes comes threatens,negative
assumes im im outsider,negative
oh shiiiiid shiiiiid noooooor noooooor unhappy,negative
oh well well never never liked liked clay clay anyway anyway unhappy,negative
unhappy :/ :/ unhappy unhappy feeling feeling sick,negative
okay lang lang friend friend promise promise meant meant broken broken =( =( hahahaha,negative
even care care unhappy,negative
one year year ago ago today today unhappy,negative
missed whole whole lot lot unhappy,negative
know feel,negative
views gone gone done done 100 100 monthly monthly unhappy,negative
mane amazing amazing unhappy,negative
senior snaps snaps starting starting get get senti senti aw aw unhappy,negative
instant message message still still hoping hoping unhappy,negative
damn.... theres theres people people sincerely sincerely want want attend attend bh bh birthday birthday party party bcs bcs people people try try fun fun make make ca,negative
unhappy sure,negative
one faves faves unhappy unhappy tying tying get get vimeo vimeo guys guys still still watch watch x,negative
dang guess guess plans plans ruined ruined unhappy,negative
koalas dying dying thirst thirst us us unhappy,negative
unhappy there'll there'll 1 1 silver-that'd silver-that'd him!,negative
red velvet velvet unhappy,negative
puppies deserves deserves better better unhappy,negative
che critiques. critiques. unhappy,negative
feeling shit shit today today unhappy,negative
,negative
face swapped swapped cat cat dog dog really really upsetting upsetting unhappy,negative
miss rain rain unhappy,negative
jimin yoongi yoongi unhappy,negative
really soft soft spoken spoken unhappy,negative
playmfs: need need moodbooster moodbooster juseyo juseyo unhappy unhappy jily_jelly,negative
koalas dying dying thirst thirst us us unhappy,negative
pake 3 3 unhappy,negative
precious really really miss miss unhappy,negative
bells gone gone daddies daddies days. days. work work work work work work unhappy,negative
damn that's that's unfortunate unfortunate unhappy,negative
well that's that's weekend weekend viewing viewing plans plans changed! changed! unhappy,negative
damn.... theres theres people people sincerely sincerely want want attend attend bh bh birthday birthday party party bcs bcs people people try try fun fun make make ca,negative
absorbed going going get get laugh laugh gets gets 2000 2000 votes. votes. unhappy,negative
got doubts doubts summer summer happiness. happiness. zcc? zcc? unhappy,negative
mmmmm guess guess getting getting much much acting acting work work days? days? much much time time hands hands unhappy,negative
wish could could say say gangs gangs daniel's daniel's picture. picture. unhappy unhappy rantoul rantoul twp twp high,negative
oh andy andy unhappy,negative
front us.,negative
talking driver driver goinghe goinghe said said love love go go new new york york since since trump trump probably,negative
sooooo sleepy sleepy unhappy,negative
must feel feel like like shit shit men men stare stare barrel barrel bong bong spend spend kid's kid's milk milk money money unhappy,negative
alright. looks looks like like back back chores chores behind behind scenes. scenes. page page hits hits drop drop 1k 1k daily daily visit visit post. post. unhappy,negative
hi! tried tried call call number number got got response response unhappy unhappy please please share share another another suitable suitable time time alternate alternate number number us us to.. to.. cont1,negative
long time time chat chat sad,negative
organicthey'll shoehorn shoehorn inbut inbut plot plot character character developmentmcu developmentmcu netflix netflix leswhat leswhat support,negative
miss unhappy,negative
koalas dying dying thirst thirst us us unhappy,negative
2ne1 reunite reunite unhappy,negative
bring back back ginger ginger curls curls =(,negative
talking driver driver goinghe goinghe said said love love go go new new york york since since trump trump probably,negative
3 3 3 3 3 please please unhappy,negative
gave pass pass like like think think never never unhappy,negative
work much much better better unhappy,negative
hi tharakaram! tharakaram! that's that's experience experience want want unhappy unhappy please please dm dm us us numbers numbers get get this.. this.. cont1,negative
damn touching. touching. unhappy,negative
puppies deserves deserves better better unhappy,negative
want cuddled cuddled someone someone little little back back trace trace thing thing put put sleep sleep unhappy,negative
mean voice voice changed? changed? unhappy,negative
nights sad sad real real life life cant cant sleep sleep unhappy,negative
ohh normally normally feel feel sick sick drink drink like like 3-4 3-4 cups cups coffee,negative
maybe coffee coffee unhappy,negative
miss crying,negative
honestly college college makes makes want want curl curl ball ball cry cry 3 3 days days straight straight unhappy,negative
huhu lucky lucky unhappy,negative
weare u? u? unhappy,negative
im one one days days instant instant message message like,negative
damn... sucks! sucks! unhappy,negative
tried resetting resetting everything,negative
still strict,negative
can't fix fix soon soon delay delay tomorrow tomorrow unhappy,negative
know really really upsets upsets me? me? stranger stranger internet internet satisfied satisfied entertainment entertainment provide,negative
hi! tried tried call call number number got got response response unhappy unhappy please please share share another another suitable suitable time time alternate alternate number.. number.. cont1,negative
want meet meet bad bad unhappy,negative
want please please unhappy,negative
memoriam alea alea starbridge starbridge unhappy unhappy beautiful beautiful voice voice never never forgotten.,negative
hawhaw crying,negative
dat? unhappy,negative
please read read unhappy,negative
miss much much unhappy,negative
sorry. one one bad bad egg egg embarrass embarrass rest. rest. unhappy,negative
want adult adult today.. today.. birthday birthday unhappy,negative
miss temperance temperance brennan brennan seeley seeley booth booth much much unhappy,negative
june 5 5 - - june june 16 16 unhappy,negative
[thinks tfp tfp soundwave soundwave forever forever trapped trapped void void realm] realm] unhappy,negative
get well well really really soon soon jack jack unhappy,negative
32- love love daughter daughter crying,negative
iiiii would would like like boook boook ! ! fuck fuck unhappy,negative
tired pretending pretending falling falling unhappy,negative
,negative
although little little late late sad,negative
picture unhappy,negative
wut totally totally missed missed bday bday unhappy unhappy happy happy belated belated birthday birthday sweetheart,negative
hope great,negative
love waaaaay waaaaay baby baby unhappy unhappy sweetest sweetest adorable adorable little little angel,negative
,negative
koalas dying dying thirst thirst us us unhappy,negative
year haha haha unhappy,negative
guys really really serious serious hope hope don%27t don%27t judge judge unhappy,negative
keep kenyans kenyans complaining,negative
.i can't can't believe believe fixed fixed yet,negative
can't believe believe customer customer service service goes,negative
aw younhappy younhappy miss,negative
aww trying trying cheer cheer unhappy,negative
famous sa sa facebook,negative
reality alone alone lonely lonely unhappy,negative
sorry stream stream yesterday,negative
cold unhappy unhappy see see feel feel today!,negative
wtf?! where's where's boring boring show show that's that's on?! on?! happen?? happen?? happens happens close close week. week. unhappy,negative
back matemticas matemticas unhappy,negative
yg sent sent mcd. mcd. want want see see holding holding trophy trophy unhappy unhappy anyways,negative
im hungry hungry unhappy,negative
can't draw draw naked naked women women crying,negative
hi ashish! ashish! update update regarding regarding concern concern number number switched switched unhappy unhappy please please share share another another suitable suitable time.. time.. cont1,negative
u blackmailed blackmailed unhappy,negative
aus alisha alisha unhappy unhappy imagine imagine things things could,negative
jongin asked asked members members whether whether eaten eaten felt felt wronged wronged ate ate without without unhappy,negative
instant message message cramping cramping sad,negative
hate losing losing online online friends friends unhappy unhappy cruel cruel people people deactivate deactivate unhappy,negative
guys please please help help retweet retweet unhappy,negative
pretty much much twitters twitters really really work work sad,negative
appropriate ones ones unhappy,negative
:'(( well,negative
least case case yet yet completely completely broken broken tho,negative
yours? unhappy,negative
nope unhappy,negative
miss temperance temperance brennan brennan seeley seeley booth booth much much unhappy,negative
don%27t surprised surprised see see cry cry today,negative
instant message message lot lot pain pain school school doesnt doesnt allow allow pain pain meds meds unhappy,negative
oh jeez. jeez. even even try try taking taking crack crack expected expected build build bad,negative
ha unhappy,negative
r.i.p victoria victoria wood wood heaven heaven knows knows miserable miserable unhappy,negative
fun night! night! sorry sorry missed missed last last night night unhappy unhappy really really need need sync sync calendars,negative
notice me? me? unhappy,negative
,negative
whats crazy crazy walked walked doors doors every every administration administration + + night.,negative
yet parents parents invest invest child's child's emotional emotional education education taking taking child child school school holiday holiday early early that's that's un,negative
yg sent sent mcd. mcd. want want see see holding holding trophy trophy unhappy unhappy anyways,negative
want orientation orientation unhappy,negative
,negative
yg sent sent mcd. mcd. want want see see holding holding trophy trophy unhappy unhappy anyways,negative
wish knock knock lang lang talaga talaga new new school school year year good good cooperative cooperative groupmates groupmates please please unhappy,negative
miss much much unhappy,negative
,negative
hi instant instant message message friend friend friend friend lang,negative
hindi close close friend? friend? unhappy,negative
inspiration aspects: aspects: fashion,positive
,positive
beauty personality. personality. :)kisses :)kisses thefashionicon,positive
apka apna apna awam awam ka ka channel channel frankline frankline tv tv aam aam admi admi production production please please visit visit likes likes share share :)fb :)fb page page :...,positive
beautiful album album greatest greatest unsung unsung guitar guitar genius genius time time - - met met great great backstage,positive
good luck luck rich rich riding riding great great project project sunday. sunday. donate?,positive
omg he... he... kissed... kissed... crying crying joy,positive
happy anniv anniv ming ming papi!!!!! papi!!!!! love love love love happy,positive
thanks happy,positive
c'mon tweeps,positive
join vote vote singer! singer! spread spread word. word. :d,positive
thanks great great review! review! smile,positive
yay another another art art raffle! raffle! everything everything need need know know picture picture :d,positive
hello hope hope visit visit luxor luxor amazing amazing city city egypt egypt pleas pleas check,positive
got vive vive tracker tracker office office intern,positive
went work.don't work.don't get get excited,positive
,positive
take look look favourites.io favourites.io happy,positive
go back back school school music! music! think think time time happy,positive
sixth spot spot applicable applicable team! team! higher higher pa! pa! :)kisses :)kisses thefashionicon,positive
thanks top top influencers influencers community community last last week week happy,positive
share love: love: thanks thanks top top new new followers followers week week happy happy want want this?,positive
retweet tweet tweet want want included included nhc nhc scrapbook!! scrapbook!! making making something something usern,positive
happy 420 420 happy happy pass pass followers!,positive
wants good good vibes? vibes? watch watch youtube youtube tv100 tv100 application application free free happy,positive
great work work lovely lovely place! place! thank thank havin,positive
nothing ever ever seems. seems. looks looks bad bad today,positive
blessing tomorrow tomorrow happy happy keep keep faith faith stirred stirred day!,positive
mmmmmmmm love love naughty naughty wives wives smile,positive
deserve vacation vacation happy,positive
never known known hard hard last last days days resist resist temptation temptation enter enter politics politics debates debates social social media media happy happy stood stood firm firm far,positive
summer salad salad inspiration inspiration bbq bbq smile,positive
hey thanks thanks top top new new followers followers week! week! much much appreciated appreciated happy happy want want ?,positive
post offer offer website website happy,positive
thanks top top new new followers followers - - great great week week happy,positive
prefer sharm sharm - - enjoy enjoy happy happy gouna gouna 20km 20km away away also also quite quite nice nice - - honestly honestly anywhere anywhere away away crazy crazy cairo,positive
sixth spot spot applicable applicable team! team! higher higher pa! pa! :)kisses :)kisses thefashionicon,positive
hey thanks thanks top top new new followers followers week! week! much much appreciated appreciated happy,positive
thanks recent recent follow. follow. much much appreciated appreciated happy,positive
thanks lala.. lala.. much much needed needed happy,positive
thanks connecting connecting passionate passionate - - hope hope like like tweets tweets happy,positive
,positive
keep smiling smiling happy,positive
said yesterday... yesterday... happy,positive
love bloggers bloggers love love us us much much happy happy thank thank amazing amazing review review perfect perfect glasses glasses h,positive
way make make sense sense crazy crazy edge edge cases cases idea idea sharing sharing revenue revenue offensive,positive
,positive
gentle reminder reminder tp tp guidelines guidelines happy happy please please read read spread. spread. thank thank you. you. happy happy kisses kisses thefashionicon,positive
,positive
cheeky :d,positive
smile true. true. someone someone recognised recognised contribution contribution fashion,positive
might dressed dressed bit bit better.,positive
sounds like like lot lot fun fun :d :d like,positive
,positive
jin spotted spotted everland everland today. today. nice nice see see break break us us tour tour happy,positive
nothing religious religious it. it. calling calling sexism. sexism. think think need need spell spell stand,positive
go back back school school music! music! think think time time happy,positive
theres one one thing thing want want change change . . last last name name happy happy aldubonly,positive
welcome brother brother happy,positive
thanks recent recent follow follow happy happy connect connect happy happy great great thursday.,positive
sone cant cant stream stream genie!you genie!you stream stream ty ty genie! genie! still still sharing sharing genie genie ids. ids. want,positive
dm us us happy,positive
spending time time dogs dogs animals animals great great helping helping relax relax de-stress. de-stress. great great idea idea happy,positive
new video video happy happy hope hope like like ithappy,positive
got interview interview poppin poppin happy happy $$$$$,positive
love tweetability! tweetability! like like reach reach opportunity! opportunity! could could hit hit us us email email happy,positive
thanks recent recent follow follow happy happy connect connect happy happy great great thursday.,positive
,positive
dm half half naked naked pictures pictures happy,positive
evet happy,positive
,positive
hope last last long long least least get get enjoy enjoy weekend. weekend. happy happy birthday birthday happy,positive
excited event event next next week week bangalore! bangalore! come come happy,positive
want win win pet pet chick chick happy happy simply simply follow follow retweet retweet chance chance win! win! winners winners selected selected sunday sunday 23rd. 23rd. go,positive
top retweeters retweeters week,positive
thank happy,positive
dope!! that's that's cool cool word. word. finally finally hip hip young young millenial millenial memers memers smile,positive
2nd cousin cousin vlad vlad !!!!! !!!!! maybe maybe thats thats message message hockey hockey g,positive
thanks recent recent follow follow happy happy connect connect happy happy great great thursday. thursday. (want (want this?,positive
earlier happy,positive
win weekend weekend late late gift,positive
ok? :d,positive
finally got got jinyoung jinyoung wipe wipe jaebum jaebum precious precious son son blocks blocks world world witness,positive
question 18! 18! make make sure sure use use tweets tweets replies replies happy,positive
credit also also goes goes ik ik happy,positive
accounts:them get get rekt! rekt! :d,positive
hey thanks thanks top top new new followers followers week! week! much much appreciated appreciated happy,positive
les videre videre happy,positive
,positive
friend egg,positive
congratulations david! david! well well done done mrs mrs v! v! welcome welcome jessica! jessica! happy,positive
tried new new hacks?! hacks?! **trying **trying dumb dumb life life hacks hacks 17**,positive
keep tweeting tweeting team. team. higher! higher! thank thank efforts. efforts. :)kisses :)kisses thefashionicon,positive
happy boys boys brighten brighten day day happy,positive
huge thank thank within within social social work work care care sectors! sectors! keep keep great great work work happy,positive
lunchtime flinthook! flinthook! game game much much personality personality :d,positive
ministers pmln pmln happy happy like like students students never never studied studied exams exams luckily luckily exams exams got got delayed. delayed. still still ha,positive
:d mom mom bit bit tired,positive
climax shot shot happy,positive
miss petite petite happy happy thursday thursday happy happy looking looking forward forward weekend?,positive
rt quote quote name name calligraphy calligraphy happy happy try try best best make make pretty!! pretty!! non non mutuals/mutuals mutuals/mutuals (ifb) (ifb) fl,positive
mutual: let's let's talk talk more!me: more!me: sure!mutual: sure!mutual: happy happy me:,positive
got th th add add sim sim ant ant possible possible thanks thanks happy,positive
want friend friend washington,positive
get dog. dog. :d,positive
congrats winner winner :d :d eyounji eyounji well well girl,positive
notice? killings killings rss rss / / bjp bjp workers workers another another southern southern state? state? cm cm dismantling dismantling xtian xtian infra infra munnar?,positive
hi please please rt rt pinned pinned post post happy,positive
video definitely definitely 30 30 minute minute episode episode longer.,positive
would love love win win gorgeous gorgeous nail nail polishes polishes :d! :d! cute,positive
jae celebrating celebrating sheena sheena easton easton triumphant triumphant opening opening night night 42nd 42nd street street west west end! end! happy,positive
happy belated belated birthday birthday :)another :)another duet duet amaal amaal much much needed,positive
titties fantastic. fantastic. kissy kissy kissy,positive
pls rt[nct rt[nct fic] fic] love love song,positive
goodevening happy,positive
ministers pmln pmln happy happy like like students students never never studied studied exams exams luckily luckily exams exams got got delayed. delayed. still still ha,positive
thanks retweets retweets week. week. much much appreciated appreciated happy happy want,positive
=thumbnail uhc= uhc= best best render render ever ever :dand :dand favs favs appreciated appreciated brosopinios brosopinios ?,positive
thanks notifying notifying us! us! updated updated add-on add-on plans plans accordingly accordingly happy,positive
cool! happy happy surrounds surrounds full full recovery.,positive
nice morning morning working working today. today. lovely lovely atmosphere,positive
friendly service,positive
,positive
comforting london london fog.,positive
,positive
great day day everyone everyone happy,positive
kiera's quest: quest: awakenings awakenings (kiera's (kiera's quest quest book book 1),positive
voted wolf's wolf's bite bite greenlight greenlight yet? yet? happy happy help help us us get get wolfie wolfie pigs pigs steam!,positive
go back back school school music! music! think think time time happy,positive
new thesis thesis another another genius.sir,positive
loved reply reply you. you. :d :d get get lost lost .,positive
birthday another another hours,positive
happy birthday birthday hoe! hoe! good good day,positive
love guess guess happy,positive
hard see see best best friend friend another another girl girl happy,positive
offer still still going going happy,positive
can't someone someone worst worst deserve deserve best best :)kisses :)kisses thefashionicon,positive
demit gocoh gocoh game game real real crying crying joy,positive
found use use sewable sewable led led holder holder happy,positive
select 14 14 award-winning award-winning laura laura taylor taylor romance romance ebooks,positive
excited things things coming coming future future happy happy things things going going great,positive
guys entertaining entertaining insightful... insightful... one one reasons reasons really really enjoying enjoying lpl lpl lot lot season season :d,positive
thats sounds sounds like like superbooth superbooth happy,positive
want learn learn choreo choreo ugly ugly body body says says crying crying joy,positive
share love love top top engaged engaged community community members members week! week! much much appreciated appreciated happy,positive
hi kylie,positive
looking forward forward visiting! visiting! picked picked great great day,positive
sun shining shining happy,positive
ok. please please read read replies replies this....,positive
right here.aren't here.aren't happy happy [x]???no. [x]???no. still still 'condition',positive
fla members members officers officers going going cebu cebu tomorrow tomorrow silence silence godbless godbless piss piss mga mga ante ante angkol! angkol! happy,positive
every like like ill ill post post answer answer smile,positive
maybe band band definitely definitely collab! collab! hi hi name name philip philip happy,positive
lego_group: legothursdays legothursdays jokersquad_swg jokersquad_swg legolandwindsor legolandwindsor sounds sounds like like lots lots fun! fun! happy,positive
friend would would like like brand brand new new strapback strapback hats hats 14.99,positive
yes smile,positive
mata_tytan: almightytanner: almightytanner: good good evening evening everyone everyone happy happy join join twitter twitter party party tonight. tonight. official official tagline:tann,positive
first attempts attempts bird bird photography. photography. :-)passer :-)passer domesticus. domesticus. surprising. surprising. wink,positive
people don%27t don%27t know know always always think think quiet. quiet. people people know know me. me. wish wish :)kisses :)kisses thefashionicon,positive
love p!,positive
rt: good good evening evening everyone everyone happy happy join join twitter twitter party party tonight. tonight. official official tagline:tanner tagline:tanner welcomebackph welcomebackph tmi,positive
oh yes yes happy,positive
hey robert robert rolih rolih thanks thanks follow! follow! coastal coastal living living mean mean you? you? reply reply photo photo :d,positive
ever australia! australia! :d :d love love vids. vids. lovo lovo youtube youtube :d,positive
opening lot!rt lot!rt likes likes would would laaaaaverly laaaaaverly :d :d .xxenjoy,positive
words never never missed missed articles articles happy,positive
tweet hits hits 1000 1000 getting getting rian rian holding holding sticker sticker too!!! too!!! click click tweet tweet sm,positive
bill nye nye answers answers science science questions questions twitter twitter | | wired,positive
today? happy,positive
ready next next fire fire lighting lighting session session - - keen keen early early birds birds already already smile,positive
go kisses!!... kisses!!... know know it..,positive
gets 70rts 70rts giveaway giveaway 5 5 minecraft minecraft accounts accounts origin origin account account randomly randomly people people retw,positive
hi mr. mr. yen! yen! signings signings new new york york day? day? great great role role model model happy,positive
cut one one kitchen kitchen experiments experiments happy,positive
wow made made js js compressor compressor actually actually checks checks scoped scoped variables variables existing. existing. turns turns issues issues happy happy linters linters may may useful useful happy,positive
week marilyn marilyn pops pops get's get's dirty dirty happy happy cum cum see!,positive
loool mad mad avoid avoid today today :d,positive
welcome thomas thomas happy happy kim,positive
look happy,positive
play year,positive
super impressed impressed got got musical musical mojo mojo back! back! thank thank much much happy,positive
watch mayward mayward fam!,positive
thinking same. same. know know cute cute happy,positive
sone cant cant stream stream genie!you genie!you stream stream ty ty genie! genie! still still sharing sharing genie genie ids. ids. want,positive
dm us us happy,positive
mythbuster/20 happy,positive
aha okay okay going going rough rough night night happy,positive
company photoshoot photoshoot fabulous fabulous photographer photographer happy happy look look determination determination (concrete (concrete shoes) shoes) get,positive
,positive
worked beautifully. beautifully. redesign redesign import import page page suit suit whole whole application application would would mak,positive
,positive
great day day today today happy,positive
come volunteer volunteer abbeydale abbeydale picture picture house! house! next next wednesday...,positive
farnell fursday fursday isn%27t isn%27t happy happy meet meet tax tax pounds pounds happy,positive
here's one one rolls rolls 'poundland' 'poundland' film! film! (a (a store store sells sells products products 140.) 140.) here's here's dx,positive
thanks recent recent follow follow happy happy connect connect happy happy great great thursday.,positive
thanks :d,positive
love them! them! get get some? some? smile,positive
opening lot!rt lot!rt likes likes would would laaaaaverly laaaaaverly :d :d .xxenjoy,positive
spending night night talking talking beloved beloved ???perfect.i ???perfect.i love love man! man! happy,positive
.is winner winner donation donation giveaway,positive
answer yoyour yoyour steam steam trade trade link link ill ill send send right right away away :d,positive
recent follow. follow. much much appreciated appreciated happy happy want want this?,positive
think probably probably beyond beyond repair repair sounds sounds tea tea etiquette etiquette happy,positive
.- layout- layout- btob btob happy,positive
still looking looking one one happy,positive
sydney tomorrow,positive
byron 3 3 weeks,positive
hobart 7 7 weeks. weeks. lots lots look look forward forward happy,positive
,positive
new job job starts starts weeks! weeks! :d,positive
people internet internet asses asses annoyance annoyance here's here's positivity positivity you. you. love love art!!! art!!! :d :d pretty!!,positive
best community community gathering gathering coming coming up! up! full,positive
here's part part happy,positive
mutual: let's let's talk talk more!me: more!me: sure!mutual: sure!mutual: happy happy me:,positive
happy birthday birthday megan megan happy,positive
wandering around,positive
popping store,positive
owner told told (as (as article) article) smile,positive
see one? one? happy happy transitional transitional piece piece // // chiffon chiffon dress,positive
sixth spot spot applicable applicable team! team! higher higher pa! pa! :)kisses :)kisses thefashionicon,positive
thank crew crew happy,positive
little video video made made love love life,positive
minute yoongi~watch yoongi~watch 'til 'til end end free free cookie cookie happy,positive
let know know like like one one happy,positive
know really really love love lot?not lot?not support support comments,positive
also support support other!,positive
,positive
,positive
keep smiling smiling happy,positive
nothing could could better better happy,positive
inspiring crying crying joy,positive
instant message message fine fine yoo,positive
thank happy,positive
day! better better way way spend spend sunny sunny day day drinks drinks shore shore happy,positive
suppose waiting waiting happy,positive
aww hating hating got got sponsored,positive
childish commando commando happy,positive
definitely looking looking :/ :/ gave gave try try anyway anyway happy,positive
one backward backward cap,positive
please! :d| :d| kenbie,positive
blessing first first day day april april happy,positive
helloo :d :d (keep_smiling_y),positive
contribution ( ( posted posted tumblr tumblr ago ago crying crying joy joy ),positive
happy birthday birthday chopin chopin style style - - piano piano improvisation,positive
,positive
problem affecting affecting webmail webmail itself. itself. accessing accessing email email applications applications works works fine fine happy happy ^mkl,positive
best happy,positive
now? happy,positive
enter win win 1 1 boxes boxes highly highly anticipated anticipated books! books! 6 6 books books box! box! open open int int happy,positive
congratulation world world happy,positive
helloo :d :d mr mr drippy drippy (callmeergan),positive
good crying crying joy joy love love much,positive
wow awesome awesome gog! gog! thanks thanks happy,positive
anybody need need motion motion design design animation animation help? help? available available happy,positive
yes!!! neil neil gaiman gaiman life! life! :d,positive
last event event chapter chapter 1,positive
invited 24 24 people people propose propose visions visions future. future. jom jom happy,positive
exaseetly what's what's happening happening tn tn politisees. politisees. get get bjp bjp tn. tn. game game different.,positive
,positive
don%27t know know doesnt doesnt seem seem fair fair me..two me..two one one happy,positive
helloo :d :d braids! braids! (keyrazygirl15),positive
thank mama mama bear! bear! ang ang ganda ganda mo mo happy,positive
,positive
really out. out. happy,positive
helloo :d :d kesh kesh (mzkeshnj),positive
used. stats stats care care motivation motivation happy,positive
kind jealous jealous laughs laughs ny ny fault fault working working hard hard happy,positive
appreciate recent recent retweets retweets great great thursday thursday happy,positive
stay ? ? go go ? ? nobody nobody knows knows happy,positive
helloo :d :d mack. mack. (macktimus),positive
ladies! - - tell tell yoyoyou yoyoyou play play golf. golf. wyoyoyoud wyoyoyoud make make yoyoyou yoyoyou want want play? play? top top 3 3 reasons reasons yoyoyou yoyoyou play? play? heyjyoyoyoude66info,positive
thanks week,positive
much appreciated appreciated happy,positive
nearly done done now! now! thanks thanks everyone everyone joining joining hope hope see see time time next next thursday thursday happy,positive
oh feel feel 10 10 gems gems :d,positive
helloo :d :d chammy chammy (shamirakay),positive
good luck luck rich rich riding riding great great project project sunday. sunday. donate?,positive
friend. smile,positive
rt: almightytanner: almightytanner: good good evening evening everyone everyone happy happy join join twitter twitter party party tonight. tonight. official official tagline:tanner tagline:tanner welcomeb,positive
amazing stuff!!! stuff!!! thansk thansk happy happy birth birth control control - - gamma gamma ray ray (1972),positive
noted sir,positive
bus bangsar bangsar heading heading awan awan besar. besar. good good day day happy,positive
thanks recent recent follow follow happy happy connect connect happy happy great great thursday. thursday. want,positive
helloo :d :d best best damn damn avocado avocado (batsyy_),positive
lets agree agree put put brain brain knees knees crying crying joy,positive
wish smile,positive
everyone getting getting punched punched :d,positive
welcome germany germany then. then. authority authority welcome welcome countries countries though! though! happy,positive
better oldschool oldschool crying crying joy joy rs3 rs3 equals equals aids aids 3,positive
nothing could could better better happy,positive
please beautiful beautiful princess princess help,positive
give little little happy,positive
always running running space space phone,positive
thank kpop kpop crying crying joy,positive
one one one allah allah ease ease problem problem . . lot lot thanks thanks crying crying joy,positive
thank sharing sharing happy,positive
nothing could could better better happy,positive
hopefully ok ok happy happy charts charts look look bad bad moment moment depends depends tides tides directions,positive
,positive
soon :' :' need need much much crying crying joy joy {} {} need need kaswa kaswa :',positive
laksa make make okaay okaay crying crying joy joy need need laksa,positive
helloo :d :d car car fox fox (ror925),positive
thanks connecting connecting passionate passionate - - hope hope like like tweets tweets happy,positive
mutual: let's let's talk talk more!me: more!me: sure!mutual: sure!mutual: happy happy me:,positive
wants good good vibes? vibes? watch watch youtube youtube tv100 tv100 application application free free happy,positive
,positive
,positive
all! roy roy dahildahil,positive
co-founder moderating moderating tonights tonights tweetchat. tweetchat. happy,positive
sone cant cant stream stream genie!you genie!you stream stream ty ty genie! genie! still still sharing sharing genie genie ids. ids. want,positive
dm us us happy,positive
enjoy happy,positive
happy thursday thursday loves!! loves!! happy,positive
good morning morning peady,positive
need direct direct coffee coffee feed feed starbucks starbucks happy,positive
better check,positive
thanks recent recent follow follow happy happy connect connect happy happy great great thursday. thursday. want,positive
ummm announced announced new new show show buffalo! buffalo! ask ask opener! opener! happy,positive
world big. big. big big problems problems worries worries take take world. world. much much smile smile happy,positive
friday conference conference us us go go dinner dinner favourite favourite smile,positive
follow saga saga diary diary year's year's worth worth saga saga pens pens :)tcs,positive
im done done trying trying take take men men seriously seriously happy,positive
top high high value value members members week week happy,positive
okay happy,positive
little fans. fans. - - happy,positive
here's full full art art glyph glyph keeper keeper mummy mummy token. token. interested interested hitting hitting ebay ebay tonig,positive
seokjinie went went everland everland today~ today~ guess guess forgot forgot idol,positive
good happy,positive
welcome happy,positive
saying read read book book today,positive
telling read read book book today. today. knowledge knowledge power. power. knowledge knowledge growth. growth. kee,positive
game move move camera camera happy,positive
veronice jughead! jughead! happy,positive
oh god god raining raining live live crying crying joy joy stop stop omg omg wanna wanna cuddle,positive
hehe take take care care andy andy friend friend happy,positive
vocal coach coach ig ig post:,positive
hold frowns frowns used used new new application application - - made made team! team! happy,positive
love ben ben sleeps sleeps get get watch watch programmes programmes want want netflix netflix without without interruption interruption !!!! !!!! happy,positive
thanks happy,positive
nothing could could better better happy,positive
thank crew crew happy,positive
someone asked asked hows hows life? life? smiled smiled replied,positive
shes fine fine :)kisses :)kisses thefashionicon,positive
yeaaaah! alpha alpha invitation invitation well well received received happy,positive
good luck luck swampy swampy happy,positive
feeling bad bad - - buy buy new new book book get get engrossed engrossed new new world world happy,positive
may go go away away happy,positive
april really really really really bloody. bloody. proud proud boys boys crying crying joy,positive
smiled today? today? never never forget forget smile smile happy,positive
,positive
gott happy,positive
nothing could could better better happy,positive
guys. read read least. least. crying crying joy,positive
hope louis louis gets gets time time wants wants comes comes back back fresh fresh happy happy happy,positive
yes that! that! happy,positive
famfrit people people happy,positive
,positive
,positive
sloths great? great? good good un-unthinkable un-unthinkable picture? picture? dug dug mysel,positive
thanks much much appreciated appreciated happy happy magic,positive
way home home happy happy happy happy si si noah noah sa sa skyranch,positive
thanks recent recent follow follow happy happy connect connect happy happy great great thursday. thursday. want,positive
made video video improving improving line line work work youtube,positive
things like like happy,positive
client work work rt rt favorite favorite happy,positive
everything choice choice happy,positive
awesome! makes makes good good nurse nurse maid,positive
huh? happy,positive
thanks recent recent follow follow happy happy connect connect happy happy great great thursday.,positive
thanks top top engaged engaged community community members members week week happy happy - - try,positive
thanks recent recent follow follow happy happy connect connect happy happy great great thursday.,positive
funny happy,positive
1st day day ja ja entertainment's entertainment's marathi marathi film film savita savita damodar damodar paranjpe paranjpe big big fan fan story. story. finally finally get,positive
good day day hey. hey. happy,positive
mutual: let's let's talk talk more!me: more!me: sure!mutual: sure!mutual: happy happy me:,positive
surround positivity positivity happy,positive
still live!,positive
gst brain brain child child modiji modiji happy happy perfect!,positive
also makes makes beautiful beautiful art art (my (my biggest biggest inspo) inspo) sale sale anyone anyone interested interested happy,positive
thanks recent recent follow follow happy happy connect connect happy happy great great thursday. thursday. want,positive
thanks up-voting up-voting us us ph ph happy,positive
,positive
might cost cost $3 $3 month!!!! month!!!! happy,positive
great see see buddy buddy nicest nicest dude dude world. world. keep keep killing killing brother brother happy,positive
bronchitis love love happy,positive
thanks recent recent follow follow happy happy connect connect happy happy great great thursday. thursday. want,positive
20% knight knight day day jewellery jewellery ends ends sunday-why sunday-why pick pick something something nice,positive
bank job,positive
coming soon soon screen screen near near you.,positive
157 days days go go happy,positive
going go go meet meet andrew andrew lunch lunch back back :30,positive
upstairs right right happy,positive
also signing signing session session qian qian liu liu jared jared wright wright last last performance performance onegin? onegin? share,positive
happy birthday,positive
bram stoker. stoker. can't can't wait wait show show bronze bronze soon. soon. happy,positive
tweet meant meant article article happy,positive
send people people bunny bunny pics,positive
let know know happy,positive
thanks top top engaged engaged community community members members week week happy happy (want (want ?,positive
aspiring developer developer near near krakw krakw excellent excellent opportunity. opportunity. even even pay pay interns interns happy,positive
thankfully chop,positive
arrived back back little little tipper tipper lorry lorry smile,positive
prepare inspired! inspired! happy,positive
ready now! now! one one 9 9 week week old old chocolate chocolate female female puppy puppy harlowe harlowe x x sterling! sterling! happy happy girl girl sweetheart sweetheart a...,positive
said see see concerns. concerns. assure assure sir sir hinduism hinduism stay stay dharma,positive
super can't can't wait wait happy,positive
notice anything anything unusual? unusual? happy happy birthday birthday lovely lovely frooty! frooty! happy,positive
rose come come him! him! really really enthusiast enthusiast :-d :-d using using much much may! may! :-)~~~,positive
thanks follow follow happy happy help help business business anyway anyway please please get get touch,positive
thanks recent recent follow follow happy happy connect connect happy happy great great thursday.,positive
.a scan scan tumblr tumblr happy,positive
new upcoming upcoming heroes heroes revealed! revealed! wukong,positive
dragon more! more! omg omg :d,positive
never happened happened happy,positive
awesome recommendation recommendation jess! jess! listened,positive
thanks b b happy,positive
,positive
got message message happy,positive
that's kaki kaki tane tane amazing! amazing! foyound foyound place place germany germany import import it! it! :d,positive
breaks first first practice practice exam exam happy,positive
made dinner dinner two two tonight tonight happy,positive
share love love top top engaged engaged community community members members week! week! much much appreciated appreciated happy,positive
know exactly exactly talking talking happy,positive
thanks recent recent follow follow happy happy connect connect happy happy great great thursday. thursday. want want ?,positive
shihaaaa help help bishie bishie hunttt hunttt equals equals ^ ^ equals equals ),positive
puzzle pieces pieces [64]rt [64]rt like like next next please please :){20 :){20 rts,positive
30 likes?} likes?} hehe,positive
dropped follow follow twitch twitch happy,positive
many cool cool games games updates updates release release today. today. happy,positive
terrible live live world world address address anticipated anticipated criticism criticism thoughts thoughts first? first? happy,positive
,positive
chaged best best singto. singto. please,positive
cheer new new administrator administrator team. team. happy,positive
seems like like black black lingerie lingerie picture picture happy,positive
thanks top top engaged engaged community community members members week week happy happy want,positive
good morning! morning! hope hope slept slept well~ well~ happy,positive
never happened happened happy,positive
lot games games month? month? :d,positive
everything anything anything days,positive
book cars cars service service swards swards tommorow tommorow :d,positive
thanks feedback! feedback! it' it' starting starting phase,positive
figures happy,positive
pop request request assassin assassin shower shower gel? gel? happy,positive
mutual: let's let's talk talk more!me: more!me: sure!mutual: sure!mutual: happy happy me:,positive
looking forward forward this. this. come come see see us! us! booth booth going going right right center center field. field. happy,positive
thanks lot,positive
check happy,positive
well fun. fun. thanks thanks stopping stopping giving giving shit shit tonight tonight fellas fellas :d :d much much love. love. feelsgoodman,positive
kills crying crying joy,positive
see next next tweet! tweet! 5 5 different different things things keeping keeping calm,positive
list want want happy,positive
thanks recent recent follow,positive
much appreciated appreciated happy happy want want ?,positive
people write write joke joke religion religion online.*joke**just online.*joke**just joking joking guys,positive
offence :)** :)** want want hurt hurt anyone.,positive
thanks recent recent follow follow happy happy connect connect happy happy great great thursday. thursday. want,positive
yet! maybe maybe year year happy,positive
hey thanks thanks top top new new followers followers week! week! much much appreciated appreciated happy happy want want ?,positive
jack finn finn harries harries crying crying joy,positive
think understand understand much much stream stream would would mean mean happy happy even even make-do,positive
would awesome.,positive
stress mariana,positive
beetle done done joins joins wall-e,positive
mini campervan campervan happy,positive
stats day day arrived. arrived. 1 1 new new follower follower unfollowers unfollowers happy happy via,positive
didnt save save happy happy going going re-color,positive
share love: love: thanks thanks top top new new followers followers week week happy,positive
thanks recent recent follow follow happy happy connect connect happy happy great great thursday. thursday. want,positive
considered asking asking came came from. from. :d,positive
thanks notice notice greetings greetings : : jossetted'hermanni,positive
thanks recent recent follow. follow. much much appreciated appreciated happy happy (want (want magical!,positive
thank much much friend friend smile smile xx,positive
worship spoil spoil happy,positive
stats day day arrived. arrived. 1 1 new new follower follower unfollowers unfollowers happy happy via,positive
superstar thanks thanks much much kind kind words! words! look look forward forward seeing seeing soon soon buddy buddy smile,positive
new second second home home coming coming soon! soon! :d,positive
used like like neighbours,positive
put password password wi-fi wi-fi :)kisses :)kisses thefashionicon,positive
still syoure syoure ? ? :d,positive
thanks recent recent follow. follow. much much appreciated appreciated happy happy want want ?,positive
hi cham,positive
updates batch batch 1 1 army army bomb bomb v2? v2? happy,positive
happy 27 27 million million keep keep happy happy 71 71 million million close close another another 100m,positive
photoblogged! happy happy re-using re-using old old locations,positive
mutual: let's let's talk talk more!me: more!me: sure!mutual: sure!mutual: happy happy me:,positive
new video!stream video!stream montage montage - - finally finally unboxed unboxed spectrum spectrum knife knife :)hope :)hope like like it! it! here:,positive
minah starts starts crying crying fans fans yura yura hyeri hyeri make make laugh laugh cheer cheer up.. up.. can't can't crying crying joy,positive
stats week week arrived. arrived. 1 1 new new follower follower unfollowers unfollowers happy happy via,positive
ready 420 420 happy,positive
fat ass ass girl girl fat fat fetish760 fetish760 hot hot videos videos online,positive
thanks recent recent follow. follow. much much appreciated appreciated happy happy - - sent,positive
said silence silence morgan morgan freeman's freeman's voice voice happy,positive
thank happy,positive
eat steak steak well well done done please please unfollow unfollow happy,positive
hows quintly quintly trial trial happy happy ?,positive
life about. about. enjoy enjoy happy,positive
stats week week arrived. arrived. 1 1 new new follower follower unfollowers unfollowers happy happy via,positive
lips though,positive
exaseetly what's what's happening happening tn tn politisees. politisees. get get bjp bjp tn. tn. game game different.,positive
,positive
crazy easter! easter! donkey donkey insane! insane! seriously seriously crazy crazy haha!,positive
morning. coffee coffee time time happy,positive
thanks recent recent follow. follow. much much appreciated appreciated happy happy want want ?,positive
thanks recent recent follow. follow. much much appreciated appreciated happy happy want,positive
would love love guest guest podcast podcast sometime!!! sometime!!! 15 15 minute minute smile smile interested???,positive
kissward tagline:tweet tagline:tweet us us pans pans :)noonecanstop :)noonecanstop kissward,positive
thank crew crew happy,positive
love six six pack pack much,positive
protect layer layer fat fat :)kisses :)kisses thefashionicon,positive
share love: love: thanks thanks top top new new followers followers week week happy,positive
share love love - - high high value value members members week week happy,positive
looks could could kill......... kill......... smile,positive
station check. check. happy happy surely surely combination combination 0xx-xxx-x938 0xx-xxx-x938 0xx-9,positive
nothing moves moves faster faster girl girl untagging untagging ugly ugly picture picture :)kisses :)kisses thefashionicon,positive
too. smile,positive
great happy,positive
happy 10th 10th wedding wedding anniversary anniversary aishwarya aishwarya rai-abhishek rai-abhishek bachchan bachchan happy,positive
swanmen setting setting up! up! pablo pablo waiting waiting news news happen happen happy,positive
thanks up-voting up-voting us us ph ph happy,positive
hiii. . . gentleman gentleman commander commander (bryannousaurus) (bryannousaurus) happy,positive
thanks recent recent follow follow happy happy connect connect happy happy great great thursday.,positive
joo okay okay happy,positive
close animation animation 3i 3i post post second second part part soon! soon! happy,positive
don%27t spam spam way,positive
reply tweets?? tweets?? like like followers followers do.....this do.....this pointless,positive
thanks recent recent follow. follow. much much appreciated appreciated happy happy want want ?,positive
hiii. . . reece reece (reeceboast) (reeceboast) happy,positive
alaye give give iphone7 iphone7 dollars dollars birthdaydo birthdaydo normal normal abeg,positive
thanks recent recent follow. follow. much much appreciated appreciated happy happy get,positive
superstar thanks thanks much much kind kind words! words! look look forward forward seeing seeing soon soon buddy buddy smile,positive
naeem bokhari bokhari says... says... mian mian gone gone !! !! cute cute nb nb happy happy ns ns ugly ugly evil.,positive
that's insane! insane! good good luck luck that! that! took took yesterday yesterday afternoon. afternoon. :d,positive
told lately lately olive olive juice? juice? :d,positive
updated text text video video intro intro drawing drawing line line tool tool paint paint tool tool sai. sai. happy,positive
- thanks thanks top top engaged engaged community community members members week week happy happy grow grow followers,positive
.thanks happy,positive
hate people people steal steal ideas,positive
think :)kisses :)kisses thefashionicon,positive
given custom custom console console bundle bundle giveaway! giveaway! happy happy tweet tweet following following enter! enter! ends,positive
give one one every every student student myswlf myswlf happy,positive
mention it! it! :d,positive
episode two two crying crying joy,positive
surprised use use adblocker! adblocker! happy,positive
wanted say say thank thank following,positive
really appreciate appreciate it. it. hope hope brilliant brilliant day day happy,positive
happy 4/20 4/20 :)i'm :)i'm drug drug free free never never smoked smoked weed weed before.,positive
mutual: let's let's talk talk more!me: more!me: sure!mutual: sure!mutual: happy happy me:,positive
blocked christensen.another christensen.another notch notch belt. belt. happy,positive
91% favour favour unelectable unelectable jeremy jeremy corbyn corbyn happy,positive
best advice advice blogging. blogging. happy,positive
teaser coming coming today today 4pm!story,positive
music direction direction favourites,positive
aw bcc bcc pride pride prom prom kind kind want want go go happy,positive
school taught taught us us anything,positive
texting without without looking looking :)kisses :)kisses thefashionicon,positive
good morning morning messages messages never never fail fail make make smile smile happy,positive
thanks recent recent follow. follow. much much appreciated appreciated happy happy want,positive
sap also also use,positive
shoutout donation. donation. looks looks like like streaming streaming stanley stanley parable parable later later happy,positive
unfollowing bye bye happy,positive
thank 2k 2k likes likes banner banner project project happy,positive
hi :d :d retweet retweet follow!!!,positive
? news news ? ? :d,positive
efforts pay pay off... off... happy,positive
pressure happy,positive
happy bday bday midawgdarnizlle midawgdarnizlle love love long long time time happy happy thanks thanks best best friend friend forever forever attempting attempting travel travel road,positive
fri thu? thu? going going friday friday showing showing :d,positive
thinking want want go go school school suddenkyfeeling suddenkyfeeling good good happy,positive
don%27t :)),positive
tonight 7pm,positive
treaty could could provide provide security/ security/ tech tech culture culture development development happy,positive
thanks recent recent follow follow happy happy connect connect happy happy great great thursday. thursday. get,positive
goodies spotted! spotted! :d,positive
another great great day day westhoughton,positive
delivering conservative conservative message message strong strong stable stable leadership. leadership. happy,positive
morning happy,positive
south issues,positive
going see see what's what's speak speak people people live live near near see see use use happy,positive
trying bank bank sleep sleep week week happy happy doubt doubt able able sleep sleep friday friday saturday saturday night,positive
understand....i silly silly shit shit like like make make friends friends smile smile happy,positive
,positive
guess good good thing thing bring bring right right foreground foreground put put right right face,positive
thanks recent recent follow. follow. much much appreciated appreciated happy happy want,positive
know think? think? look look exceptional exceptional new new mum,positive
tum still still like like 20yrs 20yrs on. on. happy,positive
prime minster minster pakistan pakistan ? ? nawaz nawaz sharif sharif hahahahah hahahahah happy happy sorryuncle,positive
sure happy,positive
agreed! feel feel like like skipped skipped many many css/design css/design fundamentals. fundamentals. spending spending next next couple,positive
hey thanks thanks top top new new followers followers week! week! much much appreciated appreciated happy,positive
random twitch twitch happy,positive
good morning morning every every one,positive
order ever ever want want eat eat website.may website.may great great day day happy,positive
thanks recent recent follow. follow. much much appreciated appreciated happy happy get,positive
would great great trick trick happy,positive
omg happy!! happy!! new new video video bigbang bigbang babies babies happy,positive
happy birthday birthday ! ! happy happy hope hope good good one,positive
one happy,positive
totoo po? po? waaahhh waaahhh may may heart!!! heart!!! heart heart everywhere everywhere happy happy love,positive
good morning morning every every one,positive
order ever ever want want eat eat website.may website.may great great day day happy,positive
thank much much sir sir happy happy please please watch watch film film call call happy,positive
thanks! happy,positive
happy hope,positive
real subs subs here's here's link link video video happy,positive
opening sentences sentences happy,positive
rt 50 50 ffs-rt ffs-rt pinned pinned tweet!!-be tweet!!-be patient patient -legiiiiiiit-no -legiiiiiiit-no saved saved accounts accounts happy,positive
thanks top top engaged engaged community community members members week week happy happy want want ?,positive
jem dark dark star star orianna orianna splash splash assistance assistance alex! alex! :d :d done done lots lots splash splash updates,positive
check as:,positive
gippy grewal grewal online online twitter twitter 3 3 pm,positive
type ask ask anything anything like like happy happy aa aa jao,positive
hi guys! guys! :)we're :)we're looking looking bartenders/mixologists bartenders/mixologists work work us us upcoming upcoming event. event. dm dm us,positive
thanks recent recent follow follow happy happy connect connect happy happy great great thursday.,positive
thanks recent recent follow follow happy happy connect connect happy happy great great thursday.,positive
physics 80 80 formulas formulas memorize memorize ha.ha.ha ha.ha.ha happy,positive
grateful mom mom giving giving birth birth abort abort crying crying joy,positive
thanks recent recent follow follow happy happy connect connect happy happy great great thursday.,positive
nailed it!!!!! it!!!!! brought brought tears tears eyes,positive
got goosebumps,positive
beautiful set,positive
perfect dress,positive
,positive
ah awesome! awesome! pixel pixel art art stuff stuff chance? chance? happy,positive
share love love top top engaged engaged community community members members week! week! much much appreciated appreciated happy,positive
,positive
please! watch watch afl afl anzac anzac game game tuesday! tuesday! big big tradition tradition love love sport! sport! happy,positive
another day! day! good good morning!! morning!! april april 20,positive
2017 07:00am!! 07:00am!! kamusta? kamusta? forget forget eat eat breakfast breakfast guys! guys! happy,positive
yess crying crying joy,positive
home run run !!!! !!!! yes yes charlie charlie game game happy,positive
say vuca,positive
say tuna tuna happy,positive
thanks recent recent follow follow happy happy connect connect happy happy great great thursday. thursday. (want (want this? this? free!,positive
? happy,positive
good morning morning every every one,positive
order ever ever want want eat eat website.may website.may great great day day happy,positive
happy 16th 16th birthday birthday bff! bff! may may 15 15 half half take take places places happy happy great great birt,positive
thank happy,positive
thanks recent recent follow follow happy happy connect connect happy happy great great thursday. thursday. want,positive
good morning morning every every one,positive
order ever ever want want eat eat website.may website.may great great day day happy,positive
,positive
congratulations you. you. happy,positive
,positive
none crying crying joy,positive
thanks recent recent follow follow happy happy connect connect happy happy great great thursday. thursday. want want ?,positive
here's brutally brutally respectable respectable suit... suit... enjoy enjoy happy happy contrast contrast appreciate appreciate mo,positive
,positive
let know! know! :-)(i'm :-)(i'm champion!!!!!)elder champion!!!!!)elder lenore lenore a. a. artisministries...,positive
great songs songs happy happy favourtie favourtie member? member? x,positive
thanks recent recent follow follow happy happy connect connect happy happy (want (want this? this? free!,positive
charge experience experience muna muna happy,positive
superstar thanks thanks much much kind kind words! words! look look forward forward seeing seeing soon soon buddy buddy smile,positive
.thanks much much rt,positive
groovy thursday! thursday! happy,positive
stats day day arrived. arrived. new new followers followers unfollowers unfollowers happy happy via,positive
melbourne please please happy,positive
thanks recent recent follow follow happy happy connect connect happy happy great great thursday. thursday. get,positive
thanks recent recent follow follow happy happy connect connect happy happy great great thursday.,positive
would great great trick trick happy,positive
goal today today happy happy i%27m i%27m going going accomplish,positive
kids versus versus legends legends crying crying joy,positive
happy birthday birthday nimesh!!! nimesh!!! happy,positive
good morning,positive
mike. blessings blessings you. you. happy,positive
thank happy,positive
facials happy,positive
keep awake awake happy,positive
hello everyone,positive
great thursday! thursday! looking looking forward forward reading reading tweets tweets happy happy want want ?,positive
,positive
val reggie reggie screentime screentime riverdale riverdale half half bad bad happy,positive
thanks recent recent follow follow happy happy connect connect happy happy great great thursday. thursday. want,positive
national bitbucket bitbucket unfriending unfriending day day save save $2 $2 smile,positive
share love: love: thanks thanks top top new new followers followers week week happy,positive
mutual: let's let's talk talk more!me: more!me: sure!mutual: sure!mutual: happy happy me:,positive
hi carlo! carlo! okay okay nmn. nmn. howdy? howdy? happy,positive
chibis though!!' though!!' :d,positive
waiting jail jail break break happy,positive
rt 13 13 ffs-it's ffs-it's much much free-legit-free free-legit-free follow follow first first get get quicker-be quicker-be patient patient g,positive
hi guys,positive
great thursday! thursday! looking looking forward forward reading reading tweets tweets happy happy (want (want this? this? free!,positive
man happy,positive
chub bun bun easter! easter! happy happy easter! easter! name name almond! almond! :d,positive
pork pies pies happy,positive
chub bun bun easter! easter! happy happy easter! easter! name name almond! almond! :d,positive
thank much much smile,positive
generous support support integral integral part part happy happy thank thank like!!,positive
go smile,positive
naeem bokhari bokhari says... says... mian mian gone gone !! !! cute cute nb nb happy happy ns ns ugly ugly evil.,positive
thanks top top engaged engaged community community members members week week happy happy - - sent,positive
abc news news got got ahold ahold asked asked could could use use seconds seconds coming coming video video transgender transgender special special f,positive
thanks sharing sharing happy,positive
thanks recent recent follow follow happy happy connect connect happy happy great great thursday. thursday. want,positive
still bedroom bedroom scared scared going going happy,positive
amazing work work :d,positive
thanks recent recent follow,positive
much appreciated appreciated happy happy want,positive
hi ! ! want want speak speak business business partnership. partnership. happy,positive
thanks recent recent follow follow happy happy connect connect happy happy great great thursday.,positive
thank much much willow! willow! helped helped ring ring birthday birthday amazing amazing stream stream last last night night :d,positive
another great great song song listen. listen. good! good! may may well well like like happy,positive
follow happy,positive
a7atein one one 'a7a' 'a7a' enough enough ({}) ({}) :d,positive
tats! question question happy,positive
another great great song song listen. listen. good! good! may may well well like like happy,positive
,positive
can't wait wait revealing revealing qa's. qa's. happy,positive
soup sandwiches sandwiches slow slow cooked cooked pork,positive
lovely lunch lunch menu menu sure sure please! please! smile,positive
awww yeah yeah :d,positive
sad life life must,positive
getting 70k,positive
still rich rich - - try try getting getting life,positive
instead money,positive
say :d,positive
hello everyone,positive
great thursday! thursday! looking looking forward forward reading reading tweets tweets happy happy want,positive
happy birthday birthday good good day day happy,positive
thanks recent recent follow follow happy happy connect connect happy happy great great thursday.,positive
,positive
get professional professional one,positive
would great great trick trick happy,positive
that's say say end end videos videos liked,positive
give like like happy happy choice! choice! :d,positive
thank happy,positive
reading hope hope something something great great happens happens smile,positive
thanks recent recent follow follow happy happy connect connect happy happy great great thursday.,positive
rt indirect indirect happy,positive
client work work rt rt favorite favorite happy,positive
want follow follow back? back? tweet tweet will. will. happy,positive
website since since long long happy,positive
friendly reminder reminder enjoy enjoy movie movie television television show show without without trash trash another another happy,positive
help made made sent sent starters starters p1q3. p1q3. open open suggestions suggestions improve improve happy,positive
hello 1372 1372 followers followers - - thank thank much much following! following! love love read read tweets tweets happy happy want want ?,positive
thanks recent recent follow follow happy happy connect connect happy happy great great thursday.,positive
thanks top top engaged engaged community community members members week week happy happy want want this?,positive
happy 420 420 everyone everyone happy,positive
happy birthday birthday cyoutest/fyounniest cyoutest/fyounniest l l know know :')have :')have good good day day coreo coreo boreo,positive
congrats! :d,positive
mmmm... blood blood enemies... enemies... happy,positive
thanks recent recent follow follow happy happy connect connect happy happy great great thursday. thursday. want want ?,positive
know vearey vearey moving. moving. twisty! twisty! aaree,positive
tell us us happy,positive
share love: love: thanks thanks top top new new followers followers week week happy happy want,positive
seokjinie went went everland everland today~ today~ guess guess forgot forgot idol,positive
good happy,positive
beautiful day day happy,positive
congrats :d,positive
sone cant cant stream stream genie!you genie!you stream stream ty ty genie! genie! still still sharing sharing genie genie ids. ids. want,positive
dm us us happy,positive
25x25? go go first first happy,positive
tickets available available 401 401 festival festival running running 2017,positive
find sign,positive
happy thursday*,positive
shit short short :)*thanks :)*thanks friend friend maddy,positive
road destination destination . . driving driving hope hope find find place place like like stay,positive
,positive
thanks retweets retweets week. week. much much appreciated appreciated happy happy want want this? this? free!,positive
first happy,positive
good luck luck happy,positive
update: got got :d,positive
thanks smile smile much much better better today today thanks thanks message.,positive
real time time happy,positive
many thanks,positive
anne! happy,positive
saying read read book book today,positive
telling read read book book today. today. knowledge knowledge power. power. knowledge knowledge growth. growth. kee,positive
lolo bin bin fucking fucking mental mental screenshot screenshot :d :d haha,positive
texts doing? doing? happy happy got got issue!,positive
hey thanks thanks top top new new followers followers week! week! much much appreciated appreciated happy,positive
hi han,positive
follow dm dm us us able able assist assist you. you. chris chris happy,positive
thanks recent recent follow follow happy happy connect connect happy happy great great thursday. thursday. want want ?,positive
awesome-- two two fill-ins fill-ins week week happy,positive
maayos didn%27t didn%27t ang ang lahat lahat happy happy lets lets give give space space time time happy,positive
notice? killings killings rss rss / / bjp bjp workers workers another another southern southern state? state? cm cm dismantling dismantling xtian xtian infra infra munnar?,positive
,positive
class hall hall missions missions heroic heroic dungeons dungeons surprised surprised :d,positive
surround positivity positivity happy,positive
pretty happy,positive
moral grounds grounds verdict verdict favor favor pti pti happy happy becoz becoz 5 5 judges judges clearly clearly mention mention pm pm is...,positive
avi man man :)phone :)phone made made like like always always wink,positive
share love: love: thanks thanks top top new new followers followers week week happy,positive
tonight 7pm,positive
playoffs rematch rematch complete! complete! feels feels good good going going worlds worlds :d,positive
im getting getting one one smile smile smile smile smile smile smile,positive
spose pay pay accomodation accomodation nice nice haha? haha? going going stay stay somewhere somewhere anyway? anyway? happy,positive
little bit bit overdramatic overdramatic death death happy,positive
great hear hear joanna! joanna! happy happy pleased pleased good good experience.,positive
think going going check check even even though though hear hear good good ue4 ue4 believe believe might might cool cool tr,positive
link seventeen's seventeen's yokohama yokohama concert concert english english subs subs :)ddl:,positive
,positive
can't wait wait actually actually see see copy copy smile,positive
thank crew crew happy,positive
thanks recent recent follow follow happy happy connect connect happy happy great great thursday. thursday. want,positive
sup guys? guys? :d,positive
facts parrots parrots minecraft minecraft coming coming soon!! soon!! :d,positive
thanks recent recent follow follow happy happy connect connect happy happy great great thursday.,positive
made dinner dinner two two tonight tonight happy,positive
happy see see closer closer con con five five so. so. lol lol :d,positive
tutorial michel michel grundstein grundstein distinguishing distinguishing information information knowledge.. knowledge.. start start 15pm. 15pm. happy,positive
thanks recent recent follow follow happy happy connect connect happy happy great great thursday.,positive
look good good blue blue happy,positive
thanks recent recent follow follow happy happy connect connect happy happy great great thursday.,positive
jyoust reminder... reminder... thank thank happy,positive
body hears hears everything everything mind mind says. says. kind,positive
positive loving loving always always happy,positive
ruby rehomed rehomed times times months months old old loves loves forever forever home. home. pls pls always always consider consider rescue,positive
3 little little ones.. ones.. wish wish best best happy happy sounds sounds like like fun fun group,positive
naila raheem raheem following following twitter!,positive
thanks recent recent follow follow happy happy connect connect happy happy great great thursday. thursday. want want ?,positive
stats week week arrived. arrived. 1 1 new new follower follower unfollowers unfollowers happy happy via,positive
thanks recent recent follow follow happy happy connect connect happy happy great great thursday. thursday. get,positive
love pretty pretty girls girls call call pretty pretty like like bitch bitch tf tf happy happy let's let's friends,positive
thanks recent recent follow follow happy happy connect connect happy happy great great thursday. thursday. get get free?,positive
thanks recent recent follow follow happy happy connect connect happy happy great great thursday.,positive
thanks follow! follow! happy,positive
every time time think think skin skin getting getting better,positive
proves wrong wrong matter matter days days happy happy fuck fuck life life happy happy )),positive
pm ? ? :d,positive
seen email. email. good good :d,positive
released 3rd 3rd episode episode programming programming everyone! everyone! sure sure check check happy,positive
think instant instant message message meant meant stay stay single single fix fix people's people's relationships relationships entire entire life life smile,positive
never ready ready actually actually happy happy idhuellam idhuellam dialogue dialogue ku ku dhan dhan othu othu varum..,positive
,positive
main reason reason drink drink total total selflessness selflessness :d,positive
yep going going back back school school become become editor editor hopefully. hopefully. can't can't wait! wait! sister sister really really believes believes skills skills happy,positive
thanks top top engaged engaged community community members members week week happy happy want,positive
currently standing standing outside outside shard shard bag bag full full empty empty bottles bottles came came work work tom tom today today happy,positive
good evening evening happy,positive
goals 2017: 2017: become become apart apart lose lose 50 50 lbsstart lbsstart youtube youtube happy,positive
thanks recent recent follow follow happy happy connect connect happy happy great great thursday. thursday. want,positive
thank crew crew happy,positive
,positive
look big big become!,positive
thanks recent recent follow follow happy happy connect connect happy happy great great thursday.,positive
thanks recent recent follow follow happy happy connect connect happy happy great great thursday.,positive
second that! that! thanks thanks spin. spin. much much appreciated. appreciated. happy,positive
make feel feel listen listen problems,positive
mag refer refer kana kana rin rin sakanila sakanila nice nice game,positive
would great great trick trick happy,positive
,positive
looks awesome! awesome! id id love love see see vn vn like like :d,positive
,positive
jamie. passion passion + + perseverance perseverance equals equals two two not-so-secret not-so-secret ingredients ingredients secret secret sauce sauce success success happy,positive
hi kn kn fans! fans! happy,positive
bought 523 523 litre litre fridge. fridge. applying applying cold cold storage storage license license bhayander bhayander west west :d,positive
thanks top top engaged engaged community community members members week week happy happy want,positive
2000th tweet tweet like like say say love love donghyuck donghyuck :d,positive
japanese directioner directioner :d,positive
remember- vocab vocab knowledge knowledge worth worth 75% 75% grade! grade! announce announce winner winner tomorrow tomorrow morning morning 10am! 10am! happy happy 15 15 purchase! purchase! happy,positive
good luck! luck! vote vote smile,positive
19 days days school school left left happy,positive
pictures? always always enjoy enjoy swanky swanky hair hair happy,positive
class really really bored bored happy happy rt rt one!! one!! mutuals mutuals non non mutuals mutuals pls pls let let flop flop ;-;,positive
giving away away souvenirs souvenirs 5 5 lucky lucky winners!to winners!to enter: enter: follow follow + + rtrolling rtrolling winners winners 48 48 hold,positive
watch words words happy,positive
thanks recent recent follow follow happy happy connect connect happy happy great great thursday. thursday. want want ?,positive
nice gif gif happy,positive
share love:thanks love:thanks top top new new followers followers week week happy happy want,positive
think better better happy,positive
,positive
suspect one one would would get get happy,positive
one fleet fleet solely solely seeharged seeharged domestisee domestisee hydro hydro toro toro see,positive
trade ? ? happy happy yeah yeah want want ?,positive
get 150!!,positive
new twitter twitter acc. acc. happy,positive
share love love - - high high value value members members week week happy happy (insight,positive
soon make make arts arts happy,positive
would great great trick trick happy,positive
thanks recent recent follow follow happy happy connect connect happy happy great great thursday.,positive
.nothing changed changed date date .. .. april april 28 28 make,positive
delma hanville hanville official official connected connected twitter! twitter! thank thank follow. follow. please please ever ever let let go! go! happy,positive
13 reasons reasons producers: producers: care care youth youth mental mental health health :)13rw :)13rw producers: producers: *show *show young young audience audience graphic graphic rape rape suicide,positive
fun funny.... funny.... book book warn warn kindle kindle night night happy,positive
that's what's what's important! important! happy happy that's that's trying trying remember.,positive
congrats 3m 3m followers followers instagram! instagram! happy,positive
gourmet chocolates chocolates special special reserved reserved special special occasions. occasions. plain plain mms,positive
,positive
sixth spot spot applicable applicable team! team! higher higher pa! pa! :)kisses :)kisses thefashionicon,positive
guys make make japanese japanese greninja's greninja's waveguider waveguider come come well? well? happy,positive
thanks recent recent follow follow happy happy connect connect happy happy great great thursday.,positive
thanks recent recent follow,positive
much appreciated appreciated happy happy want,positive
sister cyril cyril came came school school happy,positive
join us us saturday saturday celebrate celebrate earth earth planting planting seedings! seedings! head head fb fb page page information. information. happy,positive
finally got got jinyoung jinyoung wipe wipe jaebum jaebum precious precious son son blocks blocks world world witness,positive
love crying crying joy,positive
kind like like layout layout happy,positive
new twitter twitter account account piss piss idea idea maja maja salvador salvador follow follow applicable applicable guys guys happy,positive
thanks recent recent follow,positive
much appreciated appreciated happy happy (want (want magical!,positive
congratulations impressive impressive happy,positive
client work work rt rt favorite favorite happy,positive
thanks recent recent follow follow happy happy connect connect happy happy great great thursday. thursday. want,positive
go way way keem? keem? minaun? minaun? that's that's good good one one extreme extreme driving driving today today smile,positive
really must must go go see see power power rangers rangers again. again. smile,positive
,positive
,positive
knows :d,positive
broadcaster says says fly fly away away reminds reminds early early happy,positive
great night! night! hope hope enjoyed enjoyed strip strip club club happy happy thx thx photo,positive
right seriously seriously need need decent decent butterfly butterfly tattoo tattoo design,positive
anyone got got design design could could find find one one would would grateful grateful :d,positive
thanks recent recent follow. follow. much much appreciated appreciated happy happy want want ?,positive
thanks recent recent follow follow happy happy connect connect happy happy great great thursday.,positive
good evening evening happy,positive
always knew knew woyould woyould like like one one better better :d :d hahaha.,positive
sure do! do! happy,positive
yes would would meddling meddling clouds clouds smile,positive
gamer follow follow train!follow train!follow meretweet meretweet thisfollow thisfollow retweetedgain retweetedgain active active followers followers happy happy 450,positive
thanks sharing sharing iris iris photo. photo. really really appreciate appreciate smile,positive
rt 13 13 ffs-it's ffs-it's much much free-legit-free free-legit-free follow follow first first get get quicker-be quicker-be patient patient g,positive
myth good good team,positive
genix deserves deserves much much myth! myth! open open eyes eyes community community want,positive
hellooo.. happy happy satans-daughter satans-daughter (taylynnox),positive
mutual: let's let's talk talk more!me: more!me: sure!mutual: sure!mutual: happy happy me:,positive
hellooo.. happy happy lil lil strait strait (daddyy_rat),positive
also attractive attractive liza liza soberano? soberano? happy,positive
pfft- crying crying joy joy oh.. oh.. hope hope year year oldu're oldu're okay,positive
papa bird? bird? hope hope year year oldu oldu mind? mind? want want stay stay year year old,positive
hellooo.. happy happy kyle kyle davies davies (rebelbyacause),positive
opera nirjhor nirjhor long long claiming claiming first first one one :d :d /rosi,positive
miss open open education education seminar seminar palestine palestine happy,positive
stats day day arrived. arrived. 1 1 new new follower follower unfollowers unfollowers happy happy via,positive
wow! friend friend dara dara shared shared hubby!!! hubby!!! looks looks terrific. terrific. :)order :)order -,positive
annapurna studios studios production production no.29 no.29 floors floors tomorrow. tomorrow. heat heat going going turn turn heat heat happy happy can't can't expre,positive
new amazingphil amazingphil video video today? today? happy,positive
veronice jughead! jughead! happy,positive
cpl swallows swallows gone gone house. house. heard heard whilst whilst flying flying drone.. drone.. happy,positive
wants good good vibes? vibes? watch watch youtube youtube tv100 tv100 application application free free happy,positive
80 far far collection collection 150+! 150+! happy happy new new gin gin menu menu coming coming soon soon well!,positive
would great great trick trick happy,positive
don%27t know know looks looks cool cool crying crying joy,positive
hellooo.. happy happy pussy pussy (creepz_x),positive
snapchat happy,positive
enjoy smile smile h.e.r.,positive
rt hate hate crying crying joy,positive
die evil evil raven! raven! :d,positive
never give give things things make make smile smile happy,positive
stats day day arrived. arrived. 1 1 new new follower follower unfollowers unfollowers happy happy via,positive
haha thanks thanks fansnim! fansnim! happy,positive
took full full drink drink uber; uber; guess guess could could say say instant instant message message pretty pretty wild. wild. tuesdays tuesdays never never forget forget happy,positive
cute picture picture though though :d,positive
play part part raising raising funds funds :,positive
ohh yeah yeah sausage sausage pancakes pancakes happy happy x,positive
especially people people low low patience patience level level happy,positive
online shopping shopping timmeee. timmeee. anyone anyone got got good good site site suggestions? suggestions? happy,positive
really labour labour supporter supporter actually actually quite quite glad glad happy happy mean mean much much claim claim 2009 2009 fuck,positive
issa throwback. throwback. happy,positive
ouuuuu..... right right jewels! jewels! :d,positive
inspiration everyone everyone miss miss jones jones happy,positive
,positive
got favorite favorite boot boot cut cut jeans jeans roshe roshe runs. runs. girl girl safe safe today. today. blessed blessed 4/20 4/20 smile,positive
uncheck new new arrivals arrivals happy,positive
avi man man :)phone :)phone made made like like always always wink,positive
hellooo happy happy ross ross chaplin chaplin (masoncooper4),positive
write fiction. fiction. pr pr knob knob writes writes sentence sentence fragments fragments ipad ipad next next shoreditch shoreditch house house piss,positive
love this!,positive
instant message message perfectly perfectly fine fine :d :d fellow fellow ken,positive
displayport hdmi hdmi turned turned back back screens screens o/ o/ 5 5 days days get get dual dual pc pc stream stream setup setup sorted sorted (lol) (lol) :d,positive
pips singing singing let let snow snow crying crying joy,positive
let eat eat cake! cake! :d :d :p,positive
nah over-rated over-rated happy happy x,positive
may draw draw conclusions conclusions deviation deviation level level either either direction direction therapy therapy prevention,positive
,positive
long cool,positive
like happy,positive
teaser coming coming today today 4pm!story,positive
music direction direction favourites,positive
hey everyone everyone harry harry pancakes pancakes maple maple syrup syrup breakfast breakfast . . great great way way start start day day happy happy miss,positive
cheers :d,positive
thanks recent recent follow. follow. much much appreciated appreciated happy happy want,positive
thanks sharing sharing iris iris photo. photo. really really appreciate appreciate smile,positive
hey thanks thanks top top high high value value members members last last week,positive
,positive
sorry people people make make living living happy,positive
check beautiful beautiful news news every every single single day,positive
really uplifting uplifting inspiring,positive
plus want want win win merc merc c63 c63 silence silence sooo! sooo! happy,positive
please let let meet meet taehyung taehyung hiks hiks crying crying joy joy really really hope hope could could win.this win.this first first cover,positive
year old old commenting commenting new new ladylike ladylike videos. videos. trust trust me. me. troll,positive
killin time time say say hey! hey! :d,positive
celebrate hitler's hitler's birthday! birthday! =d,positive
delivered managing managing online online customer customer journey journey keynote keynote autodesk autodesk partner partner event. event. incredible incredible event,positive
there're time time shcj shcj do/did do/did something something dissapointed dissapointed ot6,positive
there're time time shinhwa shinhwa do/did do/did something,positive
well..human. that's,positive
new video video today today happy,positive
merry christmas christmas everyone everyone happy,positive
big love love anne anne cox cox happy,positive
new happy,positive
hellooo happy happy jackatkinson jackatkinson (jackat13),positive
thanks recent recent follow. follow. much much appreciated appreciated happy happy get,positive
thanks recent recent follow,positive
much appreciated appreciated happy happy want,positive
thanks me!! me!! :d,positive
hellooo happy happy xbox xbox adhatter adhatter (xboxmadhatter),positive
rocksoc still still going? going? beginning beginning smile,positive
wow whattay whattay decision decision parties parties celebrating celebrating :d,positive
free market market tops!!! tops!!! real real human human rights rights sound sound great,positive
thanks articles. articles. b,positive
hahaa second second best best always always happy,positive
hellooo happy happy kt kt bear bear (ffabear),positive
superstar thanks thanks much much kind kind words! words! look look forward forward seeing seeing soon soon buddy buddy smile,positive
yes... kind kind funny funny creepy creepy time time happy,positive
ministers pmln pmln happy happy like like students students never never studied studied exams exams luckily luckily exams exams got got delayed. delayed. still still ha,positive
send dm dm postcode postcode check check local local stores. stores. look look forward forward reply reply happy happy - - nathan nathan 2/2,positive
petronas blue/green blue/green isnt isnt far far away away billy billy monger monger blue/green. blue/green. thought thought happy,positive
tested sweet sweet dishes dishes sweet sweet lovers lovers lips lips :)marvoree :)marvoree magpasikatonshowtime,positive
de tonight tonight don%27t don%27t really really care care crying crying joy,positive
fun welcome welcome back back taping! taping! first first day day happy happy mainit. mainit. pawisan. pawisan. dirty. dirty. really really miss,positive
oh american american cultists cultists :d,positive
hi stefan stefan :)i :)i pretty pretty confident confident isolated isolated case case would would glad glad help help it.could it.could dm,positive
hellooo happy happy pixelsavage pixelsavage (pixel_savage_yo),positive
feel way way life life gets gets everyday everyday positive positive mood! mood! happy,positive
life reflection reflection way way think. think. change change way way think,positive
change whole whole life life happy,positive
kid/parent friendly friendly spaces spaces like like please.,positive
would great great trick trick happy,positive
va astept astept la la acest acest eveniment! eveniment! :)next :)next events:,positive
thanks recent recent follow follow happy happy connect connect happy happy great great thursday.,positive
.listen beautiful beautiful video video si,positive
mutual: let's let's talk talk more!me: more!me: sure!mutual: sure!mutual: happy happy me:,positive
happy birthday birthday crying crying joy joy yoyour yoyour cool cool hope hope yoyour yoyour day day goes goes super super good,positive
hellooo happy happy cjay cjay (cjay_100),positive
thats sooooooooooooo sooooooooooooo sick!!!! sick!!!! xd xd thanks thanks much much making making kin!! kin!! love love it! it! :d,positive
would great great trick trick happy,positive
think finally finally figured figured tattoo tattoo getting getting august august :d,positive
excited ball ball start start smile smile baby baby minor minor b b absolutely absolutely love love watching watching play,positive
playing photo photo editor editor happy,positive
thank you! you! happy,positive
hellooo happy happy bluey bluey (xblueys),positive
love much much rui-chan rui-chan smile smile smile,positive
hellooo happy happy xbox xbox adhatter adhatter (xboxmadhatter),positive
mine isn't. isn't. back back jeremy jeremy 100% 100% pleased pleased say say happy,positive
dedicate song,positive
thanks brother,positive
stay cool,positive
keep loving loving deepika,positive
ban ja ja hero hero :d,positive
made new new logotypes logotypes really really fun fun work work follow follow want want keep keep updated,positive
,positive
ever thank thank j j hunt,positive
always there. there. love love happy,positive
dispo 3lans 3lans happy,positive
laughing loud loud cuteee cuteee happy,positive
thanks recent recent follow follow happy happy connect connect happy happy great great thursday. thursday. want want ?,positive
thanks recent recent follow follow happy happy connect connect happy happy great great thursday.,positive
would great great trick trick happy,positive
sir ash ash ketchum ketchum princess princess may. may. happy,positive
guy got got exo exo back back 2013. 2013. also also first first bias bias kpop. kpop. honest honest miss miss much. much. happy happy birthd,positive
thanks recent recent follow follow happy happy connect connect happy happy great great thursday.,positive
hi yolandi,positive
thanks much much following following us! us! love love know know think think flooring flooring range range happy,positive
that's law law nature nature happy,positive
thanks happy,positive
get rover rover :dthey :dthey double double sided! sided! check check shipping: shipping: worldwide!,positive
prettier 1.0 1.0 end. end. released released 1.2.0 1.2.0 fixes fixes another another batch batch edge edge cases cases happy,positive
thanks recent recent follow. follow. much much appreciated appreciated happy happy want want this?,positive
.thanks much much rt,positive
groovy thursday! thursday! happy,positive
always welcome welcome thank thank sa sa treat treat sa sa susunod susunod ako ako happy,positive
,positive
slayin_bodies going going live...please live...please tune tune in...thank in...thank happy,positive
made day! day! great great story story happy,positive
,positive
thanks recent recent follow follow happy happy connect connect happy happy great great thursday.,positive
maybe? definitely! definitely! happy happy also,positive
try front front door,positive
may open open happy,positive
thanks follow,positive
great week!! week!! happy,positive
haha! would would love love work work train train company company :d :d great great dream dream come come true!,positive
dumbing popular popular entertainment entertainment important important issue.,positive
hey thanks thanks top top new new followers followers week! week! much much appreciated appreciated happy,positive
swear sometimes sometimes cool cool break break mutuals mutuals happy,positive
........yeah sure sure happy,positive
go five five below. below. get get decent decent protective protective case case that's that's cute cute 5 5 bucks bucks happy happy got got mi,positive
hey thanks thanks top top new new followers followers week! week! much much appreciated appreciated happy happy want want ?,positive
thanks high high value value member member week,positive
much appreciated appreciated happy,positive
love laying laying meadow meadow flowers flowers listening listening mellow's mellow's music music ...a ...a great great way way relax relax smile,positive
going burst burst data data crying crying joy,positive
thanks recent recent follow follow happy happy connect connect happy happy great great thursday. thursday. want,positive
thanks recent recent follow. follow. much much appreciated appreciated happy happy want want ?,positive
say keep keep it. it. happy,positive
case missed,positive
released new new video video game game genres.rts genres.rts super super appreciated appreciated happy,positive
thanks recent recent follow follow happy happy connect connect happy happy great great thursday.,positive
,positive
freaking chapter chapter one one piece!! piece!! definitely definitely good good one! one! :d,positive
wants good good vibes? vibes? watch watch youtube youtube tv100 tv100 application application free free happy,positive
worries happy,positive
,positive
know. happy,positive
hype real real happy,positive
fl design design done done inspired inspired fl fl hopyou hopyou love,positive
bambam talks talks tonight tonight :d,positive
favorite hobby hobby finding finding negative negative positive positive thing thing happy,positive
hey thanks thanks top top new new followers followers week! week! much much appreciated appreciated happy happy want want ?,positive
,positive
sorry that. that. always always ask ask us us follow follow dm dm happy,positive
charged driver driver happy happy waiting waiting sun sun 10 10 minutes! minutes! ten!,positive
win draw draw free free download download celebrate celebrate us. us. developed,positive
,positive
pinched free? free? quality quality fm fm smile,positive
csgobounty giveaway giveaway - - 1 1 random random key. key. 25 25 retweets,positive
random winner winner :d :d retweet retweet like like able able win win happy,positive
thanks recent recent follow follow happy happy connect connect happy happy great great wednesday.,positive
welcome happy,positive
makes great great point,positive
really liked liked happy,positive
superstar thanks thanks much much kind kind words! words! look look forward forward seeing seeing soon soon buddy buddy smile,positive
player kills kills you. you. player player rank rank would would show show up. up. happy,positive
true! u u waste waste day day social social media media reading reading websites. websites. hand,positive
idea saying saying almo,positive
love much much want want kindly kindly stroke stroke penis penis :d,positive
,positive
give try try happy,positive
would say say quite quite lot...but lot...but hey,positive
that's europe,positive
rather uk,positive
it? smile smile britain britain co,positive
yo thank thank 15,positive
515 subscribers!!!! subscribers!!!! :dthe :dthe continues!,positive
thanks recent recent follow follow happy happy connect connect happy happy great great thursday. thursday. want,positive
last retweet retweet happy,positive
hello everyone,positive
great thursday! thursday! looking looking forward forward reading reading tweets tweets happy happy want,positive
apr. 26th 26th beach beach house! house! dinner+music+ dinner+music+ party party oldies oldies goldies goldies happy happy buffet buffet / / bbq bbq 40tlbeer- 40tlbeer- wein10tl wein10tl raki12.5tl raki12.5tl h,positive
selected among among top top 20 20 social social media media blogs,positive
woot! smile,positive
thanks recent recent follow follow happy happy connect connect happy happy great great thursday.,positive
wanted $25 $25 million million offering offering 24. 24. smile,positive
give away away random random rt! rt! chance chance win win 10usd 10usd itunes itunes gp gp gift gift card! card! winner winner selected selected minutes minutes happy,positive
share love: love: thanks thanks top top new new followers followers week week happy happy get,positive
thanks recent recent follow follow happy happy connect connect happy happy great great thursday. thursday. get get free?,positive
thanks recent recent follow follow happy happy connect connect happy happy great great thursday. thursday. want,positive
thanks top top engaged engaged community community members members week week happy happy (want (want this? this? free!,positive
beauty scored scored night!! night!! hope hope get get happy,positive
,positive
haha! good good tweet tweet mate mate happy happy heard heard big big boy boy account! account! king king shit shit happensould happensould say say happy happy chance chance shit shit happens,positive
thanks recent recent follow follow happy happy connect connect happy happy great great thursday. thursday. want want this?,positive
appreciate sentiment sentiment that. that. happy,positive
younger. softer. softer. crying crying joy,positive
happy many many days,positive
months years years bonding bonding happiness happiness family family mclisse mclisse starmu,positive
thanks recent recent follow follow happy happy connect connect happy happy great great thursday.,positive
happy happy,positive
yes! subtitles subtitles happy,positive
thanks recent recent follow follow happy happy connect connect happy happy great great wednesday. wednesday. want,positive
,positive
thanks recent recent follow follow happy happy connect connect happy happy great great thursday. thursday. get,positive
thanks recent recent follow follow happy happy connect connect happy happy great great thursday.,positive
thank you! you! happy,positive
would great great trick trick happy,positive
thanks recent recent follow. follow. much much appreciated appreciated happy happy want want ?,positive
thanks recent recent follow follow happy happy connect connect happy happy great great thursday. thursday. want,positive
[bot] perfect perfect happy,positive
retweet us? us? kaway kaway kaway kaway family family :)mclisse :)mclisse starmusicifwefallinlove,positive
breweries uk uk too.... too.... smile,positive
thanks recent recent follow follow happy happy connect connect happy happy great great thursday. thursday. want want this?,positive
thanks recent recent follow follow happy happy connect connect happy happy great great thursday.,positive
since december december hairs hairs stopped stopped snapping snapping off! off! made made massive massive difference! difference! get,positive
,positive
love happy,positive
would great great trick trick happy,positive
like legal legal sweaters sweaters ..more ..more designs designs available,positive
great groove groove tune tune .. .. thinking thinking rewind,positive
mrs king king excited excited work work students students today! today! check check cool cool classroom classroom shape! shape! lots lots math math happy,positive
$es_f $spy $spy bulls bulls relentless relentless happy happy setups setups like like today,positive
thanks recent recent follow follow happy happy connect connect happy happy great great thursday.,positive
thanks recent recent follow follow happy happy connect connect happy happy great great thursday. thursday. want,positive
thanks recent recent follow follow happy happy connect connect happy happy great great thursday. thursday. want,positive
know problem problem still still exist exist :d,positive
thanks recent recent follow follow happy happy connect connect happy happy great great thursday. thursday. get,positive
- top top engaged engaged members members week week happy,positive
ngam weeks weeks left left cadet cadet pilot pilot exam exam crying crying joy,positive
great! welcome welcome josh josh happy happy ^adam,positive
sixth spot spot applicable applicable team! team! higher higher pa! pa! :)kisses :)kisses thefashionicon,positive
pak pm pm survives survives removal removal scare,neutral
court orders orders probe probe corruption corruption charge.,neutral
supreme court court quashes quashes criminal criminal complaint complaint cricketer cricketer allegedly allegedly depicting depicting magazine magazine cover.,neutral
art living's living's fights fights back back yamuna yamuna floodplain floodplain damage,neutral
,neutral
fcra slap slap ngo ngo lobbying...but lobbying...but part part govt govt campaign?,neutral
,neutral
pharma companies companies opposing opposing names,neutral
bicycle cm cm asked. asked. officer officer learnt learnt ground ground reality reality -- -- dip dip river.,neutral
2017. making making law law ban ban mha mha sitting sitting draft.,neutral
rivals govts govts unite unite act act sex-determination sex-determination tests.,neutral
haryana peasants peasants demand demand justice justice right right cattle cattle trade.,neutral
schools calcutta calcutta (and (and elsewhere) elsewhere) stunned stunned imposition imposition plan.,neutral
renamed places,neutral
oooh! shame,neutral
trauma... driving driving without without red,neutral
flashing light. light. (and (and paying paying parking).,neutral
learn live live without without flashing flashing red red light.,neutral
bjp leaders leaders dock,neutral
lose light,neutral
naming game,neutral
more. also also epaper.,neutral
uk parliament parliament votes votes 522 522 13 13 favour favour early early national,neutral
april 19 19 1906: 1906: nobel nobel laureate laureate pierre pierre curie curie run run horse-drawn horse-drawn wagon wagon near near pont pont neuf,neutral
,neutral
,neutral
india end end culture culture sirens sirens cars.,neutral
may 1,neutral
vehicles: gadkari.,neutral
cars pm,neutral
ministers: transport transport minister minister nitin nitin gadkari gadkari cabinet cabinet meet.,neutral
44 feared feared killed killed bus bus falls falls river river tons tons nerwa nerwa area area district: district: police.,neutral
bsf dismisses dismisses constable constable tej tej bahadur bahadur yadav yadav service service court court inquiry. inquiry. bad bad quality quality food food allegations allegations base,neutral
jawan tej tej bahadur bahadur yadav,neutral
took social social media media complaining complaining bad bad food,neutral
dismissed service service inquiry.,neutral
u.s. review review lifting lifting sanctions sanctions iran: iran: tillerson,neutral
huge haul haul milk-boosting milk-boosting hormone hormone calcutta.,neutral
good news news seems seems thriving thriving valmiki valmiki reserve.,neutral
sushil modi modi lists lists property property chain.,neutral
3 queens queens take take centrestage.,neutral
peek fir fir leaders leaders case.,neutral
spurned mom,neutral
baby calcutta calcutta died.,neutral
india may may make make illegal illegal social social messaging messaging platforms platforms share share personal personal data.,neutral
extradition could could take take ages.,neutral
march 20. 20. plus plus 15 15 days. days. equals...,neutral
kp nayar nayar discrediting discrediting military military justice justice system system help help case.,neutral
sharad wants wants gujarat gujarat cm cm arrested arrested trying trying push push making making meat meat communal communal issue.,neutral
man shouts shouts wife wife family family court. court. walks walks out.,neutral
overburdened says says may may able able hold hold college college teachers teachers year.,neutral
president backs backs move move make make mandatory mandatory class class x.,neutral
nationalist trend trend spreads-- spreads-- tightens tightens rules rules shield shield local local jobs jobs (and (and keep keep indians).,neutral
visa 'selfie' 'selfie' cbse's cbse's plans,neutral
,neutral
cloud more. more. also also epaper.,neutral
scotland yard yard arrests arrests london,neutral
court grants grants bail.,neutral
liquor baron baron declared declared proclaimed proclaimed offender,neutral
extradition warrant: warrant: scotland scotland yard.,neutral
british prime prime minister minister theresa theresa may may says says wants wants hold hold early early election election june june 8: 8: reuters,neutral
quoting bbc,neutral
supreme court court seeks seeks govt's govt's response response plea plea frame frame national national policy policy promote,neutral
jk: schools schools colleges colleges shut shut clashes,neutral
demands presidential presidential rule,neutral
beetle grips grips litchi litchi crop,neutral
supreme court court asks asks govt govt explain explain need need pre-censorship.,neutral
us nsa nsa h.r. h.r. arrive arrive today; today; hold hold talks talks nsa,neutral
shun water water beaches.,neutral
lost kerala kerala bypoll,neutral
keep promise promise 'good 'good quality,neutral
,neutral
-- blame blame stipend stipend crisis crisis faced faced 4000 4000 scholars?,neutral
middleman (or (or conman) conman) nephew nephew tapped tapped bribe bribe election election commission commission officials.,neutral
air india india enforce enforce fines fines unruly unruly passengers,neutral
top law law advisor advisor backs backs use use human human shield,neutral
veteran generals generals see see breach.,neutral
arrest conman conman bribe bribe charges charges nephew nephew churns churns politics.,neutral
cloaked debate debate draupadi's draupadi's robes.,neutral
draupadi campuses campuses erupt,neutral
,neutral
more. also also epaper.,neutral
cbi books books 12 12 leaders leaders case.,neutral
supreme court court summons summons boss,neutral
orders sale sale slice.,neutral
sc summons summons home home secretaries secretaries west west bengal,neutral
,neutral
,neutral
tamil nadu,neutral
bihar jharkhand jharkhand nice nice try try filling filling police police vacancie,neutral
manini chatterjee chatterjee writings writings still still indictment indictment india.,neutral
wants paper paper trail trail elections.,neutral
govt set set panel panel study study service service conditions conditions paramilitary paramilitary forces.,neutral
amit roy roy potboiler.,neutral
muslim body body lays lays code code conduct conduct divorce,neutral
,neutral
modi's call call ensure ensure justice justice women women facing facing evil evil customs.,neutral
pm's pitch pitch sisters,neutral
board's stand stand potboiler. potboiler. more. more. also also epaper.,neutral
always meets meets man man visits visits eastern eastern india.,neutral
secessionists next next generation.,neutral
7days: secessionists,neutral
tete-a-tete former former president,neutral
dying language,neutral
,neutral
farooq abdullah abdullah wins wins seat seat -- -- 4% 4% total total votes.,neutral
govt probe probe yet yet video video army.,neutral
learns follow follow rules,neutral
funds poor poor students students dry dry up.,neutral
panchayat parliament parliament seems seems boss boss amit amit shah's shah's goal.,neutral
pm may may hang,neutral
,neutral
pm hangs,neutral
lotus garden garden dreams,neutral
cash lock lock jnu jnu students students more. more. also also epaper.,neutral
7 coaches coaches meerut-lucknow meerut-lucknow rajya rajya rani rani express express derail derail near near rampur,neutral
uttar pradesh pradesh video:,neutral
counting votes votes lok lok sabha sabha constituency constituency begins.,neutral
calcutta get get mom mom accept accept calf.,neutral
stress dress dress code,neutral
mecca issues issues picture picture cards.,neutral
security border border put put risk risk trade.,neutral
national body body meeting,neutral
readies stage stage 2019.,neutral
6 features features extended extended stay,neutral
bsp boss boss averse averse joining joining forces forces non-bjp non-bjp parties.,neutral
army fire fire alleged alleged tactic,neutral
untold love love story story ayesha ayesha mukherjee.,neutral
vile tactic tactic valley,neutral
love story,neutral
giraffe spurns spurns calf,neutral
gandhi champaran,neutral
more. also also epaper.,neutral
man seen seen tied tied army army jeep jeep video video jk jk identified,neutral
unit involved involved pti,neutral
quoting officials,neutral
3 arrested arrested connection connection men men polling polling day day budgam budgam april april 9: 9: police.,neutral
hijacked indian indian dhow dhow al-kausar al-kausar released,neutral
good show show pales pales next next 329% 329% jump jump imports.,neutral
transparency looking looking india's india's ranking? ranking? start start bottom.,neutral
stop (and (and loot) loot) express express coin.,neutral
states rename rename roads roads duck duck ban ban top top court court step step till till summer summer break.,neutral
research seats seats hit hit regulator regulator tightens tightens rules rules guides.,neutral
lost deposit deposit rajouri rajouri garden garden stronghold.,neutral
bengal trinamool trinamool vote vote share share goes,neutral
surges runner-up runner-up slot.,neutral
3 men men die die trying trying save save friend,neutral
results mean mean others.,neutral
half full,neutral
half empty empty cloud cloud research,neutral
breather highway highway booze,neutral
more. also also epaper.,neutral
setting court court home,neutral
justice asks asks chief chief justice justice india,neutral
bench appear appear him.,neutral
dargah trust trust volunteers volunteers sc sc clear clear 908sq 908sq metre.,neutral
president clears clears pieces pieces supporting supporting legislation legislation related,neutral
by-polls: retains retains kanthi kanthi dakshin,neutral
retains assembly assembly seat,neutral
7% voter voter turnout turnout kashmir's kashmir's re-poll,neutral
need know know election election commission's commission's 'open 'open challenge' challenge' hack,neutral
foreign journalists journalists north north korea korea gather gather 'big 'big event' event' amid amid tensions,neutral
rehearsing more. more. guwahati guwahati epaper.,neutral
cops dug dug healers healers buried buried alive alive practising,neutral
bihar sets sets rs25lakh rs25lakh fee fee skip skip subsidised subsidised education.,neutral
visit retracing retracing trip.,neutral
may show,neutral
supreme court court chicken chicken deciding,neutral
(but failed failed govt's govt's birthplace birthplace test.,neutral
10 years,neutral
rs 42 42 crore crore needed needed repair repair damage damage floodplain floodplain event.,neutral
try hacking hacking india's india's election election commission commission challenges challenges all.,neutral
never wanted wanted cows cows become become burden burden farmers,neutral
pawar points points out.,neutral
bounty savarkar savarkar yamuna yamuna damage damage bill,neutral
sita's birthplace,neutral
more. also also epaper.,neutral
20 ias ias officers officers including including principal principal secretary secretary information information navneet navneet sehgal,neutral
transferred 1st 1st major major shuffle,neutral
centre moves moves supreme supreme court court verdict verdict lifting lifting shield.,neutral
crusader pleads pleads saving,neutral
sangh puts puts show show strength,neutral
,neutral
look beyond beyond defence defence visit.,neutral
murder pune pune activist activist fuels fuels fears fears revived revived upa upa clause clause law.,neutral
tears father father 3 3 killed killed stones.,neutral
sukanta chaudhuri chaudhuri means means indian,neutral
scraps pension pension yojana. yojana. cycle cycle tracks tracks may may also also broken,neutral
say sources,neutral
subir bhaumik bhaumik worry worry calcutta,neutral
,neutral
even benchmark benchmark pro-poor pro-poor leader leader seems,neutral
offered india india consular consular access,neutral
pak terms terms access,neutral
model modi,neutral
activist killed,neutral
more. also also epaper.,neutral
defence partnership,neutral
preliminary enquiry enquiry health health minister minister alleged alleged money money laundering.,neutral
menu dinner: dinner: praise praise praise.,neutral
body pull pull either,neutral
chain wrong wrong drugs. drugs. senior senior doctor doctor check. check. death. death. delhi.,neutral
men said said cops cops found found carcass carcass car car boot...,neutral
bypoll put put off-- off-- ruling ruling combine's combine's request.,neutral
admission defeat defeat kashmir,neutral
tougher road road laws,neutral
leander mahesh mahesh get get away,neutral
more. also also epaper.,neutral
pm australian australian pm pm temple,neutral
pak court court sentences sentences death death spying.,neutral
lok sabha sabha adjourned adjourned 3rd 3rd time time till till 1.50pm 1.50pm opposition opposition uproar uproar leader leader tarun tarun vijay's vijay's remarks remarks continues.,neutral
cong forced forced adjournments adjournments pre-noon pre-noon session session alleged alleged misuse misuse ed ed cbi cbi opposition opposition chief chief ministers.,neutral
,neutral
bore friends).,neutral
takers mamata's mamata's torsa torsa plan.,neutral
govt mulls mulls giving giving power power award award teachers.,neutral
see hope hope comments.,neutral
girl reared reared monkeys,neutral
,neutral
fewer pollution,neutral
paddy fields fields could could blame.,neutral
8 killed killed election election violence,neutral
record low low turnout.,neutral
road safety safety crusader crusader fight fight bid bid bypass bypass order order highway,neutral
badly equipped equipped surgery,neutral
panic deaths. deaths. india's india's top top hospital.,neutral
killed deaths deaths girl girl all. all. more. more. also also epaper.,neutral
indian navy navy ships ships respond respond piracy piracy attack attack foreign foreign merchant merchant vessel vessel gulf gulf aden,neutral
need know know 2017 2017 across across eight eight states states video:,neutral
3 killed,neutral
several injured injured mobs mobs storm storm polling polling booths; booths; low low 3.3 3.3 % % turnout turnout till till 11,neutral
mukul kesavan kesavan justifies justifies even even though though controls controls machinery machinery state.,neutral
,neutral
people going going back back economy,neutral
numbers show.,neutral
supporting activity activity violent...against violent...against law: law: ram ram madhav.,neutral
india changed,neutral
,neutral
ram madhav madhav tells,neutral
3 quaint quaint digs digs budget budget (or (or even even less).,neutral
full interview interview inside inside 7 7 days.,neutral
calcutta's suddenly suddenly cannot cannot enough enough mother's mother's dishes dishes --but --but outsourced outsourced outlets.,neutral
barometer patriotism,neutral
ram madhav madhav tells tells wide-ranging wide-ranging interview.,neutral
7 days: days: qa qa ram ram madhav,neutral
road economy,neutral
home-cooked food,neutral
,neutral
tackle less less wheat,neutral
,neutral
chicken; pulses,neutral
,neutral
,neutral
govt go go militants militants 'utmost 'utmost harshness',neutral
ram madhav madhav tells,neutral
5640 less less 155 155 world,neutral
,neutral
modi promises promises early early deal. deal. but...,neutral
modi takes takes plunge,neutral
raje's stock-home stock-home syndrome,neutral
,neutral
more. also also epaper.,neutral
andhra govt govt turn turn museum.,neutral
private airlines airlines follow follow revoking revoking flying flying ban ban sena's,neutral
man arrested arrested truck truck deaths deaths suspected suspected carried carried attack.,neutral
22 agreements agreements signed,neutral
water pact pact remains remains elusive elusive india,neutral
vijayvargiya dares dares arrest arrest leaders.,neutral
theme village village sanctuary?,neutral
reservoirs financial financial deal,neutral
works options options get get backing,neutral
sunanda k k datta-ray datta-ray political political ethos ethos must must faulted faulted racist racist attacks attacks students.,neutral
lawmaker ticked ticked 3 3 boxes: boxes: supremacist,neutral
,neutral
hindi-belt party.,neutral
modi's gesture gesture bjp's bjp's spot,neutral
air india india lifts lifts no-fly no-fly ban ban mp,neutral
more. also also epaper.,neutral
stone-pelters miss miss mehbooba's mehbooba's brother brother gets gets message.,neutral
tale prime prime ministers,neutral
told gst.,neutral
modi tested tested waters waters letter,neutral
lands delhi,neutral
untold story story pranab pranab mukherjee mukherjee nixed nixed plan plan unseat unseat her.,neutral
close shave shave passengers passengers planes planes delhi delhi airport.,neutral
sushma forgot forgot racism racism sermon: sermon: modi,neutral
mms cried cried racism racism oz oz probing probing indian indian attacks,neutral
supreme court court asks asks 6 6 states states explain explain vigilantes vigilantes banned.,neutral
perfectly happy happy players players got,neutral
sanjiv goenka goenka tells,neutral
bengal fix fix bars: bars: pay pay repairs,neutral
let take take hit?,neutral
sword-wielding processions processions left left gaping.,neutral
5 kids kids orphaned: orphaned: parents parents branded branded hacked hacked death.,neutral
air india india tighten tighten security security mumbai mumbai pune pune threatens threatens stall stall airline's airline's operations operations there.,neutral
rbi keeps keeps policy policy rate rate unchanged unchanged 6.25%.,neutral
sena's apologises apologises parliament,neutral
say sorry sorry man man assaulted.,neutral
china lodges lodges protest protest india's india's ambassador ambassador vijay vijay gokhale gokhale visit visit arunachal arunachal pradesh: pradesh: foreign foreign ministry.,neutral
change word word limit limit rti rti queries; queries; application application rejected rejected ground ground containing containing 500,neutral
kp nayar nayar narendra narendra modi modi satisfied satisfied policy.,neutral
court's limit limit 500m 500m leaves leaves watering watering holes holes (and (and dry).,neutral
voting pattern pattern shows shows cofounder,neutral
wife split split coo,neutral
stretches highways highways (to (to save save bars?).,neutral
riddle 'formerly' 'formerly' tag tag collection.,neutral
mystery art,neutral
,neutral
500m more. more. also also epaper.,neutral
trump repeals repeals obama-era obama-era broadband broadband rules.,neutral
high court court orders orders govt govt waive waive drought-hit drought-hit farmers.,neutral
india's old old ties ties continue continue nurtured,neutral
says kanwal kanwal sibal.,neutral
bengal looks looks ways ways change change classification classification bypass bypass order.,neutral
sc ban,neutral
worries unsold unsold stocks.,neutral
up: hold hold 1st 1st cabinet cabinet meeting meeting today,neutral
big decisions decisions expected,neutral
trump signs signs repeal repeal u.s. u.s. broadband broadband privacy privacy rules,neutral
initiative helps helps generate generate shield shield sundarbans.,neutral
india plans plans deport deport refugees.,neutral
education rankings rankings throw throw surprises.,neutral
,neutral
envoys upset upset silence,neutral
african envoys envoys upset,neutral
best colleges colleges varsities,neutral
ill-fitting dentures,neutral
more. also also epaper.,neutral
know safety safety features features watch watch special special interview interview dr. dr. ajay ajay bhushan bhushan pandey,neutral
ceo today today 7,neutral
mohandas pai pai backs backs murthy murthy coo coo pay pay hike.,neutral
somali grab grab indian indian 11 11 crew crew members.,neutral
corrected. thanks.,neutral
poll data data show show still still rules rules roost,neutral
big story: story: african african envoys envoys slam slam indian indian govt govt condemning condemning gr gr noida noida attack attack enough; enough; say say visible,neutral
sufficient measures,neutral
mcd polls: polls: releases releases second second list list 127 127 candidates,neutral
daddy dearest,neutral
grooming season season dawns dawns madhya madhya pradesh,neutral
sc hear hear petition petition challenging challenging bombay bombay hc hc order order beef beef ban,neutral
keeping eye eye house,neutral
fixing iphone iphone storage storage issues issues more.,neutral
india ready ready manipulation manipulation human human embryos.,neutral
virulent going going india's india's culture culture (and (and census),neutral
says manini manini chatterjee.,neutral
son chief chief minister minister reveals reveals political political ambition.,neutral
private doctors doctors face face punishment?,neutral
going wave wave transparency,neutral
india's opaque opaque law,neutral
bengal wishlist,neutral
virulent more. more. also also epaper.,neutral
,neutral
diary items,neutral
religious atheists,neutral
balagarh dying dying art,neutral
generation generation,neutral
indignation remains remains well-fed,neutral
writes sonia sonia sarkar.,neutral
reasons celebrate celebrate uncelebrated,neutral
sing song song sullied.,neutral
,neutral
carcasses found found home home govt govt doctor doctor drugs.,neutral
7 days: days: kashmiri kashmiri indignation,neutral
begum jaan,neutral
vanishing boatmakers,neutral
more. also also epaper.,neutral
happened restaurants restaurants along along highways highways ban ban bars.,neutral
flutter trial trial raises raises fresh fresh scare scare accuracy.,neutral
bypassing highway highway ban,neutral
trial raises raises rigging rigging fears,neutral
killers hang,neutral
more. also also epaper.,neutral
sena lawmakers lawmakers opposing opposing harsher harsher steps steps assaulting assaulting public public servants.,neutral
delhi police police arrested arrested md md ajay ajay chandra chandra developing developing project project despite despite getting getting funds funds investors.,neutral
ed finds finds leader leader chhagan chhagan bhujbal's bhujbal's connection connection shell shell companies companies conducting conducting raids,neutral
convoy attacked attacked parimpora-panthachowk parimpora-panthachowk bypass bypass police,neutral
things get get cheaper cheaper costlier costlier april april 1,neutral
saha's preference: preference: one-dayers one-dayers t20s,neutral
ram guha guha finds finds outstanding outstanding shivshankar shivshankar menon's menon's book book choices.,neutral
theatre festival festival got got muffled.,neutral
case costs costs ngo ngo contract contract soup soup kitchens.,neutral
win friends friends influence influence people. people. cows.,neutral
first time time 3 3 decades,neutral
rate falls falls 8%.,neutral
scientists build build case case bites,neutral
,neutral
india's supreme supreme court court shuts shuts highway highway booze booze hatch.,neutral
became avenger avenger mercy.,neutral
gujarat turns turns avenger,neutral
prices slashed,neutral
case bat bat more. more. also also epaper.,neutral
8 core core sectors sectors slow slow 1% 1% feb feb 2017 2017 9.4% 9.4% feb feb 2016.,neutral
govt cuts cuts rates rates schemes schemes marginally.,neutral
two indians indians kidnapped kidnapped south south sudan sudan released,neutral
justice faces faces supreme supreme court,neutral
gets weeks weeks reply reply case.,neutral
india using using tackle tackle insurgents.,neutral
india readies readies $5bn $5bn credit credit line line backup.,neutral
relief yet yet sellers,neutral
new tv tv channel's channel's bedroom bedroom journalism journalism trial.,neutral
india rushes rushes put put fire.,neutral
7 indian indian scrap scrap tags tags handbaggage.,neutral
supreme court court may may hear hear key key cases cases summer summer break.,neutral
apex court court puts puts work work first,neutral
hotel fire fire calcutta,neutral
bedroom journalism journalism trial,neutral
more. also also epaper.,neutral
ngt punches punches holes holes delhi delhi fuel fuel supply supply chain chain ban ban old old tankers.,neutral
z-plus cover cover uttar uttar pradesh pradesh chief chief minister,neutral
single idea idea opposition opposition clean clean says,neutral
make built built westward westward ho! ho! calcutta calcutta estate. estate. read,neutral
stamping tagging tagging fliers' fliers' hand hand baggage baggage 7 7 major major april april 1.,neutral
52 injured injured jabalpur-delhi jabalpur-delhi train train derails derails near near half half train train carries carries delay.,neutral
latest attacks attacks african african students students threaten threaten india's india's intense intense diplomatic diplomatic outreach outreach continent,neutral
first group group locals locals came came forward forward yesterday yesterday cakes cakes cards cards african african victims victims racist racist mob mob violence,neutral
drive check check errors.,neutral
ugc extends extends funding funding scheme,neutral
eight coaches coaches derail derail near near station station uttar uttar pradesh,neutral
nine injured: injured: cpro cpro north north central central railway.,neutral
sc hear hear various various petitions petitions constitutional constitutional legitimacy legitimacy today,neutral
protestors began began trying trying rescue rescue trapped,neutral
bring sharing sharing issue?,neutral
days sell sell 96000 96000 trucks trucks buses,neutral
670000 bikes,neutral
16000 cars cars 40000 40000 autos.,neutral
824000 new new vehicles vehicles trashed,neutral
home truths,neutral
dhaka talks talks chinese chinese more. more. also also epaper.,neutral
music legend legend receive receive diploma diploma medal medal stockholm stockholm next next days,neutral
nashri tunnel: tunnel: pm pm inaugurate inaugurate india's india's longest longest road road tunnel tunnel video:,neutral
toshiba approves approves chapter chapter 11 11 filing filing nuclear nuclear unit unit westinghouse: westinghouse: nikkei,neutral
epic migration migration campaign campaign ended ended slaughter slaughter pit pit stop.,neutral
abha narain narain lambah lambah mission mission restore restore capitol capitol complex,neutral
ways tackle tackle world's world's says says prabhat prabhat patnaik.,neutral
fear outrage outrage among among students students delhi,neutral
,neutral
mood communalism,neutral
hijabs stand stand radicalisation.,neutral
militant wing wing welcomes welcomes asks asks speak,neutral
3 shot shot dead dead protestors protestors try try rescue,neutral
visiting prime prime minister,neutral
spell endures.,neutral
perch peak,neutral
african hunt hunt noida,neutral
kabali's spell,neutral
more. also also epaper.,neutral
mighty albatross albatross carried carried missile missile torpedoes,neutral
depth charges charges sonobuoys.pse sonobuoys.pse note note 'msl-torp' 'msl-torp' getting getting released,neutral
going paces paces decommissioing. decommissioing. poignant poignant moment moment in/ in/ air air arm arm - - give give send send true true war war horse,neutral
attacked five five arrested,neutral
cm assures assures impartial impartial probe,neutral
ashok v v desai desai notes notes yet yet say say word word whether whether achieved achieved goals.,neutral
govt looking looking getting getting sena sena mp mp list.,neutral
supreme court court said said welfare welfare schemes schemes proof.,neutral
india's force force wants wants 20 20 mps mps named named shamed shamed antics.,neutral
44 days days extreme extreme that's that's prediction,neutral
heat wave wave coming,neutral
handling bullies,neutral
,neutral
more. also also epaper.,neutral
7-judge bench bench set set hear hear pleas pleas challenging challenging right right possible:,neutral
,neutral
,neutral
cannot stopped stopped using using schemes schemes like like opening opening bank bank accounts,neutral
,neutral
government cannot cannot make make mandatory mandatory extending extending benefits benefits welfare welfare schemes:,neutral
manini chatterjee chatterjee adopting adopting yore.,neutral
life dark dark corner corner become become magical magical villagers villagers got got 1st 1st year.,neutral
gave mp mp bus bus board board flight...as flight...as 'goodwill',neutral
ignorance shape shape indians' indians' attitude attitude towards,neutral
diplomats worry worry choice choice chief chief minister.,neutral
mp sushmita sushmita dev's dev's plea plea keep keep takes takes wings wings online.,neutral
bjp's flagging flagging campaign,neutral
modi's comment.,neutral
envoys worry worry india india taxing taxing sanitary sanitary napkins,neutral
,neutral
more. also also epaper.,neutral
iconoclasm carnatic carnatic exponent exponent moving moving beyond beyond artificial artificial boundaries.,neutral
matthew hayden,neutral
india versus versus australia australia holyfield holyfield versus versus tyson,neutral
puritans critics critics damned,neutral
effective figures figures show show that.,neutral
means mathew mathew hayden.,neutral
sajeda momin momin cm cm logical logical milestone milestone death,neutral
electile dysfunction dysfunction (among (among losers),neutral
case electoral electoral reforms.,neutral
self-belief kept kept top top game.,neutral
despite edge,neutral
can't defend defend digital digital assets,neutral
tm krishna krishna took took beyond beyond fixed fixed formats,neutral
venues audiences.,neutral
7days: cricket's cricket's commoner commoner prince,neutral
adityanath's rise,neutral
calcutta's timekeepers,neutral
,neutral
tick-tock brotherhood brotherhood keeps keeps calcutta's calcutta's old old running.,neutral
4000 punjab punjab cops cops spent spent night night preventing preventing filling filling breach breach wall,neutral
cash rewards rewards likely likely doctors doctors following following correct correct protocol.,neutral
india trying trying seal,neutral
man equated equated great great leap leap backwards backwards talk talk asks asks mukul mukul kesavan.,neutral
centre overrides overrides bengal,neutral
sets 1 1 800,neutral
000 seats seats across across 3400 3400 colleges.,neutral
kp nayar nayar failure failure repeal repeal wake-up wake-up call call him.,neutral
wake-up call call trump,neutral
progress great great leap leap backwards,neutral
electile dysfunction,neutral
more. also also epaper.,neutral
,neutral
appeasement none none policy policy govt,neutral
says chief chief minister minister yogi,neutral
delhi cm cm put put trial trial criminal criminal defamation defamation case case filed filed union union minister minister arun arun jaitley jaitley matter.,neutral
female cops cops take take selfies selfies guarding guarding acid acid attack attack victim victim hospital,neutral
,neutral
sunanda datta-ray datta-ray journey journey light,neutral
modi govt govt consult consult talking,neutral
car sales sales recover recover regions regions -- -- barring barring east,neutral
shashank manohar manohar stay stay chairman chairman till till june june meet.,neutral
,neutral
made trek trek 2km 2km fetch fetch water,neutral
industrialists asked asked question,neutral
,neutral
share bugbear.,neutral
list may may good good idea.,neutral
india's list,neutral
quiz industry,neutral
common bugbear bugbear india india more. more. also also epaper.,neutral
ed issues issues notice notice violation violation provisions provisions tune tune rs rs 73 73 crore crore ipl.,neutral
vistara joins joins pervert pervert airlines airlines call call list list assault assault air air india india manager manager mp,neutral
supreme court court asks asks poll poll panel panel security security needs needs tested,neutral
petitioner wants.,neutral
assault air air india india manager,neutral
mp put put no-fly no-fly list list pervert pervert airlines airlines well.,neutral
twitter explores explores premium premium version version 11 11 years years free free service,neutral
india's go go 6 6 months.,neutral
administrators named named cricket cricket body.,neutral
govt drops drops plan plan slip slip pseudo,neutral
1st round round talks talks held,neutral
without hawks.,neutral
,neutral
famed conform.,neutral
lucknow's falls,neutral
guns bjp,neutral
govt ducks ducks call call vote vote verifiers,neutral
more. also also epaper.,neutral
unruly behaviour behaviour violence violence aviation aviation network network regrettable. regrettable. incident incident investigated investigated appropri,neutral
7 arrested arrested attack attack case; case; police police see see link.,neutral
update: british british police police arrest arrest seven seven probe probe attack,neutral
7 arrested arrested attack attack probe.,neutral
british police police probing probing background background terrorist.,neutral
bombay high high court court directs directs protesting protesting resident resident resume resume duty duty immediately,neutral
swapan dasgupta dasgupta elections elections dashed dashed hopes hopes would would weaken.,neutral
people wanted wanted buy buy bulk bulk govt,neutral
take home home to...well,neutral
nitish stupid.,neutral
,neutral
keeps 36 36 portfolios portfolios himself.,neutral
bihar meet,neutral
ask questions-- questions-- get get spend spend 6 6 hours hours cops cops (but (but answers).,neutral
,neutral
000 join join 4500 4500 already already assaults.,neutral
despair research research seats seats slashed.,neutral
7 car car crushed crushed tanker tanker carrying carrying molten molten tar.,neutral
govt slipped slipped secrecy secrecy clause clause companies.,neutral
attack westminster,neutral
cash cloak cloak parties,neutral
molten tar tar wipes wipes family,neutral
more. also also epaper.,neutral
live: british british police police say say casualties,neutral
including police police attack attack near near uk uk parliament; parliament; cannot cannot confirm confirm number.,neutral
today doubles doubles annual annual contracts contracts india india cricketers cricketers rs rs crore,neutral
rs 1 1 crore crore rs rs 50 50 lakh lakh respectiv,neutral
tn farmers farmers skull skull protest protest delhi,neutral
cm bans bans paan,neutral
chewing govt govt offices,neutral
,neutral
,neutral
colleges --for --for healthy,neutral
ugly high-rises high-rises taking taking grand grand structures structures ignored,neutral
bungalows razed.,neutral
committee constituted constituted ministry ministry recommended recommended city city taxis taxis allowed allowed run run app app based based platforms.,neutral
chief minister minister bans bans paan paan masala,neutral
,neutral
polythene government government offices,neutral
ordered ban,neutral
drafted challenge challenge high high court court order order case,neutral
bureaucrats wonder.,neutral
84% cut cut research research seats,neutral
elite centres centres (including (including intake.,neutral
crude 'architecture' 'architecture' taking taking world's world's city city buildings,neutral
crude buildings buildings taking taking city city world world iconic iconic buildings,neutral
anti-romeo squad squad starts starts lucknow lucknow video:,neutral
effigies burn burn jnu jnu strike strike 84% 84% research research seat seat cut cut affirmative affirmative action action junked,neutral
kp nayar,neutral
way europe europe lies,neutral
,neutral
bihar tell tell govt govt rejected rejected idea.,neutral
slashed research research seats,neutral
key europe,neutral
,neutral
more. also also epaper.,neutral
sc issues issues notices notices centre,neutral
election commission commission plea plea seeking seeking scrapping scrapping benefits benefits given,neutral
one year year younger younger one one year year elder,neutral
govt proposes proposes limit limit rs rs lakh lakh rs rs 3 3 lakh lakh proposed,neutral
supreme court court says says final final hearing hearing disputes disputes case case july july 11.,neutral
supreme court court says says auction auction aamby aamby valley valley project project money money paid paid others.,neutral
supreme court court takes takes record record 'unqualified 'unqualified apology' apology' tendered tendered bengal bengal counsel,neutral
dismisses plea plea withdrawn.,neutral
supreme court court terms terms 'unfortunate' 'unfortunate' grounds grounds cited cited bengal bengal govt govt plea plea hc hc order order asking asking cbi cbi take take case,neutral
supreme court court refuses refuses stay stay cbi cbi probe probe sting sting several several leaders leaders allegedly allegedly caught caught camera camera taking taking money.,neutral
visit today today 1st 1st time time taking taking oath oath cm,neutral
inhe sikhaiye!!! sikhaiye!!! msy msy requests requests teach teach ropes ropes politics..,neutral
patna zoo zoo sell sell nesting nesting boxes,neutral
patna's tires tires machine.,neutral
protein australian australian venom venom may may help help victims victims recover recover faster.,neutral
choice cm cm giving giving jitters.,neutral
bjp rushes rushes shake shake upper-caste upper-caste tag.,neutral
,neutral
headmaster finds finds truant truant kids kids harvesting harvesting crop.,neutral
,neutral
agreed teach teach ropes?,neutral
tutor kids kids roped roped harvest,neutral
telecom giant giant born,neutral
more. also also epaper.,neutral
britain trigger trigger brexit brexit march march 29:,neutral
govt merge merge bharatiya bharatiya mahila mahila bank bank greater greater services services outreach,neutral
high court court grants grants stay stay criminal criminal proceedings proceedings minister minister case case filed filed mla mla mohua mohua moitra.,neutral
agitation delayed delayed 15 15 days. days. trouble trouble soon soon come..,neutral
bsp leader leader shot shot dead dead late late last last night,neutral
murderers large,neutral
4000 migrated migrated 2015 2015 shield shield capital.,neutral
65 years,neutral
bengal unit unit finally finally gets gets full-time full-time chief.,neutral
,neutral
,neutral
project india india test,neutral
haryana's called called march march siege siege parliament.,neutral
yogi vows vows work work all.,neutral
bjp certain certain get get away away anything,neutral
says manini manini chatterjee.,neutral
mass bunking,neutral
orders weekly weekly trainees.,neutral
fans see see future future pm.,neutral
yogi pm,neutral
sunday holiday holiday recruits,neutral
moon. more. more. also also epaper.,neutral
give trial trial run run months,neutral
,neutral
tells give give 2-month 2-month trial trial run. run. also also disagrees disagrees vote,neutral
centre mobilises mobilises 247 247 companies companies (about (about 24,neutral
700 personnel) personnel) paramilitary paramilitary forces forces haryana,neutral
delhi uttar uttar pradesh pradesh view,neutral
government okays okays 33% 33% reservation reservation women women state state jobs,neutral
yogendra yadav yadav future future india india get get wrong,neutral
,neutral
take eyes,neutral
parties led led can't can't seem seem look look beyond beyond family family top top posts.,neutral
7 days: days: bjp's bjp's 'good 'good dynastic dynastic parties,neutral
bengalis get get local,neutral
,neutral
set take take oath oath cm cm today,neutral
sworn deputy deputy cms,neutral
bjp sees sees stamp stamp missing missing choice.,neutral
bjp sold sold development development -- -- sprang sprang hawk.,neutral
former captain captain michael michael john john clarke clarke strengths strengths team,neutral
leadership more.,neutral
bjp govt govt faces.,neutral
graveyard echo echo choice choice chief chief minister.,neutral
bjp stuns stuns ugc ugc letter letter forgery,neutral
doctors split split bengal bengal bill.,neutral
also epaper.,neutral
yogi sworn sworn chief chief minister minister sunday sunday afternoon.,neutral
yogi adityanath adityanath arrives arrives venue venue meeting meeting mlas mlas amid amid talk talk named named chief chief minister,neutral
'shocked' hc hc order order handover handover cbi,neutral
vows move move supreme supreme court.,neutral
retain tv tv innings.,neutral
whatever india india offers offers biggest biggest issue,neutral
calcutta hc hc sends sends case case cbi.,neutral
went meet,neutral
rahul met met hc hc gives gives cbi,neutral
dig amartya,neutral
more. also also epaper.,neutral
hrd stop stop funding funding research research social social exclusion,neutral
,neutral
oath taking taking new new cm cm take take place place 5 5 pm pm sunday: sunday: keshav keshav prasad prasad maurya,neutral
hc directs directs conclude conclude preliminary preliminary inquiry inquiry within within 72 72 hours hours register register fir,neutral
,neutral
calcutta high high court court orders orders probe probe sting sting operation.,neutral
serious concerns concerns regarding regarding india india captain captain 's 's shoulder shoulder injury,neutral
,neutral
cloud state state boss boss keshav keshav maurya's maurya's chances chances becoming becoming chief chief minister.,neutral
likely elected elected cm: cm: sources,neutral
india urges urges talk,neutral
zoo mark,neutral
,neutral
000 villages villages taught taught google google designs,neutral
recipes skills.,neutral
hc scraps scraps plea plea jnu jnu norms. norms. seat seat cuts,neutral
100 per per cent cent viva viva follow,neutral
surprise resignation resignation boss boss manohar,neutral
back square square one.,neutral
happened promised promised funds,neutral
sudden blaze blaze destroys destroys bungalow.,neutral
bengal traffic traffic cops cops pen pen paper.,neutral
leaving weakened weakened travel travel ban ban order order muslims,neutral
kp nayar nayar says.,neutral
funds fear fear research,neutral
,neutral
death 1st 1st solo solo trip trip more. more. also also epaper.,neutral
newly elected elected mlas mlas meet meet lucknow lucknow mar mar 18.,neutral
new delhi: delhi: health health minister minister briefs briefs media media live:,neutral
protected tampering/manipulation: tampering/manipulation: election election commission,neutral
elaborate system system place place prevent prevent misuse misuse evms: evms: election election commission,neutral
nia takes takes investigations investigations bhopal-ujjain bhopal-ujjain train train ied ied blast blast case,neutral
takes custody custody 3 3 accused accused bhopal bhopal police,neutral
merit claims claims tampered tampered with; with; allegations allegations wild wild baseless:,neutral
navjot singh singh sidhu sidhu sworn sworn cabinet cabinet minister minister govt,neutral
greeted cm cm captain captain amarinder amarinder singh,neutral
capt amarinder amarinder singh singh takes takes oath oath 26th 26th chief chief minister minister watch watch live:,neutral
british dhc dhc bruce bruce bucknell bucknell institute institute entrepreneurs entrepreneurs head head manoj manoj das das discussing discussing skill skill devt devt ne,neutral
akhilesh meet meet newly newly elected elected sp sp mlas mlas today,neutral
decide new new legislative legislative party party leader leader future future course course action. action. also,neutral
22 support,neutral
cm prove prove majority majority assembly assembly today.,neutral
smooth affair affair today,neutral
man took took neighbour neighbour court court pet pet dogs dogs bark bark night-- night-- judge,neutral
regimes changes. changes. bullying bullying police police officers officers not.,neutral
returned warm warm welcome,neutral
boss india's india's largest largest cautions cautions waiving,neutral
laws cannot cannot replace replace trust trust compassion,neutral
amit chaudhuri chaudhuri hard hard give give experience experience pleasurable pleasurable pain.,neutral
subir bhaumik bhaumik cast cast shadow shadow india's india's ties,neutral
shashank manohar manohar quits quits how!,neutral
boss quit,neutral
caution loan loan waivers,neutral
arson film film sets,neutral
more. also also epaper.,neutral
govt seems seems slipped slipped budget2017.,neutral
govt seems seems slipped slipped budget2017.,neutral
rohith's buddy's buddy's autopsy autopsy caught caught distrust,neutral
rape-accused leader leader gayatri gayatri prajapati prajapati nabbed nabbed --after --after roaming roaming delhi,neutral
gurgaon bengal.,neutral
municipal held held april april 22: 22: state state election election commission,neutral
manohar sworn sworn chief chief minister,neutral
cm demands demands conducting conducting mcd mcd polls polls via via ballot ballot paper paper place place evms,neutral
sc refuses refuses stop stop becoming becoming cm,neutral
calls floor floor test.,neutral
finance minister minister given given additional additional charge charge ministry ministry rashtrapati rashtrapati bhavan,neutral
shri arun arun jaitley jaitley shall shall assigned assigned charge charge ministry ministry defence,neutral
addition existing existing portfolios,neutral
accepted resignation resignation shri shri manohar manohar parrikar parrikar council council ministers ministers immediate,neutral
finmin arun arun jaitley jaitley given given additional additional charge charge defence defence ministry ministry following following manohar manohar parikkar's parikkar's resignation: resignation: rashtrapati rashtrapati bhav,neutral
limits cash cash withdrawals withdrawals today,neutral
parrikar resigns resigns defence defence minister,neutral
sworn chief chief minister minister tomorrow.,neutral
hindu undercurrent undercurrent led led surge. surge. story story feb.,neutral
raj bhavan bhavan denies denies reports reports calling calling party party form form government.,neutral
governor asks asks congress congress cm cm okram okram ibobi ibobi singh singh resign resign process process formation formation next next govt govt started.,neutral
walks; leaders leaders bow bow 'nayak'. 'nayak'. story,neutral
,neutral
see new new highlights highlights pm pm speech speech bjp bjp hq,neutral
oil prices prices hit hit three-month three-month low low u.s. u.s. rig rig count count climbs,neutral
assam lawmaker lawmaker wants wants national national body body save,neutral
200000 people people turned turned bolpur bolpur famed,neutral
hardest interview interview life,neutral
says bid bid enter,neutral
here's bsp bsp theory theory 71% 71% population population voted voted bjp.,neutral
people want want handouts,neutral
want says says victory victory rally.,neutral
modi says says people people want want handouts,neutral
malala's oxford oxford entry,neutral
reverse polarisation polarisation more. more. special special epaper epaper link.,neutral
print edition edition today,neutral
look epaper epaper special special link.,neutral
match referee referee umpires umpires went went book,neutral
,neutral
bjp claims claims voters voters risen,neutral
strengthened sense sense belonging belonging among among calcutta's,neutral
hiring people people task task edge.,neutral
consolidation independent independent 2nd 2nd countrywide countrywide political political entity.,neutral
7days today: today: bjp's bjp's expanding expanding footprint,neutral
taking gatka,neutral
,neutral
hiring blind blind employees. employees. more.,neutral
u.s. attorney attorney preet preet bharara bharara fired fired refusing refusing quit. quit. here:,neutral
yogi adityanath adityanath keshav keshav prasad prasad maurya,neutral
know names names possibly possibly next next cm cm video:,neutral
time modi's modi's reforms.,neutral
piyush srivastava srivastava looks looks stunning stunning victory,neutral
black mark mark report report card?,neutral
became demonetised demonetised notes,neutral
victory may may bad bad news,neutral
mukul kesavan kesavan bcci bcci curious curious case case versus versus steve steve smith.,neutral
magic combined combined organisational organisational strength strength brought brought back back 1-party 1-party system.,neutral
,neutral
dynasties demonetised,neutral
numbers say,neutral
more. also also epaper.,neutral
15 years,neutral
bjp captures captures record record show.,neutral
congress wins wins 77 77 seats seats 117-member 117-member assembly,neutral
1 short short two-thirds two-thirds majority.,neutral
bjp (13 (13 seats) seats) fails fails get get majority majority congress congress emerges emerges single single largest largest party party bagging bagging 17 17 seats seats 40-member 40-member house.,neutral
congratulate shri. shri. narendra narendra modi modi bjp bjp victory victory uttar uttar pradesh pradesh uttarakhand,neutral
l congratulate congratulate people,neutral
respect accept accept verdict: verdict: aimim aimim chief,neutral
l reaches reaches raj raj bhavan bhavan tender tender resignation resignation cm,neutral
cm laxmikant laxmikant parsekar parsekar tenders tenders resignation. resignation. lost lost seeandidate seeandidate dayanand dayanand sopte sopte see,neutral
want quit quit fighting fighting type type election: election: irom irom sharmila sharmila losing losing maiden maiden election election (ani),neutral
| understand understand state state ohf ohf mind mind ohf ohf ji ji right right nohw. nohw. hence,neutral
dohn't want want toh toh cohmment cohmment ohn ohn it: it: amit amit shah shah oh,neutral
| chief chief press press conference conference begin begin shortly. shortly. stay stay tuned.,neutral
gets majority majority 117-member 117-member wins wins 59 59 seats,neutral
leading 18 18 seats.,neutral
bjp heads heads landslide landslide win win samajwadis samajwadis concede concede defeat defeat mayawati mayawati wants wants fresh fresh polls polls using using paper paper votes.,neutral
update: manhattan manhattan attorney attorney preet preet bharara bharara asked asked resign resign along along obama-era obama-era u.s. u.s. attorneys attorneys - - doj.,neutral
jharkhand body body upgrade upgrade pitch pitch test.,neutral
manipur assembly assembly election election result result live: live: congress congress ahead ahead 6 6 seats,neutral
accept people's people's mandate,neutral
says sp sp leader leader shivpal shivpal yadav,neutral
l uttar uttar pradesh pradesh (leads/trends) (leads/trends) 373/403 373/403 264 264 70 70 27 27 others others 12,neutral
jharkhand body body upgrade upgrade pitch pitch test.,neutral
become epicentre epicentre industry industry bihar.,neutral
upright cop cop son son arrested.,neutral
forecast wet wet dol dol (sunday) (sunday) dry dry (monday).,neutral
army chief's chief's words words ring ring pellet-hit pellet-hit boy's boy's ears.,neutral
(leads/trends) 05/70 05/70 bjp: bjp: 3 3 cong: cong: others: others: 0,neutral
(leads/trends) 26/117: 26/117: bjp/sad: bjp/sad: 3,neutral
cong: 17,neutral
aap: 6,neutral
others: 0,neutral
uttar pradesh pradesh (leads/trends) (leads/trends) 103/for03 103/for03 55 55 26 26 18 18 others,neutral
foreign policy policy must must rooted rooted ethics,neutral
sunanda datta-ray datta-ray says says lines lines visit,neutral
get latest latest fastest fastest updates updates throughout throughout day day here:,neutral
facing arrest arrest warrant,neutral
high court court judge judge plays plays card.,neutral
117 acquitted,neutral
13 held held guilty guilty murder.,neutral
ready long long winners winners named.,neutral
13 guilty guilty murder,neutral
laddoos winners,neutral
1st warrant warrant judge,neutral
more. also also epaper.,neutral
india's production production grew grew 2.7% 2.7% january.,neutral
govt says says reliance reliance tendered tendered apologies apologies using using prime prime minister's minister's picture picture ads ads without without permission.,neutral
supreme court court issues issues arrest arrest warrant warrant get get high high court court judge judge face face case.,neutral
broke ranks ranks bodies bodies east,neutral
,neutral
winners awards awards telegraph's telegraph's - - advantage advantage 2017.,neutral
amit roy roy tour,neutral
bengal tops tops --in --in women women children.,neutral
india's action action charity charity trigger trigger spat spat administration.,neutral
,neutral
militants opt opt poaching poaching fund fund outfit.,neutral
south korea's korea's constitutional constitutional court court upholds upholds president president park's park's impeachment,neutral
plan cap cap fees,neutral
private put put expansion expansion hold.,neutral
3 publishers publishers close close suit suit photocopying,neutral
akhilesh keeps keeps options options open,neutral
akhilesh 'aunt',neutral
publishers lose lose photocopiers,neutral
bengal bill bill scares scares pervert pervert schools,neutral
more. also also epaper.,neutral
old street street directory,neutral
shopping directory,neutral
rolled one.,neutral
got bred bred local local pig pig variety.,neutral
flash - - ghouse ghouse mohammad mohammad khan,neutral
mastermind module module arrested arrested police,neutral
puts forth forth searching searching questions questions liquor liquor baron baron disclosure disclosure assets assets court.,neutral
supreme court court rejects rejects age age plea plea skip skip jail.,neutral
nia take take encounter,neutral
mp cases: cases: rajnath.,neutral
fresh fir fir filed filed jnu jnu alleging alleging misbehaviour misbehaviour students. students. students students accused accused assault,neutral
,neutral
,neutral
jammu kashmir: kashmir: 2-3 2-3 terrorists terrorists holed holed house,neutral
firing underway,neutral
re-polling underway underway 8 8 assembly assembly constituencies constituencies went went polls polls 1st 1st phase phase march,neutral
meghalaya got got bred bred local local pig pig variety.,neutral
racketeers backed backed politicians politicians prevent prevent legal legal govt govt licensees.,neutral
rural planned planned counter counter azadi azadi call.,neutral
india tap,neutral
supreme court court caution caution stealing stealing saris,neutral
,neutral
terrorist lucknow: lucknow: make make statement,neutral
mp incidents,neutral
amit roy roy maneck maneck dalal dalal launched launched international.,neutral
indian medical medical body body moots moots handling handling successful successful trials trials tamil tamil nadu.,neutral
record haul haul booze,neutral
drugs despite,neutral
suspect attack attack nabbed,neutral
police jump jump gun gun claiming claiming hand hand train train blast?,neutral
2nd phase phase begins; begins; cm cm okram okram ibobi ibobi casts casts vote,neutral
abp news news exclusive: exclusive: arms,neutral
ammunition explosive explosive material material recovered recovered lucknow lucknow operation operation ends ends video:,neutral
indian politicians politicians still still need need lucky lucky charm charm -- -- campaign campaign bus.,neutral
captain's knock,neutral
,neutral
,neutral
editorial: mayor mayor cannot cannot trusted,neutral
india could could gain gain partnership partnership says says kp kp nayar.,neutral
polling underway underway 40 40 assembly assembly seats seats spread spread across across 7 7 districts districts seventh seventh final final phase,neutral
anti-terror operation operation lucknow's lucknow's outskirts outskirts ends,neutral
1 terrorist terrorist killed; killed; reports reports terrorists terrorists holed holed false: false: adg,neutral
indian wants wants police police cover,neutral
citing outsider outsider inflow inflow open open campus.,neutral
rahul says says afraid,neutral
wants cisf cisf presence,neutral
life term term prof prof saibaba. saibaba. more. more. epaper.,neutral
one deprived deprived benefits benefits lack lack benefits benefits continue continue alternate alternate means means identification:,neutral
new mother mother challenged challenged change change date date exchanging exchanging notes.,neutral
sept18 terror terror attack,neutral
army blocks blocks key key highway. highway. civilians civilians suffering.,neutral
1 rupee rupee increase increase mocks mocks dignified-living dignified-living plea,neutral
,neutral
,neutral
govt sparks sparks traffic traffic chaos chaos plans plans grand grand gate,neutral
ruchir joshi joshi calcutta's calcutta's destroyed destroyed vandals vandals decide decide future.,neutral
bengal law law singles singles may may keep keep investors investors -- -- critical critical cases.,neutral
jitters pervert pervert healthcare healthcare bengal,neutral
city palaces,neutral
dhoni fan's fan's tenacity,neutral
more. also also epaper.,neutral
meant 'potato 'potato factory' factory' thriving thriving reality reality bengal bengal farmers farmers chain.,neutral
court asks asks report report fracas,neutral
puts question question mark mark video.,neutral
former president president renders renders unqualified unqualified unconditional unconditional apology apology supreme supreme court.,neutral
supreme court court wants wants know know exchange exchange notes notes stopped stopped march march 31 31 deadline.,neutral
case: exempts exempts centre centre filing filing status status report report proceedings proceedings international international tribunal.,neutral
supreme court court told told people people allowed allowed deposit deposit notes notes till till mar31 mar31 promised,neutral
asks govt,neutral
,neutral
notes entering entering system system via via calcutta calcutta business business district.,neutral
team come come minimal minimal side-effects.,neutral
process social social change change seldom seldom linear linear pretty,neutral
says manini manini chatterjee.,neutral
unofficial ban ban dubbed dubbed movies movies challenged,neutral
food dissent dissent tradition,neutral
,neutral
space debate debate dissent dissent continues continues shrink.,neutral
another 'go-back' 'go-back' shooting shooting us,neutral
academic siege,neutral
menu judges,neutral
more. also also epaper.,neutral
,neutral
two militants militants killed killed encounter encounter lasted lasted nearly nearly 12 12 hours.,neutral
,neutral
must varsity,neutral
story 100-yr-old 100-yr-old treasure treasure streetsmart streetsmart bengal bengal (,neutral
married maoist maoist swati swati sengupta,neutral
actually live live honesty honesty integrity integrity embraced,neutral
,neutral
could meet meet saltwater saltwater next next time,neutral
old street street directory directory astounding astounding detailing.,neutral
rallying cry cry become become thing thing behold behold celebrate celebrate season.,neutral
prime minister minister made made man man beat,neutral
7days: rallying rallying cry cry students,neutral
,neutral
crocs more.,neutral
mukul kesavan kesavan attack attack means.,neutral
flames singe singe events events colleges.,neutral
rahul modi modi trade trade barbs,neutral
farmers get get lucky,neutral
leftist became became minority minority voice,neutral
private fear fear plan plan monitor monitor functioning functioning give give local local leaders leaders death death grip.,neutral
govt decided decided merge merge industries industries departments.,neutral
centre hiked hiked jobs jobs scheme scheme by... by... (and (and rupee).,neutral
trump administration administration resists resists economics economics visas visas indian indian companies.,neutral
us visa visa worries,neutral
bengal private private schools schools fix,neutral
focus msme,neutral
wage hike,neutral
more. also also epaper.,neutral
,neutral
jk resume resume work work system system river.,neutral
69% polling polling till till 1pm,neutral
3 gardens gardens make make mark mark us us meet.,neutral
govt's latest: latest: school school kids.,neutral
23 years,neutral
increase ordered ordered workers.,neutral
caution site site inroads inroads mayor mayor (who (who also also minister minister housing housing environment.),neutral
fear law's law's provisions provisions may may force force private private shun shun critical critical cases.,neutral
perspective strife.,neutral
karnataka body body decided decided boycott boycott awards awards function.,neutral
break russia,neutral
opens entertainment entertainment tv tv market,neutral
top bureaucrat bureaucrat innocent,neutral
framed politicians,neutral
ias officers officers insist.,neutral
law check check private private hospitals,neutral
takes aol aol instant instant messanger,neutral
supreme court court gives gives govt govt chance chance oppose oppose judge judge appointment appointment 'national 'national security'.,neutral
china cautions cautions visit visit arunachal arunachal pradesh.,neutral
tension visit,neutral
pill schools,neutral
sc collegium collegium accepts accepts govt govt thorn,neutral
more. also also epaper.,neutral
happened security security agencies agencies argued argued need need tagging,neutral
fears plan plan set set rates,neutral
blasts office,neutral
,neutral
fracas overbilling,neutral
bengal drafts drafts bill bill check check bills.,neutral
room india india indian,neutral
says president president mukherjee.,neutral
notes indian,neutral
,neutral
controlling more. more. also also epaper.,neutral
4/the pilot pilot project project green green transportation transportation across across national national capital capital region region next next service service introduced,neutral
rare species species says says hello hello century.,neutral
top make make pay pay cash cash transactions transactions branches.,neutral
bengal detectives detectives get get religious religious nab nab leader leader accused,neutral
pulled negligence negligence bengal bengal cm cm orders orders party party meddle.,neutral
development means means filling filling also also means means death,neutral
rock fossils fossils clue clue earth.,neutral
india would would well well abolish abolish says,neutral
junior home home minister minister admits admits made made comments comments without without seen seen video.,neutral
govt made made look look benign: benign: use use revised revised (and (and lower) lower) base base comparison.,neutral
hole's armour,neutral
key minister minister comments comments freely,neutral
modi's bug,neutral
more. also also epaper,neutral
jaitley says says likely likely pick pick coming coming quarters.,neutral
fm jaitley jaitley says says q3 q3 data data substantially substantially impacted impacted economy's economy's resilience resilience remonetisation remonetisation helped.,neutral
blaze puts puts spotlight spotlight grand grand pieces pieces history history lurk lurk lanes.,neutral
kanwal sibal sibal could could victim victim disruptive disruptive thinking.,neutral
effect: batsman batsman gets gets booed booed scoring scoring century.,neutral
gunbattle felled felled father.,neutral
defensive cries cries media media trial.,neutral
delhi worried worried silence,neutral
midst incendiary incendiary wish,neutral
teachers said said stand.,neutral
mystery effect effect data.,neutral
mystery data,neutral
teachers back back worry worry silence,neutral
more. also also epaper.,neutral
gdp grew grew 7% 7% quarter,neutral
full year year projected projected 7.1%.,neutral
breaking: government government forecasts forecasts 2016/17 2016/17 growth growth 7.1 7.1 percent,neutral
breaking: indias indias december december quarter quarter gdp gdp 7 7 percent percent (reuters (reuters forecast forecast 6.4 6.4 percent),neutral
growth 8 8 core core sector sector slows slows 3.4 3.4 pc pc january january compared compared 5.7 5.7 pc pc year-ago year-ago month.,neutral
ashok v v desai desai formula formula tackling tackling banks.,neutral
crpf getting getting take take planted,neutral
'nationalist' cub cub threatens threatens cut cut finger,neutral
,neutral
cowardice; season season buds buds thorns,neutral
more. also also epaper.,neutral
57.36% turnout turnout fifth fifth phase phase voting voting ends ends large large peacefully peacefully 51 51 assembly assembly seats: seats: ceo ceo venkatesh,neutral
arrests woman woman director director hong hong kong-based kong-based firm firm rs rs 1478 1478 crore crore case case registered registered post,neutral
abvp takes takes tricolour tricolour march march 180ft 180ft long long flag flag ramjas,neutral
principal rajendra rajendra prasad prasad says says heart heart bleeds bleeds v,neutral
begins 51 51 assembly assembly constituencies constituencies spread spread across across 11 11 districts. districts. eyes,neutral
jp yadav yadav rebranding,neutral
backlash hails hails 'true 'true patriot'.,neutral
kp nayar nayar governors governors us us states states say,neutral
message governors governors us us states,neutral
modi criticised,neutral
stem important,neutral
more. also also epaper.,neutral
'control' part part go,neutral
,neutral
offered help,neutral
formidable madame madame calcutta's calcutta's runs runs business.,neutral
pushing 86,neutral
physicist still still table table full,neutral
says prasun prasun chaudhuri.,neutral
resistance trumpland trumpland nothing nothing citizenry citizenry yet yet match.,neutral
pushing team team use use twitter twitter tool.,neutral
7days: modi's modi's rule rule twitter,neutral
big boss boss calcutta's calcutta's science science giving,neutral
,neutral
bihar cm cm cites cites siltation siltation threat threat barrages barrages national national waterway.,neutral
day left-arm left-arm turners,neutral
took aol aol instant instant messanger messanger money money more.,neutral
playing du du colleges.,neutral
question america,neutral
big brother brother academia,neutral
,neutral
more. also also epaper.,neutral
suspect 2002 2002 attack attack case case calcutta calcutta arrested arrested gaya: gaya: bihar bihar police.,neutral
today: congress congress vp vp address address rallies rallies gonda,neutral
sultanpur bahraich,neutral
today: pm pm address address rally rally imphal,neutral
american consider consider hero.,neutral
live money,neutral
that's living,neutral
,neutral
dreams one one still still alive,neutral
finds sunanda sunanda k k datta-ray.,neutral
du push,neutral
tests autonomy autonomy waters.,neutral
techie killed killed --and --and american american took took bullets bullets aimed aimed another.,neutral
indian techie techie shot shot us,neutral
call affordable affordable dialysis,neutral
stephen's tests tests autonomy,neutral
more. also also epaper.,neutral
bihar exam exam body's body's boss,neutral
nephews held held question-paper question-paper scam.,neutral
,neutral
savours civic civic win win congress congress loss.,neutral
twist case,neutral
angst authors,neutral
bjp flies flies wings,neutral
more. also also epaper.,neutral
results live: live: leads leads 93 93 seats seats offers offers resignation,neutral
aap govt govt moves moves sc sc setting setting 5-judge 5-judge constitution constitution bench bench decide decide appeal appeal hc hc verdict verdict holding holding lg lg delhi's delhi's administ,neutral
12-15% turnout turnout till till 10 10 phase-iv.,neutral
telecom operator operator acquire acquire business business telenor telenor india india seven seven circles circles holds holds spectrum.,neutral
statement terrorist terrorist initiated initiated incident incident shopian,neutral
jk attached,neutral
militant attack attack kashmir's kashmir's shopian shopian district,neutral
6 injured,neutral
civic poll poll counting counting begin begin 10 10 today; today; eyes eyes result,neutral
sekhar raha raha letting letting go go past,neutral
nation 70 70 must must begin begin new new life.,neutral
soumitra das das listens listens kirtans kirtans asks asks set set rules.,neutral
swapan dasgupta dasgupta must must assess assess basis basis national national self-interest.,neutral
citizens petition petition govt govt make make nursing nursing homes homes come come clean,neutral
ugc proposes proposes 20% 20% pay pay hike hike college college teachers.,neutral
guess happened happened said said 'adopted 'adopted son',neutral
hit splurge splurge freebies,neutral
founders admit admit gmv gmv vanity,neutral
profit sanity.,neutral
modi adopted adopted son,neutral
,neutral
check hospitals,neutral
pay hike hike plan,neutral
more. also also epaper.,neutral
standoff left left abvp abvp blocks blocks entrance entrance maurice maurice nagar nagar ps. ps. stones stones eggs eggs shoes shoes thrown thrown ps ps side. side. many many hurt,neutral
pitched battles battles progress progress du du abvp abvp disrupts disrupts ramjas ramjas march march maurice maurice nagar nagar ps,neutral
economic blockade blockade impact impact process,neutral
arrangements made made ensure ensure free free fair fair election: election: cec cec (f,neutral
du's ramjas ramjas college college cancels cancels event event protests protests invite invite speakers.,neutral
7 new new species species found,neutral
govt sets sets menu menu item item limit limit wedding,neutral
india pushes pushes universities universities accept accept 3yr 3yr graduates graduates courses.,neutral
india invokes invokes emergency emergency clause clause end end pricing.,neutral
reliance's promises promises free free voice voice calls calls roaming roaming 1 1 year... year... cheap,neutral
kp nayar nayar tensions tensions crept crept ties,neutral
receiving end,neutral
crowns india's,neutral
extends offer offer mobile mobile battle,neutral
finds indian indian trump,neutral
troubled life life ends ends more. more. also also epaper.,neutral
writes tn tn assembly assembly secretary secretary no-confidence no-confidence motion motion speaker speaker dhanapal.,neutral
,neutral
9 civic civic bodies bodies state state go go polls polls tuesday,neutral
general known known sharp sharp questions questions trump's trump's new new top top security security adviser,neutral
garg rapped rapped post,neutral
experts say say wrong wrong blaming blaming ganga ganga siltation.,neutral
even $2.17m,neutral
within budget,neutral
sanjiv goenka goenka tells,neutral
allow barrages barrages name name says,neutral
amit roy roy looking looking campus campus abroad.,neutral
graveyard barb,neutral
hits advertisement.,neutral
asses star star battle,neutral
fest sans sans pak pak voice,neutral
beyond brexit,neutral
more. also also epaper.,neutral
registers case case meat meat exporter exporter graft graft case; case; names names former former chief chief ap ap singh singh also.,neutral
governor asks asks shurhozelie shurhozelie liezitsu liezitsu form form government; government; swearing-in swearing-in feb22.,neutral
surit doss doss forget forget dynamic dynamic mobile,neutral
dr kunal kunal sarkar sarkar cartels cartels ripping ripping patients,neutral
tapping self-help self-help group,neutral
harvests 1st 1st crop,neutral
eaglenest sanctuary,neutral
could dethrone dethrone top top draw.,neutral
bihar extension extension impacts impacts privacy privacy rights,neutral
,neutral
lessons school.,neutral
exclusive jnu jnu fir fir marks marks aisa aisa leadership,neutral
serious charges charges absent absent varsity varsity press press releases releases appear appear plaint plaint htt,neutral
manini chatterjee chatterjee failed failed live live promise.,neutral
bengal orphanage orphanage suspected suspected selling selling babies babies couples couples us,neutral
,neutral
top officer officer speaks speaks innocent innocent victims victims suffer.,neutral
ips officer officer frame-up,neutral
modi's call call orphans orphans trafficked,neutral
more. also also epaper.,neutral
goenka's surprise:smith surprise:smith lead lead pune,neutral
palaniswami's victory victory (and (and dhoti dhoti survived),neutral
studies sprout,neutral
more. also also epaper.,neutral
murali's initiative initiative goes goes jaffna,neutral
prasun chaudhuri chaudhuri (dying?) (dying?) art art carving,neutral
imagine paying paying rs500 rs500 -- -- 1863.,neutral
polling underway underway 69 69 assembly assembly seats seats spread spread across across 12 12 districts districts phase-iii,neutral
malik sajad,neutral
artist line line control.,neutral
sonia sarkar sarkar nationalist nationalist studies studies sprouting sprouting across across campuses.,neutral
importance fastening fastening waistband waistband revealed revealed wins wins trust trust vote.,neutral
comes prey,neutral
india's protected protected forests forests planned,neutral
scientists find.,neutral
,neutral
,neutral
flash: supreme supreme court's court's order,neutral
fir registered registered minister minister gang gang rape rape sexual sexual harassment,neutral
trust vote vote 122-11.,neutral
edappadi wins wins vote vote confidence confidence 122 122 votes,neutral
11 against. against. earlier:,neutral
palaniswami wins wins trust trust vote vote 122 122 mlas mlas voting voting govt govt chaotic chaotic day. day. earlier;,neutral
chaos call call secret secret vote.,neutral
opposition creates creates ruckus ruckus trust trust vote,neutral
house adjourned adjourned till till 3pm.,neutral
live: ruckus ruckus assembly assembly 'secret 'secret ballot' ballot' demand,neutral
mla sits sits speak's speak's chair chair angst,neutral
can't risk risk slightest slightest smile smile today.,neutral
ram guha guha money money criminals criminals got got india.,neutral
delhi airport airport drops drops glitches,neutral
big fail.,neutral
legal eagles eagles back back call call probing probing suicide suicide note.,neutral
delhi high high court court orders orders cop cop shield shield willing willing drivers; drivers; tells tells strikers strikers deal deal companies.,neutral
india still still keen keen buy buy westinghouse westinghouse reactors reactors despite despite toshiba toshiba meltdown,neutral
members camp camp meet meet assembly assembly speaker speaker p p dhanapal,neutral
day ahead ahead confidence confidence vote.,neutral
idea wrong,neutral
,neutral
rbi chief chief sees sees v v growth growth rate.,neutral
fake exit exit poll poll results results circulated circulated using using abp abp news' news' brand brand name. name. want want clarify clarify aired aired exit exit piss,neutral
samsung chief chief lee lee arrested arrested south south korean korean corruption corruption probe probe deepens,neutral
may find find tough tough control control govt govt jail.,neutral
jp yadav yadav finds finds us-versus-them us-versus-them undercurrent,neutral
india's foreign foreign secretary secretary visit visit next next week week 'frank' 'frank' talks.,neutral
kp nayar nayar party party revolt revolt knocked knocked nominee nominee labour labour secretary secretary post.,neutral
floor test test saturday.,neutral
idea wrong,neutral
,neutral
bajaj calls calls bad bad idea,neutral
palani court court rules rules more. more. also also epaper.,neutral
sworn-in chief chief minister,neutral
jnu vc vc clarifies: clarifies: ugc ugc gazette gazette wont wont applied applied retrospectively. retrospectively. existing existing mphil mphil students students admitted admitted phd phd goodbye,neutral
31-member cabinet cabinet sworn-in sworn-in 4.30pm: 4.30pm: raj raj bhavan.,neutral
5-judge constitution constitution bench bench sit sit may may decide decide pleas pleas relating relating aspects aspects triple triple 2/2,neutral
sc frame frame issues issues mar30 mar30 regarding regarding triple triple nikah nikah halala halala consideration.1/2,neutral
less cricketers,neutral
also making making centuries,neutral
says isro isro official official annadurai,neutral
nadu governor governor invites invites edappadi edappadi k k form form government government earliest.,neutral
premier calcutta calcutta ransacked ransacked death,neutral
,neutral
arrests yet.,neutral
latest lacked lacked economic economic philosophy,neutral
says sl sl rao.,neutral
dipankar dasgupta dasgupta pitfalls,neutral
india mulls mulls auditor auditor check check misuse,neutral
bureaucrats face face action action drinking drinking alcohol alcohol -- -- anywhere anywhere world.,neutral
'slaps' memorial memorial mean.,neutral
going back back back back jail,neutral
instals nephew nephew proxy,neutral
fielded nephew,neutral
virat kohli,neutral
beyond bihar bihar border,neutral
more. also also epaper.,neutral
cabinet approves approves merger merger five five subsidiaries subsidiaries state state bank bank india india state-owned state-owned lender: lender: finance finance minister minister arun arun jaitle,neutral
foreign tourists tourists e-visas e-visas get get free free cards cards arrival.,neutral
turnout till till 5 5 pm pm 68 68 per per cent,neutral
,neutral
india's jan jan 2017 2017 rise rise 4.32% 4.32% $22.11bn $22.11bn -- -- imports imports 10.70%,neutral
widening trade trade deficit deficit $9.84bn.,neutral
urban growth growth threatens threatens kidneys kidneys -- -- world's world's largest largest waste waste recycling recycling system.,neutral
kp nayar nayar exit exit could could bad bad india.,neutral
stirrings cold cold war,neutral
scenes drama,neutral
india's air air pollution,neutral
more. also also epaper.,neutral
e local local functionary functionary legislature legislature party party leader,neutral
live: police police given given direction direction evacuate evacuate mlas mlas kuvathur,neutral
dgp likely likely take take final final call.,neutral
meeting governor governor ends. ends. stakes stakes claim claim form form government: government: jaya jaya tv.,neutral
kim jong jong nam,neutral
estranged half-brother half-brother leader leader kim kim jong jong un,neutral
killed airport airport women women poisoned poisoned needles.,neutral
takes aerobatic aerobatic display display inaugural,neutral
centre allows allows prosecute prosecute former former principal principal secretary secretary delhi delhi chief chief minister minister arvind arvind kejriwal,neutral
graft case,neutral
bjp urges urges governor governor vidyasagar vidyasagar rao rao take take decision decision basis basis numbers numbers well well credibility.,neutral
governor vidayasagar vidayasagar rao rao meet meet new new legislature legislature party party leader leader edappadi edappadi k k palaniswami palaniswami others others 5.40pm.,neutral
india caps caps prices prices -- -- rs7,neutral
260 bare bare metal metal rs29,neutral
600 drug drug eluting-- eluting-- crackdown crackdown wild wild markups.,neutral
sasikala expels expels scores scores rebels rebels including including minister minister k k pandiarajan pandiarajan senior senior leader leader c c ponnaiyan,neutral
aiadmk expels expels supreme supreme court court ruling ruling knocks knocks cm cm race.,neutral
aiadmk expels expels supreme supreme court court ruling ruling knocks knocks cm cm race.,neutral
supreme court court restores restores bangalore bangalore trial trial court court verdict verdict holding holding others others corruption corruption case.,neutral
breaking: supreme supreme court court convicts convicts disproportionate disproportionate assets assets case,neutral
mettur legislator legislator semmalai semmalai joins joins cm cm camp.,neutral
trump national national security security adviser adviser flynn flynn resigns resigns controversy controversy russian russian contacts,neutral
mayawati plays plays divide-and-woo divide-and-woo home home turf. turf. upelections,neutral
could miss miss flight flight bangalore,neutral
ashok desai desai accidental accidental new new book book tirthankar tirthankar roy roy anand anand v. v. swamy.,neutral
,neutral
supreme court court decided decided future future rival,neutral
patna boy boy got got play play tabla.,neutral
tehmina janjua janjua 1st 1st woman woman foreign foreign secretary.,neutral
tamil nadu nadu waits,neutral
indian heft heft pope,neutral
,neutral
pakistan's 1st 1st woman woman foreign foreign secy,neutral
more. also also epaper.,neutral
eases 3.17 3.17 per per cent cent january january 3.41 3.41 per per cent cent december.,neutral
7-judge sc sc bench bench hear hear plea plea madras madras hc hc justice justice order order staying staying transfer. transfer. earlier:,neutral
justice fails fails appear appear apex apex court court face face contempt contempt charges.,neutral
non-teaching staff staff call call end end jnu jnu stir,neutral
vc says says law law take take course course occupation occupation adblock adblock doesnt doesnt end end despi,neutral
calcutta hc hc judge judge c c karnan karnan fails fails appear appear sc sc connection connection suo suo motu motu contempt contempt proceedings.,neutral
bjp worker worker stabbed stabbed death death local local temple temple festivities festivities mukkattukara mukkattukara kerala's kerala's district,neutral
likely hear hear pil pil swearing-in swearing-in today,neutral
delhi airlift airlift blockade blockade lifted.,neutral
use track track preventing preventing track track deaths,neutral
tells state.,neutral
bonhomie strikes strikes chord chord ground.,neutral
india's spike spike 3 3 initiatives,neutral
amit roy roy clash,neutral
men friends friends across across border,neutral
,neutral
races hots,neutral
plays woman woman wronged.,neutral
britain becoming becoming xenophobic xenophobic hostile,neutral
high commissioner commissioner dominic dominic asquith asquith insists.,neutral
scientists calcutta calcutta tracing tracing building building blocks blocks space,neutral
says prasun prasun chaudhuri.,neutral
lost passwords,neutral
trouble google google play play more.,neutral
moral outrage outrage cannot cannot guide guide things things get get messy,neutral
says manini manini chatterjee.,neutral
almost overnight,neutral
become crowd-puller.,neutral
crowds flock flock rowling-morgan rowling-morgan clash,neutral
cash-swap case,neutral
more. also also epaper.,neutral
chidambaram opposition,neutral
jaitley finance finance minister,neutral
,neutral
7 days: days: assam assam vies vies taste taste buds,neutral
,neutral
,neutral
comparing 2015 2015 2017.,neutral
graduated captain,neutral
mukul kesavan kesavan state state fourth fourth estate.,neutral
,neutral
running patience,neutral
governor's letter letter leaked,neutral
gets crowds.,neutral
question: banking banking correspondents correspondents coerced coerced switching switching old old notes?,neutral
death currency,neutral
,neutral
boss shunted,neutral
more. also also epaper.,neutral
another mp mp joins joins camp,neutral
frets waits waits governor's governor's call.,neutral
,neutral
mps join join camp; camp; frets frets tends tends flock.,neutral
63% voter voter turnout turnout phase phase 1,neutral
veteran leader leader party party spokesperson spokesperson joins joins camp.,neutral
sasikala seeks seeks meeting meeting governor,neutral
3 switch switch selvam's selvam's side.,neutral
hundreds immigrants immigrants arrested arrested 'routine' 'routine' u.s. u.s. enforcement enforcement surge,neutral
,neutral
greatness means means winning winning says says sunanda sunanda k k dattaray.,neutral
1st phase phase assembly assembly elections elections begins. begins. 73 73 constituencies,neutral
20 million million voters.,neutral
polls 2017: 2017: polling polling first first phase phase begins,neutral
appeals people people vote,neutral
resort hosting hosting 120-odd 120-odd lawmakers lawmakers camp.,neutral
survivor riots riots simple simple message message voters.,neutral
france's group group buys buys brand brand birlas.,neutral
mamata's dole,neutral
,neutral
riot refugee's refugee's resolve resolve more. more. also also epaper.,neutral
50k dole dole budget budget migrant migrant workers workers hit,neutral
india's industrial industrial production production contracts contracts 0.4% 0.4% dec dec 2016 2016 decline decline 0.9% 0.9% dec dec 2015.,neutral
court directs directs bsf bsf allow allow trooper trooper tej tej bahadur's bahadur's wife wife meet,neutral
passenger opens opens chute chute aircraft aircraft taxiing taxiing mumbai mumbai airport; airport; 1 1 injured.,neutral
former minister minister ka ka senkottaiyan senkottaiyan replaces replaces madusudanan madusudanan presidium presidium chairman,neutral
govt appoints appoints directors directors ten ten indian indian institutes institutes management.,neutral
state bank bank india india q3 q3 profit profit doubles doubles rs rs 2,neutral
610 crore crore rs rs 1,neutral
115 crore crore period period year year ago.,neutral
setback trump,neutral
u.s. judges judges reject reject travel travel ban,neutral
bahu makes makes demand.,neutral
shattered firozabad's firozabad's industry.,neutral
mom lost lost teen teen kids kids fire fire same%2c same%2c old%2c old%2c boring boring shit shit let let lightly,neutral
,neutral
lawmakers jump jump ship,neutral
memorial gets gets list,neutral
governor ponders.,neutral
eyes governor,neutral
note crunch crunch glass-bangles,neutral
ansals let let lightly lightly (again),neutral
more. also also epaper.,neutral
gen secy secy calls calls governor governor ch ch vidyasagar vidyasagar rao,neutral
stakes claim claim form form government government tamil tamil nadu,neutral
vk pays pays homage homage jaya's jaya's memorial; memorial; places places sealed sealed cover,neutral
presumably mlas' mlas' support support list,neutral
,neutral
'good things things happen,neutral
' says says tn tn cm cm meeting meeting governor governor ch ch vidyasagar vidyasagar rao.,neutral
held detailed detailed discussions discussions governor governor happening happening tamil tamil nadu,neutral
,neutral
cong boycott boycott pm pm parliament parliament raincoat raincoat remark; remark; coordinate coordinate parties,neutral
,neutral
opposition disrupts disrupts demand demand apology,neutral
watch top top 10 10 news news day day video:,neutral
,neutral
test politics.,neutral
enough! says says supreme supreme court court ends ends 38yr 38yr legal legal battle battle project.,neutral
tamil nadu,neutral
,neutral
claims masses. masses. decides?,neutral
match versus versus gut gut feeling feeling modi's modi's dig dig supreme supreme court court acts acts more. more. also also epaper.,neutral
changes stance stance accommodative accommodative neutral.,neutral
keeps key key unchanged-- unchanged-- repo repo 6.25%,neutral
marginal standing standing facility facility bank bank rate rate 6.75%.,neutral
supreme court court asks asks justice justice karnan karnan explain explain face face proceedings.,neutral
return lake lake next next winter?,neutral
jatavs base base pitch pitch muslims,neutral
bsp's keeping keeping rivals rivals edgy.,neutral
heartland lab.,neutral
crpf's commandos commandos return return unit.,neutral
scientists saved saved orbiter orbiter death death eclipse.,neutral
kp nayar nayar engagement engagement gulf gulf deepened.,neutral
3 ds ds -- -- (doctor),neutral
dog drinks drinks -- -- stood stood pm pm reply reply parliament.,neutral
,neutral
mutiny: versus versus sasikala.,neutral
telegraph published published today today article article entitled entitled french french envoy envoy bets bets former former colony colony - - bonjour,neutral
new era era amity amity : : h,neutral
bengal's advocate-general advocate-general jayanta jayanta mitra mitra resigns resigns difference difference opinion opinion state state government.,neutral
enforcement directorate directorate chief chief karnal karnal singh singh gets gets fixed fixed tenure tenure years.,neutral
commandos went,neutral
commandos get get homesick,neutral
jewish nobel nobel little little stars,neutral
more. also also epaper.,neutral
pil filed filed seeking seeking restrain restrain swearing-in swearing-in chief chief minister minister tomorrow.,neutral
,neutral
,neutral
others launch launch drive drive fake fake news news france,neutral
supreme court court orders orders attachment attachment rs rs 39,neutral
000 crore crore property property pune.,neutral
supreme court court grants grants bail bail scam scam accused accused estranged estranged wife wife former former union union minister minister matang matang sinh.,neutral
shield child,neutral
javadekar backs backs restrictive restrictive research research entry,neutral
student stir stir intensify- intensify- strike strike today,neutral
indian hold hold promise promise battle,neutral
may changing changing attitude attitude coalition coalition partners,neutral
says manini manini chatterjee.,neutral
powers drive drive become become chief chief minister.,neutral
review shows shows holes holes india's india's govt-funded,neutral
gets license license raid raid -- -- without without citing citing grounds.,neutral
shades law law change,neutral
,neutral
holes govt govt health health cover,neutral
more. also also epaper.,neutral
new experiences experiences exciting exciting times times ahead ahead second second innings,neutral
mukul kesavan kesavan ought ought (and (and will) will) win,neutral
sachin tendulkar tendulkar 2nd 2nd innings,neutral
3 ds ds lead lead greatness,neutral
,neutral
nachnis dying dying unsung,neutral
art form.,neutral
irfan habib habib seeing seeing past past eyes eyes present,neutral
mixing folklore folklore history.,neutral
sonia sarkar sarkar jig-gigs jig-gigs key key tool tool run,neutral
calcutta's learning... learning... chinese.,neutral
voters villages villages want want permanent permanent india.,neutral
7 days: days: calcutta's calcutta's learning,neutral
nachnis fighting fighting rights rights more.,neutral
village cries cries bridge,neutral
mukul kesavan kesavan 3 3 ds,neutral
more. also also epaper.,neutral
judge blocks blocks trump's trump's ban ban --effective --effective nationwide,neutral
promised denied denied helicopter,neutral
soldier trekked trekked snow snow take take mother's mother's body body home.,neutral
,neutral
us clash clash immigration; immigration; puts puts india india hold.,neutral
soldier's painful painful journey,neutral
bonds political political funding,neutral
trump immigration,neutral
more. also also epaper.,neutral
follow us us dm/ dm/ mail mail ttwebonlinefeed ttwebonlinefeed release release 3 3 aggregators aggregators site site press press releases,neutral
rich get get skewered,neutral
honesty hug hug bottom bottom rung rung -- -- mystery mystery persists persists missing missing taxpayers.,neutral
relief front front small small firms firms hit,neutral
ahead elections,neutral
finds nothing nothing sell sell voters.,neutral
thought made made transparent?,neutral
history around,neutral
,neutral
demitronisation relief relief small small firms,neutral
honesty hug hug well-heeled,neutral
more. also also epaper.,neutral
double digit digit controlled; controlled; sluggish sluggish growth growth replaced replaced high high growth; growth; war war launched:,neutral
moved discretionary discretionary based based administration administration policy policy based based administration:,neutral
watch live live stream stream fm fm shri shri budget budget speech speech 2017-18 2017-18 link,neutral
pm reaches reaches parliament,neutral
cabinet meeting meeting begins.,neutral
fm departing departing north north block block parliament parliament house,neutral
,neutral
indian govt govt draws draws goat goat parallel parallel case.,neutral
breaking: go go ahead ahead scheduled,neutral
say sources,neutral
clear right right now. now. speaker speaker decide....,neutral
calcutta's menace menace born born -- -- eating eating pavements pavements footpaths.,neutral
grabbing footpaths footpaths good good business business everyone everyone (except (except pedestrians).,neutral
strike decodes decodes draft draft order.,neutral
1st time,neutral
union include include railway railway budget. budget. today,neutral
,neutral
confusion replies replies ceo.,neutral
due sudden sudden drop drop visibility visibility blr,neutral
fro flights flights affected. affected. result result consequential consequential delays delays expected.,neutral
watch union union budget budget 2017 2017 live live abp abp news news 11:00 11:00 onwards,neutral
trump picks picks 49yr-old 49yr-old judge judge lifetime lifetime job job supreme supreme court court us.,neutral
bjp could could face face backlash.,neutral
govt admits admits economy economy take take hit,neutral
us gives gives scare,neutral
law officers officers job,neutral
,neutral
more. also also epaper.,neutral
us gives gives scare,neutral
law officers officers job,neutral
,neutral
more. also also epaper.,neutral
full expected expected month month two: two: arvind arvind subramanian.,neutral
headline inflation inflation measured measured consumer consumer price price index index (cpi) (cpi) remained remained control control third third successive successive financial financial year:,neutral
agriculture sector sector grow grow 4.1 4.1 per per cent cent current current year year 1.2 1.2 per per cent cent 2015-16:,neutral
growth rate rate industrial industrial sector sector estimated estimated moderate moderate 5.2% 5.2% 2016-17 2016-17 7.4% 7.4% 2015-16:,neutral
india's growth growth rate rate constant constant market market prices prices 2016-17 2016-17 seen seen 7.1%,neutral
finance minister minister arun arun jaitley jaitley tables tables lok lok sabha,neutral
live pranab pranab mukherjee mukherjee address address parliament parliament 11am,neutral
country's first first conviction: conviction: minister minister sentenced sentenced 7 7 years years rigorous rigorous imprisonment.,neutral
economic survey survey tabled tabled parliament parliament shortly. shortly. know know economic economic survey:,neutral
sibal datar datar spike spike bcci bcci wish,neutral
president trump trump fires fires top top government government lawyer lawyer sally sally yates yates defiance defiance immigration immigration order,neutral
fm table table today,neutral
trump's order order parallel parallel citizenship citizenship bill.,neutral
prabhat patnaik patnaik monumental,neutral
farmers dumping dumping crop.,neutral
supreme court court ropes ropes former former top top auditor auditor run,neutral
one suggested suggested names names icc icc meeting.,neutral
pakistan pressure pressure ban,neutral
auditors helm,neutral
madam more. more. also also epaper.,neutral
limits cash cash withdrawals withdrawals bank bank accounts accounts atms atms - - restoration restoration status status quo quo ante,neutral
,neutral
u.s. loosens loosens curb curb re-entry re-entry green green card card holders,neutral
five soldiers soldiers machhil machhil attain attain martyrdom; martyrdom; detailed detailed statement statement attached,neutral
dept crackdown crackdown hoarders; hoarders; issues issues 87 87 notices,neutral
attaches 42 42 assets assets worth worth crores crores new,neutral
payments bank bank offer offer 4.5% 4.5% deposits deposits rs25000,neutral
5% rs rs 25000-50000,neutral
5.5% rs rs 50000-100000.,neutral
supreme court court shoots shoots govt govt bid bid put put sports sports ministry ministry bureaucrat bureaucrat panel panel run,neutral
historian ram ram guha,neutral
idfc official official vikram vikram limaye,neutral
former captain captain diana diana edulji edulji others others panel panel run,neutral
supreme court court names names former former cag cag head head 4-member 4-member panel panel administrators administrators run run 1/3,neutral
court summons summons cm cm suspended suspended bjp bjp mp mp accused accused criminal criminal defamation defamation plea,neutral
amulya patnaik patnaik appointed appointed new new delhi delhi police police commissioner. commissioner. patnaik patnaik 1985 1985 agmut agmut cadre cadre ips ips officer.,neutral
