tweet,sentiment
,neutral
thanks for for connecting connecting we we are are passionate passionate about about - - hope hope you you like like our our tweet tweet happy,positive
transferred in in 1st 1st major major shuffle shuffle by,neutral
share the the love: love: thanks thanks for for being being top top new new follower follower this this week week happy,positive
just now now i i saw. saw. but but you you did did not not reply reply unhappy,negative
supreme court court asks asks poll poll panel panel if if security security of of need need to to be be tested,neutral
thanks for for being being top top engaged engaged community community member member this this week week happy happy want want this,positive
sorry unhappy unhappy i i just just need need sex sex for for the the time time being,negative
i hope hope this this little little beaand beaand is is andot andot overworkiandg overworkiandg himself himself and and gettiandg gettiandg at at least least some some rest rest unhappy,negative
,neutral
just type type and and ask ask anything anything you you like like happy happy aa aa jao jao for,positive
thanks for for the the recent recent follow follow happy happy to to connect connect happy happy (want (want this? this? it's it's free!,positive
what happened happened when when security security agency agency argued argued over over need need for for tagging,neutral
hello everyone,positive
share the the love: love: thanks thanks for for being being top top new new follower follower this this week week happy happy want want it,positive
44 feared feared killed killed a a bus bus fall fall into into river river ton ton in in nerwa nerwa area area of of district: district: police.,neutral
no stress stress mariana,positive
positive and and loving loving always always happy,positive
ouchhhhh unhappy,negative
tell to to give give 2-month 2-month trial trial run. run. also also disagrees disagrees is is a a vote vote for,neutral
more goody goody spotted! spotted! :d,positive
bjp's flagging flagging campaign,neutral
,neutral
counting of of vote vote for for to to lok lok sabha sabha constituency constituency begins.,neutral
uk parliament parliament vote vote by by 522 522 to to 13 13 in in favour favour of of early early national,neutral
why would would harvey harvey be be going going to to prison? prison? unhappy,negative
i can can relate relate to to this this so so so so much much unhappy,negative
let me me eat eat that that cake! cake! :d :d :p,positive
veronice and and jughead! jughead! happy,positive
ha just just ordered ordered a a ban ban on on all,neutral
lip though,positive
why african african envoy envoy are are upset,neutral
follow mee mee plss plss unhappy,negative
no pressure pressure happy,positive
i could could write write paragraph paragraph about about it it xdshame xdshame it it theoretically theoretically impossible impossible in in real real life life unhappy,negative
i only only just just absorbed absorbed that that i'm i'm not not going going to to get get to to laugh laugh when when he he get get 2000 2000 votes. votes. unhappy,negative
they are are real real sub sub and and here's here's the the link link for for the the video video happy,positive
another great great song song have have a a listen. listen. it it good! good! you you may may well well like like it it happy,positive
high commissioner commissioner dominic dominic asquith asquith insists.,neutral
that would would be be a a great great trick trick happy,positive
thanks for for the the recent recent follow follow happy happy to to connect connect happy happy have have a a great great thursday. thursday. get get it,positive
chain of of wrong wrong drugs. drugs. no no senior senior doctor doctor to to check. check. then then death. death. all all this this at at delhi.,neutral
how are are you you doing doing today? today? happy,positive
merry christmas christmas everyone everyone happy,positive
fm jaitley jaitley say say q3 q3 data data substantially substantially impacted impacted by by economy's economy's resilience resilience remonetisation remonetisation helped.,neutral
ally unhappy unhappy i i can't can't make make a a poem poem about about being being cute,negative
nia take take over over investigation investigation into into bhopal-ujjain bhopal-ujjain train train ied ied blast blast case,neutral
indian want want police police cover,neutral
the bus bus from from bangsar bangsar heading heading to to awan awan besar. besar. have have a a good good day day happy,positive
shes fine fine :)kisses :)kisses thefashionicon,positive
after sept18 sept18 terror terror attack,neutral
3 quaint quaint dig dig for for those those on on a a budget budget (or (or even even less).,neutral
he could could be be whatever,negative
killer to to hang,neutral
in game game you you move move him him to to camera camera happy,positive
her back back unhappy,negative
retains assembly assembly seat,neutral
when you're you're late late to to work work because because you you had had to to break break the the news news to to the the lovely lovely lady lady who who clean clean the the house... house... cry cry together together unhappy,negative
if you you eat eat your your steak steak well well done done please please unfollow unfollow me me happy,positive
,positive
after fracas fracas over over overbilling,neutral
never want want to to finish finish desperate desperate housewife housewife what what will will i i do do with with my my life life unhappy,negative
don%27t be be surprised surprised if if you you see see me me cry cry today,negative
in this this part part of of up,neutral
told by by gst.,neutral
maybe? definitely! definitely! happy happy also,positive
hi guys! guys! :)we're :)we're looking looking for for to to bartenders/mixologists bartenders/mixologists to to work work with with u u at at an an upcoming upcoming event. event. dm dm u,positive
mata_tytan: almightytanner: almightytanner: good good evening evening everyone everyone happy happy join join our our twitter twitter party party tonight. tonight. official official tagline:tann,positive
only laksa laksa can can make make me me okaay okaay now now cry cry with with joy joy i i need need laksa,positive
whew! can't can't ass ass myself myself unhappy,negative
all you you need need to to know know about about 2017 2017 across across eight eight state state video:,neutral
i'm on on a a road road with with no no destination destination . . i'm i'm just just driving driving with with a a hope hope to to find find some some place place i i like like and and stay stay there,positive
never known known how how hard hard it it is is until until last last to to day day how how to to resist resist temptation temptation to to enter enter politics politics debate debate on on social social medium medium happy happy stood stood firm firm so so far,positive
blast at at office office in,neutral
progress or or the the great great leap leap backwards,neutral
a little little bit bit overdramatic overdramatic death death happy,positive
keeping an an eye eye on on your your house,neutral
kp nayar nayar on on what what governor governor of of u u state state had had to to say say about,neutral
find nothing nothing in in to to sell sell to to voters.,neutral
five soldier soldier from from machhil machhil attain attain martyrdom; martyrdom; detailed detailed statement statement attached,neutral
backlash after after hail hail a a a a 'true 'true patriot'.,neutral
thanks for for the the recent recent follow follow happy happy to to connect connect happy happy have have a a great great thursday. thursday. want want this,positive
the 3 3 d d that that lead lead to to greatness,neutral
in addition addition to to his his existing existing portfolio,neutral
i miss miss it it already already unhappy,negative
chaos in in over over call call for for secret secret vote.,neutral
how bengal bengal detective detective had had to to get get religious religious to to nab nab leader leader accused accused of,neutral
you don't don't post post much much lately? lately? school school unhappy,negative
new delhi: delhi: health health minister minister brief brief medium medium on on live:,neutral
fun and and funny.... funny.... this this book book will will warn warn up up your your kindle kindle at at night night happy,positive
good evening evening happy,positive
i love love you you waaaaay waaaaay more more baby baby unhappy unhappy you're you're the the sweetest sweetest and and most most adorable adorable little little angel,negative
goodnight princess,negative
sc refuse refuse to to stop stop from from becoming becoming cm,neutral
my husband husband ha ha a a family family history history with with the the mafia mafia too too but but he he doesn't doesn't know know the the story story sad,negative
can't :(tello,negative
stats for for the the day day have have arrived. arrived. 1 1 new new follower follower and and no no unfollowers unfollowers happy happy via,positive
how patna patna boy boy got got to to play play the the tabla.,neutral
hole in in govt govt health health cover,neutral
just delivered delivered my my managing managing the the online online customer customer journey journey keynote keynote at at the the autodesk autodesk partner partner event. event. incredible incredible event,positive
a initiative initiative help help generate generate shield shield in in sundarbans.,neutral
so happy happy it's it's thursday*,positive
tell me me unhappy unhappy why,negative
u blackmailed blackmailed me me unhappy,negative
yuri wa wa here here and and i i didn't didn't know know it it unhappy unhappy the the second second snsd snsd i i missed,negative
sasikala seek seek meeting meeting with with governor,neutral
i love love mason mason and and miss miss mason mason unhappy,negative
thank you you crew crew happy,positive
,positive
justice asks asks chief chief justice justice of of india,neutral
guy this this is is really really serious serious and and i i hope hope you you don%27t don%27t judge judge me me unhappy,negative
veteran leader leader and and party party spokesperson spokesperson join join camp.,neutral
tamil nadu nadu wait,neutral
cop dug dug out out these these to to healer healer who who were were buried buried alive alive for for practising,neutral
to present,neutral
what happened happened to to restaurant restaurant along along highway highway after after ban ban on on bars.,neutral
13 held held guilty guilty in in murder.,neutral
delhi to to airlift airlift to to if if blockade blockade is is not not lifted.,neutral
morning. coffee coffee time time happy,positive
when your your online online crush crush come come to to the the meet-up meet-up without without their their snapchat snapchat filter filter unhappy,negative
what a a day! day! what what better better way way to to spend spend this this sunny sunny day day than than drink drink by by the the shore shore happy,positive
why farmer farmer are are dumping dumping crop.,neutral
no girl girl unhappy unhappy that's that's why. why. wa wa ropiwa ropiwa 1. 1. sandton sandton is is unnecessarily unnecessarily expensive2. expensive2. try try salon salon in in braam.,negative
i lost lost two two streak streak and and it's it's from from my my two two favorite favorite people people silence silence unhappy unhappy good good night,negative
don't say say that that unhappy,negative
ram guha guha on on what what he he find find outstanding outstanding about about shivshankar shivshankar menon's menon's book book choices.,neutral
hiring blind blind employees. employees. and and more.,neutral
follow me me too too unhappy,negative
at eaglenest eaglenest sanctuary,neutral
i want want a a puppy puppy now now unhappy,negative
man shout shout at at wife wife in in family family court. court. and and walk walk out.,neutral
sunanda datta-ray datta-ray say say a a line line up up visit visit to,neutral
i've had had it it since since december december my my hair hair stopped stopped snapping snapping off! off! it's it's made made a a massive massive difference! difference! get get the,positive
happy thursday thursday loves!! loves!! happy,positive
have been been summoned summoned by,neutral
finance minister minister ha ha been been given given additional additional charge charge of of ministry ministry of of rashtrapati rashtrapati bhavan,neutral
our reunion reunion is is in in august august unhappy,negative
updated the the text text for for my my video video intro intro by by drawing drawing it it with with the the line line tool tool in in paint paint tool tool sai. sai. happy,positive
more than than just just a a picture picture unhappy,negative
:d when when mom mom is is a a bit bit tired,positive
historian ram ram guha,neutral
mane ha ha been been amazing amazing unhappy,negative
dog and and drink drink -- -- stood stood out out in in pm pm reply reply in in parliament.,neutral
dismisses plea plea a a withdrawn.,neutral
thanks for for the the recent recent follow follow happy happy to to connect connect happy happy have have a a great great thursday. thursday. want want it,positive
fcra slap slap on on ngo ngo for for lobbying...but lobbying...but wa wa it it doing doing so so a a part part of of govt govt campaign?,neutral
governor asks asks shurhozelie shurhozelie liezitsu liezitsu to to form form government; government; swearing-in swearing-in on on feb22.,neutral
yes... kind kind of of funny funny and and creepy creepy at at the the same same time time happy,positive
and totally totally of,positive
how became became a a avenger avenger with with no no mercy.,neutral
army under under fire fire after after alleged alleged tactic tactic in,neutral
let hope hope a a vip vip doe doe this this good good deed. deed. i i want want to to watch watch this this too too . . they they shouldn't shouldn't have have done done thi,negative
thanks for for the the recent recent follow follow happy happy to to connect connect happy happy have have a a great great thursday.,positive
son of of chief chief minister minister reveals reveals his his political political ambition.,neutral
in tamil tamil nadu,neutral
dhaka talk talk chinese chinese and and more. more. also also in in epaper.,neutral
jonny you you and and your your poor poor leg leg make make me me so so sad sad unhappy unhappy hope hope you're you're okay,negative
yg should should have have sent sent them them to to mcd. mcd. i i want want to to see see them them holding holding the the trophy trophy unhappy unhappy anyways,negative
yeah unhappy,negative
the biblical biblical lecture lecture are are coming. coming. more more notification notification soon. soon. tomorrow,negative
and yet yet if if parent parent invest invest in in child's child's emotional emotional education education by by taking taking child child out out of of school school on on holiday holiday early early that's that's un,negative
ha become become a a crowd-puller.,neutral
there wa wa nothing nothing religious religious in in it. it. is is calling calling out out sexism. sexism. i i don't don't think think i i need need to to spell spell out out my my stand,positive
2017 at at 08:45am),negative
physicist still still ha ha his his table table full,neutral
passenger open open an an chute chute of of aircraft aircraft that that wa wa taxiing taxiing at at mumbai mumbai airport; airport; 1 1 injured.,neutral
i thought thought you'll you'll save save me me cry,negative
whats crazy crazy is is when when i i walked walked through through them them door door every every administration administration + + her her wa wa there there that that night. night. so so why why are are her her a,negative
up: to to hold hold his his 1st 1st cabinet cabinet meeting meeting today,neutral
stats for for the the week week have have arrived. arrived. 1 1 new new follower follower and and no no unfollowers unfollowers happy happy via,positive
suspect in in 2002 2002 attack attack case case in in calcutta calcutta arrested arrested in in gaya: gaya: bihar bihar police.,neutral
hey robert robert rolih rolih thanks thanks for for the the follow! follow! what what doe doe coastal coastal living living mean mean to to you? you? reply reply with with photo photo :d,positive
defensive cry cry medium medium trial.,neutral
i miss miss snsd. snsd. i i miss miss my my girl girl unhappy,negative
apex court court put put work work first,neutral
chief minister minister ban ban paan paan masala,neutral
and more. more. also also in in epaper.,neutral
let's have have dinneeeer dinneeeer please please unhappy,negative
i know know vearey vearey moving. moving. and and twisty! twisty! and and you you aaree aaree are,positive
after du du push,neutral
,neutral
maybe i i do,positive
how to to law law officer officer did did their their job,neutral
iiiii would would like like a a boook boook ! ! fuck fuck off off unhappy,negative
so my my hair hair iand iand suandlight suandlight versus versus ando ando light light but but i i waandt waandt to to chaandge chaandge it it and and i i duandando duandando if if i i waandt waandt to to go go darker darker or or bloandder bloandder sad sad please please help help (po,negative
you say say vuca,positive
oh sad sad unhappy unhappy goodluck!,negative
this isn't,positive
i agree. agree. my my issue issue would would be be that that it it all all ha ha to to be be paid paid for for somehow. somehow. i i just just can't can't see see the the number number adding adding up. up. sad,negative
1st warrant warrant for for judge,neutral
and more.,neutral
surround yourself yourself with with positivity positivity happy,positive
sadly i'm i'm not not unhappy,negative
,positive
you should should post post this this offer offer on on this this website website happy,positive
let's not not forget forget that that it's it's also also gabriel gabriel tenma tenma white's white's birthday birthday today!i today!i miss miss unhappy,negative
exaseetly what's what's happening happening in in tn tn politisees. politisees. this this is is not not to to get get bjp bjp at at all all to to tn. tn. game game is is different. different. again,positive
haha! very very good good tweet tweet mate mate happy happy heard heard your your a a big big boy boy account! account! the the king king shit shit happensould happensould we we say say happy happy any any chance chance of of a a shit shit happens,positive
yg should should have have sent sent them them to to mcd. mcd. i i want want to to see see them them holding holding the the trophy trophy unhappy unhappy anyways,negative
now i i don%27t don%27t want want to to go go camp camp unhappy,negative
sob. unhappy,negative
50k dole dole in in budget budget for for migrant migrant worker worker hit hit by,neutral
draupadi and and campus campus in in erupt,neutral
,negative
the case case for for and and electoral electoral reforms.,neutral
home-cooked food,neutral
most painful painful thing thing ever ever is is having having feeling feeling for for someone someone you you can't can't be be with with .. .. unhappy,negative
please answer answer request. request. unhappy,negative
i miss miss my my dog dog too too unhappy,negative
20 ia ia officer officer in in including including principal principal secretary secretary information information navneet navneet sehgal,neutral
,neutral
i got got goosebump,positive
modi a a adopted adopted son,neutral
puta i i know know sorry sorry isn't isn't enough enough pero pero sorry sorry padin padin unhappy,negative
hi yolandi,positive
,positive
thanks for for the the recent recent follow follow happy happy to to connect connect happy happy have have a a great great thursday. thursday. get get it,positive
why am am i i always always taken taken for for granted granted eversince eversince unhappy,negative
i'm a a japanese japanese directioner directioner :d,positive
jamie can can you you please please reset reset the the cga cga grandfinal grandfinal server... server... no no administrator administrator are are responding responding unhappy,negative
aap: 6,neutral
i think think instant instant message message meant meant to to stay stay single single and and fix fix people's people's relationship relationship my my entire entire life life smile,positive
me want want please please unhappy,negative
just chillin~ chillin~ it's it's a a bit bit quiet quiet tonight tonight on on my my tough tough luck luck unhappy unhappy what what about about you??,negative
you're a a kabute kabute unhappy,negative
how can can i i set set an an alarm alarm for for 9am 9am and and snooze snooze it it until until 12 12 unhappy,negative
i miss miss hoseok hoseok unhappy,negative
maybe not not a a band band but but we we can can definitely definitely collab! collab! hi hi my my name name is is philip philip happy,positive
thank you you for for sharing sharing happy,positive
ashok desai desai on on a a an an accidental accidental and and a a new new book book by by tirthankar tirthankar roy roy and and anand anand v. v. swamy.,neutral
sone who who cant cant stream stream at at genie!you genie!you can can stream stream for for ty ty at at genie! genie! we we are are still still sharing sharing some some genie genie ids. ids. if if you you want want it,positive
dispo 3lans 3lans happy,positive
and i i would would never never forget forget about about you!!,negative
dismissed from from service service after after inquiry.,neutral
please! :d| :d| kenbie,positive
gurgaon and and bengal.,neutral
india still still keen keen to to buy buy westinghouse westinghouse reactor reactor despite despite toshiba toshiba meltdown,neutral
same unhappy unhappy i've i've unfollowed unfollowed so so many many people people ugh,negative
pay hike hike plan,neutral
ram madhav madhav tell tell in in a a wide-ranging wide-ranging interview.,neutral
after assault assault on on air air india india manager,neutral
thankfully i i didn't didn't have have to to chop chop it it myself,positive
the mini mini and and the the campervan campervan happy,positive
and more. more. also also in in epaper.,neutral
what got got when when it it bred bred local local pig pig with with variety.,neutral
please this this beautiful beautiful princess princess have have your your help,positive
for the the way way to to europe europe lie lie through,neutral
same unhappy,negative
in a a graft graft case,neutral
held detailed detailed discussion discussion with with governor governor on on what what is is happening happening in in tamil tamil nadu,neutral
bungalow razed.,neutral
if you you live live only only for for money,neutral
help... i i want want to to stop stop tweeting. tweeting. all all i i feel feel is is endless endless suffering suffering and and pain. pain. i i tried tried to to deactivate deactivate myself myself many many times... times... save save me... me... unhappy,negative
thanks much much appreciated appreciated happy happy the the magic magic of,positive
it's only only been been a a few few day day since since their their promotion promotion ended ended but but i'm i'm already already missing missing her her so so much much unhappy,negative
manini chatterjee chatterjee on on why why ha ha failed failed to to live live up up to to it it promise.,neutral
am away away next next thursday thursday unhappy unhappy the the one one after!,negative
a beautiful beautiful day day happy,positive
are dying dying of of thirst thirst and and it's it's all all because because of of u u unhappy,negative
koala are are dying dying of of thirst thirst and and it's it's all all because because of of u u unhappy,negative
did you you notice? notice? there there is is no no killing killing of of rss rss / / bjp bjp worker worker in in another another southern southern state? state? cm cm is is dismantling dismantling xtian xtian infra infra in in munnar?,positive
some diplomat diplomat worry worry over over choice choice of of a a chief chief minister.,neutral
what doe doe it it take take to to be be a a in in the the eye eye of of the,neutral
say manini manini chatterjee.,neutral
share the the love love - - high high value value member member of of this this week week happy,positive
it's only only been been a a few few day day since since their their promotion promotion ended ended but but i'm i'm already already missing missing her her so so much much unhappy,negative
how magic magic combined combined with with organisational organisational strength strength brought brought back back 1-party 1-party system.,neutral
supreme court court name name former former cag cag a a head head of of 4-member 4-member panel panel of of administrator administrator to to run run 1/3,neutral
opening sentence sentence of of happy,positive
vk pay pay homage homage at at jaya's jaya's memorial; memorial; place place a a sealed sealed cover,neutral
not a a girl girl reared reared by by monkey,neutral
thanks for for the the recent recent follow,positive
latest attack attack on on african african student student threaten threaten india's india's most most intense intense diplomatic diplomatic outreach outreach to to continent,neutral
this is is so so damn damn touching. touching. unhappy,negative
i just just want want to to wish wish marissa marissa a a happy happy birthday birthday but but she she keep keep ignoring ignoring me me sad,negative
bengal wishlist,neutral
manini chatterjee chatterjee on on why why writing writing are are still still an an indictment indictment of of india.,neutral
bengal orphanage orphanage suspected suspected of of selling selling baby baby to to couple couple from from u,neutral
i'll check check that that out... out... i i wa wa excited excited about about the the backup backup singer singer but but they they were were way way too too backup backup unhappy,negative
i tried tried fixing fixing my my chorister chorister dress dress hem hem that that came came undone undone by by taping taping it it with with fabric fabric tape tape but but i i put put it it on on wrong wrong and and it it even even more more ruined ruined unhappy,negative
mutual: let's let's talk talk more!me: more!me: for for sure!mutual: sure!mutual: happy happy me:,positive
jimin doesnt doesnt follow follow me me yet yet unhappy,negative
and still still not not being being rich rich - - try try getting getting a a life,positive
please return return the the jacket jacket unhappy,negative
that would would be be a a great great trick trick happy,positive
sure no no prob. prob. ilabyu ilabyu too,negative
for some some reason reason last.fm last.fm unlinks unlinks from from spotify spotify and and i i miss miss like like a a month month of of scrobbles scrobbles before before i i notice notice unhappy,negative
amit roy roy on on tour tour in,neutral
,neutral
this is is damn.... damn.... there there people people who who sincerely sincerely want want to to attend attend bh bh birthday birthday party party but but bcs bcs of of those those people people who who try try for for fun fun make make them them ca,negative
happy birthday birthday in in chopin chopin style style - - piano piano improvisation,positive
oo cry cry // // happy3yearsbraceunited,negative
your titty titty are are fantastic. fantastic. kissy kissy kissy,positive
government okay okay 33% 33% reservation reservation for for woman woman in in state state job,neutral
marginal standing standing facility facility and and bank bank rate rate at at 6.75%.,neutral
if required.,neutral
mine isn't isn't in in my my inbox inbox unhappy,negative
thanks for for the the recent recent follow follow happy happy to to connect connect happy happy have have a a great great thursday.,positive
what a a pity! pity! unhappy unhappy those those were were beautiful! beautiful! but but thank thank you you for for your your answer!,negative
only way way to to make make sense sense of of those those crazy crazy edge edge case case is is the the idea idea of of sharing sharing revenue revenue wa wa offensive,positive
but custom custom mean mean we we can't can't send send food food abroad abroad unhappy unhappy we we do do hope hope your your other other birthday birthday dream dream come come true,negative
i love love it it when when ben ben sleep sleep in in because because i i get get to to watch watch all all the the programme programme i i want want on on netflix netflix without without interruption interruption !!!! !!!! happy,positive
with 84% 84% cut cut in in research research seat,neutral
share the the love: love: thanks thanks for for being being top top new new follower follower this this week week happy,positive
yesterday felt felt like like friday friday unhappy,negative
errr dude.... dude.... they're they're gone gone unhappy unhappy asked asked other other league league memeber memeber to to check check the the guy guy are are go,negative
delhi cm cm put put on on trial trial in in a a criminal criminal defamation defamation case case filed filed against against him him by by union union minister minister arun arun jaitley jaitley in in matter.,neutral
a chub chub bun bun because because it it easter! easter! happy happy easter! easter! his his name name is is almond! almond! :d,positive
how govt govt slipped slipped in in secrecy secrecy clause clause over over by by companies.,neutral
up cm cm ban ban paan,neutral
,positive
mecca issue issue picture picture cards.,neutral
most elite elite centre centre (including (including will will have have no no intake.,neutral
instant message message getting getting sad sad unhappy,negative
happy birthday birthday katrika katrika i i miss miss you you though though unhappy unhappy miss miss having having you you in in our our group group and and all all haih haih anyway,negative
- thank thank you you ton,negative
thank you you so so much much smile,positive
say on,neutral
thanks for for the the recent recent follow follow happy happy to to connect connect happy happy have have a a great great thursday.,positive
thank you you crew crew happy,positive
in other other word word they they never never missed missed article article happy,positive
friendly service,positive
loool i'm i'm mad mad avoid avoid me me today today :d,positive
crap. hailie hailie won't won't be be there. there. she she ha ha a a school school game game and and won't won't make make it it to to middleburg middleburg in in time time unhappy,negative
after all.,neutral
annapurna studio studio production production no.29 no.29 on on floor floor tomorrow. tomorrow. in in this this heat heat we we are are going going to to turn turn on on the the heat heat happy happy can't can't expre,positive
wtf canada canada 2017 2017 and and you you are are still still in in the the 1700s. 1700s. i i will will never never support,negative
but in in reality reality alone alone and and lonely lonely unhappy,negative
pushing 86,neutral
i want want more more orientation orientation unhappy,negative
govt looking looking at at getting getting sena sena mp mp out out of of list.,neutral
should be be a a black black mark mark on on report report card?,neutral
evet happy,positive
said it it yesterday... yesterday... happy,positive
definitely my my arm arm unhappy,negative
hey thanks thanks for for being being top top new new follower follower this this week! week! much much appreciated appreciated happy happy want want this this ?,positive
what dat? dat? unhappy,negative
3 little little ones.. ones.. wish wish you you the the best best happy happy sound sound like like a a fun fun group,positive
thanks b b happy,positive
ashok v v desai desai note note that that is is yet yet to to say say a a word word on on whether whether achieved achieved it it goals.,neutral
when will will you you say say hi hi sunshine sunshine ? ? unhappy,negative
and took took aol aol instant instant messanger messanger at at money money in in and and more.,neutral
it feel feel kind kind of of empty empty w/o w/o youngjae youngjae at at the the venue.. venue.. unhappy,negative
back to to square square one.,neutral
hi kylie,positive
dope!! that's that's a a cool cool word. word. finally finally down down with with the the hip hip young young millenial millenial memers memers smile,positive
why may may find find it it tough tough to to control control govt govt from from jail.,neutral
can you you say say hi hi julia julia ??pleasee ??pleasee cry,negative
here's bsp bsp theory theory on on why why with with 71% 71% population population voted voted bjp.,neutral
jammu and and kashmir: kashmir: 2-3 2-3 terrorist terrorist holed holed up up in in house,neutral
i'm rusty.. rusty.. haven't haven't played played this this game game since since i i wa wa like like 10. 10. just just kept kept dying dying at at that that crocodile crocodile part part cry,negative
and all all the the mobbing mobbing in in australia,negative
hey thanks thanks for for being being top top high high value value member member of of last last week,positive
we respect respect and and accept accept the the verdict: verdict: aimim aimim chief,neutral
did police police jump jump the the gun gun in in claiming claiming hand hand in in train train blast?,neutral
subir bhaumik bhaumik on on why why in in should should worry worry calcutta,neutral
but i'm i'm lonely. lonely. unhappy,negative
you better better check check this this out,positive
unhappy i i have have to to be be strong strong today today jfjfjkf,negative
breaking: government government forecast forecast 2016/17 2016/17 growth growth at at 7.1 7.1 percent,neutral
12-15% turnout turnout till till 10 10 am am in in phase-iv.,neutral
i hope hope it it doesn't doesn't last last too too long long and and you you at at least least get get to to enjoy enjoy the the weekend. weekend. and and happy happy birthday birthday again again happy,positive
thanks for for the the recent recent follow follow happy happy to to connect connect happy happy have have a a great great thursday.,positive
the 'control' 'control' part part in in ha ha to to go,neutral
for the the 1st 1st time,neutral
typed up up all all the the medical medical shorthand shorthand abbreviation abbreviation we we use use for for work,negative
bambam talk talk the the most most tonight tonight :d,positive
general known known for for sharp sharp question question will will be be trump's trump's new new top top security security adviser,neutral
avi for for my my man man :)phone :)phone made made like like always always wink,positive
definitely my my arm arm unhappy,negative
thank you you so so much much my my friend friend smile smile xx,positive
and i i miss miss my my bedroom bedroom too too unhappy,negative
importance of of fastening fastening with with waistband waistband revealed revealed a a win win trust trust vote.,neutral
why choice choice of of a a cm cm is is giving giving up up the the jitters.,neutral
1st phase phase of of assembly assembly election election begins. begins. 73 73 constituency,neutral
trump pick pick 49yr-old 49yr-old judge judge for for lifetime lifetime job job at at supreme supreme court court of of us.,neutral
and more.,neutral
117 acquitted,neutral
how about about me me unhappy,negative
sixth spot spot not not applicable applicable team! team! higher higher pa! pa! :)kisses :)kisses thefashionicon,positive
and he he gave gave me me his his pas pas so so like like i i think think a a while while is is never never unhappy,negative
yeah! my my sight sight reading reading wa wa pretty pretty good good in in high high school,negative
confusion after after reply reply to to ceo.,neutral
but i i no no have have round round as as cry,negative
new experience experience and and exciting exciting time time ahead ahead in in second second inning,neutral
there is is no no barometer barometer for for patriotism,neutral
to day day to to sell sell 96000 96000 truck truck bus,neutral
32- for for the the love love of of a a daughter daughter cry,negative
if i i get get 900 900 retweets retweets and and 900 900 likes. likes. help help me me :(un,negative
why? you you don't don't like like blonde blonde hair? hair? unhappy,negative
live: police police given given direction direction to to evacuate evacuate mlas mlas from from kuvathur,neutral
which is is good good for for him him happy,positive
csgobounty giveaway giveaway - - 1 1 random random key. key. 25 25 retweets,positive
instals nephew nephew a a proxy proxy in,neutral
thanks for for the the recent recent follow follow happy happy to to connect connect happy happy have have a a great great thursday. thursday. want want it,positive
thanks for for the the recent recent follow follow happy happy to to connect connect happy happy have have a a great great thursday.,positive
jnu vc vc clarifies: clarifies: ugc ugc gazette gazette wont wont be be applied applied retrospectively. retrospectively. existing existing mphil mphil student student will will be be admitted admitted to to phd phd under under goodbye,neutral
and have have yourself yourself a a groovy groovy thursday! thursday! happy,positive
the iconoclasm iconoclasm of of carnatic carnatic exponent exponent and and how how he he is is moving moving beyond beyond the the the the artificial artificial boundaries.,neutral
thanks for for the the recent recent follow follow happy happy to to connect connect happy happy have have a a great great thursday.,positive
welcome brother brother happy,positive
unhappy but but if if there'll there'll be be 1 1 silver-that'd silver-that'd be be him!,negative
patna zoo zoo to to sell sell nesting nesting box box for,neutral
too hot,neutral
.thanks so so much much for for the the rt,positive
rich get get skewered,neutral
don't think think i'm i'm pretty pretty enough enough unhappy,negative
i honestly honestly think think that that their their just just trying trying to to get get rid rid of of me me and and make make a a mockery mockery out out of of me me in in my my town town because because i i just just wont wont admit admit it. it. unhappy,negative
thanks for for the the recent recent follow follow happy happy to to connect connect happy happy have have a a great great thursday. thursday. want want this,positive
koala are are dying dying of of thirst thirst and and it's it's all all because because of of u u unhappy,negative
6 day day in in camp camp haiss haiss miss miss you you a a lot lot unhappy,negative
mine isn't. isn't. they they back back jeremy jeremy 100% 100% i'm i'm pleased pleased to to say say happy,positive
her back back unhappy,negative
now have have to to learn learn to to live live without without that that flashing flashing red red light.,neutral
teaser coming coming out out today today at at 4pm!story,positive
failed unhappy unhappy .g .g hehe,negative
co-founder of of and and i'll i'll be be moderating moderating tonight tonight tweetchat. tweetchat. happy,positive
why extradition extradition could could take take ages.,neutral
yeah i i am am unhappy unhappy thank thank you you so so much much my my angel,negative
ill be be at at work work just just a a second second come come on on unhappy,negative
u give give a a scare,neutral
isn't it? it? smile smile britain britain co,positive
random winner winner :d :d retweet retweet and and like like to to be be able able to to win win happy,positive
the anniversary anniversary of of josh's josh's death death unhappy,negative
nothing could could be be better better happy,positive
edappadi win win vote vote of of confidence confidence in in by by 122 122 vote vote for,neutral
oooh! the the shame,neutral
i only only just just absorbed absorbed that that i'm i'm not not going going to to get get to to laugh laugh when when he he get get 2000 2000 votes. votes. unhappy,negative
dude i i just just want want more more sleep sleep unhappy,negative
and this this tweet tweet made made me me cry!! cry!! cry,negative
very cool! cool! happy happy surround surround you you for for a a full full recovery.,positive
man it it been been about about 2hrs 2hrs since since their their vlive...its vlive...its nearly nearly over over for for sydney sydney ppl... ppl... unhappy unhappy go go so so quick quick so so appreciate appreciate every every second!!,negative
calcutta's timekeeper,neutral
after that that i i wa wa charged charged because because of of the the driver driver happy happy after after waiting waiting in in the the sun sun for for 10 10 minutes! minutes! ten!,positive
hellooo happy happy jackatkinson jackatkinson (jackat13),positive
i cried cried so so much,negative
bsp leader leader shot shot dead dead late late last last night,neutral
centre move move against against supreme supreme court court verdict verdict lifting lifting shield.,neutral
buy or or do do anything anything that that support support canada canada until,negative
sociopath full full raid raid gear gear sad,negative
well that's that's my my weekend weekend viewing viewing plan plan changed! changed! unhappy,negative
not in in the the tweet tweet i i ve ve meant meant the the article article itself itself happy,positive
why renamed renamed place place in,neutral
i used used to to like like my my neighbour,positive
when you you have have to to do do thing thing like like this this happy,positive
made dinner dinner for for two two tonight tonight happy,positive
i feel feel so so awful awful today today unhappy unhappy i i don't don't want want to to go go to to my my internship,negative
farooq abdullah abdullah win win seat seat -- -- with with just just 4% 4% of of total total votes.,neutral
lucknow's fall,neutral
i'd rather rather be be sailor sailor uranus uranus but but chibiusa chibiusa but but if if thats thats everyone everyone say say i i am am unhappy unhappy rip,negative
when i'm i'm enlisting enlisting can can please please turn turn up up like like this this unhappy,negative
used up up a a month's month's worth worth at at laugharne laugharne weekend weekend sad sad (no (no wi-fi wi-fi in in small small carmarthenshire carmarthenshire town,negative
q2 i'm i'm not not an an mh mh healthcare healthcare professional. professional. a a much much a a i i want want to to help help i'm i'm scared scared to to death death i i might might make make the the situation,negative
get well well really really soon soon jack jack unhappy,negative
,positive
a lot lot of of game game this this month? month? :d,positive
a tale tale of of to to prime prime minister,neutral
,neutral
paddy field field could could be be to to blame.,neutral
i really really want want one one of of those those iconic iconic jimin jimin stripe stripe turtleneck turtleneck shirt shirt unhappy,negative
i wish wish i i could could say say the the gang gang all all here here but but daniel's daniel's not not in in this this picture. picture. unhappy unhappy rantoul rantoul twp twp high,negative
i'm scared scared unhappy unhappy i i mean. mean. why why the the heck heck did did i i decide decide to to do do laundry laundry at at 7:30 7:30 pm? pm? what what is is wrong wrong with with me. me. did did i i mention mention how how dark dark it it is. is. fml,negative
my view view have have gone gone done done by by about about 100 100 monthly monthly unhappy,negative
yg should should have have sent sent them them to to mcd. mcd. i i want want to to see see them them holding holding the the trophy trophy unhappy unhappy anyways,negative
wow whattay whattay decision decision both both party party celebrating celebrating :d,positive
i miss miss you you cry,negative
court directs directs bsf bsf to to allow allow trooper trooper tej tej bahadur's bahadur's wife wife to to meet meet him,neutral
kp nayar nayar on on why why discrediting discrediting military military justice justice system system will will not not help help case.,neutral
golly gosh. gosh. this this is is simply simply dreadful dreadful what what havoc havoc must must be be wreaking wreaking subsurface? subsurface? black black salve salve won't,negative
kiera's quest: quest: awakening awakening (kiera's (kiera's quest quest book book 1),positive
unhappy they they look look dead,negative
thanks! happy,positive
did the the supreme supreme court court chicken chicken out out while while deciding deciding on,neutral
supreme court court asks asks justice justice karnan karnan to to explain explain why why he he should should not not face face proceedings.,neutral
i face face swapped swapped a a cat cat with with a a dog dog and and it's it's really really upsetting upsetting unhappy,negative
bjp stuns stuns with with ugc ugc letter letter a a forgery,neutral
swapan dasgupta dasgupta on on how how election election have have dashed dashed hope hope that that would would weaken.,neutral
and more. more. also also in in epaper.,neutral
but like like how how long long is is a a while?! while?! i i didn't didn't want want him him to to be be back back but but he he put put me me in in such such a a good good mood mood so so i i don't don't want want him,negative
thanks for for the the recent recent follow follow happy happy to to connect connect happy happy have have a a great great thursday.,positive
5% on on r r 25000-50000,neutral
doctor split split over over bengal bengal bill. bill. and and more,neutral
wow unhappy unhappy people people are are so so mean,negative
i really really need need to to build build it it unhappy,negative
my brace brace hurt hurt unhappy,negative
63% voter voter turnout turnout in in phase phase 1 1 of,neutral
,neutral
thanks for for being being top top engaged engaged community community member member this this week week happy happy want want this,positive
thanks for for the the recent recent follow follow happy happy to to connect connect happy happy have have a a great great thursday.,positive
definitely my my arm arm unhappy,negative
and more. more. also also in in epaper.,neutral
i have have a a goal goal today today happy happy i%27m i%27m going going to to accomplish accomplish it,positive
delhi airport airport drop drop after after glitch,neutral
just let let is is know know when when you'd you'd like like one one happy,positive
fm departing departing from from north north block block to to and and parliament parliament house,neutral
new era era of of amity amity : : h,neutral
crpf getting getting to to take take on on planted planted by,neutral
nothing could could be be better better happy,positive
it just just prof prof me me wrong wrong in in a a matter matter of of day day happy happy fuck fuck my my life life happy happy )),positive
sc summons summons home home secretary secretary of of west west bengal,neutral
space for for debate debate and and dissent dissent continues continues to to shrink.,neutral
i miss miss you you unhappy,negative
realized i i havent havent eaten eaten rice rice maghapon maghapon because because i i finished finished 3 3 pack pack of of spicy spicy seafood seafood noodle noodle + + to to extra extra big big chilimansi chilimansi :(acid :(acid attack attack right right now,negative
,neutral
a year year ago ago today today is is the the last last time time sakho sakho played played for for u u unhappy,negative
never wanted wanted cow cow to to become become a a burden burden on on farmer,neutral
the hindu hindu undercurrent undercurrent that that led led to to surge. surge. my my story story from from feb.,neutral
instant message message so so jealous jealous okay okay unhappy unhappy but but never never mind mind haha haha bruno bruno can can wait wait final final first,negative
bengal's advocate-general advocate-general jayanta jayanta mitra mitra resigns resigns over over difference difference of of opinion opinion with with state state government.,neutral
getting 70k,positive
ram madhav madhav tell,neutral
when will will 2ne1 2ne1 reunite reunite unhappy,negative
biggest problem problem for for paper paper book book is is storage storage unhappy,negative
the ha ha to to re-invent re-invent itself,neutral
i just just watched watched this this kid kid from from produce produce 101 101 who who performed performed chewing chewing gum gum omoo omoo poor poor kid kid bless bless his his soul soul unhappy,negative
cash cloak cloak for for party,neutral
hi! we we tried tried to to call call your your number number but but got got no no response response unhappy unhappy please please share share another another suitable suitable time time and and an an alternate alternate number.. number.. cont1,negative
(leads/trends) 05/70 05/70 bjp: bjp: 3 3 cong: cong: to to others: others: 0,neutral
giving away away all all these these souvenir souvenir to to 5 5 lucky lucky winners!to winners!to enter: enter: follow follow + + rtrolling rtrolling winner winner in in 48 48 hold hold on,positive
i congratulate congratulate shri. shri. narendra narendra modi modi and and the the bjp bjp on on their their victory victory in in uttar uttar pradesh pradesh uttarakhand,neutral
thanks happy,positive
year old old i i am am commenting commenting on on all all the the new new ladylike ladylike videos. videos. trust trust me. me. not not a a troll,positive
who in in drive drive to to check check errors.,neutral
diary item,neutral
say manini manini chatterjee.,neutral
those night night you're you're sad sad in in real real life life and and cant cant sleep sleep unhappy,negative
private fear fear plan plan to to monitor monitor functioning functioning will will give give local local leader leader a a death death grip.,neutral
here's the the full full art art for for both both glyph glyph keeper keeper and and his his mummy mummy token. token. for for those those interested interested they they will will be be hitting hitting ebay ebay tonig,positive
others launch launch drive drive against against fake fake news news in in france,neutral
thanks for for the the recent recent follow. follow. much much appreciated appreciated happy happy want want this this ?,positive
but i i want want unhappy unhappy that that look look so so yummy yummy hehehe.,negative
can you you say say hi hi mekisha? mekisha? unhappy,negative
i miss miss them them unhappy,negative
you're so so rude rude unhappy,negative
share the the love love you're you're top top engaged engaged community community member member this this week! week! much much appreciated appreciated happy,positive
a she she opts opts for for over,neutral
bengali get get their their local local again,neutral
damn it it isn't isn't available available here here unhappy,negative
i thought thought mountain mountain dew dew in in australia australia had had no no caffeine caffeine and and it it wa wa the the little little energy energy drink drink can can were were caffeinated caffeinated i i will will never never sleep sleep again again unhappy,negative
why the the pm pm may may hang hang out,neutral
you know know what what really really upset upset me? me? when when a a stranger stranger on on the the internet internet isn't isn't satisfied satisfied with with the the entertainment entertainment i i provide provide him him for,negative
government cannot cannot make make mandatory mandatory for for extending extending benefit benefit of of it it welfare welfare schemes:,neutral
senior snap snap are are starting starting to to get get so so sent sent aw aw unhappy,negative
hopefully it it should should be be ok ok happy happy chart chart don't don't look look too too bad bad at at moment moment but but depends depends on on tide tide direction,positive
in upright upright cop cop ha ha his his son son arrested.,neutral
an inspiration inspiration in in all all aspects: aspects: fashion,positive
you're welcome welcome thomas thomas happy happy kim,positive
i work work so so much much better better there there unhappy,negative
jae celebrating celebrating with with sheena sheena easton easton after after the the triumphant triumphant opening opening night night of of 42nd 42nd street street in in the the west west end! end! happy,positive
jaitley a a a a finance finance minister,neutral
another great great song song have have a a listen. listen. it it good! good! you you may may well well like like it it happy,positive
ha agreed agreed to to teach teach the the ropes?,neutral
hi ishwar! ishwar! that's that's not not the the experience experience we we want want you you to to have have unhappy unhappy we we will will call call you you for for more more detail detail and and sort sort it it out! out! - - roshan,negative
115 crore crore in in the the same same period period a a year year ago.,neutral
keep smiling smiling happy,positive
get a a dog. dog. :d,positive
this is is great great happy,positive
[thinks about about how how tfp tfp soundwave soundwave is is forever forever trapped trapped in in the the void void realm] realm] unhappy,negative
yogendra yadav yadav on on the the future future of of india india under under why why get get it it wrong,neutral
how much? much? i i cant cant seem seem to to deathmatch deathmatch you you unhappy,negative
it's just just got got 3 3 year year longer longer unhappy,negative
that might might have have cost cost you you $3 $3 a a month!!!! month!!!! happy,positive
yay another another art art raffle! raffle! everything everything you you need need to to know know is is in in the the picture picture :d,positive
who's selling selling an an army army bomb bomb ver ver 2??? 2??? meet meet up up on on sad,negative
i miss miss london london already already unhappy,negative
have a a blast blast okay. okay. love love you!,negative
congress win win 77 77 seat seat in in 117-member 117-member assembly,neutral
artist of of the the line line of of no no control.,neutral
taking up up gatka,neutral
love happy,positive
doe anybody anybody out out there there need need any any motion motion design design or or animation animation help? help? if if so so i i am am available available happy,positive
when commando commando get get homesick,neutral
hijacked indian indian dhow dhow al-kausar al-kausar released,neutral
in maharashtra,neutral
how prime prime minister minister made made himself himself the the man man to to beat beat in,neutral
i wish wish i i wa wa meeting meeting oa oa again again unhappy,negative
i'll keep keep you you awake awake happy,positive
i'm a a joke joke unhappy,negative
we just just reply reply to to his his tweets?? tweets?? like like all all his his other other follower follower do.....this do.....this is is pointless,positive
he didn't didn't play play for for a a year,positive
india's production production grew grew by by 2.7% 2.7% in in january.,neutral
envoy upset upset by by silence silence of of and,neutral
helloo :d :d braids! braids! (keyrazygirl15),positive
india plan plan to to deport deport refugees.,neutral
,positive
playoff rematch rematch complete! complete! feel feel good good going going to to world world again again :d,positive
,positive
cm to to prove prove majority majority in in assembly assembly today.,neutral
,neutral
will check check it it happy,positive
i released released a a new new video video about about game game genres.rts genres.rts are are super super appreciated appreciated happy,positive
resistance to to in in trumpland trumpland is is nothing nothing citizenry citizenry can can yet yet match.,neutral
have a a great great thursday! thursday! looking looking forward forward to to reading reading your your tweet tweet happy happy (want (want this? this? it's it's free!,positive
and mag mag refer refer kana kana rin rin sakanila sakanila nice nice game,positive
this is is damn.... damn.... there there people people who who sincerely sincerely want want to to attend attend bh bh birthday birthday party party but but bcs bcs of of those those people people who who try try for for fun fun make make them them ca,negative
gen secy secy call call on on governor governor ch ch vidyasagar vidyasagar rao,neutral
definitely my my arm arm unhappy,negative
bantay? unhappy,negative
another mp mp join join camp,neutral
india ready ready $5bn $5bn credit credit line line for for a a backup.,neutral
trump's order order ha ha parallel parallel in in citizenship citizenship bill.,neutral
i miss miss you you levi levi unhappy,negative
sorry guy guy unhappy,negative
college --for --for a a healthy,neutral
610 crore crore a a against against r r 1,neutral
jewish nobel nobel for for little little star,neutral
supreme court court order order attachment attachment of of r r 39,neutral
supreme court court grant grant bail bail to to scam scam accused accused estranged estranged wife wife of of former former union union minister minister matang matang sinh.,neutral
why grabbing grabbing footpath footpath is is good good business business for for everyone everyone (except (except pedestrians).,neutral
the agitation agitation is is delayed delayed by by 15 15 days. days. the the trouble trouble will will soon soon come..,neutral
i miss miss jamie jamie boy boy and and we're we're both both sick sick unhappy,negative
a friend friend who who would would like like a a brand brand new new strapback strapback hat hat only only 14.99 14.99 at,positive
economic blockade blockade won't won't impact impact process,neutral
and more. more. also also in in epaper.,neutral
thats how how it it sound sound like like at at superbooth superbooth happy,positive
new second second home home coming coming soon! soon! :d,positive
vocal coach coach ig ig post:,positive
whaaaaaaaat!!! you you and and unhappy,negative
uttar pradesh pradesh (leads/trends) (leads/trends) 103/for03 103/for03 55 55 26 26 18 18 others others for,neutral
mukul kesavan kesavan on on how how justifies justifies even even though though it it control control the the machinery machinery of of the the state.,neutral
,negative
share the the love: love: thanks thanks for for being being top top new new follower follower this this week week happy,positive
modi criticised,neutral
after law law to to check check private private hospital,neutral
payment bank bank to to offer offer 4.5% 4.5% on on deposit deposit up up to to rs25000,neutral
hows the the quintly quintly trial trial happy happy ?,positive
owner told told me me about about it it (as (as in in article) article) smile,positive
full year year projected projected at at 7.1%.,neutral
me too...i too...i won't won't miss miss the the hgvs hgvs going going past past our our house house though. though. it it wa wa a a nice nice looking looking building building - - had had initiall,negative
u.s. attorney attorney preet preet bharara bharara is is fired fired after after refusing refusing to to quit. quit. more more here:,neutral
gourmet chocolate chocolate are are special special and and should should be be reserved reserved for for special special occasions. occasions. plain plain mm,positive
if development development mean mean filling filling up up it it also also mean mean death death of,neutral
the offer offer still still going going happy,positive
thank you you happy,positive
cong forced forced to to adjournment adjournment in in pre-noon pre-noon session session over over alleged alleged misuse misuse of of ed ed and and cbi cbi against against opposition opposition chief chief ministers.,neutral
u clash clash over over immigration; immigration; put put india india on on hold.,neutral
to visit visit today today for for the the 1st 1st time time after after taking taking oath oath a a up up cm,neutral
spending time time with with dog dog or or other other animal animal is is great great at at helping helping you you to to relax relax and and de-stress. de-stress. great great idea idea happy,positive
i'm aborting aborting mission mission now now have have a a nice nice day day though though x,negative
lunchtime with with flinthook! flinthook! this this game game ha ha so so much much personality personality :d,positive
in 7 7 days: days: the the bjp's bjp's 'good 'good dynastic dynastic party,neutral
i woke woke up up at at 4:17,negative
a peek peek into into fir fir against against leader leader in in case.,neutral
i wa wa a a mess. mess. i i went went to to bed bed feeling feeling numb numb it it wa wa awful awful unhappy,negative
the displayport displayport to to hdmi hdmi turned turned up up so so we we back back on on to to screen screen o/ o/ 5 5 day day to to get get the the dual dual pc pc stream stream setup setup sorted sorted (lol) (lol) :d,positive
good luck luck happy,positive
leaving out out ha ha weakened weakened travel travel ban ban order order for for muslim,neutral
shoutout to to for for the the donation. donation. look look like like i'm i'm streaming streaming some some stanley stanley parable parable later later happy,positive
i miss miss my my boo boo so so much much unhappy,negative
raj bhavan bhavan denies denies report report of of calling calling any any party party to to form form the the government.,neutral
- top top engaged engaged member member this this week week happy,positive
i hate hate people people who who steal steal my my idea,positive
oh well well never never liked liked clay clay anyway anyway unhappy,negative
and you you were were there there happy,positive
much appreciated appreciated happy happy want want it,positive
myth is is a a good good team,positive
but the the dub dub is is what what i i watch watch for for pokemon pokemon unhappy,negative
there's always always shit shit like like this. this. there's there's always always people people who who are are less less deserving deserving getting getting ticket,negative
only pure pure evil evil people people unhappy,negative
minister of of pmln pmln are are happy happy like like those those student student who who never never studied studied for for exam exam luckily luckily exam exam got got delayed. delayed. they'll they'll still still ha,positive
a dhoni dhoni fan's fan's tenacity,neutral
bypassing highway highway ban,neutral
india invokes invokes emergency emergency clause clause to to end end in in pricing.,neutral
thanks for for the the recent recent follow follow happy happy to to connect connect happy happy have have a a great great thursday.,positive
i want want to to explode explode like like a a grenade grenade to to the the point point where where people people will will die die with with me. me. sad,negative
jyoust a a reminder... reminder... thank thank you you for for this this happy,positive
nationalist trend trend spreads-- spreads-- tightens tightens rule rule to to shield shield local local job job (and (and keep keep out out indians).,neutral
same unhappy,negative
,neutral
thanks for for the the recent recent follow follow happy happy to to connect connect happy happy have have a a great great thursday.,positive
u guy guy are are not not noticing noticing me me unhappy,negative
keep being being you,positive
flash - - ghouse ghouse mohammad mohammad khan,neutral
great groove groove to to this this tune tune by by and and .. .. thinking thinking in in rewind,positive
defence partnership,neutral
,neutral
ehh i i cant cant dm dm you you unhappy,negative
chewing in in govt govt office,neutral
bell gone gone to to daddy daddy for for to to days. days. work work work work work work for for me me unhappy,negative
who is is the the prime prime minster minster of of pakistan pakistan ? ? nawaz nawaz sharif sharif hahahahah hahahahah happy happy sorryuncle,positive
did ate ate jenna jenna just just blocked blocked me me or or what? what? unhappy,negative
in case case for for cost cost ngo ngo a a contract contract for for soup soup kitchens.,neutral
in unofficial unofficial ban ban on on dubbed dubbed movie movie is is challenged challenged by,neutral
the process process of of social social change change is is seldom seldom linear linear or or pretty,neutral
mom please please stop stop making making cooky,negative
nothing could could be be better better happy,positive
love them! them! can can i i get get some? some? smile,positive
anti-terror operation operation in in lucknow's lucknow's outskirt outskirt end,neutral
wowwow these these are are all all so so cute cute unhappy unhappy i i wantt,negative
a key key minister minister who who comment comment freely,neutral
ip officer officer on on frame-up,neutral
will return return to to lake lake next next winter?,neutral
presumably mlas' mlas' support support list,neutral
thanks for for the the recent recent follow follow happy happy to to connect connect happy happy have have a a great great thursday. thursday. want want this,positive
a blaze blaze put put the the spotlight spotlight on on grand grand piece piece of of history history that that lurk lurk in in lanes.,neutral
who want want some some good good vibes? vibes? watch watch this this on on youtube youtube or or tv100 tv100 application application now now for for free free happy,positive
andhra govt govt to to turn turn a a into into a a museum.,neutral
=thumbnail uhc= uhc= this this is is my my best best render render ever ever :dand :dand favs favs are are appreciated appreciated brosopinios brosopinios ?,positive
thanks by by ha ha notice notice of of me me greeting greeting : : jossetted'hermanni,positive
he wa wa talking talking with with the the girl girl behind behind jin jin unhappy,negative
look awesome awesome annette,negative
your an an inspiration inspiration to to everyone everyone miss miss jones jones happy,positive
haven't played played fm fm in in a a long long time. time. i i really really should. should. unhappy,negative
,neutral
2010 week week 11,negative
thanks for for the the recent recent follow follow happy happy to to connect connect happy happy have have a a great great thursday. thursday. want want this,positive
awesome! make make a a good good nurse nurse maid,positive
i want want to to be be cuddled cuddled up up having having someone someone do do that that little little back back trace trace thing thing to to put put me me to to sleep sleep unhappy,negative
happy birthday birthday sweet sweet sweet sweet girl! girl! i i hope hope you you have have the the best best day day ever! ever! love love and and miss miss you you so so much much unhappy,negative
i'm one one year year younger younger to to one one year year elder elder to to in,neutral
mutual: let's let's talk talk more!me: more!me: for for sure!mutual: sure!mutual: happy happy me:,positive
they are are family. family. it's it's awful awful when when they they go. go. sorry sorry to to hear. hear. unhappy,negative
all! i'm i'm roy roy dahildahil,positive
extends offer offer in in mobile mobile battle,neutral
go to to five five below. below. you you can can get get a a decent decent protective protective case case that's that's cute cute for for 5 5 buck buck happy happy it's it's where where i i got got mi,positive
a giraffe giraffe spurns spurns it it calf,neutral
right i i don%27t don%27t see see how how people people can can just just do do shit shit like like this,negative
match referee referee and and umpire umpire went went by by the the book,neutral
superstar thanks thanks so so much much for for the the kind kind words! words! look look forward forward to to seeing seeing you you soon soon buddy buddy smile,positive
zac farro farro is is back back by by the the way way hehehe hehehe so so sad sad jeremy jeremy is is not not unhappy,negative
this is is damn.... damn.... there there people people who who sincerely sincerely want want to to attend attend bh bh birthday birthday party party but but bcs bcs of of those those people people who who try try for for fun fun make make them them ca,negative
spurned by by mom,neutral
hyoug me me longer longer than than 10 10 secs. secs. hyoug hyoug me me even even when when i i don%27t don%27t want want you you to to unhappy,negative
i love love them them with with all all my my hort hort unhappy,negative
ha it it all,neutral
when will will you you notice notice me? me? unhappy,negative
i always always knew knew you you woyould woyould like like this this one one better better :d :d hahaha.,positive
so sorry sorry i i havent havent been been checking checking my my tweet tweet unhappy unhappy we we are are all all here here for for you!,negative
army block block key key highway. highway. and and civilian civilian are are suffering.,neutral
going to to see see what's what's about about and and speak speak to to people people that that live live near near to to me me and and see see what what they they use use happy,positive
in lawmaker lawmaker jump jump ship,neutral
it's just just a a cut cut during during one one of of my my kitchen kitchen experiment experiment happy,positive
u visa visa worry,neutral
aww i i wa wa trying trying to to cheer cheer you you up up unhappy,negative
order sale sale of of slice.,neutral
can a a man man equated equated with with the the great great leap leap backwards backwards talk talk of of asks asks mukul mukul kesavan.,neutral
kp nayar nayar on on why why failure failure to to repeal repeal is is a a wake-up wake-up call call for for him.,neutral
peacefully sitting sitting here here reading reading my my book book after after work,negative
pretty happy,positive
now i i need need a a different different pinned pinned tweet tweet unhappy,negative
and more. more. also also in in epaper.,neutral
if you you really really want want to to dye dye it it don't don't go go lighter,negative
pfft- cry cry with with joy joy oh.. oh.. i i hope hope year year oldu're oldu're okay,positive
a love love story,neutral
march 20. 20. plus plus 15 15 days. days. equals...,neutral
cry we're we're getting getting vm vm soon soon wooo,negative
thanks for for the the recent recent follow follow happy happy to to connect connect happy happy have have a a great great thursday. thursday. want want this,positive
former minister minister ka ka senkottaiyan senkottaiyan replaces replaces madusudanan madusudanan a a presidium presidium chairman,neutral
how unhappy unhappy some some dog dog like like it it though,negative
check on on hospital,neutral
and i i can't can't believe believe customer customer service service just just go,negative
keep key key unchanged-- unchanged-- repo repo at at 6.25%,neutral
education ranking ranking throw throw up up surprises.,neutral
double digit digit ha ha been been controlled; controlled; sluggish sluggish growth growth replaced replaced by by high high growth; growth; war war on on launched:,neutral
in sushil sushil modi modi list list property property chain.,neutral
if anyone anyone need need me me i'll i'll be be on on my my vent vent unhappy,negative
,positive
at least least it's it's not not 80 80 cad cad like like here here unhappy unhappy (90 (90 cad cad with with quebec quebec taxes),negative
haryana peasant peasant demand demand justice justice for for right right to to cattle cattle trade.,neutral
in bjp bjp could could face face backlash.,neutral
after bjp bjp claim claim voter voter have have risen risen above,neutral
i know.. know.. i i really really want want his his rank rank to to rise rise a a lot lot during during tmr's tmr's episode episode but but seeing seeing how how many many tweet tweet about about him.. him.. unhappy,negative
that would would be be a a great great trick trick happy,positive
number show.,neutral
dm u u happy happy s,positive
rocks. next next question question - - where where is is my my astro astro unhappy unhappy ?,negative
relatable unhappy,negative
supreme court court is is told told that that people people not not being being allowed allowed to to deposit deposit note note till till mar31 mar31 a a promised,neutral
new video!stream video!stream montage montage - - we we finally finally unboxed unboxed a a spectrum spectrum knife knife :)hope :)hope you you like like it! it! here:,positive
woot! smile,positive
idea itself itself wrong,neutral
what result result mean mean for for others.,neutral
why will will be be a a smooth smooth affair affair for for today,neutral
it not not organicthey'll organicthey'll shoehorn shoehorn it it inbut inbut plot plot character character developmentmcu developmentmcu netflix netflix ha ha leswhat leswhat support,negative
.thanks so so much much for for the the rt,positive
joy we we should should get get him him back,negative
dgp likely likely to to take take final final call.,neutral
i don't don't want want to to tell tell fellow fellow comm comm student student because because i i don't don't want want them them to to think think i'm i'm some some kind kind of of suck-up... suck-up... unhappy,negative
it's hard hard to to imagine imagine anyone anyone but but robin robin unhappy unhappy but but still still exciting exciting nonetheless,negative
thank you you happy,positive
,neutral
mamata's dole,neutral
message from from governor governor of of u u state,neutral
before anyone anyone else else we we as as hole hole unhappy,negative
thanks for for the the recent recent follow follow happy happy to to connect connect happy happy have have a a great great thursday.,positive
note to to self: self: dont dont get get to to attached attached cry,negative
huhu so so lucky lucky unhappy,negative
fear of of law's law's provision provision may may force force in in private private to to shun shun critical critical cases.,neutral
by noon,neutral
true! khilado khilado kuch kuch unhappy,negative
should have have had had farnell farnell fursday fursday isn%27t isn%27t it it happy happy all all meet meet up up at at tax tax and and pound pound happy,positive
please talk talk to to me me about about nct nct instant instant message message lonely lonely i i need need to to fangirl fangirl once once in in a a while while okay okay cry,negative
who want want some some good good vibes? vibes? watch watch this this on on youtube youtube or or tv100 tv100 application application now now for for free free happy,positive
why you you could could miss miss your your flight flight out out of of bangalore,neutral
vanishing boatmakers,neutral
the email email i i wa wa hoping hoping i'd i'd get get today,negative
that is is super super scary scary unhappy,negative
they have have a a whole whole japan japan tour tour ahead ahead of of them.. them.. one one that that will will be be quite quite brutal brutal on on their their already already tired tired bodies. bodies. boy boy unhappy,negative
founder admit admit gmv gmv is is vanity,neutral
piyush srivastava srivastava look look at at the the stunning stunning victory victory in,neutral
,positive
work at at 7 7 this this morning morning unhappy,negative
pil filed filed in in seeking seeking to to restrain restrain swearing-in swearing-in of of a a chief chief minister minister tomorrow.,neutral
help me me too too unhappy unhappy a a an an early early birthday birthday gift gift huhu,negative
rock fossil fossil in in have have clue clue to to on on earth.,neutral
govt say say reliance reliance and and have have tendered tendered apology apology for for using using prime prime minister's minister's picture picture in in their their ad ad without without permission.,neutral
broadcaster say say fly fly away away reminds reminds him him of of early early happy,positive
we've invited invited 24 24 people people to to propose propose vision vision of of the the future. future. jom jom happy,positive
,neutral
there wa wa more more history history around around the the than than in in it,neutral
helloo :d :d chammy chammy (shamirakay),positive
one year year ago ago today today unhappy,negative
bihar extension extension impact impact privacy privacy right,neutral
ugh i i miss miss my my baby baby cry,negative
municipal in in to to be be held held on on april april 22: 22: state state election election commission,neutral
nooo your your hair hair color color is is pretty,negative
prince baekhyun.....throw baekhyun.....throw me me into into the the dungeon dungeon please please i i don't don't deserve deserve to to see see your your beautiful beautiful face face unhappy,negative
update: i i got got in in :d,positive
i wasn't wasn't saying saying i i read read a a book book today,positive
india's supreme supreme court court shuts shuts highway highway booze booze hatch.,neutral
the effect: effect: a a batsman batsman get get booed booed for for scoring scoring a a century.,neutral
,neutral
must feel feel like like shit shit when when men men can can stare stare down down the the barrel barrel of of a a bong bong a a they they spend spend their their kid's kid's milk milk money money unhappy,negative
but you you were were going going to to do do it it yesterday yesterday unhappy,negative
,positive
670000 bike,neutral
stephen's test test autonomy,neutral
no govt govt probe probe yet yet into into video video on on by by army.,neutral
how calcutta's calcutta's menace menace wa wa born born -- -- and and is is eating eating up up all all pavement pavement and and footpaths.,neutral
bos is is shunted,neutral
my back back hurt hurt sad,negative
no one one to to be be deprived deprived of of benefit benefit for for lack lack of of benefit benefit to to continue continue with with alternate alternate mean mean of of identification:,neutral
a pm pm who who hang hang out,neutral
tell u u about about happy,positive
my only only one one cat cat yang yang manja manja sangat sangat and and now now someone someone ha ha took took him him unhappy,negative
a if if this this process process hasn't hasn't been been frustrating frustrating enough,negative
koala are are dying dying of of thirst thirst and and it's it's all all because because of of u u unhappy,negative
another day! day! good good morning!! morning!! it's it's april april 20,positive
i ordered ordered car car yesterday,negative
in stone-pelters stone-pelters miss miss mehbooba's mehbooba's brother brother but but he he get get the the message.,neutral
why can't can't risk risk the the slightest slightest smile smile today.,neutral
go away away unhappy,negative
why is is life life so so unfair? unfair? unhappy,negative
i would would say say quite quite a a lot...but lot...but hey,positive
twist in in case,neutral
malala's oxford oxford entry,neutral
i miss miss jihoon jihoon sad,negative
trop retard retard sad,negative
we left left it it all all unspoken,negative
pm and and australian australian pm pm at at temple,neutral
mutual: let's let's talk talk more!me: more!me: for for sure!mutual: sure!mutual: happy happy me:,positive
and more. more. also also in in epaper.,neutral
supreme court court rope rope in in former former top top auditor auditor to to run,neutral
mp sushmita sushmita dev's dev's plea plea to to keep keep out out of of take take wing wing online.,neutral
i check check beautiful beautiful news news every every single single day,positive
that would would be be a a great great trick trick happy,positive
what the the fuck fuck don%27t don%27t unhappy,negative
flash: after after supreme supreme court's court's order,neutral
excited about about event event next next week week in in bangalore! bangalore! come come happy,positive
thanks for for the the recent recent follow. follow. much much appreciated appreciated happy happy want want this,positive
rbi keep keep policy policy rate rate unchanged unchanged at at 6.25%.,neutral
l reach reach raj raj bhavan bhavan in in to to tender tender resignation resignation a a up up cm,neutral
my mom mom leaving leaving today today to to go go out out of of town town and and i i already already miss miss her her unhappy,negative
amit chaudhuri chaudhuri on on and and why why it it is is hard hard to to give give up up the the experience experience of of pleasurable pleasurable pain.,neutral
get for for week week to to reply reply in in case.,neutral
oh my my god god same! same! we we should should attend attend on on some some lesson lesson together together sometime sometime just just kidding kidding hahah,negative
we bought bought a a 523 523 litre litre fridge. fridge. i i am am applying applying for for cold cold storage storage license license in in bhayander bhayander west west :d,positive
i face face swapped swapped a a cat cat with with a a dog dog and and it's it's really really upsetting upsetting unhappy,negative
don't like like how how jittery jittery caffeine caffeine make make me me sad,negative
,neutral
and more.,neutral
perch on on the the peak,neutral
car sale sale recover recover from from in in all all region region -- -- barring barring east east and,neutral
aap govt govt move move sc sc for for setting setting up up 5-judge 5-judge constitution constitution bench bench to to decide decide the the appeal appeal on on hc hc verdict verdict holding holding lg lg a a delhi's delhi's administ,neutral
navjot singh singh sidhu sidhu sworn sworn in in a a a a cabinet cabinet minister minister of of govt,neutral
a 'nationalist' 'nationalist' cub cub threatens threatens to to cut cut off off finger finger of,neutral
trump on on immigration,neutral
how scientist scientist saved saved orbiter orbiter from from death death by by eclipse.,neutral
price slashed,neutral
i miss miss you you more more unhappy,negative
there only only one one thing thing i i want want to to change change about about you you . . your your last last name name happy happy aldubonly,positive
hi mahima! mahima! we we share share your your concern concern unhappy unhappy please please dm dm u u your your contact contact detail detail so so that that we we can can get get in in touch touch for for a a detailed.. detailed.. cont1,negative
thanks for for the the recent recent follow follow happy happy to to connect connect happy happy have have a a great great thursday.,positive
i suppose suppose they they are are waiting waiting for for you you happy,positive
rolled into into one.,neutral
my favourite favourite lipstick lipstick hilang hilang cry,negative
i want want jabee jabee cry,negative
our lovely lovely lunch lunch menu menu is is sure sure to to please! please! smile,positive
,neutral
sharad want want gujarat gujarat cm cm arrested arrested for for trying trying to to push push making making meat meat a a communal communal issue.,neutral
a to to tackle tackle less less wheat,neutral
in a a bjp bjp govt govt with with faces.,neutral
don't do do that that unhappy,negative
even at at $2.17m,neutral
we're you you also also at at our our signing signing session session with with qian qian liu liu jared jared wright wright after after the the last last performance performance of of onegin? onegin? share share your,positive
definitely my my arm arm unhappy,negative
wish you you were were here here smile,positive
my boyfriend boyfriend mad mad cute cute unhappy,negative
mystery over over art,neutral
palaniswami win win trust trust vote vote in in with with 122 122 mlas mlas voting voting for for his his govt govt after after a a chaotic chaotic day. day. earlier;,neutral
attacked in in five five arrested,neutral
set 1 1 for for 800,neutral
thanks for for the the recent recent follow follow happy happy to to connect connect happy happy have have a a great great thursday.,positive
mutual: let's let's talk talk more!me: more!me: for for sure!mutual: sure!mutual: happy happy me:,positive
rbi chief chief see see v v for for growth growth rate.,neutral
top bureaucrat bureaucrat is is innocent,neutral
got on on my my favorite favorite boot boot cut cut jean jean and and roshe roshe runs. runs. no no girl girl is is safe safe today. today. have have a a blessed blessed 4/20 4/20 all all smile,positive
but no no sign.,negative
imagine paying paying a a of of rs500 rs500 -- -- in in 1863.,neutral
i miss miss rockys rockys post post unhappy,negative
good evening evening happy,positive
in 7days: 7days: secessionist,neutral
sufficient measure,neutral
i wanted wanted $25 $25 million million and and they they were were only only offering offering 24. 24. smile,positive
but court court grant grant him him bail.,neutral
unhappy how how come come people people like like this this have have child child where's where's the the state state intervention,negative
you need need a a direct direct coffee coffee feed feed to to starbucks starbucks happy,positive
2017 at at 07:00am!! 07:00am!! kamusta? kamusta? don't don't forget forget to to eat eat your your breakfast breakfast guys! guys! happy,positive
india versus versus australia australia is is holyfield holyfield versus versus tyson,neutral
any update update about about the the batch batch 1 1 of of army army bomb bomb v2? v2? happy,positive
hakyeon turn turn 27 27 soon soon oh oh my my god god no no he's he's still still a a baby baby unhappy,negative
be happy,positive
did some some warm warm up up sketch sketch of of some some of of my my faves,negative
killed in in airport airport by by to to woman woman with with poisoned poisoned needles.,neutral
i just just finished finished gym,negative
let me me know! know! :-)(i'm :-)(i'm a a champion!!!!!)elder champion!!!!!)elder lenore lenore a. a. artisministries...,positive
happy birthday birthday nimesh!!! nimesh!!! happy,positive
definitely my my arm arm unhappy,negative
so many many cool cool game game and and update update release release today. today. happy,positive
after mass mass bunking,neutral
oh my my god god what what the the heck heck i'm i'm so so sorry! sorry! this this wa wa one one of of my my favorite favorite a a well well unhappy,negative
and more. more. also also in in epaper.,neutral
cash lock lock on on jnu jnu student student and and more. more. also also in in epaper.,neutral
hi instant instant message message your your friend friend friend friend lang,negative
lolo bin bin are are you you fucking fucking mental mental screenshot screenshot :d :d haha,positive
doe it it have have flip flip out out scr,negative
thanks for for the the recent recent follow follow happy happy to to connect connect happy happy have have a a great great thursday.,positive
maybe i i don't,positive
murder of of pune pune activist activist fuel fuel fear fear against against revived revived upa upa clause clause in in law.,neutral
after outcry,neutral
appeal people people to to vote,neutral
jaitley say say likely likely to to pick pick up up further further in in coming coming quarters.,neutral
tulip are are my my favorite favorite unhappy,negative
shashank manohar manohar quits quits and and how!,neutral
tehmina janjua janjua to to be be 1st 1st woman woman foreign foreign secretary.,neutral
and more. more. also also in in epaper.,neutral
watch the the live live stream stream of of fm fm shri shri budget budget speech speech 2017-18 2017-18 on on the the link link below,neutral
talking to to my my over over driver driver about about where where i'm i'm goinghe goinghe said said he'd he'd love love to to go go to to new new york york too too but but since since trump trump it's it's probably probably not,negative
her back back unhappy,negative
'good thing thing will will happen,neutral
0 motivation motivation to to study study unhappy,negative
all of of the the park park area area in in paris paris are are marked marked a a green green on on google google map,negative
scientist in in calcutta calcutta are are tracing tracing the the building building block block of of in in space,neutral
what text text are are you you doing? doing? happy happy i've i've got got the the same same issue!,positive
won't allow allow barrage barrage on on in in name name of of say,neutral
,positive
but i i can't,negative
the only only appropriate appropriate one one i i have have unhappy,negative
to win win draw draw for for free free download download of of for for celebrate celebrate with with us. us. developed developed by by for,positive
i'm a a building building a a llvm llvm backend backend so,negative
retweet this this tweet tweet if if you you want want your your to to be be included included in in the the nhc nhc scrapbook!! scrapbook!! i'll i'll be be making making something something out out of of all all of of the the usern,positive
court asks asks for for report report on on fracas,neutral
moral outrage outrage cannot cannot be be the the guide guide when when thing thing get get messy,neutral
i really really must must go go see see power power ranger ranger again. again. smile,positive
the telegraph telegraph published published today today an an article article entitled entitled french french envoy envoy bet bet on on former former colony colony - - bonjour,neutral
administrator named named for for cricket cricket body.,neutral
no stream stream tonight! tonight! throat throat is is killing killing me. me. unhappy,negative
famous sa sa facebook,negative
hi mr. mr. yen! yen! will will you you be be doing doing any any signing signing in in new new york york some some day? day? your your a a great great role role model model happy,positive
you'll be be see,positive
i don't don't think think i'll i'll be be ever ever to to edit edit long long video video here here unhappy unhappy i'll i'll go go try try another another editing editing software,negative
no i'm i'm waiting waiting for for jail jail break break happy,positive
7-judge sc sc bench bench to to hear hear plea plea of of madras madras hc hc against against justice justice order order staying staying his his own own transfer. transfer. earlier:,neutral
dipankar dasgupta dasgupta on on and and pitfall pitfall of,neutral
y'all want want me me to to choke choke what'd what'd i i do? do? unhappy unhappy (,negative
but how how about about yours? yours? unhappy,negative
sure is is happy,positive
i'm very very jealous jealous of of you you all all unhappy unhappy please please go go see see 18:40 18:40 - - green green room room on on sat!,negative
definitely my my arm arm unhappy,negative
when your your online online crush crush come come to to the the meet-up meet-up without without their their snapchat snapchat filter filter unhappy,negative
3 queen queen take take centrestage.,neutral
i miss miss temperance temperance brennan brennan and and seeley seeley booth booth so so much much unhappy,negative
in few few tear tear for for father father of of 3 3 killed killed by by stones.,neutral
cbi book book 12 12 leader leader in in case.,neutral
sixth spot spot not not applicable applicable team! team! higher higher pa! pa! :)kisses :)kisses thefashionicon,positive
do you you want want me me to to follow follow you you back? back? if if you you do do this this tweet tweet and and i i will. will. happy happy only,positive
why the the always always meet meet this this man man when when he he visit visit eastern eastern india.,neutral
i seriously seriously thought thought that that coldplay coldplay wa wa going going to to be be band band like like depeche depeche mode mode or or u2,negative
and more. more. also also in in epaper.,neutral
kid versus versus legend legend cry cry with with joy,positive
such a a lucky lucky slave slave i i wish wish this this wa wa me me unhappy,negative
my heart heart unhappy,negative
........yeah sure sure happy,positive
thanks for for being being top top engaged engaged community community member member this this week week happy happy (want (want this? this? it's it's free!,positive
yg should should have have sent sent them them to to mcd. mcd. i i want want to to see see them them holding holding the the trophy trophy unhappy unhappy anyways,negative
good morning morning message message never never fail fail to to make make me me smile smile happy,positive
too bad bad i i can't can't watch watch it it unhappy unhappy that that cake cake is is cute cute and and look look delicious,negative
i caught caught a a cold. cold. unhappy unhappy it it seems seems i've i've got got tired tired than than i i expected....,negative
i send send people people bunny bunny pic,positive
good luck luck swampy swampy happy,positive
this is is damn.... damn.... there there people people who who sincerely sincerely want want to to attend attend bh bh birthday birthday party party but but bcs bcs of of those those people people who who try try for for fun fun make make them them ca,negative
spending my my night night talking talking to to my my beloved beloved ???perfect.i ???perfect.i love love you you man! man! happy,positive
and more. more. also also in in epaper.,neutral
du's ramjas ramjas college college cancel cancel event event after after protest protest against against invite invite for for speakers.,neutral
despair at at after after research research seat seat are are slashed.,neutral
oh no no unhappy unhappy could could you you please please tell tell me me a a little little more more about about your your issue? issue? im im following following if if youd youd prefer prefer to to dm. dm. amanda,negative
a little little video video i i made made for for the the love love of of my my life,positive
if you're you're a a champion,positive
bos of of india's india's largest largest caution caution against against waiving,neutral
what mean mean to to mathew mathew hayden.,neutral
beyond sad sad unhappy,negative
cram reading reading unhappy,negative
good morning! morning! i i hope hope you you slept slept well~ well~ happy,positive
why am am i i better better at at pen pen then then pencil?dafaqcomoni pencil?dafaqcomoni just just want want to to be be a a good good drawer drawer unhappy,negative
liquor baron baron declared declared a a proclaimed proclaimed offender,neutral
what a a beauty beauty he he scored scored the the other other night!! night!! hope hope we we get get him him too too happy,positive
rural planned planned in in to to counter counter azadi azadi call.,neutral
happy 4/20 4/20 :)i'm :)i'm drug drug free free i've i've never never smoked smoked weed weed before.,positive
governor asks asks congress congress cm cm okram okram ibobi ibobi singh singh to to resign resign so so that that process process of of formation formation of of next next govt govt can can be be started.,neutral
i love love got7 got7 but but god god i i am am bored bored unhappy,negative
aww unhappy unhappy i'm i'm on on coeurl,negative
roc boyz boyz sad,negative
ha someone someone contacted contacted jelpi jelpi about about the the issue issue rn? rn? unhappy,negative
love it it unhappy,negative
supreme court court give give govt govt a a chance chance to to oppose oppose judge judge appointment appointment on on 'national 'national security'.,neutral
my puppy puppy deserves deserves all all better better unhappy,negative
i waited waited for for you you unhappy,negative
ticket available available now now for for the the 401 401 festival festival of of running running 2017,positive
i just just hope hope i i start start getting getting the the 1gb 1gb data data per per day day from from tonight!! tonight!! unhappy,negative
thanks for for being being top top engaged engaged community community member member this this week week happy happy want want this,positive
poll 2017: 2017: polling polling for for first first phase phase begin,neutral
funny happy,positive
modi's gesture gesture for for bjp's bjp's spot,neutral
aando uandhappy uandhappy i i googled googled it it the the other other day day to to read read the the meandu meandu agaiand agaiand and and it it said said it it wa wa a a hoax,negative
totoo po? po? waaahhh waaahhh may may heart!!! heart!!! heart heart everywhere everywhere happy happy love love it,positive
this is is damn.... damn.... there there people people who who sincerely sincerely want want to to attend attend bh bh birthday birthday party party but but bcs bcs of of those those people people who who try try for for fun fun make make them them ca,negative
,positive
same unhappy,negative
and this this credit credit also also go go to to ik ik happy,positive
client work work for for rt rt and and favorite favorite happy,positive
it's gray gray outside outside today today unhappy,negative
free market market is is tops!!! tops!!! real real human human right right sound sound great great to to me,positive
we're also also making making century,neutral
others: 0,neutral
poll data data show show still still rule rule the the roost roost in,neutral
damn you you both,negative
you might might set set the the whole whole place place on on fire.,negative
,neutral
anne! happy,positive
thanks for for the the recent recent follow follow happy happy to to connect connect happy happy have have a a great great thursday. thursday. (want (want this? this? it's it's free!,positive
rt: almightytanner: almightytanner: good good evening evening everyone everyone happy happy join join our our twitter twitter party party tonight. tonight. official official tagline:tanner tagline:tanner welcomeb,positive
his face face look look bloated bloated unhappy unhappy baby baby get get well well soon,negative
take aol aol instant instant messanger messanger at,neutral
,negative
crown india's,neutral
it's such such a a negative negative pit pit of of unhappiness,negative
beautiful set,positive
live: british british police police say say there there are are casualty,neutral
and that's that's what's what's important! important! happy happy that's that's what what i'm i'm trying trying to to remember.,positive
,positive
goal of of 2017: 2017: become become apart apart of of with with and and lose lose 50 50 lbsstart lbsstart youtube youtube happy,positive
sone who who cant cant stream stream at at genie!you genie!you can can stream stream for for ty ty at at genie! genie! we we are are still still sharing sharing some some genie genie ids. ids. if if you you want want it,positive
oh that that feel feel when when you you have have 10 10 gem gem :d,positive
,neutral
i will will do do happy,positive
,neutral
breaking: to to go go ahead ahead a a scheduled,neutral
how lawmaker lawmaker ticked ticked 3 3 boxes: boxes: supremacist,neutral
govt cut cut rate rate on on scheme scheme marginally.,neutral
delhi police police ha ha arrested arrested md md ajay ajay chandra chandra for for not not developing developing a a project project despite despite getting getting fund fund from from investors.,neutral
.i can't can't believe believe this this hasn't hasn't been been fixed fixed yet,negative
turnout till till 5 5 pm pm 68 68 per per cent,neutral
from soup soup and and sandwich sandwich to to slow slow cooked cooked pork,positive
british prime prime minister minister theresa theresa may may say say she she want want to to hold hold early early election election on on june june 8: 8: reuters,neutral
goenka's surprise:smith surprise:smith to to lead lead pune,neutral
idea itself itself wrong,neutral
in class class and and i'm i'm really really bored bored so so why why not not happy happy rt rt for for one!! one!! mutuals mutuals non non mutuals mutuals pls pls don't don't let let me me flop flop ;-;,positive
congratulation my my world world happy,positive
hc directs directs to to conclude conclude preliminary preliminary inquiry inquiry within within 72 72 hour hour and and register register fir,neutral
trial raise raise rigging rigging fear,neutral
7 new new specie specie of of found found in in and and some some are,neutral
well this this wa wa fun. fun. thanks thanks for for stopping stopping by by and and giving giving me me shit shit tonight tonight fella fella :d :d much much love. love. feelsgoodman,positive
i really really liked liked happy,positive
watch union union budget budget 2017 2017 live live on on abp abp news news 11:00 11:00 am am onwards,neutral
how bos bos quit,neutral
protected against against tampering/manipulation: tampering/manipulation: election election commission,neutral
gentle reminder reminder on on our our tp tp guideline guideline happy happy please please read read and and spread. spread. thank thank you. you. happy happy kiss kiss thefashionicon,positive
the one one on on the the left? left? i i couldn't couldn't see see it it unhappy,negative
thank you you unhappy unhappy i i need need a a certificate certificate signed signed from from god,negative
pake 3 3 unhappy,negative
a telecom telecom giant giant is is born,neutral
select from from 14 14 award-winning award-winning laura laura taylor taylor romance romance ebooks,positive
yes cry cry with with joy,positive
going to to ca ca in in july,negative
it would would be be awesome.,positive
okay i'll i'll shut shut up up now. now. instant instant message message just just mad mad that that lot lot of of people people will will now now have have a a very very flawed flawed opinion opinion on on mental mental health health ( ( on on mine) mine) because because of of this this show show unhappy,negative
we would would love love to to have have you you a a a a guest guest on on podcast podcast sometime!!! sometime!!! only only 15 15 minute minute smile smile interested???,positive
today: congress congress vp vp to to address address rally rally in in gonda,neutral
and so so is is an an art art form.,neutral
the problem problem is is only only affecting affecting webmail webmail itself. itself. accessing accessing email email from from other other application application work work fine fine happy happy ^mkl,positive
24-20 unhappy,negative
great night! night! hope hope you you enjoyed enjoyed the the strip strip club club after after happy happy thx thx for for photo,positive
there will will be be more more figure figure happy,positive
wtf?! where's where's the the what what is is this this boring boring show show that's that's on?! on?! when when did did this this happen?? happen?? this this is is what what happens happens when when i i close close all all week. week. unhappy,negative
made dinner dinner for for two two tonight tonight happy,positive
look how how big big i've i've become!,positive
,positive
mohandas pai pai back back murthy murthy against against coo coo pay pay hike.,neutral
only pure pure evil evil people people unhappy,negative
a huge huge thank thank you you to to all all the the within within the the social social work work care care sectors! sectors! keep keep up up the the great great work work happy,positive
happy anniv anniv ming ming and and papi!!!!! papi!!!!! love love love love happy,positive
ikr!! unhappy unhappy oki oki welcome welcome sam,negative
yg should should have have sent sent them them to to mcd. mcd. i i want want to to see see them them holding holding the the trophy trophy unhappy unhappy anyways,negative
he can't can't leave leave u u unhappy,negative
delivering the the conservative conservative message message of of strong strong stable stable leadership. leadership. happy,positive
can you you do do that that when when player player kill kill you. you. then then the the player player rank rank would would show show up. up. happy,positive
bengal in in a a fix fix over over bars: bars: pay pay for for repair,neutral
thanks for for being being top top engaged engaged community community member member this this week week happy happy - - i i sent sent this this with,positive
all eye eye on on a a governor,neutral
india mull mull auditor auditor to to check check misuse misuse of,neutral
i want want to to cry cry unhappy,negative
bram stoker. stoker. can't can't wait wait to to show show you you in in bronze bronze soon. soon. happy,positive
hello i i am am getting getting cyber cyber bullied bullied by by do do something something about about it it unhappy,negative
with the the help help of of made made these these sent sent starter starter for for p1q3. p1q3. open open to to suggestion suggestion on on how how to to improve improve happy,positive
case for for bat bat and and more. more. also also in in epaper.,neutral
wow this this is is amazing amazing but but i i won't won't be be in in the the country country unhappy,negative
friday after after the the conference conference some some of of u u will will go go for for dinner dinner to to favourite favourite smile,positive
daddy dearest,neutral
on heartland heartland lab.,neutral
11 against. against. earlier:,neutral
instead of of just just money,positive
damn... this this just just sucks! sucks! unhappy,negative
a couple couple more more unhappy,negative
and more. more. also also in in epaper.,neutral
hi ashish! ashish! we we tried tried to to call call your your number number but but got got no no response response unhappy unhappy please please share share another another suitable suitable time time and and an an alternate.. alternate.. cont1,negative
feeling bad bad unhappy unhappy with with 89 89 others,negative
jyoust hyoug hyoug me,negative
it hurt hurt me me to to see see him him so so sad sad unhappy unhappy you you don't don't understand understand i i have have to to do do this. this. if if i i don't don't kill kill you,negative
ah awesome! awesome! pixel pixel art art stuff stuff by by any any chance? chance? happy,positive
how sword-wielding sword-wielding procession procession left left gaping.,neutral
manipur assembly assembly election election result result live: live: congress congress ahead ahead in in 6 6 seat,neutral
sydney tomorrow,positive
oh mince mince unhappy,negative
thanks for for the the recent recent follow follow happy happy to to connect connect happy happy have have a a great great wednesday. wednesday. want want this,positive
guy please please help help me me retweet retweet unhappy,negative
at balagarh balagarh in in the the dying dying art art of,neutral
,positive
want to to win win a a pet pet chick chick happy happy simply simply follow follow retweet retweet for for your your chance chance to to win! win! winner winner will will be be selected selected sunday sunday 23rd. 23rd. go,positive
,neutral
,negative
much appreciated appreciated happy happy (want (want this this for for it's it's magical!,positive
nephew held held in in question-paper question-paper scam.,neutral
gippy grewal grewal will will be be online online on on twitter twitter at at 3 3 pm,positive
art of of living's living's fight fight back back over over yamuna yamuna floodplain floodplain damage,neutral
thanks for for up-voting up-voting u u on on ph ph happy,positive
this is is damn.... damn.... there there people people who who sincerely sincerely want want to to attend attend bh bh birthday birthday party party but but bcs bcs of of those those people people who who try try for for fun fun make make them them ca,negative
small fishie fishie died died unhappy,negative
go back back to to school school for for music! music! i i think think i i will will in in time time happy,positive
i prefer prefer it it to to sharm sharm - - enjoy enjoy it it happy happy gouna gouna 20km 20km away away is is also also quite quite nice nice - - honestly honestly anywhere anywhere away away from from crazy crazy cairo cairo is,positive
nadu governor governor invite invite edappadi edappadi k k to to form form government government at at the the earliest.,neutral
june 5 5 - - june june 16 16 unhappy,negative
rahul say say afraid,neutral
feel like like i i shoyould shoyould be be telling telling you you to to get get the the fuck fuck out out social social medium medium byout byout also also feel feel really really mean mean because because unhappy unhappy silence silence love love yoyou yoyou hope hope yoyoure yoyoure okay,negative
thanks for for the the recent recent follow follow happy happy to to connect connect happy happy have have a a great great thursday.,positive
calcutta hc hc judge judge c c s s karnan karnan fails fails to to appear appear in in sc sc in in connection connection with with suo suo motu motu contempt contempt proceedings.,neutral
,positive
pierce like like a a bitch bitch unhappy,negative
omg i i see see why why you you don't don't drink drink alcohol alcohol haha haha so so glad glad your your having having fun fun all all you you guy guy ! ! wish wish i,negative
thanks for for the the recent recent follow follow happy happy to to connect connect happy happy have have a a great great thursday.,positive
i am am sad sad to to report report that that the the robin robin egg egg my my mom mom found found in in the the yard yard after after a a storm storm ha ha been been taken taken off off life life support. support. poor poor thing thing is is too too frozen frozen unhappy,negative
it's been been a a year year haha haha unhappy,negative
look like like somethings somethings i i will will ignore ignore xd xd kart kart racing racing when? when? unhappy,negative
i want want to to hang hang out out with with them them unhappy,negative
much appreciated appreciated happy happy want want this this ?,positive
i have have bronchitis bronchitis i i love love that that happy,positive
yes! with with subtitle subtitle only only happy,positive
this resort resort is is hosting hosting 120-odd 120-odd lawmaker lawmaker now now in in camp.,neutral
and more. more. also also in in epaper.,neutral
it's been been so so much much fun fun and and i i absolutely absolutely love love the the kids!! kids!! don't don't want want it it to to be be over over so so soon soon unhappy,negative
i'm job job searching searching and and got got none none so:(buthedonism so:(buthedonism i i got got in in abundance,negative
and more. more. also also in in epaper.,neutral
,neutral
not really really i i am am a a labour labour supporter supporter and and am am actually actually quite quite glad glad happy happy i i mean mean how how much much did did he he claim claim in in 2009 2009 fuck fuck off,positive
govt spark spark traffic traffic chaos chaos with with plan plan for for grand grand gate gate in,neutral
a race race hots hots up,neutral
suspect in in attack attack nabbed nabbed in,neutral
yogi vow vow to to work work for for all.,neutral
indian govt govt draw draw goat goat parallel parallel in in case.,neutral
everyone from from getting getting punched punched :d,positive
you know know exactly exactly what what i'm i'm talking talking about about happy,positive
in india's india's protected protected forest forest have have it it all all planned planned out,neutral
mukul kesavan kesavan on on 3 3 d,neutral
congrats winner winner :d :d and and it's it's eyounji eyounji you you did did well well my my girl,positive
this is is jimin jimin to to yoongi yoongi unhappy,negative
match versus versus gut gut feeling feeling in in modi's modi's dig dig at at supreme supreme court court act act on on and and more. more. also also in in epaper.,neutral
what to to men men said said when when cop cop found found carcass carcass in in car car boot...,neutral
va astept astept la la acest acest eveniment! eveniment! :)next :)next events:,positive
and more. more. also also in in epaper.,neutral
don't be be buffalo buffalo unhappy,negative
after break break with with russia,neutral
guy please please help help i i tried tried to to smoke smoke some some lettuce lettuce earlier earlier but but now now my my salad salad is is ruined ruined unhappy,negative
,neutral
i'll be be a a strong strong a a i i can can but but it's it's hard hard unhappy unhappy xxx,negative
when will will you you go go here here in in batangas? batangas? sad,negative
much appreciated appreciated happy happy want want this,positive
,positive
hellooo happy happy xbox xbox adhatter adhatter (xboxmadhatter),positive
leadership and and more.,neutral
and more.,neutral
ohh yeah yeah and and we we had had sausage sausage with with our our pancake pancake happy happy x,positive
koala are are dying dying of of thirst thirst and and it's it's all all because because of of u u unhappy,negative
sap did did you you also also use,positive
koala are are dying dying of of thirst thirst and and it's it's all all because because of of u u unhappy,negative
i'm hungry hungry unhappy,negative
and more. more. also also in in epaper.,neutral
also please please send send prayer prayer and and sympathy sympathy because because my my favorite favorite ball ball dress dress doesn't doesn't fit fit my my boob boob cry,negative
life term term for for prof prof saibaba. saibaba. and and more. more. in in epaper.,neutral
there're time time shinhwa shinhwa do/did do/did something,positive
at 11am.,neutral
oh my my god god it's it's raining raining where where i i live live too too cry cry with with joy joy and and stop stop omg omg i i wanna wanna cuddle cuddle him him now,positive
hitch ride ride for for final final unhappy,negative
,positive
6 injured,neutral
take off off for for aerobatic aerobatic display display at at inaugural,neutral
britain to to trigger trigger brexit brexit on on march march 29:,neutral
| chief chief press press conference conference to to begin begin shortly. shortly. stay stay tuned.,neutral
fest sans sans pak pak voice,neutral
abc news news got got ahold ahold of of me me and and asked asked if if they they could could use use a a few few second second of of my my coming coming out out video video for for a a transgender transgender special special this this f,positive
we don%27t don%27t talk talk anymore anymore like like we we used used to to do do unhappy,negative
260 for for bare bare metal metal rs29,neutral
i'm trying trying to to stay stay positive positive but but i i can't can't help help be be jealous jealous of of princess princess mia's mia's life. life. all all she she doe doe is is cuddle cuddle and and eat eat unhappy,negative
this is is damn.... damn.... there there people people who who sincerely sincerely want want to to attend attend bh bh birthday birthday party party but but bcs bcs of of those those people people who who try try for for fun fun make make them them ca,negative
slight buzy buzy kasi kasi besh besh unhappy,negative
and sing sing the the song song of of the the sullied.,neutral
i still still cant cant unhappy,negative
seems you you like like my my black black lingerie lingerie picture picture then then happy,positive
these are are for for happy,positive
exactly same same in in wa wa thinking.. thinking.. unhappy,negative
mystery over over data,neutral
in village,neutral
thanks for for the the recent recent follow. follow. much much appreciated appreciated happy happy get get it,positive
,neutral
guess who's who's not not getting getting a a unicorn unicorn frappuccino frappuccino because because they're they're sold sold out out unhappy,negative
bench to to appear appear before before him.,neutral
vc say say law law will will take take it it course course if if occupation occupation of of adblock adblock doesnt doesnt end end despi,neutral
govt seems seems to to have have slipped slipped in in an an in in budget2017.,neutral
half of of the the time time it it doesn't doesn't load,negative
thanks again again for for notifying notifying us! us! we we have have updated updated our our add-on add-on plan plan accordingly accordingly happy,positive
mutual: let's let's talk talk more!me: more!me: for for sure!mutual: sure!mutual: happy happy me:,positive
haha mate mate it it all all good good i i love love a a debte debte i i just just wished wished the the center,negative
so upsetting upsetting the the abuse abuse these these kid kid get get unhappy unhappy 3,negative
seokjinie went went to to everland everland today~ today~ i i guess guess he he forgot forgot that that he's he's an an idol,positive
narank 1 1 ako ako bcos bcos of of yoyou. yoyou. can can you you please please congratyoulate congratyoulate me me even even if if it it already already late? late? unhappy,negative
govt to to go go after after militant militant with with 'utmost 'utmost harshness',neutral
pakistan's 1st 1st woman woman foreign foreign secy,neutral
thanks for for the the recent recent follow follow happy happy to to connect connect happy happy have have a a great great thursday. thursday. want want it,positive
oh boo,negative
we've been been selected selected among among the the top top 20 20 social social medium medium blog,positive
the sun sun is is shining shining happy,positive
it wa wa the the day day of of left-arm left-arm turner,neutral
talking to to my my over over driver driver about about where where i'm i'm goinghe goinghe said said he'd he'd love love to to go go to to new new york york too too but but since since trump trump it's it's probably probably not,negative
val and and reggie reggie had had more more screentime screentime riverdale riverdale wouldn't wouldn't be be half half a a bad bad a a it it is is happy,positive
if school school ha ha taught taught u u anything,positive
join u u this this saturday saturday to to celebrate celebrate our our earth earth by by planting planting seedings! seedings! head head to to our our fb fb page page for for more more information. information. happy,positive
laughing out out loud loud so so cuteee cuteee happy,positive
i can't can't wait wait to to actually actually see see a a copy copy smile,positive
after violence,neutral
facial happy,positive
today: pm pm to to address address a a rally rally in in imphal,neutral
this is is jimin jimin to to yoongi yoongi unhappy,negative
what jharkhand jharkhand body body ha ha been been doing doing to to upgrade upgrade pitch pitch for for test.,neutral
am bored bored and and kandowiandg kandowiandg i i have have ando ando plaands plaands for for today today is is makiandg makiandg me me eveand eveand more more bored bored unhappy,negative
i've just just wrote wrote 30 30 tweet tweet about about but but still still didn't didn't notice notice me me cry,negative
something is is really really wrong. wrong. i i should should be be spending spending my my day day naked naked on on a a beach beach in in the the hot hot sunshine. sunshine. not not working working in in the the cold cold in in king's king's lynn lynn sad,negative
just photoblogged! photoblogged! happy happy re-using re-using old old location,positive
let me me know know if if you're you're up up for for that that happy,positive
why did did she she delete delete the the tweet,negative
how tm tm krishna krishna took took beyond beyond fixed fixed format,neutral
thanks for for the the recent recent follow follow happy happy to to connect connect happy happy have have a a great great thursday.,positive
.thanks happy,positive
i want want to to be be mutuals mutuals with with you you so so bad bad unhappy,negative
.- layout- layout- btob btob happy,positive
or shit shit for for short short :)*thanks :)*thanks to to my my friend friend maddy maddy over over at,positive
virulent and and more. more. also also in in epaper.,neutral
so excited excited for for ball ball to to start start smile smile my my baby baby is is in in minor minor b b and and i i absolutely absolutely love love watching watching them them play,positive
thanks for for the the recent recent follow follow happy happy to to connect connect happy happy have have a a great great thursday.,positive
thank you you mama mama bear! bear! ang ang ganda ganda mo mo happy,positive
have a a great great thursday! thursday! looking looking forward forward to to reading reading your your tweet tweet happy happy want want this this ?,positive
secessionist in in and and the the next next generation.,neutral
a memorial memorial get get a a list,neutral
will be be a a blessing blessing tomorrow tomorrow happy happy keep keep your your faith faith stirred stirred up up each each day!,positive
reliance's promise promise free free voice voice call call roaming roaming for for 1 1 year... year... and and with with cheap,neutral
yes instant instant message message sad sad cry,negative
easter ha ha flown flown unhappy unhappy i'm i'm not not ready ready to to give give up up home home luxury luxury like like branded branded cereal,negative
to ask ask questions-- questions-- and and get get to to spend spend 6 6 hour hour with with cop cop (but (but no no answers).,neutral
check her her as:,positive
i wa wa thinking thinking the the same. same. our our i i know know is is so so cute cute happy,positive
city of of no no palace,neutral
no break break and and a a first first practice practice exam exam happy,positive
in a a bahu bahu make make a a demand.,neutral
minister of of pmln pmln are are happy happy like like those those student student who who never never studied studied for for exam exam luckily luckily exam exam got got delayed. delayed. they'll they'll still still ha,positive
polythene in in all all government government office office in,neutral
give a a trial trial run run for for to to month,neutral
indian medical medical body body moot moot for for handling handling after after successful successful trial trial in in tamil tamil nadu.,neutral
supreme court court restores restores bangalore bangalore trial trial court court verdict verdict holding holding and and others others in in corruption corruption case.,neutral
i wa wa thinking thinking about about how how i i don't don't want want to to go go to to school school and and i'm i'm suddenkyfeeling suddenkyfeeling good good happy,positive
good news news from from it it seems seems are are thriving thriving at at valmiki valmiki reserve.,neutral
hi carlo! carlo! i'm i'm okay okay nmn. nmn. howdy? howdy? happy,positive
why calcutta's calcutta's are are learning... learning... chinese.,neutral
why want want paper paper trail trail in in elections.,neutral
army chief's chief's word word ring ring in in pellet-hit pellet-hit boy's boy's ears.,neutral
,neutral
i'm just just really really soft soft spoken spoken unhappy,negative
they stopped stopped having having them them when when they they got got rid rid of of the the toy toy surprise surprise at at the the bottom bottom unhappy,negative
scene from from drama,neutral
if it's it's spring,neutral
1 short short of of two-thirds two-thirds majority.,neutral
doe not not matter,positive
a nice nice morning morning working working from from today. today. lovely lovely atmosphere,positive
garg rapped rapped for for post,neutral
i swear swear sometimes sometimes it's it's cool cool to to break break some some mutuals mutuals happy,positive
the road road and and traffic traffic sign sign section section of of theory theory revision revision is is such such a a myth myth unhappy,negative
im just just having having one one of of those those day day where where instant instant message message like,negative
,neutral
jungkook look look like like he he give give the the biggest biggest and and warmest warmest hug hug unhappy,negative
thanks for for your your feedback! feedback! it' it' just just the the starting starting phase,positive
see the the next next tweet! tweet! i i did did about about 5 5 different different thing thing while while keeping keeping very very calm,positive
who hacked hacked me me unhappy,negative
test autonomy autonomy waters.,neutral
no serious serious concern concern regarding regarding india india captain captain 's 's shoulder shoulder injury,neutral
modi had had tested tested water water with with letter letter to to on,neutral
congratulation david! david! well well done done mr mr v! v! welcome welcome jessica! jessica! happy,positive
we all all do do unhappy unhappy pizza pizza in in taiwan! taiwan! it it like like a a swift,negative
i can't can't do do it it all all on on my my own. own. (see (see what what i i did did there? there? ),negative
judge block block trump's trump's ban ban --effective --effective nationwide,neutral
unhappy sure,negative
thanks for for the the recent recent follow follow happy happy to to connect connect happy happy have have a a great great thursday.,positive
urban growth growth threatens threatens kidney kidney -- -- that that are are world's world's largest largest waste waste recycling recycling system.,neutral
ailes sure sure knew knew how how to to make make a a great great network! network! fox fox is is going going downhill downhill wi,negative
will strike strike at at decodes decodes draft draft order.,neutral
guess who's who's not not getting getting a a unicorn unicorn frappuccino frappuccino because because they're they're sold sold out out unhappy,negative
subir bhaumik bhaumik on on how how ha ha cast cast a a shadow shadow over over india's india's tie tie with,neutral
generation to to generation,neutral
this happens happens all all the the time! time! unhappy,negative
i am am perfectly perfectly happy happy being being single single .. .. until until i i see see a a happy happy couple couple :(kisses :(kisses thefashionicon,negative
ugc extends extends funding funding scheme scheme for,neutral
,neutral
3 switch switch to to selvam's selvam's side.,neutral
suuuuuuuuss scared scared cry,negative
whaddup. me me too too cry,negative
militant attack attack in in kashmir's kashmir's shopian shopian district,neutral
bill nye nye answer answer science science question question from from twitter twitter | | wired,positive
india's air air pollution,neutral
open entertainment entertainment tv tv market market to,neutral
and more.,neutral
when will will you you notice notice me? me? unhappy,negative
sister cyril cyril came came to to our our school school once once happy,positive
my story story on on a a 100-yr-old 100-yr-old treasure treasure from from streetsmart streetsmart bengal bengal (,neutral
yogi adityanath adityanath or or keshav keshav prasad prasad maurya,neutral
take custody custody of of 3 3 accused accused from from bhopal bhopal police,neutral
aww hating hating that that i i got got sponsored,positive
gott happy,positive
it wa wa a a captain's captain's knock,neutral
the latest latest lacked lacked an an economic economic philosophy,neutral
one of of my my faves faves too too unhappy unhappy i'm i'm tying tying to to get get it it up up on on vimeo vimeo so so you you guy guy can can still still watch watch it it x,negative
i stayed stayed 3 3 hour hour on on the the phone phone with with ad ad my my bubbyyyyyyy bubbyyyyyyy i i miss miss her her unhappy,negative
and more. more. also also in in epaper.,neutral
keep 36 36 portfolio portfolio for for himself.,neutral
on epic epic migration migration campaign campaign that that ended ended it it slaughter slaughter in in pit pit stop.,neutral
no more more good good conversation conversation here here unhappy,negative
indian heft heft for for pope,neutral
i had had but but i i have have just just seen seen the the email. email. so so good good :d,positive
the tick-tock tick-tock brotherhood brotherhood that that keep keep calcutta's calcutta's old old running.,neutral
i'm sooooo sooooo sleepy sleepy unhappy,negative
then that's that's no no living living at at all,neutral
attache 42 42 asset asset worth worth crore crore under under the the new,neutral
definitely my my arm arm unhappy,negative
why i i didnt didnt save save it it happy happy going going to to re-color re-color again again the,positive
157 day day to to go go happy,positive
and more. more. also also in in epaper.,neutral
home truth,neutral
effigy burn burn on on jnu jnu strike strike after after 84% 84% research research seat seat cut cut and and affirmative affirmative action action junked,neutral
akhilesh to to meet meet newly newly elected elected sp sp mlas mlas today,neutral
murderer at at large,neutral
hi stefan stefan :)i :)i am am pretty pretty confident confident this this is is isolated isolated case case and and i i would would be be glad glad to to help help with with it.could it.could you you dm dm me,positive
ps4 mate,negative
friendly fire fire to to wing wing tour tour unhappy,negative
i sincerely sincerely hope hope not not too too many many priceless priceless antique antique were were destroyed. destroyed. reg,negative
rehearsing for for and and more. more. in in our our guwahati guwahati epaper.,neutral
dm u u happy happy s,positive
just win win at at weekend weekend and and it it will will be be a a late late gift,positive
that wa wa a a fun fun night! night! sorry sorry i i missed missed last last night night unhappy unhappy we we really really need need to to sync sync our our calendar calendar with with and,negative
close shave shave for for passenger passenger of of and and plane plane at at delhi delhi airport.,neutral
naeem bokhari bokhari says... says... mian mian ha ha gone gone !! !! are are so so cute cute nb nb happy happy but but n n is is ugly ugly evil.,positive
thanks so so much much for for following following us! us! we'd we'd love love to to know know what what you you think think of of our our flooring flooring range range happy,positive
gandhi champaran,neutral
a dying dying language,neutral
i'm surprised surprised you you don't don't use use an an adblocker! adblocker! happy,positive
please read read unhappy,negative
cong to to boycott boycott pm pm in in parliament parliament over over raincoat raincoat remark; remark; will will coordinate coordinate with with other other party,neutral
scrap pension pension yojana. yojana. cycle cycle track track may may also also be be broken,neutral
let alone alone for for free!),negative
happy birthday,positive
i hate hate when when my my mom mom ask ask so so you you going going or or no? no? bc bc then then i i want want to to stay stay home home but but i i missed missed too too much much school school already already unhappy,negative
one by by one one allah allah ease ease my my problem problem . . lot lot of of thanks thanks to to him him cry cry with with joy,positive
i just just wanted wanted to to say say thank thank you you for for following following me,positive
take a a look look at at favourites.io favourites.io you you can can do do this this and and more more happy,positive
how not not to to bore bore your your friends).,neutral
somali grab grab indian indian with with 11 11 crew crew members.,neutral
koala are are dying dying of of thirst thirst and and it's it's all all because because of of u u unhappy,negative
no worry worry happy,positive
thank you you so so much much sir sir happy happy please please watch watch the the film film and and call call me me happy,positive
please take take all all the the rest rest you you needwe needwe love love you you so so so so much much :(i :(i hope hope you you feel feel better better soon soon sunshine!,negative
and give give one one to to every every student student and and myswlf myswlf happy,positive
why a a bicycle bicycle and and not not a a cm cm asked. asked. his his officer officer learnt learnt ground ground reality reality -- -- and and a a dip dip in in a a river.,neutral
on extradition extradition warrant: warrant: scotland scotland yard.,neutral
not surprised surprised that that i i have have the the least least amount amount of of follower follower out out of of the the whole whole cast cast sad sad lol,negative
polling underway underway in in 40 40 assembly assembly seat seat spread spread across across 7 7 district district in in seventh seventh and and final final phase phase of,neutral
alaye give give me me iphone7 iphone7 or or dollar dollar for for my my birthdaydo birthdaydo normal normal abeg,positive
can you you pm pm me me ? ? :d,positive
don't mention mention it! it! :d,positive
not clear clear right right now. now. speaker speaker to to decide....,neutral
thank you! you! happy,positive
playing with with the the photo photo editor editor happy,positive
pretty much much only only the the twitter twitter and and it it doesn't doesn't really really work work out out for for me me sad,negative
how ha ha strengthened strengthened a a sense sense of of belonging belonging among among calcutta's,neutral
i'm still still in in my my bedroom bedroom and and scared scared of of going going out out happy,positive
love your your tweetability! tweetability! we'd we'd like like to to reach reach out out to to with with an an opportunity! opportunity! could could you you hit hit u u with with your your email email happy,positive
i only only just just absorbed absorbed that that i'm i'm not not going going to to get get to to laugh laugh when when he he get get 2000 2000 votes. votes. unhappy,negative
only take take season season 9 9 off,negative
,negative
begin in in 51 51 assembly assembly constituency constituency spread spread across across 11 11 districts. districts. all all eye eye on,neutral
sita's birthplace,neutral
thanks for for the the recent recent follow,positive
hi ! ! i i want want to to speak speak to to you you about about a a business business partnership. partnership. happy,positive
this is is so so me me though,negative
thanks happy,positive
minute yoongi~watch yoongi~watch 'til 'til the the end end for for a a free free cookie cookie happy,positive
going to to go go meet meet andrew andrew for for lunch lunch now now but but i'll i'll be be back back at at to to or or to to :30,positive
sonia sarkar sarkar on on how how nationalist nationalist study study are are sprouting sprouting across across campuses.,neutral
some of of it it men men have have friend friend across across border,neutral
and this this tweet tweet made made me me cry!! cry!! cry,negative
it been been a a good good day day hey. hey. happy,positive
with 22 22 in in support,neutral
in 7 7 days: days: kashmiri kashmiri indignation,neutral
theme village village on on or or a a sanctuary?,neutral
both look look so so so so good good at at there there current current clubs. clubs. shame shame they they never never cut cut it it in in the the pl pl unhappy,negative
editorial: why why mayor mayor cannot cannot be be trusted trusted with with the,neutral
how do do we we book book the the car car service service for for the the sward sward tommorow tommorow :d,positive
govt proposes proposes limit limit of of r r to to lakh lakh on on down down from from r r 3 3 lakh lakh a a proposed proposed in,neutral
20% off off all all knight knight day day jewellery jewellery end end this this sunday-why sunday-why not not pick pick up up something something nice nice for,positive
super unhappy,negative
recipe skills.,neutral
wowwow these these are are all all so so cute cute unhappy unhappy i i wantt,negative
rival govts govts unite unite to to act act against against sex-determination sex-determination tests.,neutral
i need need a a car car unhappy unhappy but but no no car car unhappy unhappy poor poor me me unhappy,negative
this never never happened happened with with our our happy,positive
increase ordered ordered in in for for workers.,neutral
all arrangement arrangement made made to to ensure ensure free free fair fair election: election: cec cec (f,neutral
good morning morning i i had had a a nightmare nightmare and and i'm i'm still still wondering wondering why why maddie maddie hate hate me. me. this this is is only only the the beginning beginning of of the the day day unhappy,negative
controlling and and more. more. also also in in epaper.,neutral
sixth spot spot not not applicable applicable team! team! higher higher pa! pa! :)kisses :)kisses thefashionicon,positive
a wage wage hike,neutral
how modi modi won won up,neutral
admission of of defeat defeat in in kashmir,neutral
india's to to go go in in 6 6 months.,neutral
this is is what what life life is is about. about. enjoy enjoy happy,positive
fm to to table table today today in,neutral
no supporting supporting any any activity activity that that is is violent...against violent...against the the law: law: ram ram madhav.,neutral
did just just bring bring into into the the sharing sharing issue?,neutral
what supreme supreme court court said said about about welfare welfare scheme scheme and and proof.,neutral
yes you you had had smile,positive
haryana's have have called called off off march march to to and and siege siege of of parliament.,neutral
thanks for for the the great great review! review! smile,positive
so precious precious i i really really miss miss him him unhappy,negative
you had had load load of of toys. toys. all all i i had had wa wa a a sweep sweep hand hand puppet puppet and and the the bastard bastard lost lost it it squeak! squeak! unhappy,negative
congratulation very very impressive impressive happy,positive
7% voter voter turnout turnout in in kashmir's kashmir's re-poll,neutral
a village village cry cry for for a a bridge,neutral
instant message message still still hoping hoping unhappy,negative
,positive
modi's bug,neutral
telecom operator operator will will acquire acquire the the business business of of telenor telenor india india in in all all seven seven circle circle where where it it hold hold spectrum.,neutral
i know know i'm i'm not not ready ready to to say say goodbye goodbye unhappy unhappy so,negative
lotus garden garden dream,neutral
u4v9rr i i wish wish i i had had noted noted the the gentleman's gentleman's name name unhappy unhappy but but if if you you find find out out who who he he is,negative
amulya patnaik patnaik ha ha been been appointed appointed new new delhi delhi police police commissioner. commissioner. patnaik patnaik is is a a 1985 1985 agmut agmut cadre cadre ip ip officer.,neutral
no sign sign of of garry garry barlow barlow yet yet sad,negative
the girl girl in in front front of of me me wa,negative
right i i seriously seriously need need a a decent decent butterfly butterfly tattoo tattoo design,positive
including police police in in attack attack near near uk uk parliament; parliament; cannot cannot confirm confirm number.,neutral
big story: story: african african envoy envoy slam slam indian indian govt govt for for not not condemning condemning gr gr noida noida attack attack enough; enough; say say no no visible,neutral
please let let me me meet meet taehyung taehyung hiks hiks cry cry with with joy joy really really hope hope i i could could win.this win.this is is my my first first cover,positive
i'm not not lost,positive
69% polling polling till till 1pm 1pm in,neutral
have you you smiled smiled today? today? never never forget forget to to smile smile happy,positive
you kill kill me me cry cry with with joy,positive
swapan dasgupta dasgupta on on why why must must assess assess on on the the basis basis of of national national self-interest.,neutral
why do do people people abuse abuse animal animal unhappy unhappy they're they're so so loyal,negative
and gst gst is is the the brain brain child child of of our our modiji modiji happy happy perfect!,positive
ngomel cry,negative
thanks for for the the retweets retweets this this week. week. much much appreciated appreciated happy happy want want this,positive
dealer said said load load of of car car were were returning returning due due to to disabled disabled losing losing them them sad,negative
walks; leader leader bow bow before before the the 'nayak'. 'nayak'. my my story,neutral
in up up ministry,neutral
,positive
trump national national security security adviser adviser flynn flynn resigns resigns in in controversy controversy over over russian russian contact,neutral
state rename rename road road to to duck duck ban ban on on but but top top court court won't won't step step in in till till after after summer summer break.,neutral
how to to law law officer officer did did their their job,neutral
i miss miss louis' louis' tweet tweet unhappy,negative
on moral moral ground ground this this verdict verdict is is in in favor favor of of pti pti happy happy becoz becoz to to out out of of 5 5 judge judge clearly clearly mention mention that that our our pm pm is...,positive
i love love him him cry cry with with joy,positive
sunanda datta-ray datta-ray on on the the journey journey from from light light to,neutral
demit the the gocoh gocoh game game is is real real cry cry with with joy,positive
bengal law law that that single single out out may may keep keep out out investor investor -- -- and and critical critical cases.,neutral
security on on border border put put at at risk risk by by trade.,neutral
ram guha guha on on how how money money and and criminal criminal got got into into in in india.,neutral
,neutral
by-polls: retains retains kanthi kanthi dakshin,neutral
thank you you crew crew happy,positive
breaking: supreme supreme court court convict convict in in disproportionate disproportionate asset asset case,neutral
but i'm i'm a a bit bit rusty rusty now! now! unhappy,negative
damn ify ify ate ate unhappy,negative
facing arrest arrest warrant,neutral
nmd r2's r2's so so ugly ugly unhappy,negative
at least least in in my my case case it it ha ha not not yet yet completely completely broken broken tho,negative
i don%27t don%27t know know doesnt doesnt seem seem fair fair to to me..two me..two against against one one happy,positive
baby unhappy unhappy (bett,negative
we don%27t don%27t talk talk anymore anymore like like we we used used to to do do unhappy,negative
for my my 2000th 2000th tweet tweet i'd i'd like like to to say say i i love love donghyuck donghyuck :d,positive
this wa wa awesome-- awesome-- ha ha two two fill-in fill-in this this week week happy,positive
stats for for the the week week have have arrived. arrived. 1 1 new new follower follower and and no no unfollowers unfollowers happy happy via,positive
mmmmm i i guess guess your your not not getting getting much much acting acting work work these these days? days? you you have have too too much much time time on on your your hand hand unhappy,negative
my mom mom know know the the struggle struggle of of this this drystreak drystreak i'm i'm on on unhappy,negative
amit roy roy on on how how maneck maneck dalal dalal launched launched international.,neutral
will there there be be a a new new amazingphil amazingphil video video today? today? happy,positive
base unver unver ajalah ajalah minahaes minahaes unhappy,negative
can't defend defend it it digital digital asset asset from,neutral
mp incident,neutral
,neutral
live: ruckus ruckus in in assembly assembly over over 'secret 'secret ballot' ballot' demand,neutral
a visit visit to to retracing retracing trip.,neutral
so precious precious i i really really miss miss him him unhappy,negative
thanks for for the the recent recent follow. follow. much much appreciated appreciated happy happy want want this this ?,positive
to decide decide on on new new legislative legislative party party leader leader future future course course of of action. action. will will also,neutral
13 reason reason why why producers: producers: we we care care about about youth youth mental mental health health :)13rw :)13rw producers: producers: *show *show young young audience audience graphic graphic rape rape and and suicide suicide s,positive
noted on on this this sir,positive
bajaj call call bad bad idea,neutral
sir ash ash ketchum ketchum and and princess princess may. may. happy,positive
prabhat patnaik patnaik on on why why ha ha been been a a monumental,neutral
why should should only only private private doctor doctor face face punishment?,neutral
how is is going going against against the the wave wave of of transparency transparency in,neutral
this is is damn.... damn.... there there people people who who sincerely sincerely want want to to attend attend bh bh birthday birthday party party but but bcs bcs of of those those people people who who try try for for fun fun make make them them ca,negative
my honey honey unhappy,negative
ha unhappy,negative
mager unhappy,negative
to know know about about the the safety safety feature feature of of watch watch special special interview interview with with dr. dr. ajay ajay bhushan bhushan pandey,neutral
you can can have have mine mine and and i'll i'll take take the the iphone. iphone. i'm i'm switching switching back back when when my my contract contract is is up... up... in in a a year year and and a a half half unhappy,negative
isn't it it terrible terrible that that we we live live in in a a world world where where we we have have to to address address anticipated anticipated criticism criticism of of our our thought thought first? first? happy,positive
a day day ahead ahead of of confidence confidence vote.,neutral
follow u u to to dm/ dm/ mail mail to to ttwebonlinefeed ttwebonlinefeed release release to to any any of of 3 3 aggregator aggregator on on our our site site under under press press release,neutral
last retweet retweet about about happy,positive
3 d d -- -- (doctor),neutral
make them them feel feel that that you you are are there there to to listen listen to to their their problem,positive
thanks happy,positive
hellooo happy happy kt kt bear bear (ffabear),positive
this is is jimin jimin to to yoongi yoongi unhappy,negative
but i i liked liked seeing seeing her her post post and and love love her her wri,negative
why are are you you whimper whimper at at me?,negative
i love love you you i i guess guess happy,positive
order what what ever ever you you want want to to eat eat through through our our website.may website.may you you all all have have a a great great day day happy,positive
ikr. i i would would have have trauma trauma if if i i ware ware him him unhappy,negative
friendly reminder reminder that that you you can can enjoy enjoy a a movie movie or or television television show show without without having having to to trash trash another another happy,positive
tension over over visit,neutral
amazing work work :d,positive
what to to do do when when you you are are feeling feeling bad bad - - buy buy a a new new book book and and get get engrossed engrossed into into a a new new world world happy,positive
convoy attacked attacked on on parimpora-panthachowk parimpora-panthachowk bypass bypass in in police,neutral
say source,neutral
pak pm pm survives survives removal removal scare,neutral
i'm all all fucked fucked up up right right now now unhappy,negative
i would would love love to to win win these these gorgeous gorgeous nail nail polish polish :d! :d! aren't aren't they they cute,positive
top retweeters retweeters this this week,positive
thanks for for having having me!! me!! :d,positive
congratyoulations harry!!!!! harry!!!!! been been with with you you since since fifa fifa 13!!!! 13!!!! miss miss yoyour yoyour younboxing younboxing video video unhappy,negative
sunanda k k datta-ray datta-ray on on why why political political ethos ethos must must be be faulted faulted for for the the racist racist attack attack on on students.,neutral
fuck. tried tried changing changing my my setting setting but but still still in in india. india. unhappy,negative
try hacking hacking india's india's election election commission commission challenge challenge all.,neutral
last day day of of the the camp camp tomorrow,negative
i have have tested tested all all sweet sweet dish dish but but they they are are not not a a sweet sweet a a my my lover lover lip lip :)marvoree :)marvoree magpasikatonshowtime,positive
aw younhappy younhappy i i miss miss you you too,negative
i left left my my headphone headphone at at home home unhappy unhappy km,negative
never give give up up on on the the thing thing that that make make you you smile smile happy,positive
thanks for for the the recent recent follow. follow. much much appreciated appreciated happy happy want want this,positive
who drafted drafted challenge challenge to to high high court court order order in in case,neutral
house adjourned adjourned till till 3pm.,neutral
what sushma sushma forgot forgot in in racism racism sermon: sermon: modi,neutral
nashri tunnel: tunnel: pm pm to to inaugurate inaugurate india's india's longest longest road road tunnel tunnel video:,neutral
it really really is is uplifting uplifting and and inspiring,positive
7 in in car car crushed crushed under under tanker tanker carrying carrying molten molten tar.,neutral
watch top top 10 10 news news of of the the day day video:,neutral
crocs in in and and more.,neutral
top officer officer speaks speaks up up against against how how innocent innocent are are victim victim suffer.,neutral
a mutiny: mutiny: it's it's versus versus sasikala.,neutral
a test test of of politics.,neutral
- thanks thanks for for being being top top engaged engaged community community member member this this week week happy happy grow grow your your follower follower with,positive
physic will will have have 80 80 formula formula to to memorize memorize ha.ha.ha ha.ha.ha happy,positive
african hunt hunt in in noida,neutral
should i i stay stay ? ? should should i i go go ? ? nobody nobody know know happy,positive
thanks for for the the recent recent follow follow happy happy to to connect connect happy happy have have a a great great thursday. thursday. want want this,positive
earlier happy,positive
is grilled,neutral
sloth are are great? great? so so it's it's a a good good un-unthinkable un-unthinkable picture? picture? have have i i dug dug mysel,positive
and more. more. also also in in epaper.,neutral
a question question for for america,neutral
hello everyone,positive
every time time meredith meredith ha ha flashback flashback of of derek derek shepherd shepherd i i can't can't hold hold back back the the tear tear unhappy,negative
venue and and audiences.,neutral
ok. just just please please read read the the reply reply on on this....,positive
share the the love:thanks love:thanks for for being being top top new new follower follower this this week week happy happy want want this,positive
i have have to to wake wake up up at at 4:30 4:30 tomorrow tomorrow so so my my body's body's gotten gotten a a head head start start by by waking waking up up at at 4:30 4:30 every every day day this this week week unhappy,negative
fat as as girl girl fat fat fetish760 fetish760 hot hot video video online,positive
this look look awesome! awesome! id id love love to to see see a a vn vn like like this this :d,positive
model for for modi,neutral
there we we go go again again smile,positive
thank you you happy,positive
ministers: transport transport minister minister nitin nitin gadkari gadkari after after cabinet cabinet meet.,neutral
exaseetly what's what's happening happening in in tn tn politisees. politisees. this this is is not not to to get get bjp bjp at at all all to to tn. tn. game game is is different. different. again,positive
go kisses!!... kisses!!... i i know know you you can can do do it..,positive
u.s. loosens loosens curb curb on on re-entry re-entry by by green green card card holder,neutral
i should should do do aegyo aegyo because because i i lost lost unhappy,negative
good cry cry with with joy joy i i love love you you so so much,positive
,neutral
true unhappy,negative
share the the love love you're you're top top engaged engaged community community member member this this week! week! much much appreciated appreciated happy,positive
i think think i'm i'm going going to to check check out out even even though though i i hear hear it's it's not not a a good good a a ue4 ue4 i i believe believe it it might might be be cool cool to to tr,positive
i really really feel feel for for that that lamp lamp unhappy,negative
how won won the the trust trust vote vote 122-11.,neutral
,neutral
south korea's korea's constitutional constitutional court court upholds upholds president president park's park's impeachment,neutral
supreme court court want want to to know know if if exchange exchange of of note note ha ha been been stopped stopped before before march march 31 31 deadline.,neutral
my new new video video for for happy happy i i hope hope you you like like ithappy,positive
a learns learns to to follow follow rule,neutral
hellooo happy happy pixelsavage pixelsavage (pixel_savage_yo),positive
i'm grateful grateful to to my my mom mom for for giving giving birth birth to to me me and and not not abort abort me me cry cry with with joy,positive
thanks for for the the recent recent follow. follow. much much appreciated appreciated happy happy (want (want this this for for it's it's magical!,positive
cm demand demand conducting conducting mcd mcd poll poll via via ballot ballot paper paper in in place place of of evms,neutral
thanks for for the the recent recent follow. follow. much much appreciated appreciated happy happy want want this?,positive
thanks for for the the recent recent follow follow happy happy to to connect connect happy happy have have a a great great thursday. thursday. want want this,positive
blessing your your first first day day of of april april happy,positive
jyoustinbieber can can you you please please follow follow me me on on daianeryoufato daianeryoufato i've i've been been trying trying for for too too long long unhappy unhappy i i love love you you so so much much baby! baby! xx xx (april (april 20,negative
dr kunal kunal sarkar sarkar on on how how cartel cartel have have been been ripping ripping off off patient patient in,neutral
bby unhappy unhappy your your emotion,negative
deep scratch scratch ;_;all ;_;all the the paint paint is is gone gone you you see see the the bare bare metal. metal. so so it it need need to to be be fixed fixed to to avoid avoid getting getting a a rusting rusting car car soon soon unhappy,negative
so? sad,negative
wife were were split split over over coo,neutral
someone should should bring bring me me breakfast breakfast to to work work unhappy,negative
thanks for for your your articles. articles. b,positive
you know know that that the the problem problem still still exist exist :d,positive
stirring of of cold cold war,neutral
we will will be be never never ready ready actually actually happy happy idhuellam idhuellam dialogue dialogue ku ku dhan dhan othu othu varum..,positive
it must must be be a a varsity,neutral
fund for for poor poor student student dry dry up.,neutral
definitely my my arm arm unhappy,negative
well that's that's not not good good unhappy,negative
thanks for for the the recent recent follow follow happy happy to to connect connect happy happy have have a a great great thursday.,positive
in racketeer racketeer backed backed by by politician politician prevent prevent legal legal by by govt govt licensees.,neutral
after 23 23 year,neutral
how theatre theatre festival festival got got muffled.,neutral
india's opaque opaque law,neutral
it's not not cassandra cassandra cain. cain. unhappy unhappy not not sure sure i i want want to to watch watch batbuffy. batbuffy. batwoman batwoman would would have have been been more more interesting.,negative
prettier 1.0 1.0 is is not not the the end. end. i i just just released released 1.2.0 1.2.0 that that fix fix another another batch batch of of edge edge case case happy,positive
but not not your your career. career. unhappy,negative
activist is is killed,neutral
mystery over over effect effect in in data.,neutral
i miss miss minmin minmin cry,negative
byron in in 3 3 week,positive
true! u u can can waste waste a a day day in in social social medium medium and and reading reading websites. websites. on on the the other other hand,positive
i'd say say :d,positive
i keep keep waking waking up up in in the the middle middle of of the the night night sick sick a a shit. shit. unhappy,negative
want cisf cisf presence,neutral
nine injured: injured: cpro cpro north north central central railway.,neutral
tw: s s assaultactually assaultactually horrified horrified how how many many friend friend of of mine mine woman woman i i talk talk to to have have been been sexually sexually assaulted assaulted in in past. past. just just found found out out another another unhappy,negative
dm u u happy happy s,positive
go back back to to school school for for music! music! i i think think i i will will in in time time happy,positive
cloud over over and and more. more. also also in in epaper.,neutral
thanks for for the the recent recent follow follow happy happy to to connect connect happy happy have have a a great great wednesday.,positive
supreme court court refuse refuse to to stay stay cbi cbi probe probe into into sting sting in in which which several several leader leader were were allegedly allegedly caught caught on on camera camera taking taking money.,neutral
limit on on cash cash withdrawal withdrawal from from bank bank account account and and atm atm - - restoration restoration of of status status quo quo ante,neutral
leander and and mahesh mahesh get get away,neutral
i want want to to make make waffle waffle unhappy,negative
china caution caution over over visit visit to to arunachal arunachal pradesh.,neutral
speech-to-text doesnt doesnt understand understand my my accent accent or or irish irish name name unhappy,negative
i'm so so sorry sorry to to see see your your tweet tweet unhappy unhappy please please could could you you dm dm your your address address details? details? i i will will look look i,negative
ravel morrison morrison unhappy,negative
what industrialist industrialist did did when when asked asked them them a a question question on,neutral
premier calcutta calcutta ransacked ransacked over over death,neutral
shri arun arun jaitley jaitley shall shall be be assigned assigned the the charge charge of of the the ministry ministry of of defence,neutral
the tutorial tutorial of of michel michel grundstein grundstein distinguishing distinguishing information information from from knowledge.. knowledge.. will will start start at at 15pm. 15pm. be be here here happy,positive
tete-a-tete with with a a former former president,neutral
how to to stop stop (and (and loot) loot) a a express express with with just just a a coin.,neutral
i can't can't access access my my school school email email from from any any web web browser browser unhappy unhappy yet yet i i have have so so much much homework homework for for all all my my subject subject on on there,negative
the untold untold love love story story of of and and ayesha ayesha mukherjee.,neutral
foreign journalist journalist in in north north korea korea gather gather for for 'big 'big event' event' amid amid tension,neutral
client work work for for rt rt and and favorite favorite happy,positive
to explain.,neutral
when it it come come to to prey,neutral
what did did he he say say i'm i'm at at work work unhappy unhappy totally totally made made my my day day though,negative
india's old old tie tie with with should should continue continue to to be be nurtured,neutral
i feel feel like like the the 'only 'only environment environment disable disable people' people' argument argument actually actually excludes excludes many many disabled disabled people,negative
on snapchat snapchat happy,positive
sanjiv goenka goenka tell,neutral
oh jeez. jeez. i i didn't didn't even even try try taking taking a a crack crack at at it it because because i i expected expected the the build build to to be be so so bad,negative
i hate hate losing losing online online friend friend unhappy unhappy it's it's cruel cruel when when people people deactivate deactivate unhappy,negative
france's group group buy buy brand brand from from birlas.,neutral
,neutral
i love love my my six six pack pack so so much,positive
and more. more. also also in in epaper.,neutral
seem i i want want to to drop drop this this account account to to wuhyungwon wuhyungwon unhappy,negative
thanks for for sharing sharing my my iris iris photo. photo. i i really really appreciate appreciate it it smile,positive
know the the name name of of who who can can possibly possibly be be next next up up cm cm video:,neutral
after a a a a question: question: were were banking banking correspondent correspondent coerced coerced into into switching switching old old notes?,neutral
kp nayar nayar on on how how tension tension have have crept crept into into tie tie over,neutral
and shopping shopping directory,neutral
aha it's it's okay okay she's she's going going to to be be on on rough rough night night happy,positive
damn that's that's unfortunate unfortunate for for them them unhappy,negative
firing underway,neutral
get this this to to 150!!,positive
coming soon soon to to a a screen screen near near you.,positive
on our our way way home home happy happy happy happy si si noah noah sa sa skyranch,positive
major waffle waffle craving craving right right now now sad,negative
thanks for for the the recent recent follow follow happy happy to to connect connect happy happy have have a a great great thursday.,positive
teaser coming coming out out today today at at 4pm!story,positive
fuck unhappy,negative
c'mon tweeps,positive
i welcome welcome you you to to germany germany then. then. i i have have no no authority authority to to welcome welcome you you in in the the other other country country though! though! happy,positive
india urge urge to to talk talk to,neutral
trump repeal repeal obama-era obama-era broadband broadband rules.,neutral
lok sabha sabha adjourned adjourned for for 3rd 3rd time time till till 1.50pm 1.50pm a a opposition opposition uproar uproar over over leader leader tarun tarun vijay's vijay's remark remark continues.,neutral
52 injured injured a a jabalpur-delhi jabalpur-delhi train train derails derails near near half half train train carry carry on on after after delay.,neutral
this baby baby at at calcutta calcutta ha ha died.,neutral
ed find find leader leader chhagan chhagan bhujbal's bhujbal's connection connection with with shell shell company company after after conducting conducting raid raid in in and,neutral
this is is jimin jimin to to yoongi yoongi unhappy,negative
share the the love: love: thanks thanks for for being being top top new new follower follower this this week week happy happy get get it,positive
instant message message still still bored bored unhappy,negative
why you you should should shun shun water water at at beaches.,neutral
a menu menu for for judge,neutral
a7atein because because one one 'a7a' 'a7a' just just isn't isn't enough enough ({}) ({}) :d,positive
and he he said said it it silence silence in in morgan morgan freeman's freeman's voice voice happy,positive
mm too too had had cried cried racism racism while while oz oz wa wa probing probing indian indian attack,neutral
thanks brother,positive
talking to to my my over over driver driver about about where where i'm i'm goinghe goinghe said said he'd he'd love love to to go go to to new new york york too too but but since since trump trump it's it's probably probably not,negative
after 15 15 year,neutral
this make make a a great great point,positive
me to to self: self: don't don't buy buy that.also that.also me: me: but but i'm i'm a a furry furry unhappy,negative
a perspective perspective on on strife.,neutral
fake exit exit poll poll result result are are being being circulated circulated using using abp abp news' news' brand brand name. name. we we want want to to clarify clarify that that we we haven't haven't aired aired any any exit exit piss piss off,neutral
10 year,neutral
thank you you for for 2k 2k like like on on my my banner banner project project happy,positive
here's one one of of my my roll roll of of 'poundland' 'poundland' film! film! (a (a store store that that sell sell all all product product at at 140.) 140.) and and here's here's the the dx dx d,positive
i know. know. happy,positive
$es_f $spy $spy bull bull are are just just relentless relentless happy happy some some setup setup i i like like today,positive
i miss miss the the 7/27 7/27 costume costume unhappy,negative
naming game,neutral
had chopsuey chopsuey before before that that unhappy unhappy laughing laughing my my as as off off humble humble feed feed are are always always the the bomb!,negative
red velvet velvet too too unhappy,negative
how lost lost it it deposit deposit in in rajouri rajouri garden garden stronghold.,neutral
i won't won't be be on on till till later! later! unhappy,negative
take it it home home to...well,neutral
it texting texting without without looking looking :)kisses :)kisses thefashionicon,positive
beetle from from grip grip litchi litchi crop crop in,neutral
fl design design done done by by me me inspired inspired from from fl fl hopyou hopyou you you all all love love it,positive
nick? might might he he deliver deliver when when the the time time demand demand it. it. story story of of his his life life -,negative
follow to to a a saga saga diary diary and and a a year's year's worth worth of of saga saga pen pen :)tcs,positive
sone who who cant cant stream stream at at genie!you genie!you can can stream stream for for ty ty at at genie! genie! we we are are still still sharing sharing some some genie genie ids. ids. if if you you want want it,positive
have a a great great day day everyone everyone happy,positive
nothing is is ever ever a a it it seems. seems. what what look look bad bad today,positive
no from from now now on on car car of of pm,neutral
rt quote quote with with your your name name for for a a calligraphy calligraphy of of it it happy happy i'll i'll try try my my best best to to make make it it pretty!! pretty!! non non mutuals/mutuals mutuals/mutuals (ifb) (ifb) fl,positive
we finally finally got got jinyoung jinyoung to to wipe wipe it it for for jaebum jaebum himself himself but but their their precious precious son son block block it it for for the the world world to to witness witness it,positive
so sad sad unhappy,negative
arrived on on the the back back of of a a little little tipper tipper lorry lorry smile,positive
say manini manini chatterjee.,neutral
helloo :d :d kesh kesh (mzkeshnj),positive
but i i think think you'll you'll do do better better than than me me happy,positive
,negative
long time time no no chat chat sad,negative
your system system doe doe not not recognize recognize space space in in last last name name so so for for 2nd 2nd time time unable unable to to check check in in forced forced to to wait wait in in unnecessary unnecessary line line unhappy,negative
where are are you you now? now? happy,positive
manohar sworn sworn in in a a chief chief minister minister of,neutral
a petitioner petitioner wants.,neutral
22 is is old old unhappy,negative
sangh put put up up show show of of strength strength in,neutral
my contribution contribution to to ( ( posted posted on on my my tumblr tumblr a a while while ago ago cry cry with with joy joy ),positive
having no no mobile mobile signal signal suck suck unhappy unhappy what's what's the the full full postcode postcode for for where where this this is is happening? happening? we're we're keen keen to to help help si,negative
mayawati play play divide-and-woo divide-and-woo on on home home turf. turf. upelections,neutral
i don't don't like like their their song song after after debyout debyout younhappy younhappy so so i i can can syouggest syouggest yoyou yoyou jyoust jyoust one one song song i i really really love,negative
why are are your your campervan campervan ticket ticket so so expensive? expensive? unhappy,negative
answer this this with with yoyour yoyour steam steam trade trade link link and and ill ill send send you you right right away away :d,positive
hehe take take care care andy andy friend friend happy,positive
first happy,positive
few taker taker in in for for mamata's mamata's torsa torsa plan.,neutral
philippines? unhappy,negative
i tak tak ambik ambik wedding wedding package package cause cause i i is is poor poor unhappy unhappy i i ambik ambik aromaterapi aromaterapi massage massage je je hajxjsjsj. hajxjsjsj. hehe hehe see see uuuu uuuu jwa,negative
have you you tried tried these these new new hacks?! hacks?! **trying **trying dumb dumb life life hack hack 17**,positive
and modi's modi's comment.,neutral
bengal private private school school in in a a fix,neutral
keep tweeting tweeting team. team. higher! higher! thank thank you you for for the the efforts. efforts. :)kisses :)kisses thefashionicon,positive
there is is no no project project from from india india to to test test on on the,neutral
a bjp bjp head head for for landslide landslide win win in in samajwadis samajwadis concede concede defeat defeat but but mayawati mayawati want want fresh fresh poll poll using using paper paper votes.,neutral
dig at at amartya,neutral
no merit merit in in claim claim that that can can be be tampered tampered with; with; such such allegation allegation are are wild wild and and baseless:,neutral
comforting london london fog.,positive
and more. more. also also in in the the epaper.,neutral
there're time time we we shcj shcj do/did do/did something something that that dissapointed dissapointed ot6,positive
but i i can't can't make make it it unhappy unhappy thanks thanks for for the the head head up up though. though. please please take take photos!,negative
muz u u more,negative
we finally finally got got jinyoung jinyoung to to wipe wipe it it for for jaebum jaebum himself himself but but their their precious precious son son block block it it for for the the world world to to witness witness it,positive
pls rt[nct rt[nct fic] fic] love love song,positive
can just just see see the the edge edge creeping creeping in in unhappy,negative
abp news news exclusive: exclusive: arm,neutral
22 agreement agreement signed,neutral
spose you you don't don't have have to to pay pay for for accomodation accomodation which which is is nice nice haha? haha? or or are are you you going going to to stay stay somewhere somewhere anyway? anyway? happy,positive
wake-up call call for for trump,neutral
good morning,positive
ed issue issue notice notice to to for for violation violation of of provision provision to to the the tune tune of of r r 73 73 crore crore in in ipl.,neutral
flutter at at trial trial raise raise fresh fresh scare scare about about accuracy.,neutral
i'm so so tired tired of of pretending pretending i'm i'm not not falling falling for for you you unhappy,negative
same unhappy,negative
hi tharakaram! tharakaram! that's that's not not the the experience experience we we want want you you to to have have unhappy unhappy please please dm dm u u your your number number so so that that we we can can get get this.. this.. cont1,negative
headmaster find find truant truant kid kid harvesting harvesting crop.,neutral
heeeeey notice notice me me unhappy,negative
bedroom journalism journalism on on trial,neutral
.is the the winner winner of of the the donation donation giveaway,positive
cloud over over state state bos bos keshav keshav maurya's maurya's chance chance of of becoming becoming chief chief minister.,neutral
oh shiiiiid shiiiiid noooooor noooooor unhappy,negative
just over over 91% 91% in in favour favour of of the the unelectable unelectable jeremy jeremy corbyn corbyn happy,positive
z-plus cover cover for for uttar uttar pradesh pradesh chief chief minister,neutral
but no no arrest arrest yet.,neutral
bjp rush rush to to shake shake off off upper-caste upper-caste tag.,neutral
getting up up this this morning morning wa wa a a hassle hassle unhappy,negative
please! watch watch the the afl afl anzac anzac game game on on tuesday! tuesday! it's it's a a very very big big tradition tradition here here and and you'll you'll love love the the sport! sport! happy,positive
from old old a a street street directory,neutral
she is! is! haha haha but but i i wanted wanted to to look look like like v v unhappy,negative
irfan habib habib on on seeing seeing the the past past with with both both eye eye on on the the present,neutral
i've been been given given a a custom custom console console bundle bundle to to giveaway! giveaway! happy happy this this tweet tweet be be following following me me to to enter! enter! end,positive
how cloaked cloaked debate debate in in draupadi's draupadi's robes.,neutral
i cringed cringed so so hard hard :(that :(that fall fall wa wa such such a a shame- shame- she she had had been been looking looking really really good good until until that that point...,negative
menu at at dinner: dinner: praise praise for for and and more more praise.,neutral
jk to to resume resume work work on on on on system system river.,neutral
i dedicate dedicate this this song song to,positive
idfc official official vikram vikram limaye,neutral
murali's initiative initiative go go to to jaffna,neutral
have a a great great day day today today happy,positive
in 7days: 7days: on on rallying rallying cry cry of of student,neutral
someone build build house house on on (4) (4) i i cant cant do do it it unhappy unhappy cant cant believe believe this this hasn't hasn't already already been been done????,negative
widening trade trade deficit deficit to to $9.84bn.,neutral
there should should be be no no room room for for in in india india for for indian,neutral
in 7days: 7days: modi's modi's rule rule by by twitter,neutral
it will will be be at at random random on on twitch twitch happy,positive
the middleman middleman (or (or conman) conman) nephew nephew tapped tapped to to bribe bribe election election commission commission officials.,neutral
sone who who cant cant stream stream at at genie!you genie!you can can stream stream for for ty ty at at genie! genie! we we are are still still sharing sharing some some genie genie ids. ids. if if you you want want it,positive
it wa wa not not your your fault,negative
000 join join the the 4500 4500 already already on on in in after after assaults.,neutral
why victory victory may may be be bad bad news news for,neutral
jamie. passion passion + + perseverance perseverance equal equal two two of of the the not-so-secret not-so-secret ingredient ingredient in in the the secret secret sauce sauce of of success success happy,positive
same. unhappy unhappy i i got got a a 12h 12h stream stream coming coming up up for for my my bday bday in in 8 8 hours. hours. and and i'm i'm still still not not sleeping.,negative
to pork pork pie pie happy,positive
if look look could could kill......... kill......... smile,positive
issa throwback. throwback. happy,positive
hungry unhappy unhappy but but no no time time to to buy buy food,negative
that make make me me sad. sad. unhappy unhappy i i wasn't wasn't friend friend with with her her like like you,negative
thanks for for the the recent recent follow follow happy happy to to connect connect happy happy have have a a great great thursday.,positive
honestly college college make make me me want want to to curl curl up up into into a a ball ball and and cry cry for for 3 3 day day straight straight unhappy,negative
,positive
molly 1. 1. i i wish wish i i could could have have her her hair hair unhappy unhappy 2. 2. cutest cutest michael michael girl girl milly milly on on the the phone phone 3. 3. haiiiiiir haiiiiiir and and your your lip lip 4. 4. friend5. friend5. yes6. yes6. -,negative
new job job start start in in to to weeks! weeks! :d,positive
govt drop drop plan plan to to slip slip in in pseudo,neutral
unhappy i i saw saw somebody somebody said said his his hair hair fell fell out out and and bighit bighit trying trying to to figure figure it it out,negative
hardest interview interview of of my my life,neutral
harvest 1st 1st crop crop of,neutral
i wa wa telling telling you you to to read read a a book book today. today. knowledge knowledge is is power. power. knowledge knowledge is is growth. growth. kee,positive
famfrit with with and and people people happy,positive
music legend legend will will receive receive his his diploma diploma and and medal medal in in stockholm stockholm in in the the next next few few day,neutral
how ha ha become become epicentre epicentre of of industry industry in in bihar.,neutral
,positive
make me me so so sad sad unhappy unhappy they they looked looked so so unhappy unhappy when when i i went went to to seaworld,negative
update: british british police police arrest arrest seven seven in in probe probe into into attack attack on,neutral
my real real time time happy,positive
ye... i i will will miss miss you you unhappy,negative
and why why a a nation nation at at 70 70 must must begin begin a a new new life.,neutral
arrest woman woman director director of of a a hong hong kong-based kong-based firm firm in in a a r r 1478 1478 crore crore case case registered registered post,neutral
great song song happy happy who who are are your your favourtie favourtie member? member? x,positive
no food food for for dissent dissent in in this this tradition tradition of,neutral
,neutral
i lost lost one one import import quizzz quizzz unhappy,negative
a fish fish killer killer going going to to be be pressed pressed younhappy younhappy i i the the hoe hoe of of today today you you were were a a good good person,negative
thanks for for the the recent recent follow,positive
in up,neutral
this is is damn.... damn.... there there people people who who sincerely sincerely want want to to attend attend bh bh birthday birthday party party but but bcs bcs of of those those people people who who try try for for fun fun make make them them ca,negative
pakistan under under pressure pressure from from ban,neutral
thanks for for the the follow follow happy happy if if we we can can help help your your business business in in anyway anyway please please get get in in touch,positive
how went went to to meet,neutral
how returned returned to to a a warm warm welcome welcome in,neutral
when i i got got doubt doubt about about my my summer summer happiness. happiness. why why zcc? zcc? unhappy,negative
wuut seriously?,negative
great! you're you're welcome welcome josh josh happy happy ^adam,positive
can someone someone buy buy me me a a tasbih tasbih pls? pls? i i don't don't have have one one unhappy,negative
haha thanks thanks fansnim! fansnim! happy,positive
not a a single single idea idea from from opposition opposition on on clean clean say,neutral
3 publisher publisher close close suit suit against against photocopying photocopying of,neutral
basketball etc etc theyre theyre all all restrict.threw,negative
i am am if if you're you're still still looking looking for for one one happy,positive
research seat seat at at hit hit again again a a regulator regulator tightens tightens rule rule for for guides.,neutral
indignation remains remains well-fed,neutral
younhappy i'll i'll keep keep it it jyoust jyoust for for you,negative
the new new twitter twitter reply reply view view ha ha me me confused... confused... like like do do i i capitalise capitalise my my reply reply to to people people or or not? not? unhappy,negative
30 likes?} likes?} hehe,positive
ready stage stage for for 2019.,neutral
miss my my friend friend unhappy,negative
i had had all all and and then then most most of of you,positive
never mind mind khushi,negative
oh you you american american cultist cultist :d,positive
jack and and finn finn harries harries cry cry with with joy,positive
babye old old twitter twitter unhappy,negative
share the the love love you're you're top top engaged engaged community community member member this this week! week! much much appreciated appreciated happy,positive
india would would do do well well to to abolish abolish the the say,neutral
u nsa nsa h.r. h.r. to to arrive arrive in in today; today; to to hold hold talk talk with with nsa,neutral
all my my irls irls are are coming coming at at me me because because i i meet meet the the boy boy too too much much and and i i don't don't deserve deserve any any of of it it unhappy,negative
lego_group: legothursdays legothursdays jokersquad_swg jokersquad_swg legolandwindsor legolandwindsor sound sound like like you you had had lot lot of of fun! fun! happy,positive
,negative
6 feature feature of of extended extended stay stay in,neutral
will you you do do before before and and after after pictures? pictures? i i always always enjoy enjoy your your swanky swanky hair hair happy,positive
thanks for for the the follow,positive
hi guy,positive
dear attendee,negative
little fans. fans. - - happy,positive
scotland yard yard arrest arrest in in london,neutral
fan of of see see him him a a a a future future pm.,neutral
plus i i want want to to win win that that merc merc c63 c63 silence silence sooo! sooo! happy,positive
that's kaki kaki no no tane tane and and it's it's amazing! amazing! foyound foyound a a place place here here in in germany germany where where you you can can import import it! it! :d,positive
hi! we we tried tried to to call call your your number number but but got got no no response response unhappy unhappy please please share share another another suitable suitable time time and and an an alternate alternate number number for.. for.. cont1,negative
hiring people people for for a a task task in in which which they they have have an an edge.,neutral
first attempt attempt of of bird bird photography. photography. :-)passer :-)passer domesticus. domesticus. how how surprising. surprising. wink,positive
what 'slaps' 'slaps' on on memorial memorial mean.,neutral
have a a great great thursday! thursday! looking looking forward forward to to reading reading your your tweet tweet happy happy want want this,positive
need moodbooster moodbooster juseyo juseyo unhappy,negative
killed in in death death in in not not girl girl after after all. all. and and more. more. also also in in epaper.,neutral
happy birthday birthday ! ! happy happy hope hope you you have have a a good good one,positive
promised denied denied helicopter,neutral
canberra is is a a land-locked land-locked capital. capital. unhappy,negative
live pranab pranab mukherjee mukherjee to to address address parliament parliament at at 11am,neutral
govt seems seems to to have have slipped slipped in in an an in in budget2017.,neutral
better be be oldschool oldschool cry cry with with joy joy rs3 rs3 equal equal aid aid 3,positive
why may may not not show show in,neutral
i love love you you but but i i can%27t can%27t be be arsed arsed i i don%27t don%27t know know why why people people keep keep saying saying it it unhappy,negative
.listen to to this this beautiful beautiful video video of of her her si,positive
setting up up court court at at home,neutral
india cap cap price price -- -- rs7,neutral
i miss miss you you huhu huhu so so busy busy unhappy,negative
say manini manini chatterjee.,neutral
,negative
i say say tuna tuna happy,positive
think it it would would drive drive me me mad mad once once the the synths synths and and other other robot robot turned turned up. up. unhappy,negative
that's why why i i say say at at the the end end of of my my video video if if you you liked liked it,positive
yo thank thank you you for for over over 15,positive
baby unhappy,negative
being a a parent parent is is very very challenging. challenging. if if we we cannot cannot control control ourselves ourselves we'll we'll give give the the worst worst output output to to the the child child in in other other word,negative
goodevening happy,positive
kp nayar nayar on on why,neutral
autograph book book at at the the ready,negative
a soldier's soldier's painful painful journey,neutral
don kray kray denial denial of of normal normal bi bi say,negative
the perfect perfect dress,positive
so precious precious i i really really miss miss him him unhappy,negative
best advice advice on on blogging. blogging. happy,positive
and more. more. also also in in epaper.,neutral
in new new tv tv channel's channel's bedroom bedroom journalism journalism on on trial.,neutral
hey guy guy could could you you help help me me by by retweeting retweeting this? this? i've i've heard heard wa wa legitimate legitimate and and i i really really need need a a vpn vpn account account rig,negative
you'll be be see,positive
that's shocking shocking and and evil evil unhappy,negative
bihar cm cm cite cite siltation siltation threat threat of of barrage barrage on on national national waterway.,neutral
home run run !!!! !!!! and and yes yes charlie charlie is is at at the the game game happy,positive
you are are welcome welcome happy,positive
but call call floor floor test.,neutral
happy birthday birthday have have a a good good day day happy,positive
hi aled,negative
even me me unhappy unhappy *hugs*,negative
i havent havent been been this this early early to to school school since since last last semester semester unhappy,negative
that suck suck unhappy,negative
vistara join join for for pervert pervert airline airline in in call call for for list list after after assault assault on on air air india india manager manager by by mp,neutral
good morning morning every every one,positive
naila raheem raheem is is now now following following me me on on twitter!,positive
also in in epaper.,neutral
half full,neutral
[please rt] rt] he'll he'll buy buy me me a a blinking blinking taehyung taehyung headband,negative
stats for for the the day day have have arrived. arrived. 1 1 new new follower follower and and no no unfollowers unfollowers happy happy via,positive
jin wa wa spotted spotted at at everland everland today. today. nice nice to to see see them them having having a a break break after after the the u u tour tour happy,positive
yg should should have have sent sent them them to to mcd. mcd. i i want want to to see see them them holding holding the the trophy trophy unhappy unhappy anyways,negative
to all all fla fla member member and and officer officer who who are are going going to to cebu cebu tomorrow tomorrow silence silence godbless godbless piss piss off off mga mga ante ante and and angkol! angkol! happy,positive
instant message message perfectly perfectly fine fine :d :d how how about about you you fellow fellow ken,positive
comparing 2015 2015 with with 2017.,neutral
i hate hate throwing throwing up up unhappy,negative
chidambaram on on being being in in the the opposition,neutral
cry muh muh feel,negative
no limit limit on on cash cash withdrawal withdrawal from from today,neutral
have a a great,positive
ammunition and and explosive explosive material material recovered recovered after after lucknow lucknow operation operation end end video:,neutral
unhappy :/ :/ unhappy unhappy feeling feeling sick,negative
not you you again again sad,negative
lexxxxxy unhappy unhappy youre youre too too nice nice to to me me instant instant message message really really not not eek,negative
thanks for for being being top top engaged engaged community community member member this this week week happy happy want want this this ?,positive
we can can get get pork pork katsudon katsudon at at tokyo tokyo diner! diner! tho tho it it doesn't doesn't have have egg egg in in it it unhappy,negative
rare specie specie say say hello hello after after a a century.,neutral
i miss miss quacktopia! quacktopia! unhappy,negative
5.5% on on r r 50000-100000.,neutral
didn't keep keep it it unhappy,negative
keep loving loving deepika,positive
thank you you crew crew happy,positive
nothing could could be be better better happy,positive
,neutral
my hair hair is is not not a a crisp crisp unhappy,negative
gamer follow follow train!follow train!follow meretweet meretweet thisfollow thisfollow all all who who retweetedgain retweetedgain active active follower follower happy happy 450,positive
i wa wa actually actually looking looking forward forward to to seeing seeing if if your your theory theory around around his his personal personal vote vote wa wa correct correct unhappy,negative
who's that that chair chair you're you're sitting sitting in? in? is is this this how how i i find find out. out. everyone everyone know know now. now. you've you've shamed shamed me me in in pu,negative
annoyingly the the space space in in the the variable variable width width version version of of the the c64 c64 font font that's that's available available on on the the internet internet are are wi,negative
india to to end end culture culture of of siren siren on on cars.,neutral
development of of all,neutral
thanks for for sharing sharing my my iris iris photo. photo. i i really really appreciate appreciate it it smile,positive
5640 is is less less than than 155 155 in in world,neutral
but some some veteran veteran general general see see breach.,neutral
i wasn't wasn't saying saying i i read read a a book book today,positive
because you you are are one one happy,positive
what 500m 500m is is in in and and more. more. also also in in epaper.,neutral
vow to to move move supreme supreme court.,neutral
most likely likely to to be be elected elected a a up up cm: cm: source,neutral
good luck luck to to rich rich riding riding for for great great project project in in this this sunday. sunday. can can you you donate?,positive
i hope hope this this little little beaand beaand is is andot andot overworkiandg overworkiandg himself himself and and gettiandg gettiandg at at least least some some rest rest unhappy,negative
sasikala expels expels score score of of rebel rebel including including minister minister k k pandiarajan pandiarajan and and senior senior leader leader c c ponnaiyan ponnaiyan from,neutral
to beautiful beautiful lady lady and and so so full full of of fun fun and and body body confidence. confidence. .. .. then then on on the the s,negative
a in in most most used. used. stats stats don't don't care care about about motivation motivation happy,positive
i miss miss temperance temperance brennan brennan and and seeley seeley booth booth so so much much unhappy,negative
and more. more. also also in in epaper.,neutral
my area's area's not not on on the the list list unhappy unhappy think think i'll i'll go go libdems libdems anyway,negative
ruby wa wa rehomed rehomed for for time time before before she she wa wa for for month month old old now now love love her her forever forever home. home. pls pls always always consider consider rescue rescue when,positive
i do do it it for for 5/6 5/6 time time a a week week leh leh sad sad and and yes yes closing closing is is damn damn fuck fuck opening opening so so much much better,negative
how fielded fielded nephew,neutral
thank you you roshhh roshhh i i miss miss you you and and everyone everyone too. too. love love youuu youuu more,negative
eight coach coach of of derail derail near near station station in in uttar uttar pradesh,neutral
bjp fly fly on on wing,neutral
the best best community community gathering gathering coming coming up! up! we're we're full,positive
i want want to to but but i i wouldn't wouldn't be be able able to to get get time time off off for for it it and and don't don't know know people people in in my my year year to to go go with with unhappy,negative
spell endures.,neutral
ohnoo unhappy unhappy unhappy unhappy hope hope it it recuperates recuperates sooner!!,negative
just kept kept going going unhappy,negative
mr king king is is excited excited to to work work with with student student today! today! check check out out this this cool cool classroom classroom shape! shape! lot lot of of math math in in here here happy,positive
rohith's buddy's buddy's autopsy autopsy caught caught in in distrust,neutral
made new new logotype logotype for for really really fun fun to to work work on on you you should should follow follow if if you you want want to to keep keep yourself yourself updated,positive
thanks for for the the recent recent follow follow happy happy to to connect connect happy happy have have a a great great thursday. thursday. want want this,positive
pitched battle battle in in progress progress in in du du a a abvp abvp disrupts disrupts ramjas ramjas march march to to maurice maurice nagar nagar p,neutral
modi in in up,neutral
common bugbear bugbear for for india india and and and and more. more. also also in in epaper.,neutral
no honesty honesty hug hug for for well-heeled,neutral
,positive
5 kid kid orphaned: orphaned: their their parent parent were were branded branded and and hacked hacked to to death.,neutral
,neutral
unhappy they they not,negative
grooming season season dawn dawn in in madhya madhya pradesh,neutral
this is is jimin jimin to to yoongi yoongi unhappy,negative
aiadmk expels expels after after supreme supreme court court ruling ruling knock knock out out of of cm cm race.,neutral
i don't don't think think you'd you'd understand understand how how much much a a stream stream would would mean mean happy happy even even if if it it is is very very make-do,positive
mastermind of of module module of of arrested arrested by by police police in,neutral
unhappy we're we're sorry sorry your your pizza pizza arrived arrived with with mushroom mushroom despite despite your your request. request. could could you you please please get get in in touch touch vi,negative
this picture picture make make me me sad sad unhappy,negative
heat wave wave coming,neutral
supreme court court summons summons bos,neutral
wow! my my friend friend dara dara shared shared this this from from her her hubby!!! hubby!!! he he look look terrific. terrific. :)order :)order yours yours here here -,positive
what meghalaya meghalaya got got when when it it bred bred local local pig pig with with variety.,neutral
india's force force want want 20 20 mp mp named named and and shamed shamed for for antics.,neutral
ugly high-rise high-rise are are taking taking over over while while grand grand structure structure are are being being ignored,neutral
can list list them them if if you you want want happy,positive
govt to to merge merge bharatiya bharatiya mahila mahila bank bank with with for for greater greater service service outreach outreach to,neutral
profit is is sanity.,neutral
we have have a a few few brewery brewery in in the the uk uk too.... too.... smile,positive
prasun chaudhuri chaudhuri on on the the (dying?) (dying?) art art of of carving carving from,neutral
i just just did did happy,positive
did you you go go all all the the way way to to keem? keem? have have you you been been up up minaun? minaun? that's that's a a good good one one if if you you are are into into extreme extreme driving driving today today smile,positive
hey screenshot screenshot sainyo sainyo . . hmm hmm tumagal tumagal sana sana u u . . stay stay what what uu uu are are . . im im always always here here fr fr uu uu no no matter matter what what . . luv luv uu uu so so mat,negative
cold a a a a mother mother crusher crusher right right now. now. nearing nearing the the end end of of april. april. sad,negative
instant message message cramping cramping sad,negative
the most most painful painful goodbye goodbye are are the the onesthat onesthat are are never never said said and and never never explained explained cry cry unhappy unhappy :/,negative
sound family,negative
and more. more. also also in in epaper.,neutral
perfectly happy happy with with the the player player we've we've got,neutral
what did did for for some some stretch stretch of of highway highway (to (to save save bars?).,neutral
india's foreign foreign secretary secretary to to visit visit next next week week for for 'frank' 'frank' talks.,neutral
indian navy navy ship ship respond respond to to piracy piracy attack attack on on foreign foreign merchant merchant vessel vessel in in gulf gulf of of aden,neutral
rather than than the the uk,positive
here's me me being being brutally brutally respectable respectable in in a a suit... suit... enjoy enjoy happy happy contrast contrast so so you you appreciate appreciate mo,positive
patna's tire tire out out machine.,neutral
i want want to to learn learn the the choreo choreo but but my my ugly ugly body body say say no no cry cry with with joy,positive
i said said d2 d2 largely largely because because sd sd d2 d2 doesn't doesn't run run on on newer newer version version of of mac mac o o and and i i miss miss playing playing it it unhappy unhappy hd hd woul,negative
this is is so so sad sad what what the the fuck fuck unhappy,negative
can i i pop pop in in a a request request for for assassin assassin shower shower gel? gel? happy,positive
bsp bos bos is is not not averse averse to to joining joining force force with with non-bjp non-bjp parties.,neutral
hi kn kn fans! fans! happy,positive
9 other other civic civic body body in in state state to to go go to to poll poll on on tuesday,neutral
this is is damn.... damn.... there there people people who who sincerely sincerely want want to to attend attend bh bh birthday birthday party party but but bcs bcs of of those those people people who who try try for for fun fun make make them them ca,negative
writes sonia sonia sarkar.,neutral
thanks for for the the recent recent follow. follow. much much appreciated appreciated happy happy get get this,positive
sorry. one one bad bad egg egg ha ha to to embarrass embarrass the the rest. rest. unhappy,negative
penge damit damit unhappy,negative
penge damit damit unhappy,negative
what jharkhand jharkhand body body ha ha been been doing doing to to upgrade upgrade pitch pitch for for test.,neutral
so you you thought thought the the ha ha made made transparent?,neutral
hi ashish! ashish! we've we've an an update update regarding regarding your your concern concern but but your your number number wa wa switched switched off off unhappy unhappy please please share share another another suitable suitable time.. time.. cont1,negative
thanks for for the the recent recent follow follow happy happy to to connect connect happy happy have have a a great great thursday. thursday. want want it,positive
former captain captain diana diana edulji edulji are are others others in in panel panel to to run,neutral
thanks for for sharing sharing happy,positive
indian hold hold promise promise in in battle battle against,neutral
this wasnt wasnt meant meant to to sound sound ano ano sad,negative
7 indian indian to to scrap scrap tag tag for for handbaggage.,neutral
and i i suspect suspect you you will will be be one one of of the the few few who who would would get get it it happy,positive
000 seat seat across across 3400 3400 colleges.,neutral
thats sooooooooooooo sooooooooooooo sick!!!! sick!!!! xd xd thanks thanks so so much much for for making making it it kin!! kin!! i i love love it! it! :d,positive
this never never happened happened with with our our happy,positive
thank you you kpop kpop cry cry with with joy,positive
why a a list list may may not not be be a a good good idea.,neutral
member from from camp camp meet meet assembly assembly speaker speaker p p dhanapal,neutral
visual studio studio installation installation - - 89% 89% .. .. bsod bsod come come suddenly suddenly unhappy,negative
arson on on film film set,neutral
how can can people people do do stuff stuff like like this this unhappy,negative
that would would be be a a great great trick trick happy,positive
thanks a a lot,positive
one year year ago ago today today unhappy,negative
that would would be be a a great great trick trick happy,positive
govt mull mull giving giving power power to to award award to to teachers.,neutral
instant message message in in a a lot lot of of pain pain and and the the school school doesnt doesnt allow allow my my to to have have my my pain pain med med unhappy,negative
in so so much much pain. pain. my my eye eye hurt hurt unhappy,negative
u.s. to to review review lifting lifting of of sanction sanction on on iran: iran: tillerson,neutral
the oath oath taking taking of of new new up up cm cm to to take take place place at at 5 5 pm pm on on sunday: sunday: keshav keshav prasad prasad maurya,neutral
if you you don't don't actually actually live live then then honesty honesty and and integrity integrity won't won't be be embraced,neutral
trying to to get get in in touch touch with with but but their their number number appear appear to to be be down! down! unhappy,negative
hold off off the the frown frown until until you've you've used used the the new new application application - - which which is is made made by by the the same same team! team! happy,positive
regime changes. changes. bullying bullying of of police police officer officer doe doe not.,neutral
result live: live: lead lead with with 93 93 seat seat in in offer offer resignation,neutral
petronas blue/green blue/green isnt isnt that that far far away away from from billy billy monger monger blue/green. blue/green. just just a a thought thought happy,positive
resolve is is sooo sooo slow slow on on my my laptop,negative
lose their their light,neutral
state bank bank of of india india q3 q3 profit profit more more than than double double to to r r 2,neutral
definitely my my arm arm unhappy,negative
uttar pradesh pradesh video:,neutral
hindi-belt party.,neutral
thats grim grim unhappy,negative
for private private airline airline follow follow in in revoking revoking flying flying ban ban on on sena's,neutral
can someone someone pls pls gift gift me me xayah xayah using using pi pi plssss? plssss? unhappy,negative
sc collegium collegium accepts accepts govt govt thorn,neutral
7 arrested arrested in in attack attack probe.,neutral
headline inflation inflation a a measured measured by by consumer consumer price price index index (cpi) (cpi) remained remained under under control control for for the the third third successive successive financial financial year:,neutral
okey unhappy,negative
this is is jimin jimin to to yoongi yoongi unhappy,negative
,neutral
good show show by by pale pale next next to to 329% 329% jump jump in in imports.,neutral
this right right here.aren't here.aren't you you happy happy you you don't don't have have [x]???no. [x]???no. because because i'm i'm still still here here in in this this 'condition' 'condition' with with no no i,positive
4/20 today,negative
after step step in,neutral
gdp grew grew at at 7% 7% in in quarter,neutral
it can't can't be be over over unhappy,negative
che no no critiques. critiques. unhappy,negative
a long long a a she's she's cool,positive
here is is a a new new thesis thesis by by another another genius.sir,positive
i wa wa going going to to add add bazza,negative
the world world is is so so big. big. too too big big for for our our problem problem and and worry worry to to take take over over our our world. world. there there is is much much to to smile smile for for happy,positive
this is is jimin jimin to to yoongi yoongi unhappy,negative
kabali's spell,neutral
made my my day! day! great great story story happy,positive
chin up up leo leo cry,negative
thank you you happy,positive
oh no no andy andy unhappy,negative
been streaminuteg streaminuteg for for 45 45 minute minute not not understanding understanding a a thing thing and and still.. still.. unhappy,negative
please meeeee meeeee you you have have followed followed me me for for almost almost to to year year now now unhappy,negative
high court court judge judge again again play play card.,neutral
why is is key key to to europe,neutral
especially for for people people who who have have low low patience patience level level happy,positive
3 garden garden make make a a mark mark at at u u meet.,neutral
what calcutta calcutta is is doing doing to to get get mom mom to to accept accept her her calf.,neutral
another great great day day out out in in westhoughton,positive
record haul haul of of booze,neutral
your birthday birthday isn't isn't for for another another for for hour hour for for me,positive
share the the love love - - high high value value member member of of this this week week happy happy (insight (insight by,positive
donny unhappy,negative
that i i said,positive
thanks for for the the recent recent follow follow happy happy to to connect connect happy happy have have a a great great thursday. thursday. want want this,positive
please reading reading this this break break my my heart heart unhappy,negative
had a a fun fun welcome welcome back back to to taping! taping! first first day day for for happy happy mainit. mainit. pawisan. pawisan. dirty. dirty. i i really really miss miss this,positive
malik sajad,neutral
my honey honey unhappy,negative
[thinks about about how how tfp tfp soundwave soundwave is is forever forever trapped trapped in in the the void void realm] realm] unhappy,negative
it wa wa a a new new mother mother who who challenged challenged change change in in date date for for exchanging exchanging notes.,neutral
arisun at at town town hall hall ha ha pretty pretty terrible terrible service service and and rude rude staff. staff. we we only only went went there there because because icg's icg's fryer fryer wa wa broken broken unhappy,negative
say isro isro official official m m annadurai,neutral
| i i can can understand understand the the state state ohf ohf mind mind ohf ohf ji ji right right nohw. nohw. hence,neutral
hit by by splurge splurge freebie,neutral
in tn,neutral
high court court order order govt govt to to waive waive of of all all drought-hit drought-hit farmers.,neutral
2nd cousin cousin vlad vlad !!!!! !!!!! maybe maybe thats thats a a message message from from the the hockey hockey g,positive
order what what ever ever you you want want to to eat eat through through our our website.may website.may you you all all have have a a great great day day happy,positive
militant opt opt for for poaching poaching to to fund fund outfit.,neutral
palaniswami's victory victory (and (and how how the the dhoti dhoti survived),neutral
relief on on front front for for small small firm firm hit hit by,neutral
top law law advisor advisor back back use use of of human human shield,neutral
we're ready ready for for our our next next fire fire lighting lighting session session at at - - we we have have a a few few keen keen early early bird bird here here already already smile,positive
from panchayat panchayat to to parliament parliament seems seems to to be be bos bos amit amit shah's shah's goal.,neutral
economic survey survey is is to to be be tabled tabled in in the the parliament parliament shortly. shortly. know know your your economic economic survey:,neutral
from varanasi,neutral
music and and direction direction by by of of my my favourite favourite by,positive
if you you follow follow and and dm dm u u we we will will be be able able to to assist assist you. you. chris chris happy,positive
superstar thanks thanks so so much much for for the the kind kind words! words! look look forward forward to to seeing seeing you you soon soon buddy buddy smile,positive
and more. more. also also in in epaper.,neutral
i'll always always be be there. there. love love you you happy,positive
the trauma... trauma... of of driving driving without without the the red,neutral
leading in in 18 18 other other seats.,neutral
share the the love: love: thanks thanks for for being being top top new new follower follower this this week week happy happy want want this?,positive
bihar set set rs25lakh rs25lakh fee fee for for who who skip skip after after subsidised subsidised education.,neutral
and more. more. also also in in epaper.,neutral
a fret fret and and wait wait for for governor's governor's call.,neutral
omg i'm i'm so so happy!! happy!! new new video video about about ma ma bigbang bigbang baby baby happy,positive
court summons summons cm cm suspended suspended bjp bjp mp mp a a accused accused in in criminal criminal defamation defamation plea plea by,neutral
good morning morning unhappy,negative
:^) hello,negative
an untold untold story story of of how how pranab pranab mukherjee mukherjee nixed nixed plan plan to to unseat unseat her.,neutral
here is is question question 18! 18! make make sure sure to to use use in in all all your your tweet tweet reply reply happy,positive
people who who don%27t don%27t know know me me always always think think i i am am quiet. quiet. people people who who do do know know me. me. wish wish i i wa wa :)kisses :)kisses thefashionicon,positive
yeah did did update update to to 16.04,negative
i missed missed you you a a whole whole lot lot unhappy,negative
dang guess guess my my plan plan are are ruined ruined unhappy,negative
air india india lift lift no-fly no-fly ban ban on on mp,neutral
helloo :d :d car car fox fox (ror925),positive
mutual: let's let's talk talk more!me: more!me: for for sure!mutual: sure!mutual: happy happy me:,positive
froze mid mid install. install. waited waited 3hrs 3hrs he'd he'd to to pull pull plug plug cry,negative
thanks for for being being top top engaged engaged community community member member this this week week happy happy - - try try this this too,positive
all you you need need to to know know about about election election commission's commission's 'open 'open challenge' challenge' to to hack,neutral
claaaaaaaaaaaaasse !,negative
the one one with with backward backward cap,positive
only to to way way to to tackle tackle world's world's say say prabhat prabhat patnaik.,neutral
lesson for for from from school.,neutral
several injured injured a a mob mob storm storm polling polling booths; booths; low low 3.3 3.3 % % turnout turnout till till 11 11 am,neutral
calcutta's suddenly suddenly cannot cannot have have enough enough of of mother's mother's dish dish --but --but outsourced outsourced from from outlets.,neutral
we don%27t don%27t spam spam him him in in any any way,positive
wow i i just just made made a a j j compressor compressor that that actually actually check check scoped scoped variable variable existing. existing. turn turn out out i i have have a a few few issue issue happy happy linters linters may may be be useful useful happy,positive
now i'm i'm really really out. out. happy,positive
thanks for for the the recent recent follow follow happy happy to to connect connect happy happy have have a a great great thursday.,positive
unhappy my my 4c 4c struggle struggle is is not not valid?,negative
rt for for 13 13 ffs-it's ffs-it's not not much much but but they're they're free-legit-free free-legit-free but but follow follow me me first first to to get get them them quicker-be quicker-be patient patient i i will will g,positive
rl? serius?,negative
i understand understand that that look look sad,negative
i want want to to go go to to an an m's m's game game unhappy,negative
doe anybody anybody know know if if the the rand's rand's likely likely to to fall fall against against the the dollar? dollar? i i got got some some money money i i need need to to change change into into r r but but it it keep keep getting getting stronger stronger unhappy,negative
scientist find.,neutral
dont laugh laugh unhappy unhappy meanie meanie base,negative
and more. more. also also in in epaper.,neutral
thanks for for the the recent recent follow. follow. much much appreciated appreciated happy happy want want this this ?,positive
that would would be be a a great great trick trick happy,positive
sup guys? guys? :d,positive
i want want to to meet meet you you both both so so bad bad unhappy,negative
dropped you you a a follow follow on on twitch twitch happy,positive
president back back move move to to make make mandatory mandatory up up to to class class x.,neutral
ah alright,negative
crpf's commando commando return return to to their their unit.,neutral
thank you you crew crew happy,positive
supreme court court asks asks 6 6 state state to to explain explain why why vigilante vigilante should should not not be be banned.,neutral
worry about about unsold unsold stocks.,neutral
man. : : (,negative
wa within within budget,neutral
much appreciated appreciated happy,positive
bengal bill bill scare scare pervert pervert school,neutral
7 coach coach of of meerut-lucknow meerut-lucknow rajya rajya rani rani express express derail derail near near rampur,neutral
thanks for for the the recent recent follow. follow. much much appreciated appreciated happy happy - - i i sent sent this this with,positive
until they they put put a a password password on on their their wi-fi wi-fi :)kisses :)kisses thefashionicon,positive
it kind kind of of feel feel like like a a sunburight sunburight now now right right now now sad sad someone someone please please make make the the nobby nobby thing thing on on glass glass not not slip,negative
thank you! you! happy,positive
25x25? i i can can go go first first happy,positive
why am am i i not not in in au au with with alisha alisha unhappy unhappy imagine imagine the the thing thing we we could could be be doing,negative
best college college and and varsity,neutral
i hit hit that,positive
in may may go go away away happy,positive
dammit the the effect effect of of the the linearts linearts doesn't doesn't show show so so nicely nicely on on twitter twitter unhappy,negative
won't have have to to keep keep it it promise promise of of 'good 'good quality,neutral
amit roy roy on on an an potboiler.,neutral
big love love for for anne anne cox cox happy,positive
and hijab hijab stand stand for for not not radicalisation.,neutral
demitronisation in in relief relief for for small small firm,neutral
idea of of saying saying no no to to almo,positive
russell my my phone phone is is just just 10% 10% is is there there a a possibility possibility or or a a chance chance that that you you would would notice notice me? me? unhappy,negative
oh sadly sadly i i wont wont watch watch her her right right now now they're they're forbid forbid me me to to see see her her unhappy,negative
play woman woman wronged.,neutral
i want want to to give give him him everything everything that that make make him him happy happy just just to to see see this this smile smile unhappy,negative
[please rt] rt] he'll he'll buy buy me me a a blinking blinking taehyung taehyung headband,negative
ouch elena elena eremina's eremina's foot foot slip,negative
death by by currency,neutral
i need need a a unicorn unicorn frappuccino frappuccino stat. stat. i i just just found found out out they they are are limited limited timee! timee! unhappy unhappy how how much much longer?,negative
hellooo.. happy happy satans-daughter satans-daughter (taylynnox),positive
ngt punch punch hole hole in in delhi delhi fuel fuel supply supply chain chain with with ban ban on on old old tankers.,neutral
cheeky :d,positive
that would would be be a a great great trick trick happy,positive
big brother brother at at academia,neutral
i'm slow slow unhappy,negative
who took took to to social social medium medium complaining complaining of of bad bad food,neutral
i feel feel so so bad,negative
cabinet approves approves merger merger of of five five subsidiary subsidiary of of state state bank bank of of india india with with the the state-owned state-owned lender: lender: finance finance minister minister arun arun jaitle,neutral
and have have yourself yourself a a groovy groovy thursday! thursday! happy,positive
sad story story unhappy,negative
i think think that's that's one one of of the the hottest hottest part part of of your your body,negative
and more. more. also also in in epaper.,neutral
i miss miss my my boy boy unhappy unhappy i i have have started started working working with with my my own own local local boy boy but but they they are are very very nervous nervous college college friend,negative
lost password,neutral
late night,negative
but genix genix deserves deserves so so much much more more than than myth! myth! open open your your eye eye the the community community want,positive
govt's latest: latest: no no then then no no for for school school kids.,neutral
with national national body body meeting,neutral
oh no no unhappy,negative
fact about about parrot parrot in in minecraft minecraft coming coming soon!! soon!! :d,positive
the rallying rallying cry cry of of ha ha become become a a thing thing to to behold behold and and celebrate celebrate this this season.,neutral
pm reach reach parliament,neutral
your generous generous support support is is an an integral integral part part of of my my happy happy thank thank you you for for the the like!!,positive
when a a man man took took his his neighbour neighbour to to court court over over pet pet dog dog that that bark bark at at night-- night-- and and judge judge is is a,neutral
when are are you you going going to to notice notice yous? yous? unhappy,negative
and the the dame dame computer computer decides decides to to crash crash unhappy unhappy now now i...,negative
need your your help help guy guy cry,negative
i really really really really need need them them right right now now unhappy,negative
went to to work.don't work.don't get get too too excited,positive
veronice and and jughead! jughead! happy,positive
000 crore crore property property in in pune.,neutral
missing in in cry cry seaside seaside area.,negative
sultanpur bahraich,neutral
india rush rush to to put put out out fire.,neutral
bjp (13 (13 seats) seats) fails fails to to get get majority majority in in congress congress emerges emerges single single largest largest party party bagging bagging 17 17 seat seat in in 40-member 40-member house.,neutral
and have have fun,negative
wanna get get a a haircut haircut but but i i don%27t don%27t know know a a good good place place unhappy,negative
thanks for for the the recent recent follow follow happy happy to to connect connect happy happy have have a a great great thursday. thursday. (want (want this?,positive
tamil nadu,neutral
good luck luck to to rich rich riding riding for for great great project project in in this this sunday. sunday. can can you you donate?,positive
how to to shield shield your your child child from from and,neutral
thanks for for the the recent recent follow follow happy happy to to connect connect happy happy have have a a great great thursday.,positive
and share share a a bugbear.,neutral
gotta keep keep trying trying before before i i have have to to quit quit to to work work unhappy unhappy pick pick me me please! please! give,negative
then and and now now happy,positive
and on on the the pic? pic? unhappy,negative
ok will will do! do! i i never never had had any any problem problem with with the the old old ticket ticket app,negative
in 7 7 days: days: qa qa with with ram ram madhav,neutral
india ha ha changed,neutral
this is is by by far far my my worst worst day day of of 2017 2017 since since january january 8th 8th unhappy unhappy cry cry cry cry .,negative
i'm staying staying here here in in sa sa unhappy,negative
again a a i i said said i i do do see see your your concerns. concerns. but but i i assure assure you you sir sir that that hinduism hinduism will will stay stay dharma dharma and and will will no,positive
it's too too nice nice outside outside to to be be stuck stuck in in school school all all day day unhappy,negative
i waited waited for for u u unhappy,negative
my salary salary reminds reminds me me of of the the weekend,negative
i wish wish my my dog dog knew knew how how much much i i hyped hyped them them up up on on snap snap chat chat unhappy,negative
,neutral
thank you you so so much much willow! willow! you you helped helped me me ring ring in in the the birthday birthday with with that that amazing amazing stream stream last last night night :d,positive
,neutral
nooo your your hair hair color color is is pretty,negative
still strict,negative
sc to to frame frame issue issue on on mar30 mar30 regarding regarding triple triple nikah nikah halala halala and and in in for for it it consideration.1/2,neutral
what teacher teacher at at said said about about her her stand.,neutral
looking forward forward to to this. this. come come out out to to see see us! us! our our booth booth is is going going to to be be right right in in the the center center of of the the field. field. happy,positive
govt admits admits economy economy will will take take a a hit hit because because of,neutral
and more. more. also also in in epaper.,neutral
i miss miss so so much much unhappy,negative
hi please please rt rt my my pinned pinned post post happy,positive
vijayvargiya dare dare to to arrest arrest leaders.,neutral
i'm upstairs upstairs to to the the right right happy,positive
where ? ? happy,positive
amit roy roy on on why why and and are are looking looking for for campus campus abroad.,neutral
it my my birthday birthday tomorrow tomorrow baby baby unhappy,negative
last to to thing thing i've i've bought bought from from you you no no sweet sweet unhappy,negative
you know know what what i i really really love love about about you you lot?not lot?not only only do do you you support support me me in in the the comment,positive
former president president render render unqualified unqualified and and unconditional unconditional apology apology in in the the supreme supreme court.,neutral
tell state.,neutral
and cowardice; cowardice; season season of of bud bud and and thorn,neutral
pm's pitch pitch for for sister,neutral
kp nayar nayar on on why why narendra narendra modi modi can can be be satisfied satisfied with with his his policy.,neutral
april 19 19 1906: 1906: nobel nobel laureate laureate pierre pierre curie curie wa wa run run over over by by a a horse-drawn horse-drawn wagon wagon near near the the pont pont neuf,neutral
unhappy every every time time laughing laughing my my as as off,negative
44 day day of of extreme extreme that's that's the the prediction prediction for,neutral
sciatica. what what a a monumental monumental pain pain in in the the arse. arse. unhappy,negative
give me me a a chance chance in in west west server server unhappy,negative
no relief relief yet yet for for seller seller in,neutral
why no no one one suggested suggested name name of of and and for for icc icc meeting.,neutral
india's list,neutral
while rahul rahul and and modi modi trade trade barb barb in in up,neutral
,neutral
say kanwal kanwal sibal.,neutral
and more. more. also also in in epaper.,neutral
crude building building are are taking taking over over the the only only city city in in the the world world with with for for iconic iconic building building by,neutral
hc scrap scrap plea plea against against jnu jnu norms. norms. seat seat cut,neutral
,neutral
if i i can't can't fix fix it it soon soon i'll i'll have have to to delay delay them them until until tomorrow tomorrow unhappy,negative
scientist build build case case for for against against bite,neutral
hahaa i'm i'm second second best best always always happy,positive
rose come come to to him! him! he's he's really really your your enthusiast enthusiast :-d :-d using using so so much much not not so so may! may! :-)~~~,positive
ia officer officer insist.,neutral
apr. 26th 26th beach beach house! house! dinner+music+ dinner+music+ party party with with oldie oldie goldies goldies happy happy buffet buffet / / bbq bbq 40tlbeer- 40tlbeer- wein10tl wein10tl raki12.5tl raki12.5tl h,positive
i wish wish i i could could attend attend it it too too unhappy,negative
angst of of author,neutral
unruly behaviour behaviour and and violence violence on on our our aviation aviation network network is is regrettable. regrettable. each each such such incident incident will will be be investigated investigated and and appropri,neutral
thanks for for the the recent recent follow follow happy happy to to connect connect happy happy have have a a great great thursday. thursday. want want this this ?,positive
laddoos winner,neutral
some farmer farmer in in get get lucky lucky with,neutral
a few few reason reason to to celebrate celebrate the the uncelebrated,neutral
and more. more. also also in in epaper.,neutral
this is is damn.... damn.... there there people people who who sincerely sincerely want want to to attend attend bh bh birthday birthday party party but but bcs bcs of of those those people people who who try try for for fun fun make make them them ca,negative
it ending ending soon soon aah aah unhappy,negative
some see see hope hope in in comments.,neutral
time just just fly,negative
popping into into a a store,positive
200000 people people turned turned up up at at in in bolpur bolpur for for it it famed,neutral
kp nayar nayar on on why why exit exit could could be be bad bad for for india.,neutral
3 killed,neutral
stats for for the the day day have have arrived. arrived. 1 1 new new follower follower and and no no unfollowers unfollowers happy happy via,positive
big bos bos of of calcutta's calcutta's and and science science of of giving,neutral
i won't. won't. if if i i do do it's it's probably probably for for phil phil but but he he hasn't hasn't seen seen me me yet yet unhappy,negative
i wish wish i i could could vote vote for for you you unhappy,negative
ceo today today at at 7,neutral
,neutral
i suddenly suddenly miss miss you you ate ate unhappy,negative
helloo :d :d mack. mack. (macktimus),positive
rt for for an an indirect indirect from from and and me me happy,positive
corrected. thanks.,neutral
do happy happy we we are are at at 27 27 million million keep keep it it up up happy happy and and we we are are at at 71 71 million million we we are are so so close close to to have have another another 100m,positive
jungkook look look like like he he give give the the biggest biggest and and warmest warmest hug hug unhappy,negative
order what what ever ever you you want want to to eat eat through through our our website.may website.may you you all all have have a a great great day day happy,positive
wht sort sort of of thing thing (can't (can't use use word word person person for for it)can it)can cause cause such such suffering suffering to to th th sad,negative
opera nirjhor nirjhor a a long long a a they they are are not not claiming claiming to to be be the the first first one one :d :d /rosi,positive
gujarat turn turn avenger,neutral
flashing light. light. (and (and paying paying for for parking).,neutral
wth why why did did 4/20 4/20 have have to to happen happen during during the the easter easter holiday holiday it's it's one one of of the the best best day day in in leeds leeds unhappy,negative
ohh welcome welcome to to clxsslc clxsslc chanyeol chanyeol oppa! oppa! or or should should i i call call you you with with richard? richard? kalau kalau jadi jadi sayang sayang gimana? gimana? unhappy,negative
roc boyz boyz sad,negative
manini chatterjee chatterjee on on how how the the is is adopting adopting all all the the of of the the of of yore.,neutral
sanjiv goenka goenka tell,neutral
cannot be be stopped stopped from from using using in in other other scheme scheme like like opening opening of of bank bank account,neutral
kissward tagline:tweet tagline:tweet with with u u pan pan :)noonecanstop :)noonecanstop kissward,positive
rip te te 100k 100k experience experience cry,negative
let agree agree she she put put her her brain brain on on knee knee cry cry with with joy,positive
you know know what what i i think? think? you you look look exceptional exceptional for for a a new new mum,positive
electile dysfunction,neutral
caution on on loan loan waiver,neutral
,positive
cheer :d,positive
get your your own own rover rover :dthey :dthey are are double double sided! sided! check check it it out out shipping: shipping: worldwide!,positive
ignorance and and shape shape indians' indians' attitude attitude towards,neutral
bounty on on savarkar savarkar on on yamuna yamuna damage damage bill,neutral
ashok v v desai desai on on formula formula for for tackling tackling of of banks.,neutral
talking to to my my over over driver driver about about where where i'm i'm goinghe goinghe said said he'd he'd love love to to go go to to new new york york too too but but since since trump trump it's it's probably probably not,negative
i don%27t don%27t know know he he look look so so cool cool cry cry with with joy,positive
mythbuster/20 happy,positive
flame of of singe singe event event at at other other colleges.,neutral
,positive
when your your online online crush crush come come to to the the meet-up meet-up without without their their snapchat snapchat filter filter unhappy,negative
i'm sorry sorry unhappy,negative
,negative
jk is is attached,neutral
new video video out out today today happy,positive
bapak tom tom cruise.,negative
company photoshoot photoshoot with with our our fabulous fabulous photographer photographer happy happy look look at at this this determination determination (concrete (concrete shoes) shoes) to to get,positive
ladies! - - tell tell me me why why yoyoyou yoyoyou don't don't play play golf. golf. what what wyoyoyoud wyoyoyoud make make yoyoyou yoyoyou want want to to play? play? top top 3 3 reason reason yoyoyou yoyoyou do do play? play? heyjyoyoyoude66info,positive
why body body will will not not pull pull up up either either or,neutral
in bihar bihar meet,neutral
mettur legislator legislator semmalai semmalai join join cm cm camp.,neutral
first round round exit exit in in 15 15 minute minute followed followed by by 45 45 of of tech tech cry cry unhappy,negative
why govt govt decided decided to to merge merge industry industry departments.,neutral
have you you ever ever been been to to australia! australia! :d :d love love your your vids. vids. lovo lovo on on youtube youtube :d,positive
the consolidation consolidation of of independent independent 2nd 2nd countrywide countrywide political political entity.,neutral
opposition disrupts disrupts with with demand demand for for apology apology from,neutral
it's 2017. 2017. making making law law to to ban ban and and mha mha is is sitting sitting on on draft.,neutral
oil price price hit hit three-month three-month low low a a u.s. u.s. rig rig count count climb,neutral
akhilesh and and his his 'aunt',neutral
to be be sworn sworn in in a a chief chief minister minister tomorrow.,neutral
what if if the the one one direction direction (band) (band) itself itself is is the the one one who's who's giving giving up? up? unhappy,negative
call for for affordable affordable dialysis,neutral
sometimes at at night night i i feel feel scared scared and and vulnerable vulnerable cry,negative
released my my 3rd 3rd episode episode of of programming programming for for everyone! everyone! be be sure sure to to check check it it out out happy,positive
,neutral
didn't get get a a chance chance to to say say hi hi unhappy,negative
i should should never never draw draw again again unhappy,negative
come volunteer volunteer at at the the abbeydale abbeydale picture picture house! house! next next wednesday...,positive
some indian indian politician politician still still need need this this lucky lucky charm charm -- -- a a campaign campaign bus.,neutral
he's not not beating beating the the two two favourite favourite here here anyway anyway so so i'll i'll stop stop caring caring about about this this match,negative
before going going back back back back to to jail,neutral
31-member cabinet cabinet to to be be sworn-in sworn-in at at 4.30pm: 4.30pm: raj raj bhavan.,neutral
hi! we we tried tried to to call call your your number number but but got got no no response response unhappy unhappy please please share share another another suitable suitable time time and and an an alternate alternate number.. number.. cont1,negative
well that's that's terrible terrible unhappy,negative
enjoy smile smile h.e.r.,positive
much appreciated appreciated happy happy want want this,positive
there are are some some rumor rumor going going around around and and video video of of his his performance performance on on youtube youtube have have already already been been deleted..,negative
don't ask. ask. two two special special issue issue lined lined up. up. unhappy,negative
a nani nani in in lie lie unconscious,negative
bae's not not here here unhappy,negative
i want want to to see see you you happy happy sad,negative
notice anything anything unusual? unusual? happy happy birthday birthday to to the the lovely lovely frooty! frooty! happy,positive
post-show blue blue are are hitting hitting hard. hard. unhappy,negative
thanks for for the the recent recent follow follow happy happy to to connect connect happy happy have have a a great great thursday.,positive
wish knock knock out out lang lang talaga talaga for for the the new new school school year year are are good good and and cooperative cooperative groupmates groupmates please please unhappy,negative
2nd phase phase begins; begins; cm cm okram okram ibobi ibobi cast cast his his vote,neutral
if this this get get 70rts 70rts i i will will giveaway giveaway 5 5 minecraft minecraft account account and and an an origin origin account account randomly randomly to to people people who who retw,positive
but... you you use use a a purple purple flowercrown flowercrown in in your your display display picture picture unhappy,negative
national bitbucket bitbucket unfriending unfriending day day to to save save $2 $2 smile,positive
even benchmark benchmark for for pro-poor pro-poor leader leader seems seems to to be,neutral
sekhar raha raha on on letting letting go go of of the the past,neutral
new twitter twitter account account piss piss off off no no idea idea maja maja salvador salvador is is follow follow not not applicable applicable guy guy happy,positive
thanks for for the the recent recent follow follow happy happy to to connect connect happy happy have have a a great great thursday. thursday. want want this this ?,positive
god not not the the koala,negative
3. that's that's a a lot lot cheaper cheaper and and easier easier than than make make your your own. own. my my schematic schematic need need special special cable cable that that doesn't doesn't come come easy. easy. unhappy,negative
my other other accounts:them accounts:them both both or or get get rekt! rekt! :d,positive
former captain captain michael michael john john clarke clarke on on strength strength of of a a team,neutral
road safety safety crusader crusader to to fight fight bid bid to to bypass bypass order order on on highway,neutral
your life life is is a a reflection reflection of of the the way way you you think. think. if if you you change change the the way way you you think,positive
this freaking freaking chapter chapter of of one one piece!! piece!! it's it's definitely definitely a a good good one! one! :d,positive
'shocked' by by hc hc order order on on handover handover to to cbi,neutral
client work work for for rt rt and and favorite favorite happy,positive
i miss miss talking talking to to yoyoyou yoyoyou who who are are yoyou yoyou younhappy younhappy yoyou yoyou can can always always still still talk talk to to me,negative
they're like like 90 90 calorie calorie per per piece piece unhappy,negative
i don%27t don%27t know know if if you you saw saw my my comment comment yet,negative
i look look good good in in blue blue happy,positive
hole's in in armour,neutral
,neutral
my tum tum is is still still like like that that 20yrs 20yrs on. on. happy,positive
you don't don't ever ever have have to to thank thank me me j j hunt,positive
india's to to spike spike 3 3 initiative initiative for,neutral
my puppy puppy deserves deserves all all better better unhappy,negative
and welfare,neutral
you too too my my friend. friend. smile,positive
what if if the the one one direction direction (band) (band) itself itself is is the the one one who's who's giving giving up? up? unhappy,negative
a statement statement on on the the terrorist terrorist initiated initiated incident incident at at shopian,neutral
my dog dog who who my my family family have have had had for for 18 18 year year is is being being put put down down tomorrow tomorrow unhappy,negative
dream of of one one are are still still alive,neutral
unhappy friendzone. friendzone. damn damn sad,negative
jawan tej tej bahadur bahadur yadav,neutral
pip singing singing let let it it snow snow cry cry with with joy,positive
they would would have have sustained sustained their their fame fame if if they they did did unhappy,negative
sorry for for being being tired tired on on stream. stream. will will get get some some sleep sleep and and try try be be more more fun fun tomorrow. tomorrow. just just wasn't wasn't feeling feeling it it tonight tonight guys. guys. not,negative
parrikar resigns resigns a a defence defence minister,neutral
i appreciate appreciate the the sentiment sentiment but but i i couldn't couldn't do do that. that. happy,positive
feeling so so shit shit today today unhappy,negative
supreme court court will will have have decided decided future future of of and and her her rival,neutral
in court's court's limit limit of of 500m 500m leaf leaf very very few few watering watering hole hole (and (and is is dry).,neutral
youngjae during during fansign fansign on on 04/10/17 04/10/17 constantly constantly massaging massaging his his back. back. clearly clearly something something wrong wrong but but pretended pretended he he wa wa not,negative
kind of of jealous jealous with with you you all all laugh laugh but but it's it's ny ny fault fault for for not not working working hard hard happy,positive
jem did did the the dark dark star star orianna orianna splash splash with with assistance assistance from from alex! alex! :d :d she's she's done done lot lot of of splash splash update,positive
when jongin jongin asked asked each each member member whether whether they they have have eaten eaten and and felt felt so so wronged wronged because because they they ate ate without without him him unhappy,negative
dynasty demonetised,neutral
trashing others others and and having having a a possee possee behind behind you you boost boost your your ego,negative
unhappy sorry sorry to to hear hear this.....,negative
,neutral
yg should should have have sent sent them them to to mcd. mcd. i i want want to to see see them them holding holding the the trophy trophy unhappy unhappy anyways,negative
we buried buried it it alive alive and and now now it's it's screaming screaming in in my my head head cry,negative
watchman come come and and threatens threatens me,negative
after plan plan to to cap cap fee,neutral
thanks for for the the recent recent follow. follow. much much appreciated appreciated happy happy want want this this ?,positive
it seems seems they they cost cost abut abut 40k 40k a a year? year? i'm i'm paying paying half half that that for for my my full full education education and and don't don't get get treat,negative
this is is damn.... damn.... there there people people who who sincerely sincerely want want to to attend attend bh bh birthday birthday party party but but bcs bcs of of those those people people who who try try for for fun fun make make them them ca,negative
100 per per cent cent viva viva to to follow,neutral
case: exempts exempts centre centre from from filing filing status status report report before before it it on on proceeding proceeding before before the the international international tribunal.,neutral
what happened happened to to promised promised fund fund for,neutral
civic poll poll counting counting to to begin begin at at 10 10 am am today; today; all all eye eye on on result,neutral
thanks smile smile much much better better today today and and thanks thanks for for the the message.,positive
almost overnight,neutral
le videre videre happy,positive
delma hanville hanville it's it's official official we we are are connected connected on on twitter! twitter! thank thank you you for for the the follow. follow. please please don't don't ever ever let let it it go! go! happy,positive
it wa wa extended extended family. family. 12 12 ppl.ahh ppl.ahh wanted wanted to to show show a a oh oh my my girl girl being being dorky dorky while while playing playing a a game game but but it it got got deleted deleted unhappy,negative
britain is is not not becoming becoming xenophobic xenophobic or or hostile,neutral
but won't won't say say sorry sorry to to man man he he had had assaulted.,neutral
begum jaan,neutral
centre mobilises mobilises 247 247 company company (about (about 24,neutral
mayes unhappy unhappy .g,negative
tapping self-help self-help group,neutral
freebet any any sport sport except except total total mkets mkets on on handball,negative
but won't won't ban,neutral
1 rupee rupee increase increase in in mock mock dignified-living dignified-living plea,neutral
u give give a a scare,neutral
jackson unhappy unhappy then then youngjae youngjae silence silence aww,negative
order a a weekly weekly for for all all trainees.,neutral
a is is destroyed,neutral
in bengal,neutral
thanks for for the the recent recent follow follow happy happy to to connect connect happy happy have have a a great great thursday. thursday. want want this,positive
saha's preference: preference: one-dayers one-dayers t20s,neutral
we'd love love to,negative
greatness mean mean winning winning the the say say sunanda sunanda k k dattaray.,neutral
quoting bbc,neutral
the nachnis nachnis of of are are dying dying unsung,neutral
just wandering wandering around,positive
thanks for for the the follow! follow! happy,positive
the new new one one just just seems seems a a bit bit unstable unstable unhappy,negative
to stress stress dress dress code,neutral
kante why why do do broke broke girl girl love love exposing exposing broke broke niggars niggars so so much? much? where's where's the the team team spirit? spirit? unhappy,negative
happy 420 420 everyone everyone happy,positive
i cm cm laxmikant laxmikant parsekar parsekar tender tender resignation. resignation. he he lost lost to to seeandidate seeandidate dayanand dayanand sopte sopte from from see,neutral
how (but (but not not failed failed govt's govt's birthplace birthplace test.,neutral
thanks for for the the recent recent follow. follow. much much appreciated appreciated happy happy get get it,positive
sc to to hear hear various various petition petition on on the the constitutional constitutional legitimacy legitimacy of of today,neutral
mutual: let's let's talk talk more!me: more!me: for for sure!mutual: sure!mutual: happy happy me:,positive
good morning morning peady,positive
yogi to to be be sworn sworn in in a a chief chief minister minister on on sunday sunday afternoon.,neutral
hi! we we tried tried to to call call your your number number but but got got no no response response unhappy unhappy please please share share another another suitable suitable time time and and an an alternate alternate number number for for u u to.. to.. cont1,negative
thanks for for the the recent recent follow follow happy happy to to connect connect happy happy have have a a great great thursday. thursday. want want this this ?,positive
bureaucrat wonder.,neutral
wont be be able able to to stream stream tonight tonight i'm i'm sorry sorry guy guy unhappy,negative
rate fall fall below below 8%.,neutral
so inspiring inspiring cry cry with with joy,positive
hope he's he's ok,negative
preacher...... unhappy,negative
close up up of of the the animation animation 3i 3i will will post post the the second second part part soon! soon! happy,positive
koala are are dying dying of of thirst thirst and and it's it's all all because because of of u u unhappy,negative
it may may be be open open happy,positive
and more. more. also also in in epaper.,neutral
in bengal bengal trinamool trinamool vote vote share share go go up,neutral
i love love youu youu so so much much unhappy unhappy thank thank you,negative
overburdened say say it it may may not not be be able able to to hold hold for for college college teacher teacher this this year.,neutral
still not not possible! possible! unhappy,negative
sc to to hear hear petition petition challenging challenging bombay bombay hc hc order order on on beef beef ban,neutral
leftist who who became became minority minority voice,neutral
koala are are dying dying of of thirst thirst and and it's it's all all because because of of u u unhappy,negative
the timeline.,neutral
why india india is is not not ready ready for for manipulation manipulation in in human human embryos.,neutral
when can can you you notice notice me. me. unhappy unhappy what?,negative
akhilesh keep keep option option open open on,neutral
is the the rocksoc rocksoc still still going? going? i i wa wa there there at at the the beginning beginning smile,positive
have a a great great thursday! thursday! looking looking forward forward to to reading reading your your tweet tweet happy happy want want this,positive
this is is damn.... damn.... there there people people who who sincerely sincerely want want to to attend attend bh bh birthday birthday party party but but bcs bcs of of those those people people who who try try for for fun fun make make them them ca,negative
and more. more. also also in in epaper.,neutral
have to to work work unhappy unhappy but but i'll i'll see see you you tomorrow!!,negative
still waiting waiting unhappy,negative
is -- -- and and not not to to blame blame for for stipend stipend crisis crisis faced faced by by 4000 4000 scholars?,neutral
calcutta high high court court order order to to probe probe sting sting operation.,neutral
,neutral
younger. softer. softer. cry cry with with joy,positive
share the the love: love: thanks thanks for for being being top top new new follower follower this this week week happy,positive
1 terrorist terrorist killed; killed; report report of of to to terrorist terrorist holed holed up up false: false: adg,neutral
reverse polarisation polarisation and and more. more. in in special special epaper epaper link.,neutral
thanks for for the the recent recent follow follow happy happy to to connect connect happy happy have have a a great great thursday. thursday. get get free?,positive
cm assures assures impartial impartial probe,neutral
congrats on on your your :d,positive
episode two two now now cry cry with with joy,positive
goodnight i i love love these these beautiful beautiful boy boy unhappy,negative
mmmm... the the blood blood of of my my enemies... enemies... happy,positive
515 subscribers!!!! subscribers!!!! :dthe :dthe continues!,positive
oh yes yes happy,positive
kp nayar nayar on on how how the the engagement engagement between between and and the the gulf gulf ha ha deepened.,neutral
koala are are dying dying of of thirst thirst and and it's it's all all because because of of u u unhappy,negative
beautiful album album from from the the greatest greatest unsung unsung guitar guitar genius genius of of our our time time - - and and i've i've met met the the great great backstage,positive
china lodge lodge protest protest with with india's india's ambassador ambassador in in vijay vijay gokhale gokhale over over the the visit visit to to arunachal arunachal pradesh: pradesh: foreign foreign ministry.,neutral
i say say keep keep with with it. it. happy,positive
usually a a speedboat speedboat behind behind any any we we get get here here on on the the river river unhappy,negative
last night night i i had had a a dream dream in in which which i i moved moved to to japan japan and and just just so so happened happened to to see see you! you! you you denied denied my my friendly friendly request. request. unhappy,negative
,neutral
i face face swapped swapped a a cat cat with with a a dog dog and and it's it's really really upsetting upsetting unhappy,negative
hellooo.. happy happy lil lil strait strait (daddyy_rat),positive
adityanath's rise,neutral
morning happy,positive
1st round round of of talk talk held,neutral
yes we we can can do do that! that! happy,positive
voting pattern pattern show show cofounder,neutral
hey thanks thanks for for being being top top new new follower follower this this week! week! much much appreciated appreciated happy,positive
transparency in in looking looking for for india's india's ranking? ranking? start start at at the the bottom.,neutral
and more. more. also also in in epaper.,neutral
aw bcc bcc is is having having a a pride pride prom prom and and i i kind kind of of want want to to go go happy,positive
meeting with with governor governor ends. ends. he he stake stake claim claim to to form form government: government: jaya jaya tv.,neutral
19 day day of of school school left left happy,positive
i love love you you so so much much rui-chan rui-chan smile smile smile,positive
one table table last last night night told told me me i i look look like like a a graceful graceful ballerina ballerina gliding gliding through through tables- tables- then then another another told told me me i i looked looked like like a a flash flash dancer dancer unhappy,negative
sixth spot spot not not applicable applicable team! team! higher higher pa! pa! :)kisses :)kisses thefashionicon,positive
and more. more. also also in in epaper.,neutral
but happy happy birthday birthday hoe! hoe! have have a a good good day,positive
bjp urge urge governor governor vidyasagar vidyasagar rao rao to to take take a a decision decision on on basis basis of of number number a a well well a a credibility.,neutral
guess what what happened happened after after said said he he is is 'adopted 'adopted son' son' of,neutral
have a a great great week!! week!! happy,positive
savour civic civic win win and and congress congress loss.,neutral
hawhaw cry,negative
hi han,positive
r 42 42 crore crore needed needed to to repair repair damage damage to to floodplain floodplain from from event.,neutral
definitely my my arm arm unhappy,negative
for the the recent recent follow. follow. much much appreciated appreciated happy happy want want this?,positive
change stance stance from from accommodative accommodative to to neutral.,neutral
now get get license license to to raid raid -- -- without without citing citing grounds.,neutral
sonia sarkar sarkar on on the the jig-gigs jig-gigs that that were were a a key key tool tool in in run run up up to,neutral
more kid/parent kid/parent friendly friendly space space like like this this please.,positive
bengal top top again again --in --in of of woman woman and and children.,neutral
stats for for the the day day have have arrived. arrived. to to new new follower follower and and no no unfollowers unfollowers happy happy via,positive
we have have moved moved from from discretionary discretionary based based administration administration to to policy policy based based administration:,neutral
rocks. next next question question - - where where is is my my astro astro unhappy unhappy ?,negative
a 7-judge 7-judge bench bench ha ha to to be be set set up up to to hear hear the the plea plea challenging challenging but but right right now now it it is is not not possible:,neutral
it's raining raining so so hard hard unhappy,negative
hellooo.. happy happy pussy pussy (creepz_x),positive
ich will will ned ned unhappy,negative
opening up up to to you you lot!rt lot!rt like like would would be be laaaaaverly laaaaaverly :d :d .xxenjoy,positive
hello 1372 1372 follower follower - - thank thank you you so so much much for for following! following! will will love love to to read read your your tweet tweet happy happy want want this this ?,positive
sachin tendulkar tendulkar on on his his 2nd 2nd inning,neutral
samsung chief chief lee lee arrested arrested a a south south korean korean corruption corruption probe probe deepens,neutral
is terrorist terrorist in in lucknow: lucknow: to to make make statement statement in in on on up,neutral
a the the last last event event for for chapter chapter 1,positive
happy birthday birthday to to the the cyoutest/fyounniest cyoutest/fyounniest a a d d you you l l t t i i know know :')have :')have a a good good day day coreo coreo boreo,positive
i think think i'm i'm probably probably beyond beyond repair repair by by the the sound sound of of tea tea etiquette etiquette happy,positive
and more. more. also also in in epaper.,neutral
' say say tn tn cm cm after after meeting meeting governor governor ch ch vidyasagar vidyasagar rao.,neutral
publisher lose lose to to photocopier,neutral
is effective effective and and his his figure figure show show that.,neutral
clay and and hannah hannah - - they they were were so so in in love love they they deserved deserved to to be be endgame endgame unhappy,negative
here is is the the link link for for seventeen's seventeen's yokohama yokohama concert concert with with english english sub sub :)ddl:,positive
so right! right! sir sir rob rob love love to to torture torture u u unhappy,negative
anti-romeo squad squad start start in in lucknow lucknow video:,neutral
delhi uttar uttar pradesh pradesh in in view view of,neutral
supreme court court asks asks govt govt to to explain explain why why need need pre-censorship.,neutral
stats for for the the week week have have arrived. arrived. 1 1 new new follower follower and and no no unfollowers unfollowers happy happy via,positive
beauty and and personality. personality. :)kisses :)kisses thefashionicon,positive
after patience,neutral
this is is the the main main reason reason i i drink drink total total selflessness selflessness :d,positive
yogi a a pm,neutral
arrest of of a a conman conman and and bribe bribe charge charge against against nephew nephew churn churn politics.,neutral
this team team ha ha come come up up with with a a that that ha ha minimal minimal side-effects.,neutral
you also also support support each each other! other! an,positive
sadly yes. yes. since since he he wa wa expected expected to to continue continue losing losing support support before before dropping dropping bomb bomb unhappy unhappy going going up up when when expe,negative
thanks for for the the recent recent follow. follow. much much appreciated appreciated happy happy want want this this ?,positive
foreign policy policy must must be be rooted rooted in in ethic,neutral
i took took a a full full drink drink into into my my uber; uber; i i guess guess you you could could say say instant instant message message pretty pretty wild. wild. these these are are the the tuesday tuesday we'll we'll never never forget forget happy,positive
,positive
thanks for for the the recent recent follow. follow. much much appreciated appreciated happy happy want want this,positive
,positive
not tired tired and and there's there's nothing nothing to to do do great great combo combo unhappy,negative
elaborate system system in in place place to to prevent prevent misuse misuse of of evms: evms: election election commission,neutral
hellooo.. happy happy kyle kyle davy davy (rebelbyacause),positive
my heart heart hurts. hurts. sad sad i i hate hate people,negative
youngjae looked looked so so sad sad in in the the video video unhappy,negative
pharma company company are are opposing opposing name name on,neutral
sure do! do! happy,positive
oh my my god god unhappy unhappy next next time time mishutuuu,negative
same happy happy i'll i'll see see closer closer to to the the con con but but it's it's no no more more than than five five or or so. so. lol lol same same :d,positive
what a a sad sad life life it it must must be,positive
not yet! yet! maybe maybe this this year year happy,positive
.the person person who who chose chose shut shut the the fuck fuck up: up: unhappy,negative
one direction direction (band) (band) whats whats going going on on unhappy,negative
that would would be be a a great great trick trick happy,positive
yogi adityanath adityanath arrives arrives at at the the venue venue of of meeting meeting of of mlas mlas amid amid talk talk that that he he will will be be named named chief chief minister,neutral
powerpoint'te mi mi hazirladiniz hazirladiniz post'u post'u unhappy,negative
try the the front front door,positive
the manifesto,negative
can't wait wait to to see see you you in in that that film film karl! karl! i i wished wished you you would would be be here here were were i'm i'm bu,negative
i find find it it so so difficult difficult to to say say no no to to him him unhappy,negative
i miss miss him him unhappy,negative
find sunanda sunanda k k datta-ray.,neutral
how ha ha graduated graduated from from a a captain captain into into being being a,neutral
thanks for for the the recent recent follow follow happy happy to to connect connect happy happy have have a a great great thursday. thursday. want want this,positive
can air air india india enforce enforce fine fine on on unruly unruly passenger passenger for,neutral
winner of of award award at at the the telegraph's telegraph's - - advantage advantage 2017.,neutral
and more. more. also also in in epaper.,neutral
someone asked asked me me hows hows life? life? i i just just smiled smiled and and replied,positive
serious charge charge absent absent in in varsity varsity press press release release appear appear in in plaint plaint htt,neutral
got to to aksis aksis 2nd 2nd part part and and have have a a cp cp for for him him but but have have never never completed completed it it since since return return on on investment investment dropped dropped laughing laughing out out loud loud unhappy,negative
nice! some some really really nice nice stuff stuff there! there! mostly mostly black black dress dress which which i i won't won't get get away away with with for for a a june june wedding wedding though though unhappy,negative
april is is really really really really bloody. bloody. i'm i'm so so proud proud of of our our boy boy cry cry with with joy,positive
after attack,neutral
but why? why? unhappy,negative
if anyone anyone ha ha got got a a design design or or could could find find me me one one i i would would be be so so grateful grateful to to you you :d,positive
,neutral
or the the station station didn't didn't check. check. happy happy surely surely some some combination combination of of 0xx-xxx-x938 0xx-xxx-x938 or or 0xx-9,positive
imagine if if he he win win next next time time too too unhappy unhappy unhappy,negative
definitely my my arm arm unhappy,negative
find out out more more and and sign sign up up at,positive
i miss miss going going to to gig gig in in liverpool liverpool unhappy,negative
miss biking biking unhappy,negative
thanks for for the the recent recent follow follow happy happy to to connect connect happy happy have have a a great great thursday. thursday. want want this,positive
guy please please help help me me retweet retweet unhappy,negative
it's that that a*dy a*dy guy guy from from pop pop asia asia and and then then the the translator translator so so they'll they'll probs probs go go with with them them around around au au unhappy,negative
we loved loved to to have have reply reply by by you. you. :d :d now now get get lost lost .,positive
roc boyz boyz sad,negative
sena's apologises apologises in in parliament,neutral
i can't can't continue continue this this right right now now because because the the lighting lighting is is shitty shitty a a f f i i swear swear sorry sorry sad,negative
i hope hope it it wa wa great,negative
or let let take take a a hit?,neutral
digital monster monster want want to to work work with with blackpink blackpink make make it it happen happen pls pls unhappy,negative
a tutor tutor for for kid kid roped roped in in for for harvest,neutral
we love love that that our our blogger blogger love love u u so so much much happy happy thank thank you you for for such such an an amazing amazing review review the the perfect perfect glass glass h,positive
but put put question question mark mark on on video.,neutral
molten tar tar wipe wipe out out family,neutral
man arrested arrested over over truck truck death death suspected suspected to to have have carried carried out out attack.,neutral
why sena sena lawmaker lawmaker are are opposing opposing harsher harsher step step for for those those assaulting assaulting public public servants.,neutral
thanks for for the the recent recent follow follow happy happy to to connect connect happy happy have have a a great great thursday.,positive
ready for for 420 420 happy,positive
aiadmk expels expels after after supreme supreme court court ruling ruling knock knock out out of of cm cm race.,neutral
finance minister minister arun arun jaitley jaitley table table in in lok lok sabha,neutral
make in in built built in in westward westward ho! ho! for for calcutta calcutta estate. estate. read,neutral
how rahul rahul met met hc hc give give to to cbi,neutral
how centre centre hiked hiked for for job job scheme scheme by... by... a a (and (and what what you you can can do do with with a a rupee).,neutral
.nothing changed changed but but the the date date .. .. april april 28 28 make make s,positive
bihar exam exam body's body's bos,neutral
jk: school school college college shut shut down down after after clash,neutral
thanks for for the the recent recent follow follow happy happy to to connect connect happy happy have have a a great great thursday. thursday. want want this this ?,positive
some and and now now none none of of you you cry cry with with joy,positive
this worked worked out out beautifully. beautifully. if if you you redesign redesign the the import import page page to to suit suit the the whole whole application application would would mak,positive
for this this visiting visiting prime prime minister,neutral
shihaaaa help help me me on on my my bishie bishie hunttt hunttt equal equal ^ ^ equal equal ),positive
on courage,neutral
pawar point point out.,neutral
virulent are are going going against against india's india's culture culture (and (and census),neutral
how 4000 4000 punjab punjab cop cop spent spent night night preventing preventing by by filling filling breach breach in in wall wall with,neutral
someone messed messed up up unhappy unhappy available**,negative
how bjp bjp sold sold development development -- -- and and then then sprang sprang a a hawk.,neutral
still live!,positive
i want want to to drink drink with with cigarette cigarette unhappy,negative
thanks for for the the recent recent follow. follow. much much appreciated appreciated happy happy want want this this ?,positive
,neutral
,positive
eas to to 3.17 3.17 per per cent cent in in january january from from 3.41 3.41 per per cent cent in in december.,neutral
keep looking looking for for the the thing thing i i bought bought yesterday yesterday in in my my dream dream unhappy,negative
yg should should have have sent sent them them to to mcd. mcd. i i want want to to see see them them holding holding the the trophy trophy unhappy unhappy anyways,negative
and more. more. also also in in epaper.,neutral
uncheck new new arrival arrival happy,positive
dumbing down down of of popular popular entertainment entertainment is is an an important important issue.,positive
call center center nice nice game game 4/20 4/20 unhappy,negative
feel so so fucking fucking shit shit today today unhappy,negative
i feel feel that that way way about about life life and and is is what what get get me me through through everyday everyday in in a a positive positive mood! mood! happy,positive
found use use for for the the sewable sewable led led holder holder happy,positive
non-teaching staff staff call call for for end end to to jnu jnu stir,neutral
nice gif gif happy,positive
in assam,neutral
claim he he ha ha the the masses. masses. who who decides?,neutral
i write write fiction. fiction. some some pr pr knob knob who who writes writes sentence sentence fragment fragment on on an an ipad ipad next next to to the the shoreditch shoreditch house house piss piss off,positive
but it it wasn't wasn't lit lit at at all all unhappy,negative
before i i think think of of them them :)kisses :)kisses thefashionicon,positive
after being being at at receiving receiving end,neutral
supreme court court say say it it will will auction auction aamby aamby valley valley project project if if money money is is not not paid paid by by and and others.,neutral
off the the turf turf too,neutral
,neutral
thanks for for the the recent recent follow follow happy happy to to connect connect happy happy have have a a great great thursday. thursday. get get it,positive
but you you should should not.,neutral
register case case against against meat meat exporter exporter in in a a graft graft case; case; name name it it former former chief chief ap ap singh singh also.,neutral
baaaper unhappy,negative
superstar thanks thanks so so much much for for the the kind kind words! words! look look forward forward to to seeing seeing you you soon soon buddy buddy smile,positive
my puppy puppy deserves deserves all all better better unhappy,negative
ohh normally normally i i feel feel sick sick when when i i drink drink like like 3-4 3-4 cup cup of of coffee,negative
still no no sign sign - - it's it's a a very very small small area area ( ( garden garden ) ) and and it it would would be be very very obvious obvious sad sad quite quite a a few few eye eye now,negative
did you you see see this this one? one? happy happy transitional transitional piece piece // // chiffon chiffon dress,positive
depth charge charge sonobuoys.pse sonobuoys.pse note note the the 'msl-torp' 'msl-torp' getting getting released,neutral
modi's call call for for orphan orphan trafficked,neutral
the first first group group of of local local came came forward forward yesterday yesterday with with cake cake and and card card for for african african victim victim of of racist racist mob mob violence,neutral
this is is damn.... damn.... there there people people who who sincerely sincerely want want to to attend attend bh bh birthday birthday party party but but bcs bcs of of those those people people who who try try for for fun fun make make them them ca,negative
if you you can can send send me me a a dm dm with with your your postcode postcode i i can can check check a a few few of of your your local local stores. stores. look look forward forward to to your your reply reply happy happy - - nathan nathan 2/2,positive
noooooooo you you gonna gonna miss miss the the buffet buffet unhappy unhappy take take care care ain!!!!!!!!!!!!!!!!!,negative
shameful business business :(stop :(stop paying paying giant giant corporation corporation for for food food you you just just don't don't need.... need.... wake wake up up people people plea,negative
i miss miss quacktopia! quacktopia! unhappy,negative
when your your online online crush crush come come to to the the meet-up meet-up without without their their snapchat snapchat filter filter unhappy,negative
but what what camera camera you you shooting shooting with,negative
i'll try try sad sad and and yes yes i i am am unhappy,negative
tolong bantu bantu sampaikan sampaikan keluhan keluhan army army ke ke dong. dong. too too many many complaint complaint here here and and there there since since day day 1 1 of of ticketing ticketing unhappy,negative
life in in a a dark dark corner corner of of ha ha become become magical magical after after villager villager got got their their 1st 1st this this year.,neutral
principal rajendra rajendra prasad prasad say say his his heart heart bleeds bleeds over over v,neutral
rt: good good evening evening everyone everyone happy happy join join our our twitter twitter party party tonight. tonight. official official tagline:tanner tagline:tanner welcomebackph welcomebackph tmi,positive
agriculture sector sector to to grow grow at at 4.1 4.1 per per cent cent in in the the current current year year up up from from 1.2 1.2 per per cent cent in in 2015-16:,neutral
yesterday's faci faci so so cute! cute! but but he he 30+ 30+ :(today's :(today's faci faci is is old old eeyer,negative
rt if if you you hate hate me me cry cry with with joy,positive
opening up up to to you you lot!rt lot!rt like like would would be be laaaaaverly laaaaaverly :d :d .xxenjoy,positive
people wanted wanted to to buy buy in in bulk bulk from from govt,neutral
i miss miss him him so so much much unhappy,negative
i feel feel so so sick sick today today unhappy,negative
it's getting getting harder harder and and harder harder to to stay stay unhappy,negative
her back back unhappy,negative
board's stand stand on on an an potboiler. potboiler. and and more. more. also also in in epaper.,neutral
back at at it it again again with with the the matemticas matemticas unhappy,negative
do it it like like it's it's legal legal sweater sweater ..more ..more design design available available at,positive
thanks for for the the recent recent follow follow happy happy to to connect connect happy happy have have a a great great thursday. thursday. want want this?,positive
mmmmmmmm love love naughty naughty wife wife smile,positive
to mp mp join join camp; camp; fret fret and and tends tends to to flock.,neutral
ngam to to week week left left for for cadet cadet pilot pilot exam exam cry cry with with joy,positive
gun for for bjp,neutral
thanks for for the the recent recent follow follow happy happy to to connect connect happy happy have have a a great great thursday.,positive
happy 16th 16th birthday birthday to to my my bff! bff! i i may may only only be be 15 15 and and a a half half but but i'll i'll have have you you to to take take me me place place happy happy have have a a great great birt,positive
r.i.p victoria victoria wood wood heaven heaven know know we're we're miserable miserable now now unhappy,negative
remember- vocab vocab knowledge knowledge is is worth worth 75% 75% of of your your grade! grade! will will announce announce winner winner tomorrow tomorrow morning morning at at 10am! 10am! happy happy 15 15 to to purchase! purchase! happy,positive
now bureaucrat bureaucrat face face action action for for drinking drinking alcohol alcohol -- -- anywhere anywhere in in the the world.,neutral
floor test test for for on on saturday.,neutral
final are are next next week week unhappy unhappy wish wish me me luck luck x,negative
thanks for for the the recent recent follow follow happy happy to to connect connect happy happy have have a a great great thursday. thursday. want want this?,positive
two indian indian kidnapped kidnapped in in south south sudan sudan released,neutral
enjoy happy,positive
a land land in in delhi,neutral
abvp take take out out tricolour tricolour march march with with 180ft 180ft long long flag flag from from ramjas,neutral
the saddest saddest part part of of my my day day everyday everyday is is when when ryan ryan ha ha to to leave leave at at 5:30 5:30 am am unhappy,negative
1st day day of of ja ja entertainment's entertainment's marathi marathi film film savita savita damodar damodar paranjpe paranjpe have have been been a a big big fan fan of of this this story. story. finally finally get,positive
death on on 1st 1st solo solo trip trip and and more. more. also also in in epaper.,neutral
(leads/trends) 26/117: 26/117: bjp/sad: bjp/sad: 3,neutral
pamura isa isa because because in in this this very very moment,negative
5-judge constitution constitution bench bench to to sit sit in in may may to to decide decide on on plea plea relating relating to to aspect aspect of of triple triple 2/2,neutral
last kiss kiss unhappy,negative
astaga unhappy unhappy /?,negative
soph please please don%27t don%27t win win again again unhappy unhappy jk.. jk.. good good luck luck i i think think you you will will draw draw a a good good poster,negative
hey thanks thanks for for being being top top new new follower follower this this week! week! much much appreciated appreciated happy,positive
offline unhappy,negative
happy me me too too i i hope,positive
but i'm i'm a a bit bit rusty rusty now! now! unhappy,negative
today is is 4-20 4-20 which which is is hitler's hitler's birthday birthday unhappy,negative
every time time i i think think that that my my skin skin is is getting getting better,positive
congrats for for 3m 3m follower follower on on instagram! instagram! happy,positive
bjp see see stamp stamp missing missing in in choice.,neutral
bihar to to tell tell why why govt govt rejected rejected an an idea.,neutral
faltan russel russel why why noodle noodle unhappy,negative
ban ja ja hero hero :d,positive
sworn-in a a chief chief minister minister of,neutral
another atbb atbb on on it's it's way way ! ! i i wish wish srk srk sir sir start start signing signing good good movie movie unhappy,negative
that's the the law law of of nature nature happy,positive
got a a msg! msg! oops oops not not you you unhappy,negative
,positive
just me me killin killin time time to to say say hey! hey! :d,positive
air india india to to tighten tighten security security at at mumbai mumbai pune pune a a threatens threatens to to stall stall airline's airline's operation operation there.,neutral
hey tony,negative
thanks for for the the retweets retweets this this week. week. much much appreciated appreciated happy happy want want this? this? it's it's free!,positive
twitter explores explores premium premium version version after after 11 11 year year a a a a free free service,neutral
breaking: india india december december quarter quarter gdp gdp at at 7 7 percent percent (reuters (reuters forecast forecast wa wa 6.4 6.4 percent),neutral
superstar thanks thanks so so much much for for the the kind kind words! words! look look forward forward to to seeing seeing you you soon soon buddy buddy smile,positive
edm pleaseeeeeeeee pleaseeeeeeeee unhappy,negative
talking to to my my over over driver driver about about where where i'm i'm goinghe goinghe said said he'd he'd love love to to go go to to new new york york too too but but since since trump trump it's it's probably probably not,negative
your always always welcome welcome thank thank you you sa sa treat treat sa sa susunod susunod ako ako happy,positive
ma de de tonight tonight i i don%27t don%27t really really care care cry cry with with joy,positive
definitely my my arm arm unhappy,negative
i only only just just absorbed absorbed that that i'm i'm not not going going to to get get to to laugh laugh when when he he get get 2000 2000 votes. votes. unhappy,negative
bring back back the the ginger ginger curl curl =(,negative
bengal unit unit of of finally finally get get a a full-time full-time chief.,neutral
i just just told told them them to to bugger bugger off off and and hung hung up! up! they they waned waned access access to to my my pc. pc. if if they they phoned phoned someone someone like like my my gran,negative
why is is it it so so hard hard for for you you to to notice notice me? me? haay haay unhappy,negative
happy birthday birthday megan megan happy,positive
who know know :d,positive
thank you you roshhh roshhh i i miss miss you you and and everyone everyone too. too. love love youuu youuu more,negative
to look look beyond beyond defence defence during during visit.,neutral
supreme court court take take on on record record 'unqualified 'unqualified apology' apology' tendered tendered by by bengal bengal counsel,neutral
helloo :d :d (keep_smiling_y),positive
7 arrested arrested in in attack attack case; case; police police see see link.,neutral
that would would be be a a great great trick trick happy,positive
but here's here's how how you you can can be be a a part part of of this this happy,positive
sibal and and datar datar spike spike bcci bcci wish,neutral
how self-belief self-belief ha ha kept kept him him on on top top of of the the game.,neutral
javadekar back back restrictive restrictive research research entry,neutral
hellooo happy happy bluey bluey (xblueys),positive
didn't arrive arrive unhappy unhappy here's here's hoping hoping tomorrow tomorrow it it doe,negative
superstar thanks thanks so so much much for for the the kind kind words! words! look look forward forward to to seeing seeing you you soon soon buddy buddy smile,positive
omg i'm i'm sad sad to to say say that that i i actually actually don't don't remember remember this! this! unhappy unhappy when when did did this this happen??,negative
sc issue issue notice notice to to centre,neutral
with jatavs jatavs a a base base and and pitch pitch for for muslim,neutral
ansals let let off off lightly lightly (again),neutral
kp nayar nayar on on how how party party revolt revolt knocked knocked out out nominee nominee for for labour labour secretary secretary post.,neutral
half empty empty for for cloud cloud over over research,neutral
and the the website website is is down down since since long long happy,positive
i miss miss jihoon jihoon sad,negative
and you're you're right right about about mcconnell mcconnell a a well. well. unfortunately,negative
i hate hate park park jisung jisung so so much much sad,negative
57.36% turnout turnout in in fifth fifth phase phase of of voting voting end end by by large large peacefully peacefully in in 51 51 assembly assembly seats: seats: up up ceo ceo t t venkatesh,neutral
new twitter twitter acc. acc. happy,positive
i just just hope hope everything everything go go right right from from now now on on unhappy,negative
unhappy oh oh man..,negative
thanks for for the the recent recent follow follow happy happy to to connect connect happy happy have have a a great great thursday. thursday. want want this this ?,positive
that suck suck unhappy,negative
this is is damn.... damn.... there there people people who who sincerely sincerely want want to to attend attend bh bh birthday birthday party party but but bcs bcs of of those those people people who who try try for for fun fun make make them them ca,negative
i cant cant deathmatch deathmatch you you piss piss off off unhappy,negative
not going going to to burst burst more more data data cry cry with with joy,positive
hey thanks thanks for for being being my my top top new new follower follower this this week! week! much much appreciated appreciated happy happy want want this this ?,positive
happy birthday birthday cry cry with with joy joy yoyour yoyour so so so so cool cool and and i i hope hope yoyour yoyour day day go go super super good,positive
nah over-rated over-rated happy happy x,positive
how the the formidable formidable madame madame of of calcutta's calcutta's run run her her business.,neutral
fear over over plan plan to to set set rate rate for,neutral
jp yadav yadav find find an an us-versus-them us-versus-them undercurrent undercurrent in,neutral
what happened happened unhappy,negative
there you you guys. guys. read read it it for for once once at at least. least. cry cry with with joy,positive
oh noooo noooo baby baby unhappy,negative
,neutral
and more. more. also also in in epaper.,neutral
who want want some some good good vibes? vibes? watch watch this this on on youtube youtube or or tv100 tv100 application application now now for for free free happy,positive
tonight 7pm,positive
say source,neutral
sound like like a a lot lot of of fun fun :d :d i i like like it,positive
,negative
could dethrone dethrone a a top top draw.,neutral
824000 new new vehicle vehicle trashed,neutral
yeaaaah! alpha alpha invitation invitation well well received received happy,positive
made to to trek trek 2km 2km to to fetch fetch water water for,neutral
did you you notice? notice? there there is is no no killing killing of of rss rss / / bjp bjp worker worker in in another another southern southern state? state? cm cm is is dismantling dismantling xtian xtian infra infra in in munnar?,positive
music and and direction direction by by of of my my favourite favourite by,positive
handling bully,neutral
thanks for for the the recent recent follow,positive
holy shit! shit! 40 40 page page script script of of the the opening opening scene scene of of man man of of steel steel on on krypton krypton got got compressed.i compressed.i wish wish i i could could at at least,negative
why no no available available in in the the u.k.? u.k.? unhappy,negative
delhi worried worried over over silence silence of of on,neutral
okay what what tf tf is is this this colorful colorful starbucks starbucks thing thing all all over over social social medium medium unhappy,negative
it's adore adore you,negative
update: manhattan manhattan attorney attorney preet preet bharara bharara wa wa asked asked to to resign resign along along with with other other obama-era obama-era u.s. u.s. attorney attorney - - doj.,neutral
hellooo happy happy xbox xbox adhatter adhatter (xboxmadhatter),positive
happy 10th 10th wedding wedding anniversary anniversary aishwarya aishwarya rai-abhishek rai-abhishek bachchan bachchan happy,positive
u.s. judge judge reject reject travel travel ban,neutral
this is is jimin jimin to to yoongi yoongi unhappy,negative
cong: 17,neutral
,neutral
i just just did did happy,positive
yg should should have have sent sent them them to to mcd. mcd. i i want want to to see see them them holding holding the the trophy trophy unhappy unhappy anyways,negative
noooo in in here here is is 6.45 6.45 ;_; ;_; i i have have class class at at that that time time unhappy,negative
we're no no less less than than cricketer,neutral
how techie techie wa wa killed killed --and --and an an american american took took bullet bullet aimed aimed at at another.,neutral
looking forward forward to to you you visiting! visiting! you've you've picked picked a a great great day day too,positive
why is is italian italian easier easier than than spanish spanish unhappy,negative
hey thanks thanks for for being being top top new new follower follower this this week! week! much much appreciated appreciated happy,positive
didn't even even get get an an easter easter egg egg this this year! year! unhappy unhappy xx,negative
can't wait wait for for those those revealing revealing qa's. qa's. happy,positive
why you you could could meet meet a a saltwater saltwater next next time time you you are are in in the,neutral
stake claim claim to to form form government government in in tamil tamil nadu,neutral
teacher back back worry worry over over silence,neutral
expert say say wrong wrong in in blaming blaming on on ganga ganga for for siltation.,neutral
tn farmer farmer in in skull skull protest protest in in delhi,neutral
i want want fun fun plan plan this this weekend weekend unhappy,negative
preliminary enquiry enquiry by by against against health health minister minister for for alleged alleged money money laundering.,neutral
yep i'm i'm going going back back to to school school to to become become an an editor editor hopefully. hopefully. can't can't wait! wait! your your sister sister really really belief belief in in my my skill skill happy,positive
you can can get get a a professional professional one one here,positive
,negative
i miss miss my my baby baby unhappy,negative
4000 migrated migrated in in 2015 2015 to to shield shield their their capital.,neutral
our crazy crazy easter! easter! our our donkey donkey is is insane! insane! seriously seriously crazy crazy haha!,positive
we seem seem to to have have sold sold our our government government some some time time ago. ago. unhappy,negative
stats for for the the day day have have arrived. arrived. 1 1 new new follower follower and and no no unfollowers unfollowers happy happy via,positive
party led led by by can't can't seem seem to to look look beyond beyond family family for for top top posts.,neutral
oh no no unhappy unhappy what what are are you you like?! like?! is is it it still still in in shops?,negative
who is is e e from from local local functionary functionary to to legislature legislature party party leader,neutral
and more. more. also also in in epaper.,neutral
pak court court sentence sentence to to death death for for spying.,neutral
are you you also also attractive attractive to to liza liza soberano? soberano? happy,positive
these will will be be ready ready long long before before winner winner are are named.,neutral
the video video will will definitely definitely be be a a 30 30 minute minute episode episode if if not not longer.,positive
fund fear fear on on research,neutral
chicken; more more pulse,neutral
currently standing standing outside outside the the shard shard with with a a bag bag full full of of empty empty bottle bottle because because i i came came to to work work with with tom tom today today happy,positive
a fish fish killer killer going going to to be be pressed pressed younhappy younhappy i i the the hoe hoe of of today today you you were were a a good good person,negative
,negative
not applicablengarag applicablengarag not not applicable applicable this this unhappy unhappy ill ill find find more more wonu wonu picture picture soon soon alxmdkcsnx,negative
puritan and and critic critic be be damned,neutral
i'll be be attending attending cosmic cosmic latte latte on on saturday saturday and and i'll i'll give give these these out out to to selu selu shipper shipper kasi kasi selu selu month month qaqo qaqo unhappy,negative
this mighty mighty albatross albatross carried carried missile missile torpedo,neutral
jitter for for pervert pervert healthcare healthcare in in bengal,neutral
16000 car car and and 40000 40000 autos.,neutral
yes!!! neil neil gaiman gaiman for for life! life! :d,positive
you deserve deserve a a vacation vacation happy,positive
maybe coffee coffee is is not not for for you you unhappy,negative
ahhh i'd i'd be be well well chuffed,negative
sad i i don't,negative
british dhc dhc bruce bruce bucknell bucknell with with institute institute of of entrepreneur entrepreneur head head manoj manoj da da discussing discussing skill skill devt devt in in ne ne at,neutral
no it it okay okay she she survived survived :,negative
assumes im im outsider outsider because because of of my,negative
mp put put on on no-fly no-fly list list by by for for pervert pervert airline airline a a well.,neutral
on electile electile dysfunction dysfunction (among (among losers),neutral
how childish childish of of you you commando commando happy,positive
weare are are u? u? unhappy,negative
capt amarinder amarinder singh singh take take oath oath a a 26th 26th chief chief minister minister of of watch watch live:,neutral
truuuu!! si si grim grim reaper reaper and and sunny sunny huhu huhu grabe grabe love love story story nila nila unhappy,negative
gunbattle that that felled felled father.,neutral
amazing stuff!!! stuff!!! thansk thansk for for this this happy happy birth birth control control - - gamma gamma ray ray (1972),positive
say prasun prasun chaudhuri.,neutral
cheer up up the the new new administrator administrator team. team. happy,positive
so excited excited for for the the thing thing coming coming in in the the future future happy happy thing thing are are going going great,positive
i'm sorry sorry but but people people have have to to make make a a living living happy,positive
me everything everything and and anything anything these these day,positive
and more. more. also also in in epaper,neutral
it hard hard to to see see your your best best friend friend with with another another girl girl happy,positive
thanks for for the the recent recent follow. follow. much much appreciated appreciated happy happy want want this,positive
if you you can't can't be be there there for for someone someone at at their their worst worst then then you you don't don't deserve deserve to to be be there there at at their their best best :)kisses :)kisses thefashionicon,positive
foreign tourist tourist with with e-visas e-visas to to get get free free card card on on arrival.,neutral
bjp worker worker stabbed stabbed to to death death during during local local temple temple festivity festivity at at mukkattukara mukkattukara in in kerala's kerala's district,neutral
,neutral
oh my my god god not not laurie laurie penny penny unhappy,negative
go back back to to school school for for music! music! i i think think i i will will in in time time happy,positive
i liked liked a a video,negative
thanks for for the the recent recent follow follow happy happy to to connect connect happy happy have have a a great great thursday.,positive
sorry about about that. that. you you can can always always ask ask u u to to follow follow you you so so you you can can dm dm you you happy,positive
when protestors protestors in in began began trying trying to to rescue rescue trapped,neutral
how is is playing playing in in du du colleges.,neutral
well..human. that's that's all all i,positive
but the the custom custom of of argentina argentina that that fill fill you you with with paperwork paperwork unhappy,negative
who want want some some good good vibes? vibes? watch watch this this on on youtube youtube or or tv100 tv100 application application now now for for free free happy,positive
talking to to my my over over driver driver about about where where i'm i'm goinghe goinghe said said he'd he'd love love to to go go to to new new york york too too but but since since trump trump it's it's probably probably not,negative
talking about about tattoo tattoo just just make make me me want want my my bb8 bb8 tattoo tattoo more more and and more more but but i'm i'm so so broke broke it it make make me me unhappy,negative
you got got to to rest,negative
awesome recommendation recommendation jess! jess! listened listened to to the,positive
what we we did did after after the the climax climax shot shot happy,positive
she loved loved beth beth so so much much unhappy,negative
our to to fro fro flight flight are are affected. affected. a a a a result result consequential consequential delay delay are are expected.,neutral
modi's call call to to ensure ensure justice justice for for woman woman facing facing evil evil customs.,neutral
not being being spe,positive
quoting official,neutral
no print print edition edition today,neutral
that would would be be a a great great trick trick happy,positive
appreciate your your recent recent retweets retweets have have a a great great thursday thursday happy,positive
so i i may may be be one one of of those those worker worker who who are are not not properly properly compensated compensated unhappy,negative
umma why why you you do do this this cry,negative
and more. more. also also in in epaper.,neutral
badly equipped equipped surgery,neutral
fri or or thu? thu? i'm i'm going going to to the the friday friday showing showing :d,positive
note for for indian,neutral
why karnataka karnataka body body decided decided to to boycott boycott award award function.,neutral
what meant meant by by 'potato 'potato factory' factory' is is thriving thriving reality reality for for bengal bengal farmer farmer in in chain.,neutral
white genocide genocide is is not not a a thing. thing. it it figment figment of of your your imagination. imagination. youre youre a a victim victim of of nothing nothing but but disinformation.,negative
this escalated escalated quickly,negative
it froze froze a a few few times. times. then then went went to to 16.10,negative
mom who who lost lost teen teen kid kid in in fire fire same%2c same%2c old%2c old%2c boring boring shit shit a a are are let let off off lightly,neutral
where's justin justin i i miss miss him him unhappy,negative
is that that store store still still in in use? use? if if so,negative
cabinet meeting meeting begins.,neutral
my friend friend is is such such an an egg,positive
and more. more. also also in in epaper.,neutral
nia to to take take over over encounter,neutral
how govt govt made made look look benign: benign: use use revised revised (and (and lower) lower) base base for for comparison.,neutral
awww yeah yeah :d,positive
thanks lala.. lala.. much much needed needed happy,positive
hobart in in 7 7 weeks. weeks. lot lot to to look look forward forward to to happy,positive
wish i i could could stay stay in in bed bed all all day day and and listen listen to to the the rain rain sad,negative
flavorful dream,negative
when your your effort effort pay pay off... off... happy,positive
the other other half half of of the the time time it it crash crash unhappy unhappy it's it's embarassing embarassing when when i',negative
re-polling underway underway in in 8 8 assembly assembly constituency constituency which which went went to to poll poll in in 1st 1st phase phase on on march march for,neutral
congrats! :d,positive
thanks for for the the this this week,positive
prepare to to be be inspired! inspired! happy,positive
,neutral
fir registered registered against against up up minister minister over over gang gang rape rape sexual sexual harassment,neutral
love this!,positive
thanks for for the the recent recent follow follow happy happy to to connect connect happy happy have have a a great great thursday. thursday. want want this this ?,positive
mutual: let's let's talk talk more!me: more!me: for for sure!mutual: sure!mutual: happy happy me:,positive
for first first time time in in 3 3 decade,neutral
a governor governor ponders.,neutral
what zoo zoo is is doing doing to to mark,neutral
soon :' :' i i need need you you so so much much cry cry with with joy joy {} {} i i need need you you kaswa kaswa :',positive
my favorite favorite hobby hobby is is finding finding the the negative negative in in a a positive positive thing thing happy,positive
asks govt,neutral
unfollowing bye bye happy,positive
ok? :d,positive
puzzle piece piece [64]rt [64]rt and and like like for for the the next next please please :){20 :){20 rts,positive
set to to take take oath oath a a up up cm cm today,neutral
full interview interview inside inside in in 7 7 days.,neutral
how to to be be you you piss piss off off cry cry 3,negative
in 7days 7days today: today: bjp's bjp's expanding expanding footprint,neutral
mcd polls: polls: release release second second list list of of 127 127 candidate,neutral
if i i get get 900 900 retweets retweets and and 900 900 likes. likes. help help me me :(un,negative
and more. more. also also in in epaper.,neutral
he'll kil,negative
no celtic celtic or or bruin bruin today today unhappy unhappy at at least least sale sale is is pitching pitching for for the the sox,negative
dept crackdown crackdown on on hoarders; hoarders; issue issue 87 87 notice,neutral
thanks for for connecting connecting we we are are passionate passionate about about - - hope hope you you like like our our tweet tweet happy,positive
say president president mukherjee.,neutral
3 men men die die trying trying to to save save friend friend from from on,neutral
hrd to to stop stop funding funding research research on on social social exclusion,neutral
here are are some some very very happy happy boy boy to to brighten brighten up up your your day day happy,positive
i'm so so glad glad i i have have you,negative
stay cool,positive
wut i i totally totally missed missed your your bday bday unhappy unhappy happy happy belated belated birthday birthday sweetheart,negative
big decision decision expected,neutral
she might might have have dressed dressed a a bit bit better.,positive
surround yourself yourself with with positivity positivity happy,positive
after the the bjp bjp is is certain certain it it can can get get away away with with anything,neutral
000 in in village village are are taught taught to to google google design,neutral
what the the number number say,neutral
mp cases: cases: rajnath.,neutral
13 guilty guilty in in murder,neutral
my knee knee is is similar similar colour colour to to leny leny henry's henry's unhappy,negative
poor baby baby unhappy unhappy i i hate hate people,negative
honesty hug hug for for bottom bottom rung rung -- -- while while mystery mystery persists persists over over missing missing taxpayers.,neutral
sorry i i didn't didn't make make it it to to the the book book drive drive yesterday yesterday couldn't couldn't get get outta outta work work unhappy,negative
sajeda momin momin on on why why a a cm cm is is a a logical logical milestone milestone of of the the death death of of the,neutral
i'm so so tired tired unhappy,negative
hundred of of immigrant immigrant arrested arrested in in 'routine' 'routine' u.s. u.s. enforcement enforcement surge,neutral
how bypoll bypoll wa wa put put off-- off-- on on ruling ruling combine's combine's request.,neutral
who would would you you call call when when you you are are roused roused in in midnightreminds midnightreminds me me of of the the time(s) time(s) they they were were roommate roommate unhappy unhappy unhappy unhappy unhappy unhappy you you suck,negative
i miss miss big big brother brother unhappy,negative
pak term term for for access,neutral
i miss miss bmf bmf sad,negative
trump administration administration resists resists economics economics of of and and visa visa for for indian indian companies.,neutral
they pinched pinched him him on on a a free? free? his his quality quality on on fm fm smile,positive
how became became demonetised demonetised note note in,neutral
and more. more. also also in in epaper.,neutral
you're got got to to disappear disappear half half way way too? too? unhappy unhappy everybody everybody want want to to being being lazy lazy eue,negative
enter to to win win 1 1 of of to to box box of of highly highly anticipated anticipated books! books! 6 6 book book in in each each box! box! open open int int happy,positive
citing outsider outsider inflow inflow open open campus.,neutral
im getting getting one one too too smile smile smile smile smile smile smile,positive
definitely my my arm arm unhappy,negative
just a a new new happy,positive
so i'm i'm super super impressed impressed he's he's got got his his musical musical mojo mojo back! back! thank thank you you so so much much happy,positive
tats! i i have have question question happy,positive
no one one is is offering offering this this poor poor old old lady lady a a seat seat unhappy,negative
in midst midst of of an an incendiary incendiary wish wish from,neutral
student stir stir to to intensify- intensify- strike strike today,neutral
from may may 1,neutral
chaged for for the the best best for for our our singto. singto. please,positive
it look look like like io io 11 11 is is due due to to kill kill it it unhappy,negative
no stamping stamping tagging tagging of of fliers' fliers' hand hand baggage baggage at at 7 7 major major from from april april 1.,neutral
this survivor survivor of of riot riot ha ha a a simple simple message message for for voters.,neutral
hellooo happy happy cjay cjay (cjay_100),positive
caution on on site site inroad inroad for for mayor mayor (who (who is is also also minister minister of of housing housing and and environment.),neutral
mane ha ha been been amazing amazing unhappy,negative
no offence offence :)** :)** don't don't want want to to hurt hurt anyone. anyone. all all i,positive
omg he... he... kissed... kissed... him him cry cry with with joy,positive
despite it it it it edge,neutral
that's europe,positive
the graveyard graveyard echo echo in in choice choice a a chief chief minister.,neutral
tougher road road law,neutral
maayos didn%27t didn%27t ang ang lahat lahat happy happy let let give give him him a a space space and and time time happy,positive
why is is it it so so difficult difficult for for me me to to get get at at least least a a chance chance unhappy,negative
appeasement of of none none is is the the policy policy of of my my govt,neutral
they want want say say at at victory victory rally.,neutral
mine hasn't hasn't been been sending sending stuff stuff unhappy,negative
we all all know know unhappy,negative
supreme court court issue issue arrest arrest warrant warrant to to get get high high court court judge judge to to face face case.,neutral
if you're you're an an aspiring aspiring developer developer in in or or near near krakw krakw this this is is an an excellent excellent opportunity. opportunity. they they even even pay pay their their intern intern happy,positive
have i i told told you you lately lately that that olive olive juice? juice? :d,positive
doe anyone anyone have have a a 7 7 adapter adapter or or 7 7 earbuds earbuds i i can can borrow borrow for for the the day? day? left left mine mine in in my my car car unhappy,negative
i literally literally couldn't couldn't see see a a thing thing when when they they were were at at the the back back of of the the stage,negative
it's okay okay i've i've accepted accepted you you the the way way you you are are unhappy,negative
i can't can't do do it it all all on on my my own. own. (see (see what what i i did did there? there? ),negative
modi say say people people don't don't want want handout,neutral
i protect protect it it with with a a layer layer of of fat fat :)kisses :)kisses thefashionicon,positive
greeted by by cm cm captain captain amarinder amarinder singh,neutral
what do do religious religious have have against against atheist atheist and,neutral
bond for for political political funding,neutral
my bed bed is is so so comfortable comfortable i i don't don't want want to to get get up up unhappy,negative
how slashed slashed research research seat,neutral
how offered offered to to help help of,neutral
you may may draw draw your your conclusion conclusion from from any any deviation deviation from from that that level level either either in in the the direction direction of of therapy therapy or or prevention,positive
it's $10 $10 but but also also free free postage. postage. i i wish wish the the seller seller had had yanan yanan and and yeo yeo one one too. too. unhappy,negative
and more.,neutral
nothing move move faster faster than than a a girl girl untagging untagging herself herself from from an an ugly ugly picture picture :)kisses :)kisses thefashionicon,positive
ahhhhh! you you recognized recognized logan!!! logan!!! cinemax cinemax show show have have a a bad bad track track record record for for getting getting cancelled cancelled unhappy,negative
but surge surge to to runner-up runner-up slot.,neutral
i need need cheering cheering up,negative
koala are are dying dying of of thirst thirst and and it's it's all all because because of of u u unhappy,negative
thank you you happy,positive
okay happy,positive
likely to to hear hear pil pil against against swearing-in swearing-in today,neutral
justice fails fails to to appear appear before before apex apex court court to to face face contempt contempt charges.,neutral
3 shot shot dead dead in in a a protestors protestors try try to to rescue,neutral
president trump trump fire fire top top government government lawyer lawyer sally sally yates yates for for defiance defiance on on immigration immigration order,neutral
thanks for for the the recent recent follow,positive
vile tactic tactic in in valley,neutral
militant wing wing welcome welcome but but asks asks him him not not to to speak speak against,neutral
4/the pilot pilot project project for for green green transportation transportation across across national national capital capital region region is is the the next next such such service service being being introduced introduced on,neutral
a treaty treaty could could provide provide security/ security/ tech tech for for culture culture development development happy,positive
yoongi come come back back unhappy,negative
thanks for for the the recent recent follow follow happy happy to to connect connect happy happy have have a a great great thursday.,positive
i love love when when people people or or message message me me w w long long message message about about how how beautiful beautiful they they find find joon joon like like unhappy unhappy yes yes i i agree agree keep keep going,negative
unhappy let's let's fight fight all all those those kid,negative
why doctor,neutral
thank you you happy,positive
i always always know know when when it it come come but but have have no no fucking fucking clue clue how how it it go go unhappy,negative
the famed famed ha ha to to conform.,neutral
time for for modi's modi's reforms.,neutral
are dying dying of of thirst thirst and and it's it's all all because because of of u u unhappy,negative
instant message message fine fine yoo,positive
it not not organicthey'll organicthey'll shoehorn shoehorn it it inbut inbut plot plot character character developmentmcu developmentmcu netflix netflix ha ha leswhat leswhat support,negative
shashank manohar manohar to to stay stay on on a a chairman chairman till till june june meet.,neutral
,neutral
use to to track track for for preventing preventing track track death,neutral
say up up chief chief minister minister yogi,neutral
i married married a a maoist maoist by by swati swati sengupta,neutral
delhi high high court court order order cop cop shield shield for for willing willing drivers; drivers; tell tell striker striker to to deal deal with with companies.,neutral
madam and and more. more. also also in in epaper.,neutral
mike. blessing blessing to to you. you. happy,positive
work on on option option to to get get backing backing on,neutral
hello everyone,positive
feeling myself,positive
poor mouse mouse unhappy,negative
india's industrial industrial production production contract contract 0.4% 0.4% in in dec dec 2016 2016 against against a a decline decline of of 0.9% 0.9% in in dec dec 2015.,neutral
thanks :d,positive
thanks for for up-voting up-voting u u on on ph ph happy,positive
maa ki ki kuss kuss tumhari. tumhari. now now take take this this bullshit bullshit you you loser.,negative
bihar jharkhand jharkhand for for nice nice try try filling filling police police vacancie,neutral
crusader pleads pleads for for saving,neutral
record low low turnout.,neutral
month and and year year of of bonding bonding and and happiness happiness family family mclisse mclisse starmu,positive
and more.,neutral
happy belated belated birthday birthday :)another :)another duet duet of of you you and and amaal amaal is is much much needed,positive
surit dos dos on on what what you you should should do do if if you you forget forget dynamic dynamic of of your your mobile,neutral
in this this mandate,neutral
lage unhappy,negative
in melbourne melbourne please please happy,positive
mutual: let's let's talk talk more!me: more!me: for for sure!mutual: sure!mutual: happy happy me:,positive
this is is what what we we have have in in front front of of us.,negative
we will will accept accept the the people's people's mandate,neutral
:'(( well,negative
india push push university university to to accept accept 3yr 3yr graduate graduate for for courses.,neutral
and more. more. also also in in epaper.,neutral
in today,neutral
koala are are dying dying of of thirst thirst and and it's it's all all because because of of u u unhappy,negative
? news news ? ? :d,positive
.agata baby baby unhappy unhappy it it broke broke in in the the mail. mail. but but i i read read your your letter letter can't can't thank thank you you enough. enough. you you are are the the best,negative
how broke broke rank rank with with other other body body in in east,neutral
600 for for drug drug eluting-- eluting-- in in crackdown crackdown on on wild wild markups.,neutral
supreme court court term term a a 'unfortunate' 'unfortunate' the the ground ground cited cited by by bengal bengal govt govt in in it it plea plea against against hc hc order order asking asking cbi cbi to to take take over over case,neutral
without hawks.,neutral
77 ? ? old old leyland,negative
i hope hope louis louis get get all all the the off off time time that that he he want want and and come come back back fresh fresh and and happy happy happy,positive
psa: remember remember this this when when you you ask ask artist artist to to draw draw for for you. you. i'd i'd say say the the same same thing thing for for writer writer but but apparently apparently commissi,negative
minister of of pmln pmln are are happy happy like like those those student student who who never never studied studied for for exam exam luckily luckily exam exam got got delayed. delayed. they'll they'll still still ha,positive
today hasn't hasn't been been great great unhappy,negative
in fact.,negative
yeah! my my sight sight reading reading wa wa pretty pretty good good in in high high school,negative
great to to work work with with you you too too such such a a lovely lovely place! place! thank thank you you for for havin,positive
apka apna apna awam awam ka ka channel channel frankline frankline tv tv aam aam admi admi production production please please visit visit or or like like share share :)fb :)fb page page :...,positive
bombay high high court court directs directs protesting protesting resident resident in in to to resume resume duty duty immediately,neutral
swear i i just just walked walked past past haha,negative
please do do commend commend him. him. h,negative
junior home home minister minister admits admits he he made made comment comment on on without without having having seen seen her her video.,neutral
blocked by by christensen.another christensen.another notch notch on on the the belt. belt. happy,positive
alright. look look like like back back to to chore chore behind behind the the scenes. scenes. my my page page hit hit drop drop to to 1k 1k daily daily when when i i don't don't visit visit and and post. post. unhappy,negative
i love love it it when when pretty pretty girl girl call call me me pretty pretty like like bitch bitch tf tf you you too too happy happy let's let's be be friend,positive
thanks for for being being top top new new follower follower - - have have a a great great week week happy,positive
in lucknow,neutral
bonhomie between between and and strike strike a a chord chord on on the the ground.,neutral
i'm actually actually cry cry while while typing typing this this tweet tweet i i just just can't can't take take it it anymore.. anymore.. not not applicablehulog applicablehulog not not applicable applicable knock knock out out d d unhappy,negative
i need need lesson lesson to to learn learn how how to to start start conversation conversation with with people people and and keep keep chatting chatting with with them them unhappy,negative
doe a a virat virat kohli,neutral
watch your your word word happy,positive
im hungry hungry unhappy,negative
thanks for for the the recent recent follow follow happy happy to to connect connect happy happy have have a a great great thursday. thursday. want want it,positive
well thanks thanks for for stoping stoping by by unhappy,negative
i need need cue cue something something that that would would make make me me smile....i'll smile....i'll be be waiting...:(,negative
give me me my my own own ahn ahn minhyuk minhyuk juseyoooo juseyoooo unhappy,negative
big fail.,neutral
and more. more. also also in in epaper.,neutral
in 7 7 days: days: what what calcutta's calcutta's are are learning,neutral
no one one is is selling selling vhope vhope banner banner what? what? sad,negative
sunnyside a a well well unhappy,negative
it's only only been been a a few few day day since since their their promotion promotion ended ended but but i'm i'm already already missing missing her her so so much much unhappy,negative
hotel fire fire in in calcutta,neutral
,neutral
r 1 1 crore crore and and r r 50 50 lakh lakh respectiv,neutral
protein from from an an australian australian venom venom may may help help victim victim recover recover faster.,neutral
i feel feel bad bad for for doing doing that that ahaha ahaha unhappy,negative
kim jong jong nam,neutral
i face face swapped swapped a a cat cat with with a a dog dog and and it's it's really really upsetting upsetting unhappy,negative
thanks for for that! that! little little thing thing like like that that really really help help when when sleep sleep start start hitting hitting and and you you don't don't drink drink coffee coffee or or energy energy drink drink unhappy,negative
would really really like like it it if if the the coandsole coandsole versioands versioands and and got got the the update update to to makr makr it it like like the the steam steam versioand. versioand. =(,negative
if you you want want a a friend friend in in washington,positive
join vote vote for for the the singer! singer! do do spread spread the the word. word. :d,positive
there isnt isnt a a new new riverdale riverdale tonight tonight ? ? unhappy,negative
finmin arun arun jaitley jaitley given given additional additional charge charge of of defence defence ministry ministry following following manohar manohar parikkar's parikkar's resignation: resignation: rashtrapati rashtrapati bhav,neutral
you still still syoure syoure ? ? :d,positive
forecast for for wet wet dol dol (sunday) (sunday) and and dry dry (monday).,neutral
why school school in in calcutta calcutta (and (and elsewhere) elsewhere) are are stunned stunned by by imposition imposition plan.,neutral
rape-accused leader leader gayatri gayatri prajapati prajapati nabbed nabbed --after --after roaming roaming in in delhi,neutral
at the the memorial.,neutral
how had had offered offered india india consular consular access access to,neutral
ha accepted accepted the the resignation resignation of of shri shri manohar manohar parrikar parrikar from from the the council council of of minister minister with with immediate,neutral
i have have a a cold cold unhappy unhappy we'll we'll see see how how i i feel feel today!,negative
who got got to to pen pen today today man man cry,negative
but in in reality reality they're they're just just patch patch of of dusty dusty dirt dirt unhappy,negative
good morning morning every every one,positive
visa 'selfie' 'selfie' by by cbse's cbse's plan,neutral
trump sign sign repeal repeal of of u.s. u.s. broadband broadband privacy privacy rule,neutral
supreme court court seek seek govt's govt's response response on on a a plea plea to to frame frame national national policy policy to to promote promote and,neutral
hey thanks thanks for for being being top top new new follower follower this this week! week! much much appreciated appreciated happy happy want want this this ?,positive
hey thanks thanks for for being being top top new new follower follower this this week! week! much much appreciated appreciated happy happy want want this this ?,positive
mukul kesavan kesavan on on what what the the attack attack on on means.,neutral
what's wrong wrong with with you you why why don't don't you you like like animal animal unhappy,negative
talking to to my my over over driver driver about about where where i'm i'm goinghe goinghe said said he'd he'd love love to to go go to to new new york york too too but but since since trump trump it's it's probably probably not,negative
yg should should have have sent sent them them to to mcd. mcd. i i want want to to see see them them holding holding the the trophy trophy unhappy unhappy anyways,negative
for trade trade ? ? happy happy what what yeah yeah want want ?,positive
,neutral
,positive
pozuelo (formerly (formerly of of swans) swans) and and suso suso (liverpool (liverpool now now ac),negative
hindi close close friend? friend? unhappy,negative
smile so so true. true. for for someone someone who who wa wa being being recognised recognised for for her her contribution contribution to to fashion,positive
fewer pollution,neutral
this is is great great to to hear hear joanna! joanna! happy happy we're we're so so pleased pleased you've you've had had a a good good experience.,positive
okay lang lang friend friend promise promise meant meant to to be be broken broken =( =( hahahaha,negative
supreme court court may may hear hear key key case case during during summer summer break.,neutral
koala are are dying dying of of thirst thirst and and it's it's all all because because of of u u unhappy,negative
,neutral
having lost lost kerala kerala bypoll,neutral
cant speak speak japanese japanese ::(,negative
this is is damn.... damn.... there there people people who who sincerely sincerely want want to to attend attend bh bh birthday birthday party party but but bcs bcs of of those those people people who who try try for for fun fun make make them them ca,negative
the application application is is kana kana kanji kanji funtime! funtime! sadly,negative
700 personnel) personnel) of of paramilitary paramilitary force force in in haryana,neutral
in setback setback for for trump,neutral
,neutral
i miss miss temperance temperance brennan brennan and and seeley seeley booth booth so so much much unhappy,negative
president clear clear for for piece piece of of supporting supporting legislation legislation related related to,neutral
roc boyz boyz sad,negative
give it it a a like like happy happy it's it's all all about about choice! choice! :d,positive
thanks for for the the recent recent follow follow happy happy to to connect connect happy happy have have a a great great thursday. thursday. want want this this ?,positive
be rip,negative
and more. more. also also in in epaper.,neutral
hey thanks thanks for for being being top top new new follower follower this this week! week! much much appreciated appreciated happy,positive
all that that voter voter in in these these village village want want is is a a permanent permanent with with india.,neutral
i dohn't dohn't want want toh toh cohmment cohmment ohn ohn it: it: amit amit shah shah oh,neutral
two militant militant killed killed in in encounter encounter in in that that lasted lasted nearly nearly 12 12 hours.,neutral
we were were classmate classmate for for alvarez alvarez but but i i don't don't really really see see you you around around school school anymore anymore unhappy,negative
,neutral
pake unhappy,negative
always running running out out of of space space on on my my phone,positive
ram madhav madhav tell,neutral
same unhappy,negative
newly elected elected mlas mlas to to meet meet in in lucknow lucknow on on mar mar 18.,neutral
tonight 7pm,positive
election commission commission on on plea plea seeking seeking scrapping scrapping of of and and other other benefit benefit given given to,neutral
why stem stem is is important,neutral
yes jenniessi?,negative
fear and and outrage outrage among among student student from from in in delhi,neutral
,neutral
nothing could could be be better better happy,positive
koala are are dying dying of of thirst thirst and and it's it's all all because because of of u u unhappy,negative
supreme court court shoot shoot down down govt govt bid bid to to put put sport sport ministry ministry bureaucrat bureaucrat in in panel panel to to run,neutral
,positive
thanks for for the the recent recent follow follow happy happy to to connect connect happy happy have have a a great great thursday.,positive
online shopping shopping timmeee. timmeee. anyone anyone got got good good site site suggestions? suggestions? happy,positive
i face face swapped swapped a a cat cat with with a a dog dog and and it's it's really really upsetting upsetting unhappy,negative
indian techie techie shot shot in in u,neutral
kanwal sibal sibal on on why why could could be be a a victim victim of of disruptive disruptive thinking.,neutral
india's growth growth rate rate at at constant constant market market price price for for 2016-17 2016-17 seen seen at at 7.1%,neutral
kind of of like like my my layout layout happy,positive
to retain retain tv tv innings.,neutral
this is is damn.... damn.... there there people people who who sincerely sincerely want want to to attend attend bh bh birthday birthday party party but but bcs bcs of of those those people people who who try try for for fun fun make make them them ca,negative
full expected expected in in a a month month or or two: two: arvind arvind subramanian.,neutral
if i i get get 900 900 retweets retweets and and 900 900 likes. likes. help help me me :(un,negative
happy 420 420 happy happy pas pas it it to to your your followers!,positive
miss the the rain rain unhappy,negative
i want want harry's harry's phonecase phonecase sad,negative
legal eagle eagle back back call call for for probing probing suicide suicide note.,neutral
i don't don't know know where where i i wa wa at at this this time time but but i i have have retweeted retweeted now now and and i've i've been been waiting waiting the the dm dm for for a a long long time time unhappy,negative
summer's not not in in our our school's school's vocabulary vocabulary unhappy unhappy we we need need air. air. please please tell,negative
,negative
road to to economy,neutral
india's jan jan 2017 2017 rise rise 4.32% 4.32% to to $22.11bn $22.11bn -- -- but but import import up up 10.70%,neutral
estranged half-brother half-brother of of leader leader kim kim jong jong un,neutral
although i'll i'll be be a a little little late late sad,negative
cash-swap case,neutral
,neutral
but water water pact pact remains remains elusive elusive for for india,neutral
shouldn't keep keep kenyan kenyan complaining complaining on,negative
panic and and deaths. deaths. at at india's india's top top hospital.,neutral
in case case you you missed missed it,positive
have you you voted voted for for the the wolf's wolf's bite bite on on greenlight greenlight yet? yet? happy happy help help u u get get wolfie wolfie pig pig on on steam!,positive
academic siege,neutral
becoz if if we we will will depend depend on on your your promoting promoting it it waste waste of of hardwork hardwork to to all all team team who,negative
l uttar uttar pradesh pradesh (leads/trends) (leads/trends) 373/403 373/403 264 264 70 70 27 27 others others 12,neutral
country's first first conviction: conviction: minister minister sentenced sentenced to to 7 7 year year rigorous rigorous imprisonment.,neutral
excuse me me i i don%27t don%27t see see my my nama nama unhappy,negative
definitely my my arm arm unhappy,negative
a riot riot refugee's refugee's resolve resolve and and more. more. also also in in epaper.,neutral
people don't don't want want handout,neutral
say on,neutral
the bank bank job,positive
wish i i had had someone someone to to cuddle cuddle me me right right now now unhappy,negative
high court court grant grant stay stay on on criminal criminal proceeding proceeding against against minister minister in in case case filed filed by by mla mla mohua mohua moitra.,neutral
bsf dismisses dismisses constable constable tej tej bahadur bahadur yadav yadav from from service service after after a a court court of of inquiry. inquiry. bad bad quality quality food food allegation allegation were were base,neutral
fuck get get me me follower follower unhappy unhappy my my ratio ratio is is amazing,negative
and more. more. also also in in epaper.,neutral
it's only only been been 3 3 day day and and to to night night since since mama mama went went back back to to the the province province but but i i already already miss miss her her unhappy,negative
hellooo happy happy ross ross chaplin chaplin (masoncooper4),positive
jp yadav yadav on on rebranding rebranding of,neutral
you too too man man happy,positive
sukanta chaudhuri chaudhuri on on and and what what it it mean mean for for indian,neutral
union will will include include railway railway budget. budget. today,neutral
in govt govt set set menu menu item item limit limit on on wedding,neutral
[bot] i'm i'm not not perfect perfect happy,positive
i'll like like her her happy,positive
i had had that that down down south south and and had had no no issue,positive
why india india is is trying trying to to seal seal with,neutral
in memoriam memoriam of of alea alea starbridge starbridge unhappy unhappy your your beautiful beautiful voice voice will will never never be be forgotten.,negative
writes to to tn tn assembly assembly secretary secretary for for no-confidence no-confidence motion motion against against speaker speaker dhanapal.,neutral
and winning winning giveaway giveaway etc etc unhappy,negative
my boo))):,negative
growth rate rate of of the the industrial industrial sector sector estimated estimated to to moderate moderate to to 5.2% 5.2% in in 2016-17 2016-17 from from 7.4% 7.4% in in 2015-16:,neutral
mood is is against against communalism,neutral
ha the the number,neutral
goodmorning!! my my parent parent are are taking taking kid kid for for lunch lunch today- today- they they are are off off school-report school-report card! card! i'm i'm wor,negative
centre allows allows to to prosecute prosecute former former principal principal secretary secretary of of delhi delhi chief chief minister minister arvind arvind kejriwal,neutral
i got got th th will will add add sim sim ant ant a a a a possible possible thanks thanks happy,positive
keep smiling smiling happy,positive
,positive
polling underway underway in in 69 69 assembly assembly seat seat spread spread across across 12 12 district district in in phase-iii phase-iii of,neutral
.a scan scan for for your your tumblr tumblr happy,positive
mukul kesavan kesavan on on who who ought ought to to (and (and not not who who will) will) win win in,neutral
dm u u happy happy s,positive
note crunch crunch and and glass-bangles,neutral
british police police probing probing background background of of terrorist.,neutral
minah start start cry cry because because of of the the fan fan and and yura yura hyeri hyeri make make her her laugh laugh to to cheer cheer her her up.. up.. i i can't can't cry cry with with joy,positive
unhappy feeling feeling bored,negative
agreed! i i feel feel like like i've i've skipped skipped too too many many css/design css/design fundamentals. fundamentals. i'm i'm spending spending the the next next couple couple of,positive
andy unhappy,negative
how note note are are entering entering system system via via calcutta calcutta business business district.,neutral
the today today double double annual annual contract contract of of india india cricketer cricketer to to r r to to crore,neutral
what power power drive drive to to become become chief chief minister.,neutral
i miss miss them them already already unhappy,negative
thanks for for the the recent recent follow follow happy happy to to connect connect happy happy have have a a great great thursday.,positive
to be be sworn sworn in in a a deputy deputy cm,neutral
i wa wa telling telling you you to to read read a a book book today. today. knowledge knowledge is is power. power. knowledge knowledge is is growth. growth. kee,positive
i love love laying laying in in a a meadow meadow of of flower flower listening listening to to mellow's mellow's music music ...a ...a great great way way to to relax relax smile,positive
can't believe believe he he will will be be year year for for next next year year unhappy unhappy we're we're becoming becoming old old hahahah hahahah :v,negative
mukul kesavan kesavan on on the the state state of of the the fourth fourth estate.,neutral
modi take take plunge,neutral
india to to tap tap for,neutral
and more. more. also also in in epaper.,neutral
,negative
yeesh unhappy unhappy it's it's fairly fairly warm warm here.,negative
welcome happy,positive
seokjinie went went to to everland everland today~ today~ i i guess guess he he forgot forgot that that he's he's an an idol,positive
that's insane! insane! good good luck luck for for that! that! i i took took it it off off yesterday yesterday afternoon. afternoon. :d,positive
slight buzy buzy kasi kasi besh besh unhappy,negative
louis_tomlinson follow follow me me please? please? unhappy,negative
i understand....i understand....i do do silly silly shit shit like like that that to to make make my my friend friend smile smile happy,positive
drug during during despite,neutral
celebrate hitler's hitler's birthday! birthday! =d,positive
much appreciated appreciated happy,positive
don't miss miss you you anymore anymore unhappy,negative
thanks for for the the recent recent follow. follow. much much appreciated appreciated happy,positive
thanks for for the the recent recent follow follow happy happy to to connect connect happy happy have have a a great great thursday. thursday. get get free?,positive
attack on on westminster,neutral
happy bday bday midawgdarnizlle midawgdarnizlle i i love love you you a a long long time time happy happy thanks thanks for for being being my my best best friend friend forever forever and and attempting attempting to to travel travel on on the the road,positive
put forth forth searching searching question question to to liquor liquor baron baron on on the the disclosure disclosure of of his his asset asset to to the the court.,neutral
amit roy roy on on the the clash clash between between and,neutral
die evil evil raven! raven! :d,positive
assam lawmaker lawmaker want want national national body body to to save save the,neutral
over 20 20 million million voters.,neutral
i want want to to quit quit fighting fighting any any type type of of election: election: irom irom sharmila sharmila after after losing losing her her maiden maiden election election in in (ani),neutral
all ready ready for for it it poster poster - - when when my my computer computer get,negative
supreme court court quashes quashes criminal criminal complaint complaint against against cricketer cricketer for for allegedly allegedly depicting depicting himself himself a a on on magazine magazine cover.,neutral
why do do people people on on the the internet internet have have to to be be such such ass ass annoyance annoyance here's here's some some positivity positivity for for you. you. i i love love your your art!!! art!!! :d :d it's it's so so pretty!!,positive
sunday holiday holiday for for recruit,neutral
we've 80 80 so so far far in in our our collection collection of of 150+! 150+! happy happy new new gin gin menu menu coming coming soon soon a a well!,positive
scout photobombed photobombed my my bluebell bluebell photo photo sad,negative
shade of of in in law law change,neutral
i miss miss my my baby baby unhappy,negative
muslim body body lay lay down down code code of of conduct conduct during during divorce,neutral
and more. more. also also in in epaper.,neutral
if josie,positive
back to to coconut coconut hair hair unhappy,negative
swanmen setting setting up! up! pablo pablo is is waiting waiting for for more more news news to to happen happen happy,positive
how is is pushing pushing his his team team to to use use twitter twitter a a a a tool.,neutral
im done done trying trying to to take take men men seriously seriously happy,positive
thanks for for being being high high value value member member this this week,positive
good luck! luck! you you have have my my vote vote smile,positive
8 killed killed in in election election violence,neutral
a chub chub bun bun because because it it easter! easter! happy happy easter! easter! his his name name is is almond! almond! :d,positive
yeah sad,negative
auditor at at helm,neutral
,neutral
no change change in in word word limit limit in in rti rti queries; queries; no no application application will will be be rejected rejected only only on on the the ground ground of of containing containing more more than than 500,neutral
get the the crowds.,neutral
,positive
whatever india india offer offer the the biggest biggest issue issue is,neutral
i'm so so glad glad i i don't don't care care what what people people think think anymore anymore but but i i wish wish i i still still looked looked my my best best everyday everyday like like i i used used too too sad sad i i just just pick,negative
if you you are are reading reading this this i i hope hope something something great great happens happens smile,positive
you nailed nailed it!!!!! it!!!!! brought brought tear tear to to my my eye,positive
inhe sikhaiye!!! sikhaiye!!! msy msy request request to to teach teach rope rope of of politics..,neutral
ruchir joshi joshi on on how how calcutta's calcutta's is is being being destroyed destroyed a a vandal vandal decide decide the the future.,neutral
her back back unhappy,negative
you've got got the the message message happy,positive
soon i'll i'll make make art art happy,positive
wow awesome awesome gog! gog! thanks thanks happy,positive
and more. more. also also in in epaper.,neutral
soldier trekked trekked through through snow snow to to take take his his mother's mother's body body home.,neutral
sudden blaze blaze destroys destroys bungalow.,neutral
up female female cop cop take take selfies selfies while while guarding guarding acid acid attack attack victim victim in in hospital,neutral
want to to say say hi hi to to you.,negative
those chibis chibis though!!' though!!' :d,positive
ugc proposes proposes 20% 20% pay pay hike hike for for college college teachers.,neutral
the how how and and why why of of (or,neutral
and more. more. also also in in epaper.,neutral
i think think that's that's going going to to be be true,negative
some summer summer salad salad inspiration inspiration for for the the bbq bbq smile,positive
focus on on msme,neutral
i miss miss you you too too unhappy,negative
haha! i i would would love love to to work work for for a a train train company company :d :d be be a a great great dream dream come come true!,positive
centre override override bengal,neutral
thanks for for the the recent recent follow follow happy happy to to connect connect happy happy have have a a great great thursday. thursday. get get this,positive
law cannot cannot replace replace the the trust trust and and compassion compassion between between and,neutral
i love love you you have have fun fun with with your your friend,negative
after 65 65 year,neutral
only on on vehicles: vehicles: gadkari.,neutral
that fall fall wa wa a a mess mess unhappy,negative
i hope hope this this little little beaand beaand is is andot andot overworkiandg overworkiandg himself himself and and gettiandg gettiandg at at least least some some rest rest unhappy,negative
r.i.p cellphone cellphone unhappy,negative
these nosebleed nosebleed are are getting getting outta outta hand hand unhappy,negative
an old old street street directory directory of of had had astounding astounding detailing.,neutral
not really really an an amount amount just just load load of of section section unhappy unhappy i'll i'll ride ride up up to to to to netherton netherton now now meet meet me me at at darby darby end end ?,negative
mla sits sits on on speak's speak's chair chair in in angst,neutral
gorbachev done done w/o w/o fear. fear. thought thought bold bold enough enough to to implement implement his his vision vision on on damp damp squib squib unhappy,negative
thanks for for the the recent recent follow follow happy happy to to connect connect happy happy have have a a great great thursday. thursday. get get this,positive
for being being top top high high value value member member this this week week happy,positive
thanks for for the the recent recent follow follow happy happy to to connect connect happy happy have have a a great great thursday.,positive
i've been been trying trying to to bank bank sleep sleep all all week week happy happy i i doubt doubt i'll i'll be be able able to to sleep sleep friday friday or or saturday saturday night,positive
and mixing mixing folklore folklore with with history.,neutral
good morning morning every every one,positive
the may may be be changing changing it it attitude attitude to to coalition coalition partner,neutral
hey thanks thanks for for being being top top new new follower follower this this week! week! much much appreciated appreciated happy,positive
i really really appreciate appreciate it. it. hope hope you you have have a a brilliant brilliant day day happy,positive
exclusive jnu jnu fir fir mark mark aisa aisa leadership,neutral
man seen seen tied tied to to army army jeep jeep in in video video from from jk jk identified,neutral
how shattered shattered firozabad's firozabad's industry.,neutral
congratulation to to both both of of you. you. happy,positive
call duration: duration: before before sex: sex: 01:47:36 01:47:36 after after sex: sex: 00:00:19 00:00:19 cry,negative
worship me me and and spoil spoil me me happy,positive
i'm happy happy happy,positive
streaming later later in in the the day day (night (night stream) stream) since since i i have have to to go go and and take take care care of of the the internet internet contract,negative
talking to to my my over over driver driver about about where where i'm i'm goinghe goinghe said said he'd he'd love love to to go go to to new new york york too too but but since since trump trump it's it's probably probably not,negative
shut up,positive
definitely my my arm arm unhappy,negative
,neutral
after surprise surprise resignation resignation by by bos bos manohar,neutral
hiii. . . gentleman gentleman commander commander (bryannousaurus) (bryannousaurus) happy,positive
supreme court court caution caution on on not not for for stealing stealing sari,neutral
hit at at advertisement.,neutral
after graveyard graveyard barb,neutral
governor vidayasagar vidayasagar rao rao to to meet meet new new legislature legislature party party leader leader edappadi edappadi k k palaniswami palaniswami and and others others at at 5.40pm.,neutral
this week week marilyn marilyn pop pop by by and and get's get's down down and and dirty dirty happy happy cum cum see!,positive
govt appoints appoints director director of of ten ten indian indian institute institute of of management.,neutral
,neutral
ready now! now! one one 9 9 week week old old chocolate chocolate female female puppy puppy from from harlowe harlowe x x sterling! sterling! happy happy this this girl girl is is a a sweetheart sweetheart and and ha ha a...,positive
thanks for for being being top top engaged engaged community community member member this this week week happy happy want want this?,positive
thanks for for being being top top influencers influencers in in my my community community last last week week happy,positive
bengal draft draft bill bill to to check check bills.,neutral
enforcement directorate directorate chief chief karnal karnal singh singh get get a a fixed fixed tenure tenure of of to to years.,neutral
you too. too. smile,positive
a troubled troubled life life end end and and more. more. also also in in epaper.,neutral
can you you guy guy make make the the japanese japanese greninja's greninja's and and waveguider waveguider come come a a well? well? happy,positive
come to to miami miami sad,negative
and he's he's still still taking taking over over a a quarter quarter of of the the billboard billboard chart chart while while x x is,negative
you guy guy are are entertaining entertaining and and insightful... insightful... and and one one of of the the reason reason i i have have been been really really enjoying enjoying lpl lpl a a lot lot more more this this season season :d,positive
and more.,neutral
me too too sweetie sweetie i i know know how how you you feel feel unhappy,negative
aww eunji eunji didnt didnt see see win win today today sad sad but but congratulation congratulation to to winner winner !!!!,negative
ummm announced announced a a new new show show in in buffalo! buffalo! he he should should ask ask to to be be an an opener! opener! happy,positive
this is is why why i i made made the the video video about about improving improving your your line line work work on on youtube,positive
don't rt rt to to save save a a guy's guy's life,negative
standoff with with left left a a abvp abvp block block entrance entrance of of maurice maurice nagar nagar ps. ps. stone stone egg egg shoe shoe thrown thrown from from p p side. side. many many hurt,neutral
if the the below below tweet tweet hit hit 1000 1000 is is getting getting rian rian holding holding the the sticker sticker too!!! too!!! click click the the below below tweet tweet sm,positive
charge to to experience experience muna muna happy,positive
do you you even even care care at at all all unhappy,negative
these are are thing thing that that will will get get cheaper cheaper costlier costlier for for you you from from april april 1,neutral
how to to win win friend friend and and influence influence people. people. with with cows.,neutral
,positive
helloo :d :d best best damn damn avocado avocado (batsyy_),positive
give a a little little for for her her happy,positive
pill for for school,neutral
i'll give give it it a a try try happy,positive
to injured,neutral
thanks for for the the recent recent follow follow happy happy to to connect connect happy happy have have a a great great thursday. thursday. want want this,positive
citizen petition petition govt govt to to make make nursing nursing home home come come clean clean on,neutral
papa bird? bird? i i hope hope year year oldu oldu don't don't mind? mind? because because i i want want to to stay stay with with year year old,positive
dragon more! more! omg omg :d,positive
mutual: let's let's talk talk more!me: more!me: for for sure!mutual: sure!mutual: happy happy me:,positive
definitely wasn't wasn't what what i i wa wa looking looking for for :/ :/ but but gave gave it it a a try try anyway anyway happy,positive
and more.,neutral
ahead of of election,neutral
trouble with with google google play play and and more. more. in,neutral
hiii. . . reece reece (reeceboast) (reeceboast) happy,positive
i don't don't want want to to adult adult today.. today.. it's it's my my birthday birthday unhappy,negative
this song song will will always always be be one one of of my my faves faves unhappy,negative
justice face face supreme supreme court,neutral
i see see a a new new highlight highlight of of pm pm speech speech at at bjp bjp hq,neutral
hi cham,positive
riddle over over 'formerly' 'formerly' tag tag on on collection.,neutral
toshiba approves approves chapter chapter 11 11 filing filing for for nuclear nuclear unit unit westinghouse: westinghouse: nikkei,neutral
ill-fitting denture,neutral
follow him him happy,positive
private put put expansion expansion on on hold.,neutral
having pulled pulled up up for for negligence negligence bengal bengal cm cm order order party party not not to to meddle.,neutral
rt for for 50 50 ffs-rt ffs-rt pinned pinned tweet!!-be tweet!!-be patient patient -legiiiiiiit-no -legiiiiiiit-no saved saved account account happy,positive
,positive
,neutral
on the the way,negative
baby unhappy,negative
another 'go-back' 'go-back' shooting shooting in in u,neutral
hi :d :d retweet retweet for for a a follow!!!,positive
cash reward reward likely likely for for doctor doctor following following correct correct protocol.,neutral
bsp's is is keeping keeping her her rival rival edgy.,neutral
,neutral
the people people of of are are going going back back to to a a economy,neutral
order what what ever ever you you want want to to eat eat through through our our website.may website.may you you all all have have a a great great day day happy,positive
your body body hears hears everything everything your your mind mind says. says. be be kind,positive
happy weed weed day day without without them them is is not not the the same same anymore anymore unhappy,negative
talking to to my my over over driver driver about about where where i'm i'm goinghe goinghe said said he'd he'd love love to to go go to to new new york york too too but but since since trump trump it's it's probably probably not,negative
what a a great great thing thing to to be be sad sad about about unhappy,negative
top to to make make you you pay pay for for cash cash transaction transaction at at branches.,neutral
in 7days: 7days: cricket's cricket's commoner commoner prince,neutral
can i i only only pick pick one one unhappy,negative
a governor's governor's letter letter is is leaked,neutral
huh? happy,positive
say manini manini chatterjee.,neutral
say prasun prasun chaudhuri.,neutral
many thanks,positive
i've tried tried resetting resetting everything,negative
i bet bet the the media's media's one-sided one-sided view view of of tim tim tam tam surprisingly surprisingly wa wa the the alt-right alt-right roar roar extreme extreme droll droll fad fad unhappy,negative
very sad sad unhappy,negative
govt duck duck call call for for vote vote verifier,neutral
koala are are dying dying of of thirst thirst and and it's it's all all because because of of u u unhappy,negative
+i have have no no choice choice but but to to cancel cancel it. it. unhappy,negative
modi govt govt to to consult consult on on before before talking talking to,neutral
enough! say say supreme supreme court court and and end end 38yr 38yr legal legal battle battle over over project.,neutral
being framed framed by by politician,neutral
you mean mean your your voice voice changed? changed? unhappy,negative
8 core core sector sector slow slow down down to to 1% 1% in in feb feb 2017 2017 against against 9.4% 9.4% in in feb feb 2016.,neutral
thanks for for the the recent recent follow follow happy happy to to connect connect happy happy have have a a great great thursday.,positive
carcass found found at at home home of of govt govt doctor doctor into into drugs.,neutral
hi julie,negative
how people people write write a a joke joke on on religion religion online.*joke**just online.*joke**just joking joking guy,positive
envoy worry worry over over india india and and taxing taxing sanitary sanitary napkin,neutral
class hall hall mission mission and and heroic heroic dungeon dungeon surprised surprised :d,positive
abha narain narain lambah lambah on on her her mission mission to to restore restore capitol capitol complex complex in,neutral
i think think i've i've finally finally figured figured out out the the tattoo tattoo i'm i'm getting getting in in august august :d,positive
you deserve deserve better better . . hope hope you'll you'll be be okay okay unhappy,negative
good morning morning every every one,positive
is running running out out of of patience,neutral
dargah trust trust volunteer volunteer in in sc sc to to clear clear in in 908sq 908sq metre.,neutral
left few few month month in in hinhua hinhua ler ler unhappy unhappy i i need need to to gambateh gambateh wink,negative
say sp sp leader leader shivpal shivpal yadav,neutral
l congratulate congratulate people people of of up,neutral
calcutta hc hc sends sends case case to to cbi.,neutral
why can't can't dog dog just just live live forever forever unhappy,negative
which is is good good for for him him happy,positive
punishment time time for for jb's jb's team! team! unhappy,negative
slayin_bodies going going live...please live...please tune tune in...thank in...thank you you happy,positive
bjp capture capture in in record record show.,neutral
hey everyone everyone me me and and harry harry have have just just had had pancake pancake and and maple maple syrup syrup for for breakfast breakfast . . great great way way to to start start the the day day happy happy miss miss you you a,positive
say of of her her bid bid to to enter,neutral
retweet if if you you are are with with us? us? kaway kaway kaway kaway family family :)mclisse :)mclisse starmusicifwefallinlove,positive
,neutral
rt for for 13 13 ffs-it's ffs-it's not not much much but but they're they're free-legit-free free-legit-free but but follow follow me me first first to to get get them them quicker-be quicker-be patient patient i i will will g,positive
please follow follow me me . . i i have have been been trying trying to to get get your your follow follow for for a a long long time time unhappy unhappy .,negative
huge haul haul of of milk-boosting milk-boosting hormone hormone in in calcutta.,neutral
and they'll they'll brush brush it it off off lng lng telling telling others others not not applicable applicable not not applicableg-iinot applicableg-iinot applicablerte applicablerte lng lng sila sila and and that that other other had had it it worse worse than than them. them. unhappy,negative
i guess guess it's it's a a good good thing thing then then to to bring bring it it right right to to the the foreground foreground and and put put it it right right in in their their face,positive
some people people you you intensionly intensionly they they don%27t don%27t even even they they please please someone someone unhappy,negative
fixing iphone iphone storage storage issue issue and and more. more. in,neutral
this is is just just super super can't can't wait wait happy,positive
,positive
get all all the the latest latest fastest fastest update update on on throughout throughout the the day day here:,neutral
she also also make make some some of of the the most most beautiful beautiful art art (my (my biggest biggest inspo) inspo) all all for for sale sale if if anyone anyone is is interested interested happy,positive
india using using to to tackle tackle insurgents.,neutral
yes it it would would have have if if it it hadn't hadn't been been for for those those meddling meddling cloud cloud smile,positive
sixth spot spot not not applicable applicable team! team! higher higher pa! pa! :)kisses :)kisses thefashionicon,positive
helloo :d :d mr mr drippy drippy (callmeergan),positive
reservoir to to financial financial deal,neutral
i want want a a spoon spoon but but i i cant cant go go unhappy unhappy honestly honestly feel feel like like a a messy messy break break up up unhappy,negative
play your your part part in in raising raising fund fund for for :,positive
got this this interview interview poppin poppin happy happy $$$$$,positive
get majority majority in in 117-member 117-member win win 59 59 seat,neutral
instant message message still still hoping hoping unhappy,negative
i really really enjoyed enjoyed horrizion horrizion zero zero dawn dawn but but no no idea idea what what to to play play next next unhappy,negative
i love love him him so so much much i i want want to to kindly kindly stroke stroke his his penis penis :d,positive
we lost: lost: at at jacksonville,negative
happy many many day,positive
i only only just just absorbed absorbed that that i'm i'm not not going going to to get get to to laugh laugh when when he he get get 2000 2000 votes. votes. unhappy,negative
sorry for for no no stream stream yesterday,negative
definitely my my arm arm unhappy,negative
i wish wish but but i i can't can't sad,negative
when gave gave this this mp mp a a bus bus all all to to himself himself to to board board flight...as flight...as 'goodwill',neutral
india may may make make it it illegal illegal for for social social messaging messaging platform platform to to share share personal personal data.,neutral
miss you you unhappy,negative
love you you too too p!,positive
palani in in court court rule rule on on and and more. more. also also in in epaper.,neutral
i want want to to kiss kiss his his nose nose and and tell tell him him i i love love him him sad,negative
growth of of 8 8 core core sector sector slows slows to to 3.4 3.4 pc pc in in january january compared compared to to 5.7 5.7 pc pc in in the the year-ago year-ago month.,neutral
my puppy puppy deserves deserves all all better better unhappy,negative
bjp leader leader in in the the dock,neutral
playmfs: need need moodbooster moodbooster juseyo juseyo unhappy unhappy jily_jelly,negative
one of of our our fleet fleet is is solely solely seeharged seeharged by by domestisee domestisee hydro hydro toro toro see,positive
aw goodnight goodnight angel! angel! i i love love you you lot lot and and i i hope hope you're you're going going to to have have the the best best tiame tiame and and a a lot lot of of fun!! fun!! wonho's wonho's already already am,negative
i wish wish i i could could sleep sleep early early unhappy,negative
beetle done done and and join join wall-e,positive
for matthew matthew hayden,neutral
breather for for highway highway booze,neutral
ah baba baba no no idea idea torus torus olorun. olorun. may may i i never never be be a a victim victim of of such such case,negative
great to to see see you you buddy buddy nicest nicest dude dude in in the the world. world. keep keep killing killing it it brother brother happy,positive
hello i i hope hope you you visit visit luxor luxor it it amazing amazing city city in in egypt egypt plea plea check,positive
after sc sc ban,neutral
beyond brexit,neutral
3 3 3 3 3 please please unhappy,negative
but the the same same look look at at epaper epaper at at special special link.,neutral
ass star star in in battle,neutral
i considered considered asking asking where where that that came came from. from. :d,positive
i second second that! that! thanks thanks for for the the spin. spin. very very much much appreciated. appreciated. happy,positive
india's action action against against charity charity trigger trigger spat spat with with administration.,neutral
give away away random random rt! rt! for for a a chance chance to to win win a a 10usd 10usd itunes itunes or or gp gp gift gift card! card! winner winner will will be be selected selected in in a a few few minute minute happy,positive
for those those asking,negative
sooooo feel feel like like a a friday friday today today unhappy,negative
modi promise promise early early deal. deal. but...,neutral
it is is versus,neutral
thanks for for the the recent recent follow follow happy happy to to connect connect happy happy have have a a great great thursday. thursday. want want this,positive
no some some bengal bengal traffic traffic cop cop do do the the with with pen pen and and paper.,neutral
nearly done done now! now! thanks thanks everyone everyone for for joining joining and and hope hope to to see see you you same same time time next next thursday thursday happy,positive
thanks for for the the recent recent follow follow happy happy to to connect connect happy happy have have a a great great thursday.,positive
he's the the best best happy,positive
on the the moon. moon. and and more. more. also also in in epaper.,neutral
bengal look look at at way way to to change change classification classification of of to to bypass bypass order.,neutral
soumitra da da listens listens to to kirtans kirtans asks asks why why should should be be set set by by rules.,neutral
quiz for for industry,neutral
will miss miss it it but but i'm i'm on on an an open open education education seminar seminar in in palestine palestine happy,positive
yg should should have have sent sent them them to to mcd. mcd. i i want want to to see see them them holding holding the the trophy trophy unhappy unhappy anyways,negative
it's a a very very cute cute picture picture though though :d,positive
demand presidential presidential rule,neutral
fuckin' headache headache everyday everyday unhappy,negative
3 arrested arrested in in connection connection with with of of men men on on polling polling day day in in budgam budgam on on april april 9: 9: police.,neutral
watch this this mayward mayward fam!,positive
and the the hype hype is is real real happy,positive
crude 'architecture' 'architecture' is is taking taking over over the the world's world's only only city city with with for for building building by,neutral
ouuuuu..... right right in in the the jewels! jewels! :d,positive
just please please look look at at how how scared scared and and full full of of tence tence lauren's lauren's face face is is after after tryin tryin reaching reaching camila's camila's hand,negative
beyond bihar bihar border,neutral
india could could gain gain from from a a partnership partnership with with in in the the say say kp kp nayar.,neutral
new upcoming upcoming hero hero revealed! revealed! wukong,positive
committee constituted constituted by by the the ministry ministry ha ha recommended recommended that that city city taxi taxi should should be be allowed allowed to to run run on on app app based based platforms.,neutral
for every every like like ill ill post post an an answer answer smile,positive
in 7 7 days: days: assam assam vies vies for for taste taste bud,neutral
avi for for my my man man :)phone :)phone made made like like always always wink,positive
poor baby baby unhappy unhappy i i hate hate people,negative
due to to sudden sudden drop drop in in visibility visibility at at blr,neutral
in varsity,neutral
kp nayar nayar says.,neutral
[please rt] rt] he'll he'll buy buy me me a a blinking blinking taehyung taehyung headband,negative
naeem bokhari bokhari says... says... mian mian ha ha gone gone !! !! are are so so cute cute nb nb happy happy but but n n is is ugly ugly evil.,positive
i know know how how you you feel,negative
going through through pace pace of of decommissioing. decommissioing. very very poignant poignant moment moment for for in/ in/ air air arm arm - - to to give give a a send send off off to to a a true true war war horse,neutral
say sl sl rao.,neutral
cpl swallow swallow just just gone gone over over the the house. house. heard heard them them whilst whilst flying flying my my drone.. drone.. happy,positive
review show show up up hole hole in in india's india's govt-funded,neutral
raje's stock-home stock-home syndrome,neutral
i can't can't draw draw naked naked woman woman cry,negative
i miss miss my my baby baby unhappy,negative
crowd flock flock to to rowling-morgan rowling-morgan clash,neutral
supreme court court say say final final hearing hearing of of dispute dispute case case from from july july 11.,neutral
how come come i i didn't didn't get get a a reminder reminder email email this this month month unhappy,negative
but court court order order further further probe probe into into corruption corruption charge.,neutral
please just just stop stop confining confining animal animal in in zoo zoo unhappy,negative
american doe doe not not consider consider himself himself a a hero.,neutral
who to to bring bring to to mb mb man man unhappy,negative
i'll dm dm you you half half naked naked picture picture happy,positive
and killed,neutral
how about about me me be be jup jup unhappy,negative
miss petite petite happy happy thursday thursday happy happy looking looking forward forward to to the the weekend?,positive
while the the unit unit involved involved wa wa pti,neutral
nitish is is not not stupid.,neutral
study sprout,neutral
thanks for for being being top top engaged engaged community community member member this this week week happy happy (want (want this this ?,positive
govt to to set set up up panel panel to to study study service service condition condition of of paramilitary paramilitary forces.,neutral
come back back callie callie gabbie gabbie d d ghost ghost unhappy unhappy i i love love you you both,negative
and more. more. also also in in epaper.,neutral
no i i don%27t don%27t :)),positive
- thank thank you you ton,negative
why commando commando went,neutral
,neutral
supreme court court reject reject age age plea plea to to skip skip jail.,neutral
find indian indian trump,neutral
you change change your your whole whole life life happy,positive
everything is is a a choice choice happy,positive
sorry piss piss off off /3 /3 unhappy,negative
,positive
i cant cant find find my my striped striped shirt shirt unhappy unhappy so so instant instant message message wearing wearing the the one one that that say say what what is is your your favorite favorite thing? thing? with with lucas lucas in in the the middle,negative
this guy guy got got me me into into exo exo back back in in 2013. 2013. he he wa wa also also my my very very first first bias bias in in kpop. kpop. to to be be honest honest i i miss miss him him so so much. much. happy happy birthd,positive
joo okay okay happy,positive
mukul kesavan kesavan on on bcci bcci and and the the curious curious case case of of versus versus steve steve smith.,neutral
nachnis of of fighting fighting for for right right in in and and more.,neutral
nope unhappy,negative
we got got a a vive vive tracker tracker in in the the office office and and our our intern,positive
look at at this this happy,positive
koala are are dying dying of of thirst thirst and and it's it's all all because because of of u u unhappy,negative
opposition creates creates ruckus ruckus in in over over trust trust vote,neutral
fresh fir fir filed filed by by jnu jnu alleging alleging misbehaviour misbehaviour by by students. students. student student accused accused of of assault,neutral
