tweet,sentiment
,neutral
thanks connecting connecting passionate passionate - - hope hope like like tweet tweet happy,positive
transferred 1st 1st major major shuffle,neutral
share love: love: thanks thanks top top new new follower follower week week happy,positive
saw. reply reply unhappy,negative
supreme court court asks asks poll poll panel panel security security need need tested,neutral
thanks top top engaged engaged community community member member week week happy happy want,positive
sorry unhappy unhappy need need sex sex time,negative
hope little little beaand beaand andot andot overworkiandg overworkiandg gettiandg gettiandg least least rest rest unhappy,negative
,neutral
type ask ask anything anything like like happy happy aa aa jao,positive
thanks recent recent follow follow happy happy connect connect happy happy (want (want this? this? free!,positive
happened security security agency agency argued argued need need tagging,neutral
hello everyone,positive
share love: love: thanks thanks top top new new follower follower week week happy happy want,positive
44 feared feared killed killed bus bus fall fall river river ton ton nerwa nerwa area area district: district: police.,neutral
stress mariana,positive
positive loving loving always always happy,positive
ouchhhhh unhappy,negative
tell give give 2-month 2-month trial trial run. run. also also disagrees disagrees vote,neutral
goody spotted! spotted! :d,positive
bjp's flagging flagging campaign,neutral
,neutral
counting vote vote lok lok sabha sabha constituency constituency begins.,neutral
uk parliament parliament vote vote 522 522 13 13 favour favour early early national,neutral
would harvey harvey going going prison? prison? unhappy,negative
relate much much unhappy,negative
let eat eat cake! cake! :d :d :p,positive
veronice jughead! jughead! happy,positive
ordered ban,neutral
lip though,positive
african envoy envoy upset,neutral
follow mee mee plss plss unhappy,negative
pressure happy,positive
could write write paragraph paragraph xdshame xdshame theoretically theoretically impossible impossible real real life life unhappy,negative
absorbed going going get get laugh laugh get get 2000 2000 votes. votes. unhappy,negative
real sub sub here's here's link link video video happy,positive
another great great song song listen. listen. good! good! may may well well like like happy,positive
high commissioner commissioner dominic dominic asquith asquith insists.,neutral
would great great trick trick happy,positive
thanks recent recent follow follow happy happy connect connect happy happy great great thursday. thursday. get,positive
chain wrong wrong drugs. drugs. senior senior doctor doctor check. check. death. death. delhi.,neutral
today? happy,positive
merry christmas christmas everyone everyone happy,positive
fm jaitley jaitley say say q3 q3 data data substantially substantially impacted impacted economy's economy's resilience resilience remonetisation remonetisation helped.,neutral
ally unhappy unhappy can't can't make make poem poem cute,negative
nia take take investigation investigation bhopal-ujjain bhopal-ujjain train train ied ied blast blast case,neutral
indian want want police police cover,neutral
bus bangsar bangsar heading heading awan awan besar. besar. good good day day happy,positive
shes fine fine :)kisses :)kisses thefashionicon,positive
sept18 terror terror attack,neutral
3 quaint quaint dig dig budget budget (or (or even even less).,neutral
could whatever,negative
killer hang,neutral
game move move camera camera happy,positive
back unhappy,negative
retains assembly assembly seat,neutral
late work work break break news news lovely lovely lady lady clean clean house... house... cry cry together together unhappy,negative
eat steak steak well well done done please please unfollow unfollow happy,positive
,positive
fracas overbilling,neutral
never want want finish finish desperate desperate housewife housewife life life unhappy,negative
don%27t surprised surprised see see cry cry today,negative
,neutral
told gst.,neutral
maybe? definitely! definitely! happy happy also,positive
hi guys! guys! :)we're :)we're looking looking bartenders/mixologists bartenders/mixologists work work u u upcoming upcoming event. event. dm dm u,positive
mata_tytan: almightytanner: almightytanner: good good evening evening everyone everyone happy happy join join twitter twitter party party tonight. tonight. official official tagline:tann,positive
laksa make make okaay okaay cry cry joy joy need need laksa,positive
whew! can't can't ass ass unhappy,negative
need know know 2017 2017 across across eight eight state state video:,neutral
road destination destination . . driving driving hope hope find find place place like like stay,positive
never known known hard hard last last day day resist resist temptation temptation enter enter politics politics debate debate social social medium medium happy happy stood stood firm firm far,positive
blast office,neutral
progress great great leap leap backwards,neutral
little bit bit overdramatic overdramatic death death happy,positive
keeping eye eye house,neutral
kp nayar nayar governor governor u u state state say,neutral
find nothing nothing sell sell voters.,neutral
five soldier soldier machhil machhil attain attain martyrdom; martyrdom; detailed detailed statement statement attached,neutral
backlash hail hail 'true 'true patriot'.,neutral
thanks recent recent follow follow happy happy connect connect happy happy great great thursday. thursday. want,positive
3 d d lead lead greatness,neutral
addition existing existing portfolio,neutral
miss already already unhappy,negative
chaos call call secret secret vote.,neutral
bengal detective detective get get religious religious nab nab leader leader accused,neutral
post much much lately? lately? school school unhappy,negative
new delhi: delhi: health health minister minister brief brief medium medium live:,neutral
fun funny.... funny.... book book warn warn kindle kindle night night happy,positive
good evening evening happy,positive
love waaaaay waaaaay baby baby unhappy unhappy sweetest sweetest adorable adorable little little angel,negative
goodnight princess,negative
sc refuse refuse stop stop becoming becoming cm,neutral
husband family family history history mafia mafia know know story story sad,negative
can't :(tello,negative
stats day day arrived. arrived. 1 1 new new follower follower unfollowers unfollowers happy happy via,positive
patna boy boy got got play play tabla.,neutral
hole govt govt health health cover,neutral
delivered managing managing online online customer customer journey journey keynote keynote autodesk autodesk partner partner event. event. incredible incredible event,positive
initiative help help generate generate shield shield sundarbans.,neutral
happy thursday*,positive
tell unhappy,negative
u blackmailed blackmailed unhappy,negative
yuri know know unhappy unhappy second second snsd snsd missed,negative
sasikala seek seek meeting meeting governor,neutral
love mason mason miss miss mason mason unhappy,negative
thank crew crew happy,positive
,positive
justice asks asks chief chief justice justice india,neutral
guy really really serious serious hope hope don%27t don%27t judge judge unhappy,negative
veteran leader leader party party spokesperson spokesperson join join camp.,neutral
tamil nadu nadu wait,neutral
cop dug dug healer healer buried buried alive alive practising,neutral
,neutral
happened restaurant restaurant along along highway highway ban ban bars.,neutral
13 held held guilty guilty murder.,neutral
delhi airlift airlift blockade blockade lifted.,neutral
morning. coffee coffee time time happy,positive
online crush crush come come meet-up meet-up without without snapchat snapchat filter filter unhappy,negative
day! better better way way spend spend sunny sunny day day drink drink shore shore happy,positive
farmer dumping dumping crop.,neutral
girl unhappy unhappy that's that's why. why. wa wa ropiwa ropiwa 1. 1. sandton sandton unnecessarily unnecessarily expensive2. expensive2. try try salon salon braam.,negative
lost two two streak streak two two favorite favorite people people silence silence unhappy unhappy good good night,negative
say unhappy,negative
ram guha guha find find outstanding outstanding shivshankar shivshankar menon's menon's book book choices.,neutral
hiring blind blind employees. employees. more.,neutral
follow unhappy,negative
eaglenest sanctuary,neutral
want puppy puppy unhappy,negative
man shout shout wife wife family family court. court. walk walk out.,neutral
sunanda datta-ray datta-ray say say line line visit,neutral
since december december hair hair stopped stopped snapping snapping off! off! made made massive massive difference! difference! get,positive
happy thursday thursday loves!! loves!! happy,positive
,neutral
finance minister minister given given additional additional charge charge ministry ministry rashtrapati rashtrapati bhavan,neutral
reunion august august unhappy,negative
updated text text video video intro intro drawing drawing line line tool tool paint paint tool tool sai. sai. happy,positive
picture unhappy,negative
:d mom mom bit bit tired,positive
historian ram ram guha,neutral
mane amazing amazing unhappy,negative
dog drink drink -- -- stood stood pm pm reply reply parliament.,neutral
dismisses plea plea withdrawn.,neutral
thanks recent recent follow follow happy happy connect connect happy happy great great thursday. thursday. want,positive
fcra slap slap ngo ngo lobbying...but lobbying...but part part govt govt campaign?,neutral
governor asks asks shurhozelie shurhozelie liezitsu liezitsu form form government; government; swearing-in swearing-in feb22.,neutral
yes... kind kind funny funny creepy creepy time time happy,positive
,positive
became avenger avenger mercy.,neutral
army fire fire alleged alleged tactic,neutral
let hope hope vip vip good good deed. deed. want want watch watch . . done done thi,negative
thanks recent recent follow follow happy happy connect connect happy happy great great thursday.,positive
son chief chief minister minister reveals reveals political political ambition.,neutral
tamil nadu,neutral
dhaka talk talk chinese chinese more. more. also also epaper.,neutral
jonny poor poor leg leg make make sad sad unhappy unhappy hope hope okay,negative
yg sent sent mcd. mcd. want want see see holding holding trophy trophy unhappy unhappy anyways,negative
yeah unhappy,negative
biblical lecture lecture coming. coming. notification notification soon. soon. tomorrow,negative
yet parent parent invest invest child's child's emotional emotional education education taking taking child child school school holiday holiday early early that's that's un,negative
become crowd-puller.,neutral
nothing religious religious it. it. calling calling sexism. sexism. think think need need spell spell stand,positive
2017 08:45am),negative
physicist still still table table full,neutral
passenger open open chute chute aircraft aircraft taxiing taxiing mumbai mumbai airport; airport; 1 1 injured.,neutral
thought save save cry,negative
whats crazy crazy walked walked door door every every administration administration + + night.,negative
up: hold hold 1st 1st cabinet cabinet meeting meeting today,neutral
stats week week arrived. arrived. 1 1 new new follower follower unfollowers unfollowers happy happy via,positive
suspect 2002 2002 attack attack case case calcutta calcutta arrested arrested gaya: gaya: bihar bihar police.,neutral
hey robert robert rolih rolih thanks thanks follow! follow! coastal coastal living living mean mean you? you? reply reply photo photo :d,positive
defensive cry cry medium medium trial.,neutral
miss snsd. snsd. miss miss girl girl unhappy,negative
apex court court put put work work first,neutral
chief minister minister ban ban paan paan masala,neutral
more. also also epaper.,neutral
let's dinneeeer dinneeeer please please unhappy,negative
know vearey vearey moving. moving. twisty! twisty! aaree,positive
du push,neutral
,neutral
,positive
law officer officer job,neutral
iiiii would would like like boook boook ! ! fuck fuck unhappy,negative
hair iand iand suandlight suandlight versus versus ando ando light light waandt waandt chaandge chaandge duandando duandando waandt waandt go go darker darker bloandder bloandder sad sad please please help help (po,negative
say vuca,positive
oh sad sad unhappy unhappy goodluck!,negative
,positive
agree. issue issue would would paid paid somehow. somehow. can't can't see see number number adding adding up. up. sad,negative
1st warrant warrant judge,neutral
,neutral
surround positivity positivity happy,positive
sadly unhappy,negative
,positive
post offer offer website website happy,positive
let's forget forget also also gabriel gabriel tenma tenma white's white's birthday birthday today!i today!i miss miss unhappy,negative
exaseetly what's what's happening happening tn tn politisees. politisees. get get bjp bjp tn. tn. game game different.,positive
haha! good good tweet tweet mate mate happy happy heard heard big big boy boy account! account! king king shit shit happensould happensould say say happy happy chance chance shit shit happens,positive
yg sent sent mcd. mcd. want want see see holding holding trophy trophy unhappy unhappy anyways,negative
don%27t want want go go camp camp unhappy,negative
sob. unhappy,negative
50k dole dole budget budget migrant migrant worker worker hit,neutral
draupadi campus campus erupt,neutral
,negative
case electoral electoral reforms.,neutral
home-cooked food,neutral
painful thing thing ever ever feeling feeling someone someone can't can't .. .. unhappy,negative
please answer answer request. request. unhappy,negative
miss dog dog unhappy,negative
20 ia ia officer officer including including principal principal secretary secretary information information navneet navneet sehgal,neutral
,neutral
got goosebump,positive
modi adopted adopted son,neutral
puta know know sorry sorry enough enough pero pero sorry sorry padin padin unhappy,negative
hi yolandi,positive
,positive
thanks recent recent follow follow happy happy connect connect happy happy great great thursday. thursday. get,positive
always taken taken granted granted eversince eversince unhappy,negative
japanese directioner directioner :d,positive
jamie please please reset reset cga cga grandfinal grandfinal server... server... administrator administrator responding responding unhappy,negative
aap: 6,neutral
think instant instant message message meant meant stay stay single single fix fix people's people's relationship relationship entire entire life life smile,positive
want please please unhappy,negative
chillin~ bit bit quiet quiet tonight tonight tough tough luck luck unhappy unhappy you??,negative
kabute unhappy,negative
set alarm alarm 9am 9am snooze snooze 12 12 unhappy,negative
miss hoseok hoseok unhappy,negative
maybe band band definitely definitely collab! collab! hi hi name name philip philip happy,positive
thank sharing sharing happy,positive
ashok desai desai accidental accidental new new book book tirthankar tirthankar roy roy anand anand v. v. swamy.,neutral
sone cant cant stream stream genie!you genie!you stream stream ty ty genie! genie! still still sharing sharing genie genie ids. ids. want,positive
dispo 3lans 3lans happy,positive
would never never forget forget you!!,negative
dismissed service service inquiry.,neutral
please! :d| :d| kenbie,positive
gurgaon bengal.,neutral
india still still keen keen buy buy westinghouse westinghouse reactor reactor despite despite toshiba toshiba meltdown,neutral
unhappy unfollowed unfollowed many many people people ugh,negative
pay hike hike plan,neutral
ram madhav madhav tell tell wide-ranging wide-ranging interview.,neutral
assault air air india india manager,neutral
thankfully chop,positive
mini campervan campervan happy,positive
more. also also epaper.,neutral
got bred bred local local pig pig variety.,neutral
please beautiful beautiful princess princess help,positive
way europe europe lie,neutral
,negative
graft case,neutral
held detailed detailed discussion discussion governor governor happening happening tamil tamil nadu,neutral
bungalow razed.,neutral
live money,neutral
help... want want stop stop tweeting. tweeting. feel feel endless endless suffering suffering pain. pain. tried tried deactivate deactivate many many times... times... save save me... me... unhappy,negative
thanks much much appreciated appreciated happy happy magic,positive
day since since promotion promotion ended ended already already missing missing much much unhappy,negative
manini chatterjee chatterjee failed failed live live promise.,neutral
away next next thursday thursday unhappy unhappy one one after!,negative
beautiful day day happy,positive
dying thirst thirst u u unhappy,negative
koala dying dying thirst thirst u u unhappy,negative
notice? killing killing rss rss / / bjp bjp worker worker another another southern southern state? state? cm cm dismantling dismantling xtian xtian infra infra munnar?,positive
diplomat worry worry choice choice chief chief minister.,neutral
take eye,neutral
say manini manini chatterjee.,neutral
share love love - - high high value value member member week week happy,positive
day since since promotion promotion ended ended already already missing missing much much unhappy,negative
magic combined combined organisational organisational strength strength brought brought back back 1-party 1-party system.,neutral
supreme court court name name former former cag cag head head 4-member 4-member panel panel administrator administrator run run 1/3,neutral
opening sentence sentence happy,positive
vk pay pay homage homage jaya's jaya's memorial; memorial; place place sealed sealed cover,neutral
girl reared reared monkey,neutral
thanks recent recent follow,positive
latest attack attack african african student student threaten threaten india's india's intense intense diplomatic diplomatic outreach outreach continent,neutral
damn touching. touching. unhappy,negative
want wish wish marissa marissa happy happy birthday birthday keep keep ignoring ignoring sad,negative
bengal wishlist,neutral
manini chatterjee chatterjee writing writing still still indictment indictment india.,neutral
bengal orphanage orphanage suspected suspected selling selling baby baby couple couple u,neutral
check out... out... excited excited backup backup singer singer way way backup backup unhappy,negative
tried fixing fixing chorister chorister dress dress hem hem came came undone undone taping taping fabric fabric tape tape put put wrong wrong even even ruined ruined unhappy,negative
mutual: let's let's talk talk more!me: more!me: sure!mutual: sure!mutual: happy happy me:,positive
jimin doesnt doesnt follow follow yet yet unhappy,negative
still rich rich - - try try getting getting life,positive
please return return jacket jacket unhappy,negative
would great great trick trick happy,positive
sure prob. prob. ilabyu,negative
reason last.fm last.fm unlinks unlinks spotify spotify miss miss like like month month scrobbles scrobbles notice notice unhappy,negative
amit roy roy tour,neutral
,neutral
damn.... there there people people sincerely sincerely want want attend attend bh bh birthday birthday party party bcs bcs people people try try fun fun make make ca,negative
happy birthday birthday chopin chopin style style - - piano piano improvisation,positive
oo cry cry // // happy3yearsbraceunited,negative
titty fantastic. fantastic. kissy kissy kissy,positive
government okay okay 33% 33% reservation reservation woman woman state state job,neutral
marginal standing standing facility facility bank bank rate rate 6.75%.,neutral
,neutral
mine inbox inbox unhappy,negative
thanks recent recent follow follow happy happy connect connect happy happy great great thursday.,positive
pity! unhappy unhappy beautiful! beautiful! thank thank answer!,negative
way make make sense sense crazy crazy edge edge case case idea idea sharing sharing revenue revenue offensive,positive
custom mean mean can't can't send send food food abroad abroad unhappy unhappy hope hope birthday birthday dream dream come come true,negative
love ben ben sleep sleep get get watch watch programme programme want want netflix netflix without without interruption interruption !!!! !!!! happy,positive
84% cut cut research research seat,neutral
share love: love: thanks thanks top top new new follower follower week week happy,positive
yesterday felt felt like like friday friday unhappy,negative
errr dude.... dude.... gone gone unhappy unhappy asked asked league league memeber memeber check check guy guy go,negative
delhi cm cm put put trial trial criminal criminal defamation defamation case case filed filed union union minister minister arun arun jaitley jaitley matter.,neutral
chub bun bun easter! easter! happy happy easter! easter! name name almond! almond! :d,positive
govt slipped slipped secrecy secrecy clause clause companies.,neutral
cm ban ban paan,neutral
,positive
mecca issue issue picture picture cards.,neutral
elite centre centre (including (including intake.,neutral
instant message message getting getting sad sad unhappy,negative
happy birthday birthday katrika katrika miss miss though though unhappy unhappy miss miss group group haih haih anyway,negative
- thank thank ton,negative
thank much much smile,positive
,neutral
thanks recent recent follow follow happy happy connect connect happy happy great great thursday.,positive
thank crew crew happy,positive
word never never missed missed article article happy,positive
friendly service,positive
loool mad mad avoid avoid today today :d,positive
crap. hailie hailie there. there. school school game game make make middleburg middleburg time time unhappy,negative
,neutral
annapurna studio studio production production no.29 no.29 floor floor tomorrow. tomorrow. heat heat going going turn turn heat heat happy happy can't can't expre,positive
wtf canada canada 2017 2017 still still 1700s. 1700s. never never support,negative
reality alone alone lonely lonely unhappy,negative
pushing 86,neutral
want orientation orientation unhappy,negative
govt looking looking getting getting sena sena mp mp list.,neutral
black mark mark report report card?,neutral
evet happy,positive
said yesterday... yesterday... happy,positive
definitely arm arm unhappy,negative
hey thanks thanks top top new new follower follower week! week! much much appreciated appreciated happy happy want want ?,positive
dat? unhappy,negative
3 little little ones.. ones.. wish wish best best happy happy sound sound like like fun fun group,positive
thanks b b happy,positive
ashok v v desai desai note note yet yet say say word word whether whether achieved achieved goals.,neutral
say hi hi sunshine sunshine ? ? unhappy,negative
took aol aol instant instant messanger messanger money money more.,neutral
feel kind kind empty empty w/o w/o youngjae youngjae venue.. venue.. unhappy,negative
back square square one.,neutral
hi kylie,positive
dope!! that's that's cool cool word. word. finally finally hip hip young young millenial millenial memers memers smile,positive
may find find tough tough control control govt govt jail.,neutral
say hi hi julia julia ??pleasee ??pleasee cry,negative
here's bsp bsp theory theory 71% 71% population population voted voted bjp.,neutral
jammu kashmir: kashmir: 2-3 2-3 terrorist terrorist holed holed house,neutral
rusty.. played played game game since since like like 10. 10. kept kept dying dying crocodile crocodile part part cry,negative
mobbing australia,negative
hey thanks thanks top top high high value value member member last last week,positive
respect accept accept verdict: verdict: aimim aimim chief,neutral
police jump jump gun gun claiming claiming hand hand train train blast?,neutral
subir bhaumik bhaumik worry worry calcutta,neutral
lonely. unhappy,negative
better check,positive
unhappy strong strong today today jfjfjkf,negative
breaking: government government forecast forecast 2016/17 2016/17 growth growth 7.1 7.1 percent,neutral
12-15% turnout turnout till till 10 10 phase-iv.,neutral
hope last last long long least least get get enjoy enjoy weekend. weekend. happy happy birthday birthday happy,positive
thanks recent recent follow follow happy happy connect connect happy happy great great thursday.,positive
'control' part part go,neutral
1st time,neutral
typed medical medical shorthand shorthand abbreviation abbreviation use use work,negative
bambam talk talk tonight tonight :d,positive
general known known sharp sharp question question trump's trump's new new top top security security adviser,neutral
avi man man :)phone :)phone made made like like always always wink,positive
definitely arm arm unhappy,negative
thank much much friend friend smile smile xx,positive
miss bedroom bedroom unhappy,negative
importance fastening fastening waistband waistband revealed revealed win win trust trust vote.,neutral
choice cm cm giving giving jitters.,neutral
1st phase phase assembly assembly election election begins. begins. 73 73 constituency,neutral
trump pick pick 49yr-old 49yr-old judge judge lifetime lifetime job job supreme supreme court court us.,neutral
,neutral
117 acquitted,neutral
,negative
sixth spot spot applicable applicable team! team! higher higher pa! pa! :)kisses :)kisses thefashionicon,positive
gave pas pas like like think think never never unhappy,negative
yeah! sight sight reading reading pretty pretty good good high high school,negative
confusion reply reply ceo.,neutral
round as as cry,negative
new experience experience exciting exciting time time ahead ahead second second inning,neutral
barometer patriotism,neutral
day sell sell 96000 96000 truck truck bus,neutral
32- love love daughter daughter cry,negative
get 900 900 retweets retweets 900 900 likes. likes. help help :(un,negative
why? like like blonde blonde hair? hair? unhappy,negative
live: police police given given direction direction evacuate evacuate mlas mlas kuvathur,neutral
good happy,positive
csgobounty giveaway giveaway - - 1 1 random random key. key. 25 25 retweets,positive
instals nephew nephew proxy,neutral
thanks recent recent follow follow happy happy connect connect happy happy great great thursday. thursday. want,positive
thanks recent recent follow follow happy happy connect connect happy happy great great thursday.,positive
jnu vc vc clarifies: clarifies: ugc ugc gazette gazette wont wont applied applied retrospectively. retrospectively. existing existing mphil mphil student student admitted admitted phd phd goodbye,neutral
groovy thursday! thursday! happy,positive
iconoclasm carnatic carnatic exponent exponent moving moving beyond beyond artificial artificial boundaries.,neutral
thanks recent recent follow follow happy happy connect connect happy happy great great thursday.,positive
welcome brother brother happy,positive
unhappy there'll there'll 1 1 silver-that'd silver-that'd him!,negative
patna zoo zoo sell sell nesting nesting box,neutral
,neutral
.thanks much much rt,positive
rich get get skewered,neutral
think pretty pretty enough enough unhappy,negative
honestly think think trying trying get get rid rid make make mockery mockery town town wont wont admit admit it. it. unhappy,negative
thanks recent recent follow follow happy happy connect connect happy happy great great thursday. thursday. want,positive
koala dying dying thirst thirst u u unhappy,negative
6 day day camp camp haiss haiss miss miss lot lot unhappy,negative
mine isn't. isn't. back back jeremy jeremy 100% 100% pleased pleased say say happy,positive
back unhappy,negative
learn live live without without flashing flashing red red light.,neutral
teaser coming coming today today 4pm!story,positive
failed unhappy unhappy .g .g hehe,negative
co-founder moderating moderating tonight tonight tweetchat. tweetchat. happy,positive
extradition could could take take ages.,neutral
yeah unhappy unhappy thank thank much much angel,negative
ill work work second second come come unhappy,negative
u give give scare,neutral
it? smile smile britain britain co,positive
random winner winner :d :d retweet retweet like like able able win win happy,positive
anniversary josh's josh's death death unhappy,negative
nothing could could better better happy,positive
edappadi win win vote vote confidence confidence 122 122 vote,neutral
oooh! shame,neutral
absorbed going going get get laugh laugh get get 2000 2000 votes. votes. unhappy,negative
dude want want sleep sleep unhappy,negative
tweet made made cry!! cry!! cry,negative
cool! happy happy surround surround full full recovery.,positive
man 2hrs 2hrs since since vlive...its vlive...its nearly nearly sydney sydney ppl... ppl... unhappy unhappy go go quick quick appreciate appreciate every every second!!,negative
calcutta's timekeeper,neutral
charged driver driver happy happy waiting waiting sun sun 10 10 minutes! minutes! ten!,positive
hellooo happy happy jackatkinson jackatkinson (jackat13),positive
cried much,negative
bsp leader leader shot shot dead dead late late last last night,neutral
centre move move supreme supreme court court verdict verdict lifting lifting shield.,neutral
buy anything anything support support canada,negative
sociopath full full raid raid gear gear sad,negative
well that's that's weekend weekend viewing viewing plan plan changed! changed! unhappy,negative
tweet meant meant article article happy,positive
renamed place,neutral
used like like neighbour,positive
thing like like happy,positive
made dinner dinner two two tonight tonight happy,positive
feel awful awful today today unhappy unhappy want want go go internship,negative
farooq abdullah abdullah win win seat seat -- -- 4% 4% total total votes.,neutral
lucknow's fall,neutral
rather sailor sailor uranus uranus chibiusa chibiusa thats thats everyone everyone say say unhappy unhappy rip,negative
enlisting please please turn turn like like unhappy,negative
used month's month's worth worth laugharne laugharne weekend weekend sad sad (no (no wi-fi wi-fi small small carmarthenshire carmarthenshire town,negative
q2 mh mh healthcare healthcare professional. professional. much much want want help help scared scared death death might might make make situation,negative
get well well really really soon soon jack jack unhappy,negative
,positive
lot game game month? month? :d,positive
tale prime prime minister,neutral
,neutral
paddy field field could could blame.,neutral
really want want one one iconic iconic jimin jimin stripe stripe turtleneck turtleneck shirt shirt unhappy,negative
wish could could say say gang gang daniel's daniel's picture. picture. unhappy unhappy rantoul rantoul twp twp high,negative
scared unhappy unhappy mean. mean. heck heck decide decide laundry laundry 7:30 7:30 pm? pm? wrong wrong me. me. mention mention dark dark is. is. fml,negative
view gone gone done done 100 100 monthly monthly unhappy,negative
yg sent sent mcd. mcd. want want see see holding holding trophy trophy unhappy unhappy anyways,negative
wow whattay whattay decision decision party party celebrating celebrating :d,positive
miss cry,negative
court directs directs bsf bsf allow allow trooper trooper tej tej bahadur's bahadur's wife wife meet,neutral
kp nayar nayar discrediting discrediting military military justice justice system system help help case.,neutral
golly gosh. gosh. simply simply dreadful dreadful havoc havoc must must wreaking wreaking subsurface? subsurface? black black salve,negative
kiera's quest: quest: awakening awakening (kiera's (kiera's quest quest book book 1),positive
unhappy look look dead,negative
thanks! happy,positive
supreme court court chicken chicken deciding,neutral
supreme court court asks asks justice justice karnan karnan explain explain face face proceedings.,neutral
face swapped swapped cat cat dog dog really really upsetting upsetting unhappy,negative
bjp stuns stuns ugc ugc letter letter forgery,neutral
swapan dasgupta dasgupta election election dashed dashed hope hope would would weaken.,neutral
more. also also epaper.,neutral
like long long while?! while?! want want back back put put good good mood mood want,negative
thanks recent recent follow follow happy happy connect connect happy happy great great thursday.,positive
5% r r 25000-50000,neutral
doctor split split bengal bengal bill.,neutral
wow unhappy unhappy people people mean,negative
really need need build build unhappy,negative
brace hurt hurt unhappy,negative
63% voter voter turnout turnout phase phase 1,neutral
,neutral
thanks top top engaged engaged community community member member week week happy happy want,positive
thanks recent recent follow follow happy happy connect connect happy happy great great thursday.,positive
definitely arm arm unhappy,negative
more. also also epaper.,neutral
goal today today happy happy i%27m i%27m going going accomplish,positive
delhi airport airport drop drop glitch,neutral
let know know like like one one happy,positive
fm departing departing north north block block parliament parliament house,neutral
new era era amity amity : : h,neutral
crpf getting getting take take planted,neutral
nothing could could better better happy,positive
prof wrong wrong matter matter day day happy happy fuck fuck life life happy happy )),positive
sc summons summons home home secretary secretary west west bengal,neutral
space debate debate dissent dissent continues continues shrink.,neutral
miss unhappy,negative
realized havent havent eaten eaten rice rice maghapon maghapon finished finished 3 3 pack pack spicy spicy seafood seafood noodle noodle + + extra extra big big chilimansi chilimansi :(acid :(acid attack attack right,negative
,neutral
year ago ago today today last last time time sakho sakho played played u u unhappy,negative
never wanted wanted cow cow become become burden burden farmer,neutral
hindu undercurrent undercurrent led led surge. surge. story story feb.,neutral
instant message message jealous jealous okay okay unhappy unhappy never never mind mind haha haha bruno bruno wait wait final final first,negative
bengal's advocate-general advocate-general jayanta jayanta mitra mitra resigns resigns difference difference opinion opinion state state government.,neutral
getting 70k,positive
ram madhav madhav tell,neutral
2ne1 reunite reunite unhappy,negative
biggest problem problem paper paper book book storage storage unhappy,negative
,neutral
watched kid kid produce produce 101 101 performed performed chewing chewing gum gum omoo omoo poor poor kid kid bless bless soul soul unhappy,negative
cash cloak cloak party,neutral
hi! tried tried call call number number got got response response unhappy unhappy please please share share another another suitable suitable time time alternate alternate number.. number.. cont1,negative
(leads/trends) 05/70 05/70 bjp: bjp: 3 3 cong: cong: others: others: 0,neutral
giving away away souvenir souvenir 5 5 lucky lucky winners!to winners!to enter: enter: follow follow + + rtrolling rtrolling winner winner 48 48 hold,positive
congratulate shri. shri. narendra narendra modi modi bjp bjp victory victory uttar uttar pradesh pradesh uttarakhand,neutral
thanks happy,positive
year old old commenting commenting new new ladylike ladylike videos. videos. trust trust me. me. troll,positive
drive check check errors.,neutral
diary item,neutral
say manini manini chatterjee.,neutral
night sad sad real real life life cant cant sleep sleep unhappy,negative
private fear fear plan plan monitor monitor functioning functioning give give local local leader leader death death grip.,neutral
here's full full art art glyph glyph keeper keeper mummy mummy token. token. interested interested hitting hitting ebay ebay tonig,positive
others launch launch drive drive fake fake news news france,neutral
thanks recent recent follow. follow. much much appreciated appreciated happy happy want want ?,positive
want unhappy unhappy look look yummy yummy hehehe.,negative
say hi hi mekisha? mekisha? unhappy,negative
miss unhappy,negative
rude unhappy,negative
share love love top top engaged engaged community community member member week! week! much much appreciated appreciated happy,positive
,neutral
bengali get get local,neutral
damn available available unhappy,negative
thought mountain mountain dew dew australia australia caffeine caffeine little little energy energy drink drink can can caffeinated caffeinated never never sleep sleep unhappy,negative
pm may may hang,neutral
know really really upset upset me? me? stranger stranger internet internet satisfied satisfied entertainment entertainment provide,negative
government cannot cannot make make mandatory mandatory extending extending benefit benefit welfare welfare schemes:,neutral
senior snap snap starting starting get get sent sent aw aw unhappy,negative
hopefully ok ok happy happy chart chart look look bad bad moment moment depends depends tide tide direction,positive
upright cop cop son son arrested.,neutral
inspiration aspects: aspects: fashion,positive
welcome thomas thomas happy happy kim,positive
work much much better better unhappy,negative
jae celebrating celebrating sheena sheena easton easton triumphant triumphant opening opening night night 42nd 42nd street street west west end! end! happy,positive
jaitley finance finance minister,neutral
another great great song song listen. listen. good! good! may may well well like like happy,positive
agreed teach teach ropes?,neutral
hi ishwar! ishwar! that's that's experience experience want want unhappy unhappy call call detail detail sort sort out! out! - - roshan,negative
115 crore crore period period year year ago.,neutral
keep smiling smiling happy,positive
get dog. dog. :d,positive
great happy,positive
[thinks tfp tfp soundwave soundwave forever forever trapped trapped void void realm] realm] unhappy,negative
yogendra yadav yadav future future india india get get wrong,neutral
much? cant cant seem seem deathmatch deathmatch unhappy,negative
got 3 3 year year longer longer unhappy,negative
might cost cost $3 $3 month!!!! month!!!! happy,positive
yay another another art art raffle! raffle! everything everything need need know know picture picture :d,positive
who's selling selling army army bomb bomb ver ver 2??? 2??? meet meet sad,negative
miss london london already already unhappy,negative
blast okay. okay. love love you!,negative
congress win win 77 77 seat seat 117-member 117-member assembly,neutral
artist line line control.,neutral
taking gatka,neutral
love happy,positive
anybody need need motion motion design design animation animation help? help? available available happy,positive
commando get get homesick,neutral
hijacked indian indian dhow dhow al-kausar al-kausar released,neutral
,neutral
prime minister minister made made man man beat,neutral
wish meeting meeting oa oa unhappy,negative
keep awake awake happy,positive
joke unhappy,negative
reply tweets?? tweets?? like like follower follower do.....this do.....this pointless,positive
play year,positive
india's production production grew grew 2.7% 2.7% january.,neutral
envoy upset upset silence,neutral
helloo :d :d braids! braids! (keyrazygirl15),positive
india plan plan deport deport refugees.,neutral
,positive
playoff rematch rematch complete! complete! feel feel good good going going world world :d,positive
,positive
cm prove prove majority majority assembly assembly today.,neutral
,neutral
check happy,positive
released new new video video game game genres.rts genres.rts super super appreciated appreciated happy,positive
resistance trumpland trumpland nothing nothing citizenry citizenry yet yet match.,neutral
great thursday! thursday! looking looking forward forward reading reading tweet tweet happy happy (want (want this? this? free!,positive
mag refer refer kana kana rin rin sakanila sakanila nice nice game,positive
damn.... there there people people sincerely sincerely want want attend attend bh bh birthday birthday party party bcs bcs people people try try fun fun make make ca,negative
gen secy secy call call governor governor ch ch vidyasagar vidyasagar rao,neutral
definitely arm arm unhappy,negative
bantay? unhappy,negative
another mp mp join join camp,neutral
india ready ready $5bn $5bn credit credit line line backup.,neutral
trump's order order parallel parallel citizenship citizenship bill.,neutral
miss levi levi unhappy,negative
sorry guy guy unhappy,negative
college --for --for healthy,neutral
610 crore crore r r 1,neutral
jewish nobel nobel little little star,neutral
supreme court court order order attachment attachment r r 39,neutral
supreme court court grant grant bail bail scam scam accused accused estranged estranged wife wife former former union union minister minister matang matang sinh.,neutral
grabbing footpath footpath good good business business everyone everyone (except (except pedestrians).,neutral
agitation delayed delayed 15 15 days. days. trouble trouble soon soon come..,neutral
miss jamie jamie boy boy sick sick unhappy,negative
friend would would like like brand brand new new strapback strapback hat hat 14.99,positive
economic blockade blockade impact impact process,neutral
more. also also epaper.,neutral
thats sound sound like like superbooth superbooth happy,positive
new second second home home coming coming soon! soon! :d,positive
vocal coach coach ig ig post:,positive
whaaaaaaaat!!! unhappy,negative
uttar pradesh pradesh (leads/trends) (leads/trends) 103/for03 103/for03 55 55 26 26 18 18 others,neutral
mukul kesavan kesavan justifies justifies even even though though control control machinery machinery state.,neutral
,negative
share love: love: thanks thanks top top new new follower follower week week happy,positive
modi criticised,neutral
law check check private private hospital,neutral
payment bank bank offer offer 4.5% 4.5% deposit deposit rs25000,neutral
hows quintly quintly trial trial happy happy ?,positive
owner told told (as (as article) article) smile,positive
full year year projected projected 7.1%.,neutral
too...i miss miss hgvs hgvs going going past past house house though. though. nice nice looking looking building building - - initiall,negative
u.s. attorney attorney preet preet bharara bharara fired fired refusing refusing quit. quit. here:,neutral
gourmet chocolate chocolate special special reserved reserved special special occasions. occasions. plain plain mm,positive
development mean mean filling filling also also mean mean death,neutral
offer still still going going happy,positive
thank happy,positive
cong forced forced adjournment adjournment pre-noon pre-noon session session alleged alleged misuse misuse ed ed cbi cbi opposition opposition chief chief ministers.,neutral
u clash clash immigration; immigration; put put india india hold.,neutral
visit today today 1st 1st time time taking taking oath oath cm,neutral
spending time time dog dog animal animal great great helping helping relax relax de-stress. de-stress. great great idea idea happy,positive
aborting mission mission nice nice day day though though x,negative
lunchtime flinthook! flinthook! game game much much personality personality :d,positive
7 days: days: bjp's bjp's 'good 'good dynastic dynastic party,neutral
woke 4:17,negative
peek fir fir leader leader case.,neutral
mess. went went bed bed feeling feeling numb numb awful awful unhappy,negative
displayport hdmi hdmi turned turned back back screen screen o/ o/ 5 5 day day get get dual dual pc pc stream stream setup setup sorted sorted (lol) (lol) :d,positive
good luck luck happy,positive
leaving weakened weakened travel travel ban ban order order muslim,neutral
shoutout donation. donation. look look like like streaming streaming stanley stanley parable parable later later happy,positive
miss boo boo much much unhappy,negative
raj bhavan bhavan denies denies report report calling calling party party form form government.,neutral
- top top engaged engaged member member week week happy,positive
hate people people steal steal idea,positive
oh well well never never liked liked clay clay anyway anyway unhappy,negative
,positive
much appreciated appreciated happy happy want,positive
myth good good team,positive
dub watch watch pokemon pokemon unhappy,negative
there's always always shit shit like like this. this. there's there's always always people people less less deserving deserving getting getting ticket,negative
pure evil evil people people unhappy,negative
minister pmln pmln happy happy like like student student never never studied studied exam exam luckily luckily exam exam got got delayed. delayed. still still ha,positive
dhoni fan's fan's tenacity,neutral
bypassing highway highway ban,neutral
india invokes invokes emergency emergency clause clause end end pricing.,neutral
thanks recent recent follow follow happy happy connect connect happy happy great great thursday.,positive
want explode explode like like grenade grenade point point people people die die me. me. sad,negative
jyoust reminder... reminder... thank thank happy,positive
nationalist trend trend spreads-- spreads-- tightens tightens rule rule shield shield local local job job (and (and keep keep indians).,neutral
,negative
,neutral
thanks recent recent follow follow happy happy connect connect happy happy great great thursday.,positive
u guy guy noticing noticing unhappy,negative
,positive
flash - - ghouse ghouse mohammad mohammad khan,neutral
great groove groove tune tune .. .. thinking thinking rewind,positive
defence partnership,neutral
,neutral
ehh cant cant dm dm unhappy,negative
chewing govt govt office,neutral
bell gone gone daddy daddy days. days. work work work work work work unhappy,negative
prime minster minster pakistan pakistan ? ? nawaz nawaz sharif sharif hahahahah hahahahah happy happy sorryuncle,positive
ate jenna jenna blocked blocked what? what? unhappy,negative
case cost cost ngo ngo contract contract soup soup kitchens.,neutral
unofficial ban ban dubbed dubbed movie movie challenged,neutral
process social social change change seldom seldom linear linear pretty,neutral
mom please please stop stop making making cooky,negative
nothing could could better better happy,positive
love them! them! get get some? some? smile,positive
anti-terror operation operation lucknow's lucknow's outskirt outskirt end,neutral
wowwow cute cute unhappy unhappy wantt,negative
key minister minister comment comment freely,neutral
ip officer officer frame-up,neutral
return lake lake next next winter?,neutral
presumably mlas' mlas' support support list,neutral
thanks recent recent follow follow happy happy connect connect happy happy great great thursday. thursday. want,positive
blaze put put spotlight spotlight grand grand piece piece history history lurk lurk lanes.,neutral
want good good vibes? vibes? watch watch youtube youtube tv100 tv100 application application free free happy,positive
andhra govt govt turn turn museum.,neutral
=thumbnail uhc= uhc= best best render render ever ever :dand :dand favs favs appreciated appreciated brosopinios brosopinios ?,positive
thanks notice notice greeting greeting : : jossetted'hermanni,positive
talking girl girl behind behind jin jin unhappy,negative
look awesome awesome annette,negative
inspiration everyone everyone miss miss jones jones happy,positive
played fm fm long long time. time. really really should. should. unhappy,negative
,neutral
2010 week week 11,negative
thanks recent recent follow follow happy happy connect connect happy happy great great thursday. thursday. want,positive
awesome! make make good good nurse nurse maid,positive
want cuddled cuddled someone someone little little back back trace trace thing thing put put sleep sleep unhappy,negative
happy birthday birthday sweet sweet sweet sweet girl! girl! hope hope best best day day ever! ever! love love miss miss much much unhappy,negative
one year year younger younger one one year year elder,neutral
mutual: let's let's talk talk more!me: more!me: sure!mutual: sure!mutual: happy happy me:,positive
family. awful awful go. go. sorry sorry hear. hear. unhappy,negative
all! roy roy dahildahil,positive
extends offer offer mobile mobile battle,neutral
go five five below. below. get get decent decent protective protective case case that's that's cute cute 5 5 buck buck happy happy got got mi,positive
giraffe spurns spurns calf,neutral
right don%27t don%27t see see people people shit shit like,negative
match referee referee umpire umpire went went book,neutral
superstar thanks thanks much much kind kind words! words! look look forward forward seeing seeing soon soon buddy buddy smile,positive
zac farro farro back back way way hehehe hehehe sad sad jeremy jeremy unhappy,negative
damn.... there there people people sincerely sincerely want want attend attend bh bh birthday birthday party party bcs bcs people people try try fun fun make make ca,negative
spurned mom,neutral
hyoug longer longer 10 10 secs. secs. hyoug hyoug even even don%27t don%27t want want unhappy,negative
love hort hort unhappy,negative
,neutral
notice me? me? unhappy,negative
always knew knew woyould woyould like like one one better better :d :d hahaha.,positive
sorry havent havent checking checking tweet tweet unhappy unhappy you!,negative
army block block key key highway. highway. civilian civilian suffering.,neutral
going see see what's what's speak speak people people live live near near see see use use happy,positive
lawmaker jump jump ship,neutral
cut one one kitchen kitchen experiment experiment happy,positive
u visa visa worry,neutral
aww trying trying cheer cheer unhappy,negative
order sale sale slice.,neutral
man equated equated great great leap leap backwards backwards talk talk asks asks mukul mukul kesavan.,neutral
kp nayar nayar failure failure repeal repeal wake-up wake-up call call him.,neutral
peacefully sitting sitting reading reading book book work,negative
pretty happy,positive
need different different pinned pinned tweet tweet unhappy,negative
more. also also epaper.,neutral
really want want dye dye go go lighter,negative
pfft- cry cry joy joy oh.. oh.. hope hope year year oldu're oldu're okay,positive
love story,neutral
march 20. 20. plus plus 15 15 days. days. equals...,neutral
cry getting getting vm vm soon soon wooo,negative
thanks recent recent follow follow happy happy connect connect happy happy great great thursday. thursday. want,positive
former minister minister ka ka senkottaiyan senkottaiyan replaces replaces madusudanan madusudanan presidium presidium chairman,neutral
unhappy dog dog like like though,negative
check hospital,neutral
can't believe believe customer customer service service go,negative
keep key key unchanged-- unchanged-- repo repo 6.25%,neutral
education ranking ranking throw throw surprises.,neutral
double digit digit controlled; controlled; sluggish sluggish growth growth replaced replaced high high growth; growth; war war launched:,neutral
sushil modi modi list list property property chain.,neutral
anyone need need vent vent unhappy,negative
,positive
least 80 80 cad cad like like unhappy unhappy (90 (90 cad cad quebec quebec taxes),negative
haryana peasant peasant demand demand justice justice right right cattle cattle trade.,neutral
bjp could could face face backlash.,neutral
bjp claim claim voter voter risen,neutral
know.. really really want want rank rank rise rise lot lot tmr's tmr's episode episode seeing seeing many many tweet tweet him.. him.. unhappy,negative
would great great trick trick happy,positive
number show.,neutral
dm u u happy,positive
rocks. next next question question - - astro astro unhappy unhappy ?,negative
relatable unhappy,negative
supreme court court told told people people allowed allowed deposit deposit note note till till mar31 mar31 promised,neutral
new video!stream video!stream montage montage - - finally finally unboxed unboxed spectrum spectrum knife knife :)hope :)hope like like it! it! here:,positive
woot! smile,positive
idea wrong,neutral
result mean mean others.,neutral
smooth affair affair today,neutral
organicthey'll shoehorn shoehorn inbut inbut plot plot character character developmentmcu developmentmcu netflix netflix leswhat leswhat support,negative
.thanks much much rt,positive
joy get get back,negative
dgp likely likely take take final final call.,neutral
want tell tell fellow fellow comm comm student student want want think think kind kind suck-up... suck-up... unhappy,negative
hard imagine imagine anyone anyone robin robin unhappy unhappy still still exciting exciting nonetheless,negative
thank happy,positive
,neutral
mamata's dole,neutral
message governor governor u u state,neutral
anyone else else as as hole hole unhappy,negative
thanks recent recent follow follow happy happy connect connect happy happy great great thursday.,positive
note self: self: dont dont get get attached attached cry,negative
huhu lucky lucky unhappy,negative
fear law's law's provision provision may may force force private private shun shun critical critical cases.,neutral
,neutral
true! khilado khilado kuch kuch unhappy,negative
farnell fursday fursday isn%27t isn%27t happy happy meet meet tax tax pound pound happy,positive
please talk talk nct nct instant instant message message lonely lonely need need fangirl fangirl okay okay cry,negative
want good good vibes? vibes? watch watch youtube youtube tv100 tv100 application application free free happy,positive
could miss miss flight flight bangalore,neutral
vanishing boatmakers,neutral
email hoping hoping get get today,negative
super scary scary unhappy,negative
whole japan japan tour tour ahead ahead them.. them.. one one quite quite brutal brutal already already tired tired bodies. bodies. boy boy unhappy,negative
founder admit admit gmv gmv vanity,neutral
piyush srivastava srivastava look look stunning stunning victory,neutral
,positive
work 7 7 morning morning unhappy,negative
pil filed filed seeking seeking restrain restrain swearing-in swearing-in chief chief minister minister tomorrow.,neutral
help unhappy unhappy early early birthday birthday gift gift huhu,negative
rock fossil fossil clue clue earth.,neutral
govt say say reliance reliance tendered tendered apology apology using using prime prime minister's minister's picture picture ad ad without without permission.,neutral
broadcaster say say fly fly away away reminds reminds early early happy,positive
invited 24 24 people people propose propose vision vision future. future. jom jom happy,positive
,neutral
history around,neutral
helloo :d :d chammy chammy (shamirakay),positive
one year year ago ago today today unhappy,negative
bihar extension extension impact impact privacy privacy right,neutral
ugh miss miss baby baby cry,negative
municipal held held april april 22: 22: state state election election commission,neutral
nooo hair hair color color pretty,negative
prince baekhyun.....throw baekhyun.....throw dungeon dungeon please please deserve deserve see see beautiful beautiful face face unhappy,negative
update: got got :d,positive
saying read read book book today,positive
india's supreme supreme court court shuts shuts highway highway booze booze hatch.,neutral
effect: batsman batsman get get booed booed scoring scoring century.,neutral
,neutral
must feel feel like like shit shit men men stare stare barrel barrel bong bong spend spend kid's kid's milk milk money money unhappy,negative
going yesterday yesterday unhappy,negative
,positive
670000 bike,neutral
stephen's test test autonomy,neutral
govt probe probe yet yet video video army.,neutral
calcutta's menace menace born born -- -- eating eating pavement pavement footpaths.,neutral
bos shunted,neutral
back hurt hurt sad,negative
one deprived deprived benefit benefit lack lack benefit benefit continue continue alternate alternate mean mean identification:,neutral
pm hang,neutral
tell u u happy,positive
one cat cat yang yang manja manja sangat sangat someone someone took took unhappy,negative
process frustrating frustrating enough,negative
koala dying dying thirst thirst u u unhappy,negative
another day! day! good good morning!! morning!! april april 20,positive
ordered car car yesterday,negative
stone-pelters miss miss mehbooba's mehbooba's brother brother get get message.,neutral
can't risk risk slightest slightest smile smile today.,neutral
go away away unhappy,negative
life unfair? unfair? unhappy,negative
would say say quite quite lot...but lot...but hey,positive
twist case,neutral
malala's oxford oxford entry,neutral
miss jihoon jihoon sad,negative
trop retard retard sad,negative
left unspoken,negative
pm australian australian pm pm temple,neutral
mutual: let's let's talk talk more!me: more!me: sure!mutual: sure!mutual: happy happy me:,positive
more. also also epaper.,neutral
supreme court court rope rope former former top top auditor auditor run,neutral
mp sushmita sushmita dev's dev's plea plea keep keep take take wing wing online.,neutral
check beautiful beautiful news news every every single single day,positive
would great great trick trick happy,positive
fuck don%27t don%27t unhappy,negative
flash: supreme supreme court's court's order,neutral
excited event event next next week week bangalore! bangalore! come come happy,positive
thanks recent recent follow. follow. much much appreciated appreciated happy happy want,positive
rbi keep keep policy policy rate rate unchanged unchanged 6.25%.,neutral
l reach reach raj raj bhavan bhavan tender tender resignation resignation cm,neutral
mom leaving leaving today today go go town town already already miss miss unhappy,negative
amit chaudhuri chaudhuri hard hard give give experience experience pleasurable pleasurable pain.,neutral
get week week reply reply case.,neutral
oh god god same! same! attend attend lesson lesson together together sometime sometime kidding kidding hahah,negative
bought 523 523 litre litre fridge. fridge. applying applying cold cold storage storage license license bhayander bhayander west west :d,positive
face swapped swapped cat cat dog dog really really upsetting upsetting unhappy,negative
like jittery jittery caffeine caffeine make make sad,negative
,neutral
,neutral
perch peak,neutral
car sale sale recover recover region region -- -- barring barring east,neutral
aap govt govt move move sc sc setting setting 5-judge 5-judge constitution constitution bench bench decide decide appeal appeal hc hc verdict verdict holding holding lg lg delhi's delhi's administ,neutral
navjot singh singh sidhu sidhu sworn sworn cabinet cabinet minister minister govt,neutral
'nationalist' cub cub threatens threatens cut cut finger,neutral
trump immigration,neutral
scientist saved saved orbiter orbiter death death eclipse.,neutral
price slashed,neutral
miss unhappy,negative
there one one thing thing want want change change . . last last name name happy happy aldubonly,positive
hi mahima! mahima! share share concern concern unhappy unhappy please please dm dm u u contact contact detail detail get get touch touch detailed.. detailed.. cont1,negative
thanks recent recent follow follow happy happy connect connect happy happy great great thursday.,positive
suppose waiting waiting happy,positive
rolled one.,neutral
favourite lipstick lipstick hilang hilang cry,negative
want jabee jabee cry,negative
lovely lunch lunch menu menu sure sure please! please! smile,positive
,neutral
sharad want want gujarat gujarat cm cm arrested arrested trying trying push push making making meat meat communal communal issue.,neutral
tackle less less wheat,neutral
bjp govt govt faces.,neutral
,negative
even $2.17m,neutral
also signing signing session session qian qian liu liu jared jared wright wright last last performance performance onegin? onegin? share,positive
definitely arm arm unhappy,negative
wish smile,positive
boyfriend mad mad cute cute unhappy,negative
mystery art,neutral
palaniswami win win trust trust vote vote 122 122 mlas mlas voting voting govt govt chaotic chaotic day. day. earlier;,neutral
attacked five five arrested,neutral
set 1 1 800,neutral
thanks recent recent follow follow happy happy connect connect happy happy great great thursday.,positive
mutual: let's let's talk talk more!me: more!me: sure!mutual: sure!mutual: happy happy me:,positive
rbi chief chief see see v v growth growth rate.,neutral
top bureaucrat bureaucrat innocent,neutral
got favorite favorite boot boot cut cut jean jean roshe roshe runs. runs. girl girl safe safe today. today. blessed blessed 4/20 4/20 smile,positive
,negative
imagine paying paying rs500 rs500 -- -- 1863.,neutral
miss rockys rockys post post unhappy,negative
good evening evening happy,positive
7days: secessionist,neutral
sufficient measure,neutral
wanted $25 $25 million million offering offering 24. 24. smile,positive
court grant grant bail.,neutral
unhappy come come people people like like child child where's where's state state intervention,negative
need direct direct coffee coffee feed feed starbucks starbucks happy,positive
2017 07:00am!! 07:00am!! kamusta? kamusta? forget forget eat eat breakfast breakfast guys! guys! happy,positive
india versus versus australia australia holyfield holyfield versus versus tyson,neutral
update batch batch 1 1 army army bomb bomb v2? v2? happy,positive
hakyeon turn turn 27 27 soon soon oh oh god god still still baby baby unhappy,negative
,positive
warm sketch sketch faves,negative
killed airport airport woman woman poisoned poisoned needles.,neutral
finished gym,negative
let know! know! :-)(i'm :-)(i'm champion!!!!!)elder champion!!!!!)elder lenore lenore a. a. artisministries...,positive
happy birthday birthday nimesh!!! nimesh!!! happy,positive
definitely arm arm unhappy,negative
many cool cool game game update update release release today. today. happy,positive
mass bunking,neutral
oh god god heck heck sorry! sorry! one one favorite favorite well well unhappy,negative
more. also also epaper.,neutral
cash lock lock jnu jnu student student more. more. also also epaper.,neutral
hi instant instant message message friend friend friend friend lang,negative
lolo bin bin fucking fucking mental mental screenshot screenshot :d :d haha,positive
flip scr,negative
thanks recent recent follow follow happy happy connect connect happy happy great great thursday.,positive
,positive
murder pune pune activist activist fuel fuel fear fear revived revived upa upa clause clause law.,neutral
,neutral
appeal people people vote,neutral
jaitley say say likely likely pick pick coming coming quarters.,neutral
tulip favorite favorite unhappy,negative
shashank manohar manohar quits quits how!,neutral
tehmina janjua janjua 1st 1st woman woman foreign foreign secretary.,neutral
more. also also epaper.,neutral
watch live live stream stream fm fm shri shri budget budget speech speech 2017-18 2017-18 link,neutral
talking driver driver goinghe goinghe said said love love go go new new york york since since trump trump probably,negative
back unhappy,negative
'good thing thing happen,neutral
0 motivation motivation study study unhappy,negative
park area area paris paris marked marked green green google google map,negative
scientist calcutta calcutta tracing tracing building building block block space,neutral
text doing? doing? happy happy got got issue!,positive
allow barrage barrage name name say,neutral
,positive
,negative
appropriate one one unhappy,negative
win draw draw free free download download celebrate celebrate us. us. developed,positive
building llvm llvm backend,negative
retweet tweet tweet want want included included nhc nhc scrapbook!! scrapbook!! making making something something usern,positive
court asks asks report report fracas,neutral
moral outrage outrage cannot cannot guide guide thing thing get get messy,neutral
really must must go go see see power power ranger ranger again. again. smile,positive
telegraph published published today today article article entitled entitled french french envoy envoy bet bet former former colony colony - - bonjour,neutral
administrator named named cricket cricket body.,neutral
stream tonight! tonight! throat throat killing killing me. me. unhappy,negative
famous sa sa facebook,negative
hi mr. mr. yen! yen! signing signing new new york york day? day? great great role role model model happy,positive
,positive
think ever ever edit edit long long video video unhappy unhappy go go try try another another editing editing software,negative
waiting jail jail break break happy,positive
7-judge sc sc bench bench hear hear plea plea madras madras hc hc justice justice order order staying staying transfer. transfer. earlier:,neutral
dipankar dasgupta dasgupta pitfall,neutral
y'all want want choke choke what'd what'd do? do? unhappy unhappy (,negative
yours? unhappy,negative
sure happy,positive
jealous unhappy unhappy please please go go see see 18:40 18:40 - - green green room room sat!,negative
definitely arm arm unhappy,negative
online crush crush come come meet-up meet-up without without snapchat snapchat filter filter unhappy,negative
3 queen queen take take centrestage.,neutral
miss temperance temperance brennan brennan seeley seeley booth booth much much unhappy,negative
tear father father 3 3 killed killed stones.,neutral
cbi book book 12 12 leader leader case.,neutral
sixth spot spot applicable applicable team! team! higher higher pa! pa! :)kisses :)kisses thefashionicon,positive
want follow follow back? back? tweet tweet will. will. happy,positive
always meet meet man man visit visit eastern eastern india.,neutral
seriously thought thought coldplay coldplay going going band band like like depeche depeche mode mode u2,negative
more. also also epaper.,neutral
kid versus versus legend legend cry cry joy,positive
lucky slave slave wish wish unhappy,negative
heart unhappy,negative
........yeah sure sure happy,positive
thanks top top engaged engaged community community member member week week happy happy (want (want this? this? free!,positive
yg sent sent mcd. mcd. want want see see holding holding trophy trophy unhappy unhappy anyways,negative
good morning morning message message never never fail fail make make smile smile happy,positive
bad can't can't watch watch unhappy unhappy cake cake cute cute look look delicious,negative
caught cold. cold. unhappy unhappy seems seems got got tired tired expected....,negative
send people people bunny bunny pic,positive
good luck luck swampy swampy happy,positive
damn.... there there people people sincerely sincerely want want attend attend bh bh birthday birthday party party bcs bcs people people try try fun fun make make ca,negative
spending night night talking talking beloved beloved ???perfect.i ???perfect.i love love man! man! happy,positive
more. also also epaper.,neutral
du's ramjas ramjas college college cancel cancel event event protest protest invite invite speakers.,neutral
despair research research seat seat slashed.,neutral
oh unhappy unhappy could could please please tell tell little little issue? issue? im im following following youd youd prefer prefer dm. dm. amanda,negative
little video video made made love love life,positive
,positive
bos india's india's largest largest caution caution waiving,neutral
mean mathew mathew hayden.,neutral
beyond sad sad unhappy,negative
cram reading reading unhappy,negative
good morning! morning! hope hope slept slept well~ well~ happy,positive
better pen pen pencil?dafaqcomoni pencil?dafaqcomoni want want good good drawer drawer unhappy,negative
liquor baron baron declared declared proclaimed proclaimed offender,neutral
beauty scored scored night!! night!! hope hope get get happy,positive
rural planned planned counter counter azadi azadi call.,neutral
happy 4/20 4/20 :)i'm :)i'm drug drug free free never never smoked smoked weed weed before.,positive
governor asks asks congress congress cm cm okram okram ibobi ibobi singh singh resign resign process process formation formation next next govt govt started.,neutral
love got7 got7 god god bored bored unhappy,negative
aww unhappy unhappy coeurl,negative
roc boyz boyz sad,negative
someone contacted contacted jelpi jelpi issue issue rn? rn? unhappy,negative
love unhappy,negative
supreme court court give give govt govt chance chance oppose oppose judge judge appointment appointment 'national 'national security'.,neutral
puppy deserves deserves better better unhappy,negative
waited unhappy,negative
ticket available available 401 401 festival festival running running 2017,positive
hope start start getting getting 1gb 1gb data data per per day day tonight!! tonight!! unhappy,negative
thanks top top engaged engaged community community member member week week happy happy want,positive
poll 2017: 2017: polling polling first first phase phase begin,neutral
funny happy,positive
modi's gesture gesture bjp's bjp's spot,neutral
aando uandhappy uandhappy googled googled day day read read meandu meandu agaiand agaiand said said hoax,negative
totoo po? po? waaahhh waaahhh may may heart!!! heart!!! heart heart everywhere everywhere happy happy love,positive
damn.... there there people people sincerely sincerely want want attend attend bh bh birthday birthday party party bcs bcs people people try try fun fun make make ca,negative
,positive
,negative
credit also also go go ik ik happy,positive
client work work rt rt favorite favorite happy,positive
gray outside outside today today unhappy,negative
free market market tops!!! tops!!! real real human human right right sound sound great,positive
also making making century,neutral
others: 0,neutral
poll data data show show still still rule rule roost,neutral
,negative
might set set whole whole place place fire.,negative
,neutral
anne! happy,positive
thanks recent recent follow follow happy happy connect connect happy happy great great thursday. thursday. (want (want this? this? free!,positive
rt: almightytanner: almightytanner: good good evening evening everyone everyone happy happy join join twitter twitter party party tonight. tonight. official official tagline:tanner tagline:tanner welcomeb,positive
face look look bloated bloated unhappy unhappy baby baby get get well well soon,negative
take aol aol instant instant messanger,neutral
,negative
crown india's,neutral
negative pit pit unhappiness,negative
beautiful set,positive
live: british british police police say say casualty,neutral
that's what's what's important! important! happy happy that's that's trying trying remember.,positive
,positive
goal 2017: 2017: become become apart apart lose lose 50 50 lbsstart lbsstart youtube youtube happy,positive
sone cant cant stream stream genie!you genie!you stream stream ty ty genie! genie! still still sharing sharing genie genie ids. ids. want,positive
oh feel feel 10 10 gem gem :d,positive
,neutral
,positive
,neutral
breaking: go go ahead ahead scheduled,neutral
lawmaker ticked ticked 3 3 boxes: boxes: supremacist,neutral
govt cut cut rate rate scheme scheme marginally.,neutral
delhi police police arrested arrested md md ajay ajay chandra chandra developing developing project project despite despite getting getting fund fund investors.,neutral
.i can't can't believe believe fixed fixed yet,negative
turnout till till 5 5 pm pm 68 68 per per cent,neutral
soup sandwich sandwich slow slow cooked cooked pork,positive
british prime prime minister minister theresa theresa may may say say want want hold hold early early election election june june 8: 8: reuters,neutral
goenka's surprise:smith surprise:smith lead lead pune,neutral
idea wrong,neutral
class really really bored bored happy happy rt rt one!! one!! mutuals mutuals non non mutuals mutuals pls pls let let flop flop ;-;,positive
congratulation world world happy,positive
hc directs directs conclude conclude preliminary preliminary inquiry inquiry within within 72 72 hour hour register register fir,neutral
trial raise raise rigging rigging fear,neutral
7 new new specie specie found,neutral
well fun. fun. thanks thanks stopping stopping giving giving shit shit tonight tonight fella fella :d :d much much love. love. feelsgoodman,positive
really liked liked happy,positive
watch union union budget budget 2017 2017 live live abp abp news news 11:00 11:00 onwards,neutral
bos quit,neutral
protected tampering/manipulation: tampering/manipulation: election election commission,neutral
gentle reminder reminder tp tp guideline guideline happy happy please please read read spread. spread. thank thank you. you. happy happy kiss kiss thefashionicon,positive
one left? left? see see unhappy,negative
thank unhappy unhappy need need certificate certificate signed signed god,negative
pake 3 3 unhappy,negative
telecom giant giant born,neutral
select 14 14 award-winning award-winning laura laura taylor taylor romance romance ebooks,positive
yes cry cry joy,positive
going ca ca july,negative
would awesome.,positive
okay shut shut now. now. instant instant message message mad mad lot lot people people flawed flawed opinion opinion mental mental health health ( ( mine) mine) show show unhappy,negative
would love love guest guest podcast podcast sometime!!! sometime!!! 15 15 minute minute smile smile interested???,positive
today: congress congress vp vp address address rally rally gonda,neutral
art form.,neutral
problem affecting affecting webmail webmail itself. itself. accessing accessing email email application application work work fine fine happy happy ^mkl,positive
24-20 unhappy,negative
great night! night! hope hope enjoyed enjoyed strip strip club club happy happy thx thx photo,positive
figure happy,positive
wtf?! where's where's boring boring show show that's that's on?! on?! happen?? happen?? happens happens close close week. week. unhappy,negative
made dinner dinner two two tonight tonight happy,positive
look big big become!,positive
,positive
mohandas pai pai back back murthy murthy coo coo pay pay hike.,neutral
pure evil evil people people unhappy,negative
huge thank thank within within social social work work care care sectors! sectors! keep keep great great work work happy,positive
happy anniv anniv ming ming papi!!!!! papi!!!!! love love love love happy,positive
ikr!! unhappy unhappy oki oki welcome welcome sam,negative
yg sent sent mcd. mcd. want want see see holding holding trophy trophy unhappy unhappy anyways,negative
can't leave leave u u unhappy,negative
delivering conservative conservative message message strong strong stable stable leadership. leadership. happy,positive
player kill kill you. you. player player rank rank would would show show up. up. happy,positive
bengal fix fix bars: bars: pay pay repair,neutral
thanks top top engaged engaged community community member member week week happy happy - - sent,positive
eye governor,neutral
india mull mull auditor auditor check check misuse,neutral
want cry cry unhappy,negative
bram stoker. stoker. can't can't wait wait show show bronze bronze soon. soon. happy,positive
hello getting getting cyber cyber bullied bullied something something unhappy,negative
help made made sent sent starter starter p1q3. p1q3. open open suggestion suggestion improve improve happy,positive
case bat bat more. more. also also epaper.,neutral
wow amazing amazing country country unhappy,negative
friday conference conference u u go go dinner dinner favourite favourite smile,positive
daddy dearest,neutral
heartland lab.,neutral
11 against. against. earlier:,neutral
instead money,positive
damn... sucks! sucks! unhappy,negative
couple unhappy,negative
more. also also epaper.,neutral
hi ashish! ashish! tried tried call call number number got got response response unhappy unhappy please please share share another another suitable suitable time time alternate.. alternate.. cont1,negative
feeling bad bad unhappy unhappy 89 89 others,negative
jyoust hyoug,negative
hurt see see sad sad unhappy unhappy understand understand this. this. kill,negative
ah awesome! awesome! pixel pixel art art stuff stuff chance? chance? happy,positive
sword-wielding procession procession left left gaping.,neutral
manipur assembly assembly election election result result live: live: congress congress ahead ahead 6 6 seat,neutral
sydney tomorrow,positive
oh mince mince unhappy,negative
thanks recent recent follow follow happy happy connect connect happy happy great great wednesday. wednesday. want,positive
guy please please help help retweet retweet unhappy,negative
balagarh dying dying art,neutral
,positive
want win win pet pet chick chick happy happy simply simply follow follow retweet retweet chance chance win! win! winner winner selected selected sunday sunday 23rd. 23rd. go,positive
,neutral
,negative
much appreciated appreciated happy happy (want (want magical!,positive
nephew held held question-paper question-paper scam.,neutral
gippy grewal grewal online online twitter twitter 3 3 pm,positive
art living's living's fight fight back back yamuna yamuna floodplain floodplain damage,neutral
thanks up-voting up-voting u u ph ph happy,positive
damn.... there there people people sincerely sincerely want want attend attend bh bh birthday birthday party party bcs bcs people people try try fun fun make make ca,negative
small fishie fishie died died unhappy,negative
go back back school school music! music! think think time time happy,positive
prefer sharm sharm - - enjoy enjoy happy happy gouna gouna 20km 20km away away also also quite quite nice nice - - honestly honestly anywhere anywhere away away crazy crazy cairo,positive
nadu governor governor invite invite edappadi edappadi k k form form government government earliest.,neutral
june 5 5 - - june june 16 16 unhappy,negative
rahul say say afraid,neutral
feel like like shoyould shoyould telling telling get get fuck fuck social social medium medium byout byout also also feel feel really really mean mean unhappy unhappy silence silence love love yoyou yoyou hope hope yoyoure yoyoure okay,negative
thanks recent recent follow follow happy happy connect connect happy happy great great thursday.,positive
calcutta hc hc judge judge c c karnan karnan fails fails appear appear sc sc connection connection suo suo motu motu contempt contempt proceedings.,neutral
,positive
pierce like like bitch bitch unhappy,negative
omg see see drink drink alcohol alcohol haha haha glad glad fun fun guy guy ! ! wish,negative
thanks recent recent follow follow happy happy connect connect happy happy great great thursday.,positive
sad report report robin robin egg egg mom mom found found yard yard storm storm taken taken life life support. support. poor poor thing thing frozen frozen unhappy,negative
year haha haha unhappy,negative
look like like somethings somethings ignore ignore xd xd kart kart racing racing when? when? unhappy,negative
want hang hang unhappy,negative
much appreciated appreciated happy happy want want ?,positive
bronchitis love love happy,positive
yes! subtitle subtitle happy,positive
resort hosting hosting 120-odd 120-odd lawmaker lawmaker camp.,neutral
more. also also epaper.,neutral
much fun fun absolutely absolutely love love kids!! kids!! want want soon soon unhappy,negative
job searching searching got got none none so:(buthedonism so:(buthedonism got got abundance,negative
more. also also epaper.,neutral
,neutral
really labour labour supporter supporter actually actually quite quite glad glad happy happy mean mean much much claim claim 2009 2009 fuck,positive
govt spark spark traffic traffic chaos chaos plan plan grand grand gate,neutral
race hots,neutral
suspect attack attack nabbed,neutral
yogi vow vow work work all.,neutral
indian govt govt draw draw goat goat parallel parallel case.,neutral
everyone getting getting punched punched :d,positive
know exactly exactly talking talking happy,positive
india's protected protected forest forest planned,neutral
mukul kesavan kesavan 3 3 d,neutral
congrats winner winner :d :d eyounji eyounji well well girl,positive
jimin yoongi yoongi unhappy,negative
match versus versus gut gut feeling feeling modi's modi's dig dig supreme supreme court court act act more. more. also also epaper.,neutral
men said said cop cop found found carcass carcass car car boot...,neutral
va astept astept la la acest acest eveniment! eveniment! :)next :)next events:,positive
more. also also epaper.,neutral
buffalo unhappy,negative
break russia,neutral
guy please please help help tried tried smoke smoke lettuce lettuce earlier earlier salad salad ruined ruined unhappy,negative
,neutral
strong hard hard unhappy unhappy xxx,negative
go batangas? batangas? sad,negative
much appreciated appreciated happy happy want,positive
,positive
hellooo happy happy xbox xbox adhatter adhatter (xboxmadhatter),positive
leadership more.,neutral
,neutral
ohh yeah yeah sausage sausage pancake pancake happy happy x,positive
koala dying dying thirst thirst u u unhappy,negative
sap also also use,positive
koala dying dying thirst thirst u u unhappy,negative
hungry unhappy,negative
more. also also epaper.,neutral
also please please send send prayer prayer sympathy sympathy favorite favorite ball ball dress dress fit fit boob boob cry,negative
life term term prof prof saibaba. saibaba. more. more. epaper.,neutral
there're time time shinhwa shinhwa do/did do/did something,positive
,neutral
oh god god raining raining live live cry cry joy joy stop stop omg omg wanna wanna cuddle,positive
hitch ride ride final final unhappy,negative
,positive
6 injured,neutral
take aerobatic aerobatic display display inaugural,neutral
britain trigger trigger brexit brexit march march 29:,neutral
| chief chief press press conference conference begin begin shortly. shortly. stay stay tuned.,neutral
fest sans sans pak pak voice,neutral
abc news news got got ahold ahold asked asked could could use use second second coming coming video video transgender transgender special special f,positive
don%27t talk talk anymore anymore like like used used unhappy,negative
260 bare bare metal metal rs29,neutral
trying stay stay positive positive can't can't help help jealous jealous princess princess mia's mia's life. life. cuddle cuddle eat eat unhappy,negative
damn.... there there people people sincerely sincerely want want attend attend bh bh birthday birthday party party bcs bcs people people try try fun fun make make ca,negative
slight buzy buzy kasi kasi besh besh unhappy,negative
sing song song sullied.,neutral
still cant cant unhappy,negative
seems like like black black lingerie lingerie picture picture happy,positive
,positive
exactly thinking.. thinking.. unhappy,negative
mystery data,neutral
,neutral
thanks recent recent follow. follow. much much appreciated appreciated happy happy get,positive
,neutral
guess who's who's getting getting unicorn unicorn frappuccino frappuccino sold sold unhappy,negative
bench appear appear him.,neutral
vc say say law law take take course course occupation occupation adblock adblock doesnt doesnt end end despi,neutral
govt seems seems slipped slipped budget2017.,neutral
half time time load,negative
thanks notifying notifying us! us! updated updated add-on add-on plan plan accordingly accordingly happy,positive
mutual: let's let's talk talk more!me: more!me: sure!mutual: sure!mutual: happy happy me:,positive
haha mate mate good good love love debte debte wished wished center,negative
upsetting abuse abuse kid kid get get unhappy unhappy 3,negative
seokjinie went went everland everland today~ today~ guess guess forgot forgot idol,positive
narank 1 1 ako ako bcos bcos yoyou. yoyou. please please congratyoulate congratyoulate even even already already late? late? unhappy,negative
govt go go militant militant 'utmost 'utmost harshness',neutral
pakistan's 1st 1st woman woman foreign foreign secy,neutral
thanks recent recent follow follow happy happy connect connect happy happy great great thursday. thursday. want,positive
oh boo,negative
selected among among top top 20 20 social social medium medium blog,positive
sun shining shining happy,positive
day left-arm left-arm turner,neutral
talking driver driver goinghe goinghe said said love love go go new new york york since since trump trump probably,negative
val reggie reggie screentime screentime riverdale riverdale half half bad bad happy,positive
school taught taught u u anything,positive
join u u saturday saturday celebrate celebrate earth earth planting planting seedings! seedings! head head fb fb page page information. information. happy,positive
laughing loud loud cuteee cuteee happy,positive
can't wait wait actually actually see see copy copy smile,positive
,neutral
facial happy,positive
today: pm pm address address rally rally imphal,neutral
jimin yoongi yoongi unhappy,negative
jharkhand body body upgrade upgrade pitch pitch test.,neutral
bored kandowiandg kandowiandg ando ando plaands plaands today today makiandg makiandg eveand eveand bored bored unhappy,negative
wrote 30 30 tweet tweet still still notice notice cry,negative
something really really wrong. wrong. spending spending day day naked naked beach beach hot hot sunshine. sunshine. working working cold cold king's king's lynn lynn sad,negative
photoblogged! happy happy re-using re-using old old location,positive
let know know happy,positive
delete tweet,negative
tm krishna krishna took took beyond beyond fixed fixed format,neutral
thanks recent recent follow follow happy happy connect connect happy happy great great thursday.,positive
.thanks happy,positive
want mutuals mutuals bad bad unhappy,negative
.- layout- layout- btob btob happy,positive
shit short short :)*thanks :)*thanks friend friend maddy,positive
virulent more. more. also also epaper.,neutral
excited ball ball start start smile smile baby baby minor minor b b absolutely absolutely love love watching watching play,positive
thanks recent recent follow follow happy happy connect connect happy happy great great thursday.,positive
thank mama mama bear! bear! ang ang ganda ganda mo mo happy,positive
great thursday! thursday! looking looking forward forward reading reading tweet tweet happy happy want want ?,positive
secessionist next next generation.,neutral
memorial get get list,neutral
blessing tomorrow tomorrow happy happy keep keep faith faith stirred stirred day!,positive
reliance's promise promise free free voice voice call call roaming roaming 1 1 year... year... cheap,neutral
yes instant instant message message sad sad cry,negative
easter flown flown unhappy unhappy ready ready give give home home luxury luxury like like branded branded cereal,negative
ask questions-- questions-- get get spend spend 6 6 hour hour cop cop (but (but answers).,neutral
check as:,positive
thinking same. same. know know cute cute happy,positive
city palace,neutral
break first first practice practice exam exam happy,positive
bahu make make demand.,neutral
minister pmln pmln happy happy like like student student never never studied studied exam exam luckily luckily exam exam got got delayed. delayed. still still ha,positive
polythene government government office,neutral
give trial trial run run month,neutral
indian medical medical body body moot moot handling handling successful successful trial trial tamil tamil nadu.,neutral
supreme court court restores restores bangalore bangalore trial trial court court verdict verdict holding holding others others corruption corruption case.,neutral
thinking want want go go school school suddenkyfeeling suddenkyfeeling good good happy,positive
good news news seems seems thriving thriving valmiki valmiki reserve.,neutral
hi carlo! carlo! okay okay nmn. nmn. howdy? howdy? happy,positive
calcutta's learning... learning... chinese.,neutral
want paper paper trail trail elections.,neutral
army chief's chief's word word ring ring pellet-hit pellet-hit boy's boy's ears.,neutral
,neutral
really soft soft spoken spoken unhappy,negative
stopped got got rid rid toy toy surprise surprise bottom bottom unhappy,negative
scene drama,neutral
,neutral
1 short short two-thirds two-thirds majority.,neutral
,positive
nice morning morning working working today. today. lovely lovely atmosphere,positive
garg rapped rapped post,neutral
swear sometimes sometimes cool cool break break mutuals mutuals happy,positive
road traffic traffic sign sign section section theory theory revision revision myth myth unhappy,negative
im one one day day instant instant message message like,negative
,neutral
jungkook look look like like give give biggest biggest warmest warmest hug hug unhappy,negative
thanks feedback! feedback! it' it' starting starting phase,positive
see next next tweet! tweet! 5 5 different different thing thing keeping keeping calm,positive
hacked unhappy,negative
test autonomy autonomy waters.,neutral
serious concern concern regarding regarding india india captain captain 's 's shoulder shoulder injury,neutral
modi tested tested water water letter,neutral
congratulation david! david! well well done done mr mr v! v! welcome welcome jessica! jessica! happy,positive
unhappy pizza pizza taiwan! taiwan! like like swift,negative
can't own. own. (see (see there? there? ),negative
judge block block trump's trump's ban ban --effective --effective nationwide,neutral
unhappy sure,negative
thanks recent recent follow follow happy happy connect connect happy happy great great thursday.,positive
urban growth growth threatens threatens kidney kidney -- -- world's world's largest largest waste waste recycling recycling system.,neutral
ailes sure sure knew knew make make great great network! network! fox fox going going downhill downhill wi,negative
strike decodes decodes draft draft order.,neutral
guess who's who's getting getting unicorn unicorn frappuccino frappuccino sold sold unhappy,negative
subir bhaumik bhaumik cast cast shadow shadow india's india's tie,neutral
generation generation,neutral
happens time! time! unhappy,negative
perfectly happy happy single single .. .. see see happy happy couple couple :(kisses :(kisses thefashionicon,negative
ugc extends extends funding funding scheme,neutral
,neutral
3 switch switch selvam's selvam's side.,neutral
suuuuuuuuss scared scared cry,negative
whaddup. cry,negative
militant attack attack kashmir's kashmir's shopian shopian district,neutral
bill nye nye answer answer science science question question twitter twitter | | wired,positive
india's air air pollution,neutral
open entertainment entertainment tv tv market,neutral
,neutral
notice me? me? unhappy,negative
sister cyril cyril came came school school happy,positive
story 100-yr-old 100-yr-old treasure treasure streetsmart streetsmart bengal bengal (,neutral
yogi adityanath adityanath keshav keshav prasad prasad maurya,neutral
take custody custody 3 3 accused accused bhopal bhopal police,neutral
aww hating hating got got sponsored,positive
gott happy,positive
captain's knock,neutral
latest lacked lacked economic economic philosophy,neutral
one faves faves unhappy unhappy tying tying get get vimeo vimeo guy guy still still watch watch x,negative
stayed 3 3 hour hour phone phone ad ad bubbyyyyyyy bubbyyyyyyy miss miss unhappy,negative
more. also also epaper.,neutral
keep 36 36 portfolio portfolio himself.,neutral
epic migration migration campaign campaign ended ended slaughter slaughter pit pit stop.,neutral
good conversation conversation unhappy,negative
indian heft heft pope,neutral
seen email. email. good good :d,positive
tick-tock brotherhood brotherhood keep keep calcutta's calcutta's old old running.,neutral
sooooo sleepy sleepy unhappy,negative
that's living,neutral
attache 42 42 asset asset worth worth crore crore new,neutral
definitely arm arm unhappy,negative
didnt save save happy happy going going re-color,positive
157 day day go go happy,positive
more. also also epaper.,neutral
home truth,neutral
effigy burn burn jnu jnu strike strike 84% 84% research research seat seat cut cut affirmative affirmative action action junked,neutral
akhilesh meet meet newly newly elected elected sp sp mlas mlas today,neutral
murderer large,neutral
hi stefan stefan :)i :)i pretty pretty confident confident isolated isolated case case would would glad glad help help it.could it.could dm,positive
ps4 mate,negative
friendly fire fire wing wing tour tour unhappy,negative
sincerely hope hope many many priceless priceless antique antique destroyed. destroyed. reg,negative
rehearsing more. more. guwahati guwahati epaper.,neutral
dm u u happy,positive
win weekend weekend late late gift,positive
fun night! night! sorry sorry missed missed last last night night unhappy unhappy really really need need sync sync calendar,negative
close shave shave passenger passenger plane plane delhi delhi airport.,neutral
naeem bokhari bokhari says... says... mian mian gone gone !! !! cute cute nb nb happy happy n n ugly ugly evil.,positive
thanks much much following following us! us! love love know know think think flooring flooring range range happy,positive
gandhi champaran,neutral
dying language,neutral
surprised use use adblocker! adblocker! happy,positive
please read read unhappy,negative
cong boycott boycott pm pm parliament parliament raincoat raincoat remark; remark; coordinate coordinate party,neutral
scrap pension pension yojana. yojana. cycle cycle track track may may also also broken,neutral
let alone alone free!),negative
happy birthday,positive
hate mom mom ask ask going going no? no? bc bc want want stay stay home home missed missed much much school school already already unhappy,negative
one one one allah allah ease ease problem problem . . lot lot thanks thanks cry cry joy,positive
wanted say say thank thank following,positive
take look look favourites.io favourites.io happy,positive
bore friends).,neutral
somali grab grab indian indian 11 11 crew crew members.,neutral
koala dying dying thirst thirst u u unhappy,negative
worry happy,positive
thank much much sir sir happy happy please please watch watch film film call call happy,positive
please take take rest rest needwe needwe love love much much :(i :(i hope hope feel feel better better soon soon sunshine!,negative
give one one every every student student myswlf myswlf happy,positive
bicycle cm cm asked. asked. officer officer learnt learnt ground ground reality reality -- -- dip dip river.,neutral
extradition warrant: warrant: scotland scotland yard.,neutral
surprised least least amount amount follower follower whole whole cast cast sad sad lol,negative
polling underway underway 40 40 assembly assembly seat seat spread spread across across 7 7 district district seventh seventh final final phase,neutral
alaye give give iphone7 iphone7 dollar dollar birthdaydo birthdaydo normal normal abeg,positive
pm ? ? :d,positive
mention it! it! :d,positive
clear right right now. now. speaker speaker decide....,neutral
thank you! you! happy,positive
playing photo photo editor editor happy,positive
pretty much much twitter twitter really really work work sad,negative
strengthened sense sense belonging belonging among among calcutta's,neutral
still bedroom bedroom scared scared going going happy,positive
love tweetability! tweetability! like like reach reach opportunity! opportunity! could could hit hit u u email email happy,positive
absorbed going going get get laugh laugh get get 2000 2000 votes. votes. unhappy,negative
take season season 9,negative
,negative
begin 51 51 assembly assembly constituency constituency spread spread across across 11 11 districts. districts. eye,neutral
sita's birthplace,neutral
thanks recent recent follow,positive
hi ! ! want want speak speak business business partnership. partnership. happy,positive
,negative
thanks happy,positive
minute yoongi~watch yoongi~watch 'til 'til end end free free cookie cookie happy,positive
going go go meet meet andrew andrew lunch lunch back back :30,positive
sonia sarkar sarkar nationalist nationalist study study sprouting sprouting across across campuses.,neutral
men friend friend across across border,neutral
tweet made made cry!! cry!! cry,negative
good day day hey. hey. happy,positive
22 support,neutral
7 days: days: kashmiri kashmiri indignation,neutral
theme village village sanctuary?,neutral
look good good current current clubs. clubs. shame shame never never cut cut pl pl unhappy,negative
editorial: mayor mayor cannot cannot trusted,neutral
book car car service service sward sward tommorow tommorow :d,positive
govt proposes proposes limit limit r r lakh lakh r r 3 3 lakh lakh proposed,neutral
20% knight knight day day jewellery jewellery end end sunday-why sunday-why pick pick something something nice,positive
super unhappy,negative
recipe skills.,neutral
wowwow cute cute unhappy unhappy wantt,negative
rival govts govts unite unite act act sex-determination sex-determination tests.,neutral
need car car unhappy unhappy car car unhappy unhappy poor poor unhappy,negative
never happened happened happy,positive
increase ordered ordered workers.,neutral
arrangement made made ensure ensure free free fair fair election: election: cec cec (f,neutral
good morning morning nightmare nightmare still still wondering wondering maddie maddie hate hate me. me. beginning beginning day day unhappy,negative
controlling more. more. also also epaper.,neutral
sixth spot spot applicable applicable team! team! higher higher pa! pa! :)kisses :)kisses thefashionicon,positive
wage hike,neutral
,neutral
admission defeat defeat kashmir,neutral
india's go go 6 6 months.,neutral
life about. about. enjoy enjoy happy,positive
fm table table today,neutral
supporting activity activity violent...against violent...against law: law: ram ram madhav.,neutral
bring sharing sharing issue?,neutral
supreme court court said said welfare welfare scheme scheme proof.,neutral
yes smile,positive
haryana's called called march march siege siege parliament.,neutral
thanks great great review! review! smile,positive
precious really really miss miss unhappy,negative
load toys. toys. sweep sweep hand hand puppet puppet bastard bastard lost lost squeak! squeak! unhappy,negative
congratulation impressive impressive happy,positive
7% voter voter turnout turnout kashmir's kashmir's re-poll,neutral
village cry cry bridge,neutral
instant message message still still hoping hoping unhappy,negative
,positive
modi's bug,neutral
telecom operator operator acquire acquire business business telenor telenor india india seven seven circle circle hold hold spectrum.,neutral
know ready ready say say goodbye goodbye unhappy,negative
lotus garden garden dream,neutral
u4v9rr wish wish noted noted gentleman's gentleman's name name unhappy unhappy find,negative
amulya patnaik patnaik appointed appointed new new delhi delhi police police commissioner. commissioner. patnaik patnaik 1985 1985 agmut agmut cadre cadre ip ip officer.,neutral
sign garry garry barlow barlow yet yet sad,negative
girl front,negative
right seriously seriously need need decent decent butterfly butterfly tattoo tattoo design,positive
including police police attack attack near near uk uk parliament; parliament; cannot cannot confirm confirm number.,neutral
big story: story: african african envoy envoy slam slam indian indian govt govt condemning condemning gr gr noida noida attack attack enough; enough; say say visible,neutral
please let let meet meet taehyung taehyung hiks hiks cry cry joy joy really really hope hope could could win.this win.this first first cover,positive
,positive
69% polling polling till till 1pm,neutral
smiled today? today? never never forget forget smile smile happy,positive
kill cry cry joy,positive
swapan dasgupta dasgupta must must assess assess basis basis national national self-interest.,neutral
people abuse abuse animal animal unhappy unhappy loyal,negative
gst brain brain child child modiji modiji happy happy perfect!,positive
ngomel cry,negative
thanks retweets retweets week. week. much much appreciated appreciated happy happy want,positive
dealer said said load load car car returning returning due due disabled disabled losing losing sad,negative
walks; leader leader bow bow 'nayak'. 'nayak'. story,neutral
,neutral
,positive
trump national national security security adviser adviser flynn flynn resigns resigns controversy controversy russian russian contact,neutral
state rename rename road road duck duck ban ban top top court court step step till till summer summer break.,neutral
law officer officer job,neutral
miss louis' louis' tweet tweet unhappy,negative
moral ground ground verdict verdict favor favor pti pti happy happy becoz becoz 5 5 judge judge clearly clearly mention mention pm pm is...,positive
love cry cry joy,positive
sunanda datta-ray datta-ray journey journey light,neutral
demit gocoh gocoh game game real real cry cry joy,positive
bengal law law single single may may keep keep investor investor -- -- critical critical cases.,neutral
security border border put put risk risk trade.,neutral
ram guha guha money money criminal criminal got got india.,neutral
,neutral
by-polls: retains retains kanthi kanthi dakshin,neutral
thank crew crew happy,positive
breaking: supreme supreme court court convict convict disproportionate disproportionate asset asset case,neutral
bit rusty rusty now! now! unhappy,negative
damn ify ify ate ate unhappy,negative
facing arrest arrest warrant,neutral
nmd r2's r2's ugly ugly unhappy,negative
least case case yet yet completely completely broken broken tho,negative
don%27t know know doesnt doesnt seem seem fair fair me..two me..two one one happy,positive
baby unhappy unhappy (bett,negative
don%27t talk talk anymore anymore like like used used unhappy,negative
2000th tweet tweet like like say say love love donghyuck donghyuck :d,positive
awesome-- two two fill-in fill-in week week happy,positive
stats week week arrived. arrived. 1 1 new new follower follower unfollowers unfollowers happy happy via,positive
mmmmm guess guess getting getting much much acting acting work work days? days? much much time time hand hand unhappy,negative
mom know know struggle struggle drystreak drystreak unhappy,negative
amit roy roy maneck maneck dalal dalal launched launched international.,neutral
new amazingphil amazingphil video video today? today? happy,positive
base unver unver ajalah ajalah minahaes minahaes unhappy,negative
can't defend defend digital digital asset,neutral
mp incident,neutral
,neutral
live: ruckus ruckus assembly assembly 'secret 'secret ballot' ballot' demand,neutral
visit retracing retracing trip.,neutral
precious really really miss miss unhappy,negative
thanks recent recent follow. follow. much much appreciated appreciated happy happy want want ?,positive
decide new new legislative legislative party party leader leader future future course course action. action. also,neutral
13 reason reason producers: producers: care care youth youth mental mental health health :)13rw :)13rw producers: producers: *show *show young young audience audience graphic graphic rape rape suicide,positive
noted sir,positive
bajaj call call bad bad idea,neutral
sir ash ash ketchum ketchum princess princess may. may. happy,positive
prabhat patnaik patnaik monumental,neutral
private doctor doctor face face punishment?,neutral
going wave wave transparency,neutral
damn.... there there people people sincerely sincerely want want attend attend bh bh birthday birthday party party bcs bcs people people try try fun fun make make ca,negative
honey unhappy,negative
ha unhappy,negative
mager unhappy,negative
know safety safety feature feature watch watch special special interview interview dr. dr. ajay ajay bhushan bhushan pandey,neutral
mine take take iphone. iphone. switching switching back back contract contract up... up... year year half half unhappy,negative
terrible live live world world address address anticipated anticipated criticism criticism thought thought first? first? happy,positive
day ahead ahead confidence confidence vote.,neutral
follow u u dm/ dm/ mail mail ttwebonlinefeed ttwebonlinefeed release release 3 3 aggregator aggregator site site press press release,neutral
last retweet retweet happy,positive
3 d d -- -- (doctor),neutral
make feel feel listen listen problem,positive
thanks happy,positive
hellooo happy happy kt kt bear bear (ffabear),positive
jimin yoongi yoongi unhappy,negative
liked seeing seeing post post love love wri,negative
whimper me?,negative
love guess guess happy,positive
order ever ever want want eat eat website.may website.may great great day day happy,positive
ikr. would would trauma trauma ware ware unhappy,negative
friendly reminder reminder enjoy enjoy movie movie television television show show without without trash trash another another happy,positive
tension visit,neutral
amazing work work :d,positive
feeling bad bad - - buy buy new new book book get get engrossed engrossed new new world world happy,positive
convoy attacked attacked parimpora-panthachowk parimpora-panthachowk bypass bypass police,neutral
say source,neutral
pak pm pm survives survives removal removal scare,neutral
fucked right right unhappy,negative
would love love win win gorgeous gorgeous nail nail polish polish :d! :d! cute,positive
top retweeters retweeters week,positive
thanks me!! me!! :d,positive
congratyoulations harry!!!!! harry!!!!! since since fifa fifa 13!!!! 13!!!! miss miss yoyour yoyour younboxing younboxing video video unhappy,negative
sunanda k k datta-ray datta-ray political political ethos ethos must must faulted faulted racist racist attack attack students.,neutral
fuck. tried tried changing changing setting setting still still india. india. unhappy,negative
try hacking hacking india's india's election election commission commission challenge challenge all.,neutral
last day day camp camp tomorrow,negative
tested sweet sweet dish dish sweet sweet lover lover lip lip :)marvoree :)marvoree magpasikatonshowtime,positive
aw younhappy younhappy miss,negative
left headphone headphone home home unhappy unhappy km,negative
never give give thing thing make make smile smile happy,positive
thanks recent recent follow. follow. much much appreciated appreciated happy happy want,positive
drafted challenge challenge high high court court order order case,neutral
house adjourned adjourned till till 3pm.,neutral
sushma forgot forgot racism racism sermon: sermon: modi,neutral
nashri tunnel: tunnel: pm pm inaugurate inaugurate india's india's longest longest road road tunnel tunnel video:,neutral
really uplifting uplifting inspiring,positive
7 car car crushed crushed tanker tanker carrying carrying molten molten tar.,neutral
watch top top 10 10 news news day day video:,neutral
crocs more.,neutral
top officer officer speaks speaks innocent innocent victim victim suffer.,neutral
mutiny: versus versus sasikala.,neutral
test politics.,neutral
- thanks thanks top top engaged engaged community community member member week week happy happy grow grow follower,positive
physic 80 80 formula formula memorize memorize ha.ha.ha ha.ha.ha happy,positive
african hunt hunt noida,neutral
stay ? ? go go ? ? nobody nobody know know happy,positive
thanks recent recent follow follow happy happy connect connect happy happy great great thursday. thursday. want,positive
earlier happy,positive
,neutral
sloth great? great? good good un-unthinkable un-unthinkable picture? picture? dug dug mysel,positive
more. also also epaper.,neutral
question america,neutral
hello everyone,positive
every time time meredith meredith flashback flashback derek derek shepherd shepherd can't can't hold hold back back tear tear unhappy,negative
venue audiences.,neutral
ok. please please read read reply reply this....,positive
share love:thanks love:thanks top top new new follower follower week week happy happy want,positive
wake 4:30 4:30 tomorrow tomorrow body's body's gotten gotten head head start start waking waking 4:30 4:30 every every day day week week unhappy,negative
fat as as girl girl fat fat fetish760 fetish760 hot hot video video online,positive
look awesome! awesome! id id love love see see vn vn like like :d,positive
model modi,neutral
go smile,positive
thank happy,positive
ministers: transport transport minister minister nitin nitin gadkari gadkari cabinet cabinet meet.,neutral
exaseetly what's what's happening happening tn tn politisees. politisees. get get bjp bjp tn. tn. game game different.,positive
go kisses!!... kisses!!... know know it..,positive
u.s. loosens loosens curb curb re-entry re-entry green green card card holder,neutral
aegyo lost lost unhappy,negative
good cry cry joy joy love love much,positive
,neutral
true unhappy,negative
share love love top top engaged engaged community community member member week! week! much much appreciated appreciated happy,positive
think going going check check even even though though hear hear good good ue4 ue4 believe believe might might cool cool tr,positive
really feel feel lamp lamp unhappy,negative
trust vote vote 122-11.,neutral
,neutral
south korea's korea's constitutional constitutional court court upholds upholds president president park's park's impeachment,neutral
supreme court court want want know know exchange exchange note note stopped stopped march march 31 31 deadline.,neutral
new video video happy happy hope hope like like ithappy,positive
learns follow follow rule,neutral
hellooo happy happy pixelsavage pixelsavage (pixel_savage_yo),positive
grateful mom mom giving giving birth birth abort abort cry cry joy,positive
thanks recent recent follow. follow. much much appreciated appreciated happy happy (want (want magical!,positive
cm demand demand conducting conducting mcd mcd poll poll via via ballot ballot paper paper place place evms,neutral
thanks recent recent follow. follow. much much appreciated appreciated happy happy want want this?,positive
thanks recent recent follow follow happy happy connect connect happy happy great great thursday. thursday. want,positive
blessing first first day day april april happy,positive
jyoustinbieber please please follow follow daianeryoufato daianeryoufato trying trying long long unhappy unhappy love love much much baby! baby! xx xx (april (april 20,negative
dr kunal kunal sarkar sarkar cartel cartel ripping ripping patient,neutral
bby unhappy unhappy emotion,negative
deep scratch scratch ;_;all ;_;all paint paint gone gone see see bare bare metal. metal. need need fixed fixed avoid avoid getting getting rusting rusting car car soon soon unhappy,negative
so? sad,negative
wife split split coo,neutral
someone bring bring breakfast breakfast work work unhappy,negative
thanks articles. articles. b,positive
know problem problem still still exist exist :d,positive
stirring cold cold war,neutral
never ready ready actually actually happy happy idhuellam idhuellam dialogue dialogue ku ku dhan dhan othu othu varum..,positive
must varsity,neutral
fund poor poor student student dry dry up.,neutral
definitely arm arm unhappy,negative
well that's that's good good unhappy,negative
thanks recent recent follow follow happy happy connect connect happy happy great great thursday.,positive
racketeer backed backed politician politician prevent prevent legal legal govt govt licensees.,neutral
23 year,neutral
theatre festival festival got got muffled.,neutral
india's opaque opaque law,neutral
cassandra cain. cain. unhappy unhappy sure sure want want watch watch batbuffy. batbuffy. batwoman batwoman would would interesting.,negative
prettier 1.0 1.0 end. end. released released 1.2.0 1.2.0 fix fix another another batch batch edge edge case case happy,positive
career. unhappy,negative
activist killed,neutral
mystery effect effect data.,neutral
miss minmin minmin cry,negative
byron 3 3 week,positive
true! u u waste waste day day social social medium medium reading reading websites. websites. hand,positive
say :d,positive
keep waking waking middle middle night night sick sick shit. shit. unhappy,negative
want cisf cisf presence,neutral
nine injured: injured: cpro cpro north north central central railway.,neutral
tw: assaultactually assaultactually horrified horrified many many friend friend mine mine woman woman talk talk sexually sexually assaulted assaulted past. past. found found another another unhappy,negative
dm u u happy,positive
go back back school school music! music! think think time time happy,positive
cloud more. more. also also epaper.,neutral
thanks recent recent follow follow happy happy connect connect happy happy great great wednesday.,positive
supreme court court refuse refuse stay stay cbi cbi probe probe sting sting several several leader leader allegedly allegedly caught caught camera camera taking taking money.,neutral
limit cash cash withdrawal withdrawal bank bank account account atm atm - - restoration restoration status status quo quo ante,neutral
leander mahesh mahesh get get away,neutral
want make make waffle waffle unhappy,negative
china caution caution visit visit arunachal arunachal pradesh.,neutral
speech-to-text doesnt doesnt understand understand accent accent irish irish name name unhappy,negative
sorry see see tweet tweet unhappy unhappy please please could could dm dm address address details? details? look,negative
ravel morrison morrison unhappy,negative
industrialist asked asked question,neutral
premier calcutta calcutta ransacked ransacked death,neutral
shri arun arun jaitley jaitley shall shall assigned assigned charge charge ministry ministry defence,neutral
tutorial michel michel grundstein grundstein distinguishing distinguishing information information knowledge.. knowledge.. start start 15pm. 15pm. happy,positive
tete-a-tete former former president,neutral
stop (and (and loot) loot) express express coin.,neutral
can't access access school school email email web web browser browser unhappy unhappy yet yet much much homework homework subject,negative
untold love love story story ayesha ayesha mukherjee.,neutral
foreign journalist journalist north north korea korea gather gather 'big 'big event' event' amid amid tension,neutral
client work work rt rt favorite favorite happy,positive
,neutral
come prey,neutral
say work work unhappy unhappy totally totally made made day day though,negative
india's old old tie tie continue continue nurtured,neutral
feel like like 'only 'only environment environment disable disable people' people' argument argument actually actually excludes excludes many many disabled disabled people,negative
snapchat happy,positive
sanjiv goenka goenka tell,neutral
oh jeez. jeez. even even try try taking taking crack crack expected expected build build bad,negative
hate losing losing online online friend friend unhappy unhappy cruel cruel people people deactivate deactivate unhappy,negative
france's group group buy buy brand brand birlas.,neutral
,neutral
love six six pack pack much,positive
more. also also epaper.,neutral
seem want want drop drop account account wuhyungwon wuhyungwon unhappy,negative
thanks sharing sharing iris iris photo. photo. really really appreciate appreciate smile,positive
know name name possibly possibly next next cm cm video:,neutral
question: banking banking correspondent correspondent coerced coerced switching switching old old notes?,neutral
kp nayar nayar tension tension crept crept tie,neutral
shopping directory,neutral
aha okay okay going going rough rough night night happy,positive
damn that's that's unfortunate unfortunate unhappy,negative
firing underway,neutral
get 150!!,positive
coming soon soon screen screen near near you.,positive
way home home happy happy happy happy si si noah noah sa sa skyranch,positive
major waffle waffle craving craving right right sad,negative
thanks recent recent follow follow happy happy connect connect happy happy great great thursday.,positive
teaser coming coming today today 4pm!story,positive
fuck unhappy,negative
c'mon tweeps,positive
welcome germany germany then. then. authority authority welcome welcome country country though! though! happy,positive
india urge urge talk,neutral
trump repeal repeal obama-era obama-era broadband broadband rules.,neutral
lok sabha sabha adjourned adjourned 3rd 3rd time time till till 1.50pm 1.50pm opposition opposition uproar uproar leader leader tarun tarun vijay's vijay's remark remark continues.,neutral
52 injured injured jabalpur-delhi jabalpur-delhi train train derails derails near near half half train train carry carry delay.,neutral
baby calcutta calcutta died.,neutral
ed find find leader leader chhagan chhagan bhujbal's bhujbal's connection connection shell shell company company conducting conducting raid,neutral
jimin yoongi yoongi unhappy,negative
share love: love: thanks thanks top top new new follower follower week week happy happy get,positive
instant message message still still bored bored unhappy,negative
shun water water beaches.,neutral
menu judge,neutral
a7atein one one 'a7a' 'a7a' enough enough ({}) ({}) :d,positive
said silence silence morgan morgan freeman's freeman's voice voice happy,positive
mm cried cried racism racism oz oz probing probing indian indian attack,neutral
thanks brother,positive
talking driver driver goinghe goinghe said said love love go go new new york york since since trump trump probably,negative
15 year,neutral
make great great point,positive
self: buy buy that.also that.also me: me: furry furry unhappy,negative
perspective strife.,neutral
fake exit exit poll poll result result circulated circulated using using abp abp news' news' brand brand name. name. want want clarify clarify aired aired exit exit piss,neutral
10 year,neutral
thank 2k 2k like like banner banner project project happy,positive
here's one one roll roll 'poundland' 'poundland' film! film! (a (a store store sell sell product product 140.) 140.) here's here's dx,positive
know. happy,positive
$es_f $spy $spy bull bull relentless relentless happy happy setup setup like like today,positive
miss 7/27 7/27 costume costume unhappy,negative
naming game,neutral
chopsuey unhappy unhappy laughing laughing as as humble humble feed feed always always bomb!,negative
red velvet velvet unhappy,negative
lost deposit deposit rajouri rajouri garden garden stronghold.,neutral
till later! later! unhappy,negative
take home home to...well,neutral
texting without without looking looking :)kisses :)kisses thefashionicon,positive
beetle grip grip litchi litchi crop,neutral
fl design design done done inspired inspired fl fl hopyou hopyou love,positive
nick? might might deliver deliver time time demand demand it. it. story story life life -,negative
follow saga saga diary diary year's year's worth worth saga saga pen pen :)tcs,positive
sone cant cant stream stream genie!you genie!you stream stream ty ty genie! genie! still still sharing sharing genie genie ids. ids. want,positive
great day day everyone everyone happy,positive
nothing ever ever seems. seems. look look bad bad today,positive
car pm,neutral
rt quote quote name name calligraphy calligraphy happy happy try try best best make make pretty!! pretty!! non non mutuals/mutuals mutuals/mutuals (ifb) (ifb) fl,positive
finally got got jinyoung jinyoung wipe wipe jaebum jaebum precious precious son son block block world world witness,positive
sad unhappy,negative
arrived back back little little tipper tipper lorry lorry smile,positive
say manini manini chatterjee.,neutral
helloo :d :d kesh kesh (mzkeshnj),positive
think better better happy,positive
,negative
long time time chat chat sad,negative
system recognize recognize space space last last name name 2nd 2nd time time unable unable check check forced forced wait wait unnecessary unnecessary line line unhappy,negative
now? happy,positive
manohar sworn sworn chief chief minister,neutral
petitioner wants.,neutral
22 old old unhappy,negative
sangh put put show show strength,neutral
contribution ( ( posted posted tumblr tumblr ago ago cry cry joy joy ),positive
mobile signal signal suck suck unhappy unhappy what's what's full full postcode postcode happening? happening? keen keen help help si,negative
mayawati play play divide-and-woo divide-and-woo home home turf. turf. upelections,neutral
like song song debyout debyout younhappy younhappy syouggest syouggest yoyou yoyou jyoust jyoust one one song song really really love,negative
campervan ticket ticket expensive? expensive? unhappy,negative
answer yoyour yoyour steam steam trade trade link link ill ill send send right right away away :d,positive
hehe take take care care andy andy friend friend happy,positive
first happy,positive
taker mamata's mamata's torsa torsa plan.,neutral
philippines? unhappy,negative
tak ambik ambik wedding wedding package package cause cause poor poor unhappy unhappy ambik ambik aromaterapi aromaterapi massage massage je je hajxjsjsj. hajxjsjsj. hehe hehe see see uuuu uuuu jwa,negative
tried new new hacks?! hacks?! **trying **trying dumb dumb life life hack hack 17**,positive
modi's comment.,neutral
bengal private private school school fix,neutral
keep tweeting tweeting team. team. higher! higher! thank thank efforts. efforts. :)kisses :)kisses thefashionicon,positive
project india india test,neutral
bjp head head landslide landslide win win samajwadis samajwadis concede concede defeat defeat mayawati mayawati want want fresh fresh poll poll using using paper paper votes.,neutral
dig amartya,neutral
merit claim claim tampered tampered with; with; allegation allegation wild wild baseless:,neutral
comforting london london fog.,positive
more. also also epaper.,neutral
there're time time shcj shcj do/did do/did something something dissapointed dissapointed ot6,positive
can't make make unhappy unhappy thanks thanks head head though. though. please please take take photos!,negative
muz u,negative
finally got got jinyoung jinyoung wipe wipe jaebum jaebum precious precious son son block block world world witness,positive
pls rt[nct rt[nct fic] fic] love love song,positive
see edge edge creeping creeping unhappy,negative
abp news news exclusive: exclusive: arm,neutral
22 agreement agreement signed,neutral
spose pay pay accomodation accomodation nice nice haha? haha? going going stay stay somewhere somewhere anyway? anyway? happy,positive
wake-up call call trump,neutral
good morning,positive
ed issue issue notice notice violation violation provision provision tune tune r r 73 73 crore crore ipl.,neutral
flutter trial trial raise raise fresh fresh scare scare accuracy.,neutral
tired pretending pretending falling falling unhappy,negative
,negative
hi tharakaram! tharakaram! that's that's experience experience want want unhappy unhappy please please dm dm u u number number get get this.. this.. cont1,negative
headmaster find find truant truant kid kid harvesting harvesting crop.,neutral
heeeeey notice notice unhappy,negative
bedroom journalism journalism trial,neutral
.is winner winner donation donation giveaway,positive
cloud state state bos bos keshav keshav maurya's maurya's chance chance becoming becoming chief chief minister.,neutral
oh shiiiiid shiiiiid noooooor noooooor unhappy,negative
91% favour favour unelectable unelectable jeremy jeremy corbyn corbyn happy,positive
z-plus cover cover uttar uttar pradesh pradesh chief chief minister,neutral
arrest yet.,neutral
bjp rush rush shake shake upper-caste upper-caste tag.,neutral
getting morning morning hassle hassle unhappy,negative
please! watch watch afl afl anzac anzac game game tuesday! tuesday! big big tradition tradition love love sport! sport! happy,positive
old street street directory,neutral
is! haha haha wanted wanted look look like like v v unhappy,negative
irfan habib habib seeing seeing past past eye eye present,neutral
given custom custom console console bundle bundle giveaway! giveaway! happy happy tweet tweet following following enter! enter! end,positive
cloaked debate debate draupadi's draupadi's robes.,neutral
cringed hard hard :(that :(that fall fall shame- shame- looking looking really really good good point...,negative
menu dinner: dinner: praise praise praise.,neutral
jk resume resume work work system system river.,neutral
dedicate song,positive
idfc official official vikram vikram limaye,neutral
murali's initiative initiative go go jaffna,neutral
great day day today today happy,positive
7days: rallying rallying cry cry student,neutral
someone build build house house (4) (4) cant cant unhappy unhappy cant cant believe believe already already done????,negative
widening trade trade deficit deficit $9.84bn.,neutral
room india india indian,neutral
7days: modi's modi's rule rule twitter,neutral
random twitch twitch happy,positive
middleman (or (or conman) conman) nephew nephew tapped tapped bribe bribe election election commission commission officials.,neutral
sone cant cant stream stream genie!you genie!you stream stream ty ty genie! genie! still still sharing sharing genie genie ids. ids. want,positive
,negative
000 join join 4500 4500 already already assaults.,neutral
victory may may bad bad news,neutral
jamie. passion passion + + perseverance perseverance equal equal two two not-so-secret not-so-secret ingredient ingredient secret secret sauce sauce success success happy,positive
same. unhappy unhappy got got 12h 12h stream stream coming coming bday bday 8 8 hours. hours. still still sleeping.,negative
pork pie pie happy,positive
look could could kill......... kill......... smile,positive
issa throwback. throwback. happy,positive
hungry unhappy unhappy time time buy buy food,negative
make sad. sad. unhappy unhappy friend friend like,negative
thanks recent recent follow follow happy happy connect connect happy happy great great thursday.,positive
honestly college college make make want want curl curl ball ball cry cry 3 3 day day straight straight unhappy,negative
,positive
molly 1. 1. wish wish could could hair hair unhappy unhappy 2. 2. cutest cutest michael michael girl girl milly milly phone phone 3. 3. haiiiiiir haiiiiiir lip lip 4. 4. friend5. friend5. yes6. yes6. -,negative
new job job start start weeks! weeks! :d,positive
govt drop drop plan plan slip slip pseudo,neutral
unhappy saw saw somebody somebody said said hair hair fell fell bighit bighit trying trying figure,negative
hardest interview interview life,neutral
harvest 1st 1st crop,neutral
telling read read book book today. today. knowledge knowledge power. power. knowledge knowledge growth. growth. kee,positive
famfrit people people happy,positive
music legend legend receive receive diploma diploma medal medal stockholm stockholm next next day,neutral
become epicentre epicentre industry industry bihar.,neutral
,positive
make sad sad unhappy unhappy looked looked unhappy unhappy went went seaworld,negative
update: british british police police arrest arrest seven seven probe probe attack,neutral
real time time happy,positive
ye... miss miss unhappy,negative
nation 70 70 must must begin begin new new life.,neutral
arrest woman woman director director hong hong kong-based kong-based firm firm r r 1478 1478 crore crore case case registered registered post,neutral
great song song happy happy favourtie favourtie member? member? x,positive
food dissent dissent tradition,neutral
,neutral
lost one one import import quizzz quizzz unhappy,negative
fish killer killer going going pressed pressed younhappy younhappy hoe hoe today today good good person,negative
thanks recent recent follow,positive
,neutral
damn.... there there people people sincerely sincerely want want attend attend bh bh birthday birthday party party bcs bcs people people try try fun fun make make ca,negative
pakistan pressure pressure ban,neutral
thanks follow follow happy happy help help business business anyway anyway please please get get touch,positive
went meet,neutral
returned warm warm welcome,neutral
got doubt doubt summer summer happiness. happiness. zcc? zcc? unhappy,negative
wuut seriously?,negative
great! welcome welcome josh josh happy happy ^adam,positive
someone buy buy tasbih tasbih pls? pls? one one unhappy,negative
haha thanks thanks fansnim! fansnim! happy,positive
single idea idea opposition opposition clean clean say,neutral
3 publisher publisher close close suit suit photocopying,neutral
basketball etc etc theyre theyre restrict.threw,negative
still looking looking one one happy,positive
research seat seat hit hit regulator regulator tightens tightens rule rule guides.,neutral
indignation remains remains well-fed,neutral
younhappy keep keep jyoust,negative
new twitter twitter reply reply view view confused... confused... like like capitalise capitalise reply reply people people not? not? unhappy,negative
30 likes?} likes?} hehe,positive
ready stage stage 2019.,neutral
miss friend friend unhappy,negative
,positive
never mind mind khushi,negative
oh american american cultist cultist :d,positive
jack finn finn harries harries cry cry joy,positive
babye old old twitter twitter unhappy,negative
share love love top top engaged engaged community community member member week! week! much much appreciated appreciated happy,positive
india would would well well abolish abolish say,neutral
u nsa nsa h.r. h.r. arrive arrive today; today; hold hold talk talk nsa,neutral
irls coming coming meet meet boy boy much much deserve deserve unhappy,negative
lego_group: legothursdays legothursdays jokersquad_swg jokersquad_swg legolandwindsor legolandwindsor sound sound like like lot lot fun! fun! happy,positive
,negative
6 feature feature extended extended stay,neutral
pictures? always always enjoy enjoy swanky swanky hair hair happy,positive
thanks follow,positive
hi guy,positive
dear attendee,negative
little fans. fans. - - happy,positive
scotland yard yard arrest arrest london,neutral
fan see see future future pm.,neutral
plus want want win win merc merc c63 c63 silence silence sooo! sooo! happy,positive
that's kaki kaki tane tane amazing! amazing! foyound foyound place place germany germany import import it! it! :d,positive
hi! tried tried call call number number got got response response unhappy unhappy please please share share another another suitable suitable time time alternate alternate number number for.. for.. cont1,negative
hiring people people task task edge.,neutral
first attempt attempt bird bird photography. photography. :-)passer :-)passer domesticus. domesticus. surprising. surprising. wink,positive
'slaps' memorial memorial mean.,neutral
great thursday! thursday! looking looking forward forward reading reading tweet tweet happy happy want,positive
need moodbooster moodbooster juseyo juseyo unhappy,negative
killed death death girl girl all. all. more. more. also also epaper.,neutral
happy birthday birthday ! ! happy happy hope hope good good one,positive
promised denied denied helicopter,neutral
canberra land-locked land-locked capital. capital. unhappy,negative
live pranab pranab mukherjee mukherjee address address parliament parliament 11am,neutral
govt seems seems slipped slipped budget2017.,neutral
better oldschool oldschool cry cry joy joy rs3 rs3 equal equal aid aid 3,positive
may show,neutral
love can%27t can%27t arsed arsed don%27t don%27t know know people people keep keep saying saying unhappy,negative
.listen beautiful beautiful video video si,positive
setting court court home,neutral
india cap cap price price -- -- rs7,neutral
miss huhu huhu busy busy unhappy,negative
say manini manini chatterjee.,neutral
,negative
say tuna tuna happy,positive
think would would drive drive mad mad synths synths robot robot turned turned up. up. unhappy,negative
that's say say end end video video liked,positive
yo thank thank 15,positive
baby unhappy,negative
parent challenging. challenging. cannot cannot control control give give worst worst output output child child word,negative
goodevening happy,positive
kp nayar,neutral
autograph book book ready,negative
soldier's painful painful journey,neutral
kray denial denial normal normal bi bi say,negative
perfect dress,positive
precious really really miss miss unhappy,negative
best advice advice blogging. blogging. happy,positive
more. also also epaper.,neutral
new tv tv channel's channel's bedroom bedroom journalism journalism trial.,neutral
hey guy guy could could help help retweeting retweeting this? this? heard heard legitimate legitimate really really need need vpn vpn account account rig,negative
,positive
that's shocking shocking evil evil unhappy,negative
bihar cm cm cite cite siltation siltation threat threat barrage barrage national national waterway.,neutral
home run run !!!! !!!! yes yes charlie charlie game game happy,positive
welcome happy,positive
call floor floor test.,neutral
happy birthday birthday good good day day happy,positive
hi aled,negative
even unhappy unhappy *hugs*,negative
havent early early school school since since last last semester semester unhappy,negative
suck unhappy,negative
vistara join join pervert pervert airline airline call call list list assault assault air air india india manager manager mp,neutral
good morning morning every every one,positive
naila raheem raheem following following twitter!,positive
also epaper.,neutral
half full,neutral
[please rt] rt] buy buy blinking blinking taehyung taehyung headband,negative
stats day day arrived. arrived. 1 1 new new follower follower unfollowers unfollowers happy happy via,positive
jin spotted spotted everland everland today. today. nice nice see see break break u u tour tour happy,positive
yg sent sent mcd. mcd. want want see see holding holding trophy trophy unhappy unhappy anyways,negative
fla member member officer officer going going cebu cebu tomorrow tomorrow silence silence godbless godbless piss piss mga mga ante ante angkol! angkol! happy,positive
instant message message perfectly perfectly fine fine :d :d fellow fellow ken,positive
comparing 2015 2015 2017.,neutral
hate throwing throwing unhappy,negative
chidambaram opposition,neutral
cry muh muh feel,negative
limit cash cash withdrawal withdrawal today,neutral
,positive
ammunition explosive explosive material material recovered recovered lucknow lucknow operation operation end end video:,neutral
unhappy :/ :/ unhappy unhappy feeling feeling sick,negative
,negative
lexxxxxy unhappy unhappy youre youre nice nice instant instant message message really really eek,negative
thanks top top engaged engaged community community member member week week happy happy want want ?,positive
get pork pork katsudon katsudon tokyo tokyo diner! diner! tho tho egg egg unhappy,negative
rare specie specie say say hello hello century.,neutral
miss quacktopia! quacktopia! unhappy,negative
5.5% r r 50000-100000.,neutral
keep unhappy,negative
keep loving loving deepika,positive
thank crew crew happy,positive
nothing could could better better happy,positive
,neutral
hair crisp crisp unhappy,negative
gamer follow follow train!follow train!follow meretweet meretweet thisfollow thisfollow retweetedgain retweetedgain active active follower follower happy happy 450,positive
actually looking looking forward forward seeing seeing theory theory around around personal personal vote vote correct correct unhappy,negative
who's chair chair sitting sitting in? in? find find out. out. everyone everyone know know now. now. shamed shamed pu,negative
annoyingly space space variable variable width width version version c64 c64 font font that's that's available available internet internet wi,negative
india end end culture culture siren siren cars.,neutral
,neutral
thanks sharing sharing iris iris photo. photo. really really appreciate appreciate smile,positive
5640 less less 155 155 world,neutral
veteran general general see see breach.,neutral
saying read read book book today,positive
one happy,positive
500m more. more. also also epaper.,neutral
vow move move supreme supreme court.,neutral
likely elected elected cm: cm: source,neutral
good luck luck rich rich riding riding great great project project sunday. sunday. donate?,positive
hope little little beaand beaand andot andot overworkiandg overworkiandg gettiandg gettiandg least least rest rest unhappy,negative
sasikala expels expels score score rebel rebel including including minister minister k k pandiarajan pandiarajan senior senior leader leader c c ponnaiyan,neutral
beautiful lady lady full full fun fun body body confidence. confidence. ..,negative
used. stats stats care care motivation motivation happy,positive
miss temperance temperance brennan brennan seeley seeley booth booth much much unhappy,negative
more. also also epaper.,neutral
area's list list unhappy unhappy think think go go libdems libdems anyway,negative
ruby rehomed rehomed time time month month old old love love forever forever home. home. pls pls always always consider consider rescue,positive
5/6 time time week week leh leh sad sad yes yes closing closing damn damn fuck fuck opening opening much much better,negative
fielded nephew,neutral
thank roshhh roshhh miss miss everyone everyone too. too. love love youuu,negative
eight coach coach derail derail near near station station uttar uttar pradesh,neutral
bjp fly fly wing,neutral
best community community gathering gathering coming coming up! up! full,positive
want able able get get time time know know people people year year go go unhappy,negative
spell endures.,neutral
ohnoo unhappy unhappy unhappy unhappy hope hope recuperates recuperates sooner!!,negative
kept going going unhappy,negative
mr king king excited excited work work student student today! today! check check cool cool classroom classroom shape! shape! lot lot math math happy,positive
rohith's buddy's buddy's autopsy autopsy caught caught distrust,neutral
made new new logotype logotype really really fun fun work work follow follow want want keep keep updated,positive
thanks recent recent follow follow happy happy connect connect happy happy great great thursday. thursday. want,positive
pitched battle battle progress progress du du abvp abvp disrupts disrupts ramjas ramjas march march maurice maurice nagar nagar p,neutral
,neutral
common bugbear bugbear india india more. more. also also epaper.,neutral
honesty hug hug well-heeled,neutral
,positive
5 kid kid orphaned: orphaned: parent parent branded branded hacked hacked death.,neutral
,neutral
,negative
grooming season season dawn dawn madhya madhya pradesh,neutral
jimin yoongi yoongi unhappy,negative
aiadmk expels expels supreme supreme court court ruling ruling knock knock cm cm race.,neutral
think understand understand much much stream stream would would mean mean happy happy even even make-do,positive
mastermind module module arrested arrested police,neutral
unhappy sorry sorry pizza pizza arrived arrived mushroom mushroom despite despite request. request. could could please please get get touch touch vi,negative
picture make make sad sad unhappy,negative
heat wave wave coming,neutral
supreme court court summons summons bos,neutral
wow! friend friend dara dara shared shared hubby!!! hubby!!! look look terrific. terrific. :)order :)order -,positive
meghalaya got got bred bred local local pig pig variety.,neutral
india's force force want want 20 20 mp mp named named shamed shamed antics.,neutral
ugly high-rise high-rise taking taking grand grand structure structure ignored,neutral
list want want happy,positive
govt merge merge bharatiya bharatiya mahila mahila bank bank greater greater service service outreach,neutral
profit sanity.,neutral
brewery uk uk too.... too.... smile,positive
prasun chaudhuri chaudhuri (dying?) (dying?) art art carving,neutral
,positive
go way way keem? keem? minaun? minaun? that's that's good good one one extreme extreme driving driving today today smile,positive
hey screenshot screenshot sainyo sainyo . . hmm hmm tumagal tumagal sana sana u u . . stay stay uu uu . . im im always always fr fr uu uu matter matter . . luv luv uu uu mat,negative
cold mother mother crusher crusher right right now. now. nearing nearing end end april. april. sad,negative
instant message message cramping cramping sad,negative
painful goodbye goodbye onesthat onesthat never never said said never never explained explained cry cry unhappy unhappy :/,negative
sound family,negative
more. also also epaper.,neutral
perfectly happy happy player player got,neutral
stretch highway highway (to (to save save bars?).,neutral
india's foreign foreign secretary secretary visit visit next next week week 'frank' 'frank' talks.,neutral
indian navy navy ship ship respond respond piracy piracy attack attack foreign foreign merchant merchant vessel vessel gulf gulf aden,neutral
rather uk,positive
here's brutally brutally respectable respectable suit... suit... enjoy enjoy happy happy contrast contrast appreciate appreciate mo,positive
patna's tire tire machine.,neutral
want learn learn choreo choreo ugly ugly body body say say cry cry joy,positive
said d2 d2 largely largely sd sd d2 d2 run run newer newer version version mac mac o o miss miss playing playing unhappy unhappy hd hd woul,negative
sad fuck fuck unhappy,negative
pop request request assassin assassin shower shower gel? gel? happy,positive
bsp bos bos averse averse joining joining force force non-bjp non-bjp parties.,neutral
hi kn kn fans! fans! happy,positive
9 civic civic body body state state go go poll poll tuesday,neutral
damn.... there there people people sincerely sincerely want want attend attend bh bh birthday birthday party party bcs bcs people people try try fun fun make make ca,negative
writes sonia sonia sarkar.,neutral
thanks recent recent follow. follow. much much appreciated appreciated happy happy get,positive
sorry. one one bad bad egg egg embarrass embarrass rest. rest. unhappy,negative
penge damit damit unhappy,negative
penge damit damit unhappy,negative
jharkhand body body upgrade upgrade pitch pitch test.,neutral
thought made made transparent?,neutral
hi ashish! ashish! update update regarding regarding concern concern number number switched switched unhappy unhappy please please share share another another suitable suitable time.. time.. cont1,negative
thanks recent recent follow follow happy happy connect connect happy happy great great thursday. thursday. want,positive
former captain captain diana diana edulji edulji others others panel panel run,neutral
thanks sharing sharing happy,positive
indian hold hold promise promise battle,neutral
wasnt meant meant sound sound ano ano sad,negative
7 indian indian scrap scrap tag tag handbaggage.,neutral
suspect one one would would get get happy,positive
000 seat seat across across 3400 3400 colleges.,neutral
thats sooooooooooooo sooooooooooooo sick!!!! sick!!!! xd xd thanks thanks much much making making kin!! kin!! love love it! it! :d,positive
never happened happened happy,positive
thank kpop kpop cry cry joy,positive
list may may good good idea.,neutral
member camp camp meet meet assembly assembly speaker speaker p p dhanapal,neutral
visual studio studio installation installation - - 89% 89% .. .. bsod bsod come come suddenly suddenly unhappy,negative
arson film film set,neutral
people stuff stuff like like unhappy,negative
would great great trick trick happy,positive
thanks lot,positive
one year year ago ago today today unhappy,negative
would great great trick trick happy,positive
govt mull mull giving giving power power award award teachers.,neutral
instant message message lot lot pain pain school school doesnt doesnt allow allow pain pain med med unhappy,negative
much pain. pain. eye eye hurt hurt unhappy,negative
u.s. review review lifting lifting sanction sanction iran: iran: tillerson,neutral
oath taking taking new new cm cm take take place place 5 5 pm pm sunday: sunday: keshav keshav prasad prasad maurya,neutral
actually live live honesty honesty integrity integrity embraced,neutral
trying get get touch touch number number appear appear down! down! unhappy,negative
hold frown frown used used new new application application - - made made team! team! happy,positive
regime changes. changes. bullying bullying police police officer officer not.,neutral
result live: live: lead lead 93 93 seat seat offer offer resignation,neutral
petronas blue/green blue/green isnt isnt far far away away billy billy monger monger blue/green. blue/green. thought thought happy,positive
resolve sooo sooo slow slow laptop,negative
lose light,neutral
state bank bank india india q3 q3 profit profit double double r r 2,neutral
definitely arm arm unhappy,negative
uttar pradesh pradesh video:,neutral
hindi-belt party.,neutral
thats grim grim unhappy,negative
private airline airline follow follow revoking revoking flying flying ban ban sena's,neutral
someone pls pls gift gift xayah xayah using using pi pi plssss? plssss? unhappy,negative
sc collegium collegium accepts accepts govt govt thorn,neutral
7 arrested arrested attack attack probe.,neutral
headline inflation inflation measured measured consumer consumer price price index index (cpi) (cpi) remained remained control control third third successive successive financial financial year:,neutral
okey unhappy,negative
jimin yoongi yoongi unhappy,negative
,neutral
good show show pale pale next next 329% 329% jump jump imports.,neutral
right here.aren't here.aren't happy happy [x]???no. [x]???no. still still 'condition',positive
4/20 today,negative
,neutral
gdp grew grew 7% 7% quarter,neutral
can't unhappy,negative
che critiques. critiques. unhappy,negative
long cool,positive
new thesis thesis another another genius.sir,positive
going add add bazza,negative
world big. big. big big problem problem worry worry take take world. world. much much smile smile happy,positive
jimin yoongi yoongi unhappy,negative
kabali's spell,neutral
made day! day! great great story story happy,positive
chin leo leo cry,negative
thank happy,positive
oh andy andy unhappy,negative
streaminuteg 45 45 minute minute understanding understanding thing thing still.. still.. unhappy,negative
please meeeee meeeee followed followed almost almost year year unhappy,negative
high court court judge judge play play card.,neutral
key europe,neutral
especially people people low low patience patience level level happy,positive
3 garden garden make make mark mark u u meet.,neutral
calcutta get get mom mom accept accept calf.,neutral
another great great day day westhoughton,positive
record haul haul booze,neutral
birthday another another hour,positive
share love love - - high high value value member member week week happy happy (insight,positive
donny unhappy,negative
,positive
thanks recent recent follow follow happy happy connect connect happy happy great great thursday. thursday. want,positive
please reading reading break break heart heart unhappy,negative
fun welcome welcome back back taping! taping! first first day day happy happy mainit. mainit. pawisan. pawisan. dirty. dirty. really really miss,positive
malik sajad,neutral
honey unhappy,negative
[thinks tfp tfp soundwave soundwave forever forever trapped trapped void void realm] realm] unhappy,negative
new mother mother challenged challenged change change date date exchanging exchanging notes.,neutral
arisun town town hall hall pretty pretty terrible terrible service service rude rude staff. staff. went went icg's icg's fryer fryer broken broken unhappy,negative
say isro isro official official annadurai,neutral
| understand understand state state ohf ohf mind mind ohf ohf ji ji right right nohw. nohw. hence,neutral
hit splurge splurge freebie,neutral
,neutral
high court court order order govt govt waive waive drought-hit drought-hit farmers.,neutral
2nd cousin cousin vlad vlad !!!!! !!!!! maybe maybe thats thats message message hockey hockey g,positive
order ever ever want want eat eat website.may website.may great great day day happy,positive
militant opt opt poaching poaching fund fund outfit.,neutral
palaniswami's victory victory (and (and dhoti dhoti survived),neutral
relief front front small small firm firm hit,neutral
top law law advisor advisor back back use use human human shield,neutral
ready next next fire fire lighting lighting session session - - keen keen early early bird bird already already smile,positive
panchayat parliament parliament seems seems bos bos amit amit shah's shah's goal.,neutral
economic survey survey tabled tabled parliament parliament shortly. shortly. know know economic economic survey:,neutral
,neutral
music direction direction favourite,positive
follow dm dm u u able able assist assist you. you. chris chris happy,positive
superstar thanks thanks much much kind kind words! words! look look forward forward seeing seeing soon soon buddy buddy smile,positive
more. also also epaper.,neutral
always there. there. love love happy,positive
trauma... driving driving without without red,neutral
leading 18 18 seats.,neutral
share love: love: thanks thanks top top new new follower follower week week happy happy want want this?,positive
bihar set set rs25lakh rs25lakh fee fee skip skip subsidised subsidised education.,neutral
more. also also epaper.,neutral
fret wait wait governor's governor's call.,neutral
omg happy!! happy!! new new video video bigbang bigbang baby baby happy,positive
court summons summons cm cm suspended suspended bjp bjp mp mp accused accused criminal criminal defamation defamation plea,neutral
good morning morning unhappy,negative
:^) hello,negative
untold story story pranab pranab mukherjee mukherjee nixed nixed plan plan unseat unseat her.,neutral
question 18! 18! make make sure sure use use tweet tweet reply reply happy,positive
people don%27t don%27t know know always always think think quiet. quiet. people people know know me. me. wish wish :)kisses :)kisses thefashionicon,positive
yeah update update 16.04,negative
missed whole whole lot lot unhappy,negative
dang guess guess plan plan ruined ruined unhappy,negative
air india india lift lift no-fly no-fly ban ban mp,neutral
helloo :d :d car car fox fox (ror925),positive
mutual: let's let's talk talk more!me: more!me: sure!mutual: sure!mutual: happy happy me:,positive
froze mid mid install. install. waited waited 3hrs 3hrs pull pull plug plug cry,negative
thanks top top engaged engaged community community member member week week happy happy - - try,positive
need know know election election commission's commission's 'open 'open challenge' challenge' hack,neutral
claaaaaaaaaaaaasse !,negative
one backward backward cap,positive
way tackle tackle world's world's say say prabhat prabhat patnaik.,neutral
lesson school.,neutral
several injured injured mob mob storm storm polling polling booths; booths; low low 3.3 3.3 % % turnout turnout till till 11,neutral
calcutta's suddenly suddenly cannot cannot enough enough mother's mother's dish dish --but --but outsourced outsourced outlets.,neutral
don%27t spam spam way,positive
wow made made j j compressor compressor actually actually check check scoped scoped variable variable existing. existing. turn turn issue issue happy happy linters linters may may useful useful happy,positive
really out. out. happy,positive
thanks recent recent follow follow happy happy connect connect happy happy great great thursday.,positive
unhappy 4c 4c struggle struggle valid?,negative
rt 13 13 ffs-it's ffs-it's much much free-legit-free free-legit-free follow follow first first get get quicker-be quicker-be patient patient g,positive
rl? serius?,negative
understand look look sad,negative
want go go m's m's game game unhappy,negative
anybody know know rand's rand's likely likely fall fall dollar? dollar? got got money money need need change change r r keep keep getting getting stronger stronger unhappy,negative
scientist find.,neutral
dont laugh laugh unhappy unhappy meanie meanie base,negative
more. also also epaper.,neutral
thanks recent recent follow. follow. much much appreciated appreciated happy happy want want ?,positive
would great great trick trick happy,positive
sup guys? guys? :d,positive
want meet meet bad bad unhappy,negative
dropped follow follow twitch twitch happy,positive
president back back move move make make mandatory mandatory class class x.,neutral
ah alright,negative
crpf's commando commando return return unit.,neutral
thank crew crew happy,positive
supreme court court asks asks 6 6 state state explain explain vigilante vigilante banned.,neutral
worry unsold unsold stocks.,neutral
man. : : (,negative
within budget,neutral
much appreciated appreciated happy,positive
bengal bill bill scare scare pervert pervert school,neutral
7 coach coach meerut-lucknow meerut-lucknow rajya rajya rani rani express express derail derail near near rampur,neutral
thanks recent recent follow. follow. much much appreciated appreciated happy happy - - sent,positive
put password password wi-fi wi-fi :)kisses :)kisses thefashionicon,positive
kind feel feel like like sunburight sunburight right right sad sad someone someone please please make make nobby nobby thing thing glass glass slip,negative
thank you! you! happy,positive
25x25? go go first first happy,positive
au alisha alisha unhappy unhappy imagine imagine thing thing could,negative
best college college varsity,neutral
,positive
may go go away away happy,positive
dammit effect effect linearts linearts show show nicely nicely twitter twitter unhappy,negative
keep promise promise 'good 'good quality,neutral
amit roy roy potboiler.,neutral
big love love anne anne cox cox happy,positive
hijab stand stand radicalisation.,neutral
demitronisation relief relief small small firm,neutral
idea saying saying almo,positive
russell phone phone 10% 10% possibility possibility chance chance would would notice notice me? me? unhappy,negative
oh sadly sadly wont wont watch watch right right forbid forbid see see unhappy,negative
play woman woman wronged.,neutral
want give give everything everything make make happy happy see see smile smile unhappy,negative
[please rt] rt] buy buy blinking blinking taehyung taehyung headband,negative
ouch elena elena eremina's eremina's foot foot slip,negative
death currency,neutral
need unicorn unicorn frappuccino frappuccino stat. stat. found found limited limited timee! timee! unhappy unhappy much much longer?,negative
hellooo.. happy happy satans-daughter satans-daughter (taylynnox),positive
ngt punch punch hole hole delhi delhi fuel fuel supply supply chain chain ban ban old old tankers.,neutral
cheeky :d,positive
would great great trick trick happy,positive
big brother brother academia,neutral
slow unhappy,negative
took social social medium medium complaining complaining bad bad food,neutral
feel bad,negative
cabinet approves approves merger merger five five subsidiary subsidiary state state bank bank india india state-owned state-owned lender: lender: finance finance minister minister arun arun jaitle,neutral
groovy thursday! thursday! happy,positive
sad story story unhappy,negative
think that's that's one one hottest hottest part part body,negative
more. also also epaper.,neutral
miss boy boy unhappy unhappy started started working working local local boy boy nervous nervous college college friend,negative
lost password,neutral
late night,negative
genix deserves deserves much much myth! myth! open open eye eye community community want,positive
govt's latest: latest: school school kids.,neutral
national body body meeting,neutral
oh unhappy,negative
fact parrot parrot minecraft minecraft coming coming soon!! soon!! :d,positive
rallying cry cry become become thing thing behold behold celebrate celebrate season.,neutral
pm reach reach parliament,neutral
generous support support integral integral part part happy happy thank thank like!!,positive
man took took neighbour neighbour court court pet pet dog dog bark bark night-- night-- judge,neutral
going notice notice yous? yous? unhappy,negative
dame computer computer decides decides crash crash unhappy unhappy i...,negative
need help help guy guy cry,negative
really really really need need right right unhappy,negative
went work.don't work.don't get get excited,positive
veronice jughead! jughead! happy,positive
000 crore crore property property pune.,neutral
missing cry cry seaside seaside area.,negative
sultanpur bahraich,neutral
india rush rush put put fire.,neutral
bjp (13 (13 seats) seats) fails fails get get majority majority congress congress emerges emerges single single largest largest party party bagging bagging 17 17 seat seat 40-member 40-member house.,neutral
,negative
wanna get get haircut haircut don%27t don%27t know know good good place place unhappy,negative
thanks recent recent follow follow happy happy connect connect happy happy great great thursday. thursday. (want (want this?,positive
tamil nadu,neutral
good luck luck rich rich riding riding great great project project sunday. sunday. donate?,positive
shield child,neutral
thanks recent recent follow follow happy happy connect connect happy happy great great thursday.,positive
share bugbear.,neutral
gotta keep keep trying trying quit quit work work unhappy unhappy pick pick please! please! give,negative
,positive
pic? unhappy,negative
ok do! do! never never problem problem old old ticket ticket app,negative
7 days: days: qa qa ram ram madhav,neutral
india changed,neutral
far worst worst day day 2017 2017 since since january january 8th 8th unhappy unhappy cry cry cry cry .,negative
staying sa sa unhappy,negative
said see see concerns. concerns. assure assure sir sir hinduism hinduism stay stay dharma,positive
nice outside outside stuck stuck school school day day unhappy,negative
waited u u unhappy,negative
salary reminds reminds weekend,negative
wish dog dog knew knew much much hyped hyped snap snap chat chat unhappy,negative
,neutral
thank much much willow! willow! helped helped ring ring birthday birthday amazing amazing stream stream last last night night :d,positive
,neutral
nooo hair hair color color pretty,negative
still strict,negative
sc frame frame issue issue mar30 mar30 regarding regarding triple triple nikah nikah halala halala consideration.1/2,neutral
teacher said said stand.,neutral
looking forward forward this. this. come come see see us! us! booth booth going going right right center center field. field. happy,positive
govt admits admits economy economy take take hit,neutral
more. also also epaper.,neutral
miss much much unhappy,negative
hi please please rt rt pinned pinned post post happy,positive
vijayvargiya dare dare arrest arrest leaders.,neutral
upstairs right right happy,positive
? happy,positive
amit roy roy looking looking campus campus abroad.,neutral
birthday tomorrow tomorrow baby baby unhappy,negative
last thing thing bought bought sweet sweet unhappy,negative
know really really love love lot?not lot?not support support comment,positive
former president president render render unqualified unqualified unconditional unconditional apology apology supreme supreme court.,neutral
tell state.,neutral
cowardice; season season bud bud thorn,neutral
pm's pitch pitch sister,neutral
kp nayar nayar narendra narendra modi modi satisfied satisfied policy.,neutral
april 19 19 1906: 1906: nobel nobel laureate laureate pierre pierre curie curie run run horse-drawn horse-drawn wagon wagon near near pont pont neuf,neutral
unhappy every every time time laughing laughing as,negative
44 day day extreme extreme that's that's prediction,neutral
sciatica. monumental monumental pain pain arse. arse. unhappy,negative
give chance chance west west server server unhappy,negative
relief yet yet seller,neutral
one suggested suggested name name icc icc meeting.,neutral
india's list,neutral
rahul modi modi trade trade barb,neutral
,neutral
say kanwal kanwal sibal.,neutral
more. also also epaper.,neutral
crude building building taking taking city city world world iconic iconic building,neutral
hc scrap scrap plea plea jnu jnu norms. norms. seat seat cut,neutral
,neutral
can't fix fix soon soon delay delay tomorrow tomorrow unhappy,negative
scientist build build case case bite,neutral
hahaa second second best best always always happy,positive
rose come come him! him! really really enthusiast enthusiast :-d :-d using using much much may! may! :-)~~~,positive
ia officer officer insist.,neutral
apr. 26th 26th beach beach house! house! dinner+music+ dinner+music+ party party oldie oldie goldies goldies happy happy buffet buffet / / bbq bbq 40tlbeer- 40tlbeer- wein10tl wein10tl raki12.5tl raki12.5tl h,positive
wish could could attend attend unhappy,negative
angst author,neutral
unruly behaviour behaviour violence violence aviation aviation network network regrettable. regrettable. incident incident investigated investigated appropri,neutral
thanks recent recent follow follow happy happy connect connect happy happy great great thursday. thursday. want want ?,positive
laddoos winner,neutral
farmer get get lucky,neutral
reason celebrate celebrate uncelebrated,neutral
more. also also epaper.,neutral
damn.... there there people people sincerely sincerely want want attend attend bh bh birthday birthday party party bcs bcs people people try try fun fun make make ca,negative
ending soon soon aah aah unhappy,negative
see hope hope comments.,neutral
time fly,negative
popping store,positive
200000 people people turned turned bolpur bolpur famed,neutral
kp nayar nayar exit exit could could bad bad india.,neutral
3 killed,neutral
stats day day arrived. arrived. 1 1 new new follower follower unfollowers unfollowers happy happy via,positive
big bos bos calcutta's calcutta's science science giving,neutral
won't. probably probably phil phil seen seen yet yet unhappy,negative
wish could could vote vote unhappy,negative
ceo today today 7,neutral
,neutral
suddenly miss miss ate ate unhappy,negative
helloo :d :d mack. mack. (macktimus),positive
rt indirect indirect happy,positive
corrected. thanks.,neutral
happy 27 27 million million keep keep happy happy 71 71 million million close close another another 100m,positive
jungkook look look like like give give biggest biggest warmest warmest hug hug unhappy,negative
order ever ever want want eat eat website.may website.may great great day day happy,positive
wht sort sort thing thing (can't (can't use use word word person person it)can it)can cause cause suffering suffering th th sad,negative
opera nirjhor nirjhor long long claiming claiming first first one one :d :d /rosi,positive
gujarat turn turn avenger,neutral
flashing light. light. (and (and paying paying parking).,neutral
wth 4/20 4/20 happen happen easter easter holiday holiday one one best best day day leeds leeds unhappy,negative
ohh welcome welcome clxsslc clxsslc chanyeol chanyeol oppa! oppa! call call richard? richard? kalau kalau jadi jadi sayang sayang gimana? gimana? unhappy,negative
roc boyz boyz sad,negative
manini chatterjee chatterjee adopting adopting yore.,neutral
sanjiv goenka goenka tell,neutral
cannot stopped stopped using using scheme scheme like like opening opening bank bank account,neutral
kissward tagline:tweet tagline:tweet u u pan pan :)noonecanstop :)noonecanstop kissward,positive
rip te te 100k 100k experience experience cry,negative
let agree agree put put brain brain knee knee cry cry joy,positive
know think? think? look look exceptional exceptional new new mum,positive
electile dysfunction,neutral
caution loan loan waiver,neutral
,positive
cheer :d,positive
get rover rover :dthey :dthey double double sided! sided! check check shipping: shipping: worldwide!,positive
ignorance shape shape indians' indians' attitude attitude towards,neutral
bounty savarkar savarkar yamuna yamuna damage damage bill,neutral
ashok v v desai desai formula formula tackling tackling banks.,neutral
talking driver driver goinghe goinghe said said love love go go new new york york since since trump trump probably,negative
don%27t know know look look cool cool cry cry joy,positive
mythbuster/20 happy,positive
flame singe singe event event colleges.,neutral
,positive
online crush crush come come meet-up meet-up without without snapchat snapchat filter filter unhappy,negative
sorry unhappy,negative
,negative
jk attached,neutral
new video video today today happy,positive
bapak tom tom cruise.,negative
company photoshoot photoshoot fabulous fabulous photographer photographer happy happy look look determination determination (concrete (concrete shoes) shoes) get,positive
ladies! - - tell tell yoyoyou yoyoyou play play golf. golf. wyoyoyoud wyoyoyoud make make yoyoyou yoyoyou want want play? play? top top 3 3 reason reason yoyoyou yoyoyou play? play? heyjyoyoyoude66info,positive
body pull pull either,neutral
bihar meet,neutral
mettur legislator legislator semmalai semmalai join join cm cm camp.,neutral
first round round exit exit 15 15 minute minute followed followed 45 45 tech tech cry cry unhappy,negative
govt decided decided merge merge industry industry departments.,neutral
ever australia! australia! :d :d love love vids. vids. lovo lovo youtube youtube :d,positive
consolidation independent independent 2nd 2nd countrywide countrywide political political entity.,neutral
opposition disrupts disrupts demand demand apology,neutral
2017. making making law law ban ban mha mha sitting sitting draft.,neutral
oil price price hit hit three-month three-month low low u.s. u.s. rig rig count count climb,neutral
akhilesh 'aunt',neutral
sworn chief chief minister minister tomorrow.,neutral
one direction direction (band) (band) one one who's who's giving giving up? up? unhappy,negative
call affordable affordable dialysis,neutral
sometimes night night feel feel scared scared vulnerable vulnerable cry,negative
released 3rd 3rd episode episode programming programming everyone! everyone! sure sure check check happy,positive
,neutral
get chance chance say say hi hi unhappy,negative
never draw draw unhappy,negative
come volunteer volunteer abbeydale abbeydale picture picture house! house! next next wednesday...,positive
indian politician politician still still need need lucky lucky charm charm -- -- campaign campaign bus.,neutral
beating two two favourite favourite anyway anyway stop stop caring caring match,negative
going back back back back jail,neutral
31-member cabinet cabinet sworn-in sworn-in 4.30pm: 4.30pm: raj raj bhavan.,neutral
hi! tried tried call call number number got got response response unhappy unhappy please please share share another another suitable suitable time time alternate alternate number.. number.. cont1,negative
well that's that's terrible terrible unhappy,negative
enjoy smile smile h.e.r.,positive
much appreciated appreciated happy happy want,positive
rumor going going around around video video performance performance youtube youtube already already deleted..,negative
ask. two two special special issue issue lined lined up. up. unhappy,negative
nani lie lie unconscious,negative
bae's unhappy,negative
want see see happy happy sad,negative
notice anything anything unusual? unusual? happy happy birthday birthday lovely lovely frooty! frooty! happy,positive
post-show blue blue hitting hitting hard. hard. unhappy,negative
thanks recent recent follow follow happy happy connect connect happy happy great great thursday.,positive
wish knock knock lang lang talaga talaga new new school school year year good good cooperative cooperative groupmates groupmates please please unhappy,negative
2nd phase phase begins; begins; cm cm okram okram ibobi ibobi cast cast vote,neutral
get 70rts 70rts giveaway giveaway 5 5 minecraft minecraft account account origin origin account account randomly randomly people people retw,positive
but... use use purple purple flowercrown flowercrown display display picture picture unhappy,negative
national bitbucket bitbucket unfriending unfriending day day save save $2 $2 smile,positive
even benchmark benchmark pro-poor pro-poor leader leader seems,neutral
sekhar raha raha letting letting go go past,neutral
new twitter twitter account account piss piss idea idea maja maja salvador salvador follow follow applicable applicable guy guy happy,positive
thanks recent recent follow follow happy happy connect connect happy happy great great thursday. thursday. want want ?,positive
god koala,negative
3. that's that's lot lot cheaper cheaper easier easier make make own. own. schematic schematic need need special special cable cable come come easy. easy. unhappy,negative
accounts:them get get rekt! rekt! :d,positive
former captain captain michael michael john john clarke clarke strength strength team,neutral
road safety safety crusader crusader fight fight bid bid bypass bypass order order highway,neutral
life reflection reflection way way think. think. change change way way think,positive
freaking chapter chapter one one piece!! piece!! definitely definitely good good one! one! :d,positive
'shocked' hc hc order order handover handover cbi,neutral
client work work rt rt favorite favorite happy,positive
miss talking talking yoyoyou yoyoyou yoyou yoyou younhappy younhappy yoyou yoyou always always still still talk,negative
like 90 90 calorie calorie per per piece piece unhappy,negative
don%27t know know saw saw comment comment yet,negative
look good good blue blue happy,positive
hole's armour,neutral
,neutral
tum still still like like 20yrs 20yrs on. on. happy,positive
ever thank thank j j hunt,positive
india's spike spike 3 3 initiative,neutral
puppy deserves deserves better better unhappy,negative
,neutral
friend. smile,positive
one direction direction (band) (band) one one who's who's giving giving up? up? unhappy,negative
statement terrorist terrorist initiated initiated incident incident shopian,neutral
dog family family 18 18 year year put put tomorrow tomorrow unhappy,negative
dream one one still still alive,neutral
unhappy friendzone. friendzone. damn damn sad,negative
jawan tej tej bahadur bahadur yadav,neutral
pip singing singing let let snow snow cry cry joy,positive
would sustained sustained fame fame unhappy,negative
sorry tired tired stream. stream. get get sleep sleep try try fun fun tomorrow. tomorrow. feeling feeling tonight tonight guys.,negative
parrikar resigns resigns defence defence minister,neutral
appreciate sentiment sentiment that. that. happy,positive
feeling shit shit today today unhappy,negative
supreme court court decided decided future future rival,neutral
court's limit limit 500m 500m leaf leaf watering watering hole hole (and (and dry).,neutral
youngjae fansign fansign 04/10/17 04/10/17 constantly constantly massaging massaging back. back. clearly clearly something something wrong wrong pretended,negative
kind jealous jealous laugh laugh ny ny fault fault working working hard hard happy,positive
jem dark dark star star orianna orianna splash splash assistance assistance alex! alex! :d :d done done lot lot splash splash update,positive
jongin asked asked member member whether whether eaten eaten felt felt wronged wronged ate ate without without unhappy,negative
dynasty demonetised,neutral
trashing others others possee possee behind behind boost boost ego,negative
unhappy sorry sorry hear hear this.....,negative
,neutral
yg sent sent mcd. mcd. want want see see holding holding trophy trophy unhappy unhappy anyways,negative
buried alive alive screaming screaming head head cry,negative
watchman come come threatens,negative
plan cap cap fee,neutral
thanks recent recent follow. follow. much much appreciated appreciated happy happy want want ?,positive
seems cost cost abut abut 40k 40k year? year? paying paying half half full full education education get get treat,negative
damn.... there there people people sincerely sincerely want want attend attend bh bh birthday birthday party party bcs bcs people people try try fun fun make make ca,negative
100 per per cent cent viva viva follow,neutral
case: exempts exempts centre centre filing filing status status report report proceeding proceeding international international tribunal.,neutral
happened promised promised fund,neutral
civic poll poll counting counting begin begin 10 10 today; today; eye eye result,neutral
thanks smile smile much much better better today today thanks thanks message.,positive
almost overnight,neutral
le videre videre happy,positive
delma hanville hanville official official connected connected twitter! twitter! thank thank follow. follow. please please ever ever let let go! go! happy,positive
extended family. family. 12 12 ppl.ahh ppl.ahh wanted wanted show show oh oh girl girl dorky dorky playing playing game game got got deleted deleted unhappy,negative
britain becoming becoming xenophobic xenophobic hostile,neutral
say sorry sorry man man assaulted.,neutral
begum jaan,neutral
centre mobilises mobilises 247 247 company company (about (about 24,neutral
mayes unhappy unhappy .g,negative
tapping self-help self-help group,neutral
freebet sport sport except except total total mkets mkets handball,negative
,neutral
1 rupee rupee increase increase mock mock dignified-living dignified-living plea,neutral
u give give scare,neutral
jackson unhappy unhappy youngjae youngjae silence silence aww,negative
order weekly weekly trainees.,neutral
,neutral
,neutral
thanks recent recent follow follow happy happy connect connect happy happy great great thursday. thursday. want,positive
saha's preference: preference: one-dayers one-dayers t20s,neutral
,negative
greatness mean mean winning winning say say sunanda sunanda k k dattaray.,neutral
quoting bbc,neutral
nachnis dying dying unsung,neutral
wandering around,positive
thanks follow! follow! happy,positive
new one one seems seems bit bit unstable unstable unhappy,negative
stress dress dress code,neutral
kante broke broke girl girl love love exposing exposing broke broke niggars niggars much? much? where's where's team team spirit? spirit? unhappy,negative
happy 420 420 everyone everyone happy,positive
cm laxmikant laxmikant parsekar parsekar tender tender resignation. resignation. lost lost seeandidate seeandidate dayanand dayanand sopte sopte see,neutral
(but failed failed govt's govt's birthplace birthplace test.,neutral
thanks recent recent follow. follow. much much appreciated appreciated happy happy get,positive
sc hear hear various various petition petition constitutional constitutional legitimacy legitimacy today,neutral
mutual: let's let's talk talk more!me: more!me: sure!mutual: sure!mutual: happy happy me:,positive
good morning morning peady,positive
yogi sworn sworn chief chief minister minister sunday sunday afternoon.,neutral
hi! tried tried call call number number got got response response unhappy unhappy please please share share another another suitable suitable time time alternate alternate number number u u to.. to.. cont1,negative
thanks recent recent follow follow happy happy connect connect happy happy great great thursday. thursday. want want ?,positive
bureaucrat wonder.,neutral
wont able able stream stream tonight tonight sorry sorry guy guy unhappy,negative
rate fall fall 8%.,neutral
inspiring cry cry joy,positive
hope ok,negative
preacher...... unhappy,negative
close animation animation 3i 3i post post second second part part soon! soon! happy,positive
koala dying dying thirst thirst u u unhappy,negative
may open open happy,positive
more. also also epaper.,neutral
bengal trinamool trinamool vote vote share share go,neutral
love youu youu much much unhappy unhappy thank,negative
overburdened say say may may able able hold hold college college teacher teacher year.,neutral
still possible! possible! unhappy,negative
sc hear hear petition petition challenging challenging bombay bombay hc hc order order beef beef ban,neutral
leftist became became minority minority voice,neutral
koala dying dying thirst thirst u u unhappy,negative
,neutral
india ready ready manipulation manipulation human human embryos.,neutral
notice me. me. unhappy unhappy what?,negative
akhilesh keep keep option option open,neutral
rocksoc still still going? going? beginning beginning smile,positive
great thursday! thursday! looking looking forward forward reading reading tweet tweet happy happy want,positive
damn.... there there people people sincerely sincerely want want attend attend bh bh birthday birthday party party bcs bcs people people try try fun fun make make ca,negative
more. also also epaper.,neutral
work unhappy unhappy see see tomorrow!!,negative
still waiting waiting unhappy,negative
-- blame blame stipend stipend crisis crisis faced faced 4000 4000 scholars?,neutral
calcutta high high court court order order probe probe sting sting operation.,neutral
,neutral
younger. softer. softer. cry cry joy,positive
share love: love: thanks thanks top top new new follower follower week week happy,positive
1 terrorist terrorist killed; killed; report report terrorist terrorist holed holed false: false: adg,neutral
reverse polarisation polarisation more. more. special special epaper epaper link.,neutral
thanks recent recent follow follow happy happy connect connect happy happy great great thursday. thursday. get get free?,positive
cm assures assures impartial impartial probe,neutral
congrats :d,positive
episode two two cry cry joy,positive
goodnight love love beautiful beautiful boy boy unhappy,negative
mmmm... blood blood enemies... enemies... happy,positive
515 subscribers!!!! subscribers!!!! :dthe :dthe continues!,positive
oh yes yes happy,positive
kp nayar nayar engagement engagement gulf gulf deepened.,neutral
koala dying dying thirst thirst u u unhappy,negative
beautiful album album greatest greatest unsung unsung guitar guitar genius genius time time - - met met great great backstage,positive
china lodge lodge protest protest india's india's ambassador ambassador vijay vijay gokhale gokhale visit visit arunachal arunachal pradesh: pradesh: foreign foreign ministry.,neutral
say keep keep it. it. happy,positive
usually speedboat speedboat behind behind get get river river unhappy,negative
last night night dream dream moved moved japan japan happened happened see see you! you! denied denied friendly friendly request. request. unhappy,negative
,neutral
face swapped swapped cat cat dog dog really really upsetting upsetting unhappy,negative
hellooo.. happy happy lil lil strait strait (daddyy_rat),positive
adityanath's rise,neutral
morning happy,positive
1st round round talk talk held,neutral
yes that! that! happy,positive
voting pattern pattern show show cofounder,neutral
hey thanks thanks top top new new follower follower week! week! much much appreciated appreciated happy,positive
transparency looking looking india's india's ranking? ranking? start start bottom.,neutral
more. also also epaper.,neutral
aw bcc bcc pride pride prom prom kind kind want want go go happy,positive
meeting governor governor ends. ends. stake stake claim claim form form government: government: jaya jaya tv.,neutral
19 day day school school left left happy,positive
love much much rui-chan rui-chan smile smile smile,positive
one table table last last night night told told look look like like graceful graceful ballerina ballerina gliding gliding tables- tables- another another told told looked looked like like flash flash dancer dancer unhappy,negative
sixth spot spot applicable applicable team! team! higher higher pa! pa! :)kisses :)kisses thefashionicon,positive
more. also also epaper.,neutral
happy birthday birthday hoe! hoe! good good day,positive
bjp urge urge governor governor vidyasagar vidyasagar rao rao take take decision decision basis basis number number well well credibility.,neutral
guess happened happened said said 'adopted 'adopted son',neutral
great week!! week!! happy,positive
savour civic civic win win congress congress loss.,neutral
hawhaw cry,negative
hi han,positive
r 42 42 crore crore needed needed repair repair damage damage floodplain floodplain event.,neutral
definitely arm arm unhappy,negative
recent follow. follow. much much appreciated appreciated happy happy want want this?,positive
change stance stance accommodative accommodative neutral.,neutral
get license license raid raid -- -- without without citing citing grounds.,neutral
sonia sarkar sarkar jig-gigs jig-gigs key key tool tool run,neutral
kid/parent friendly friendly space space like like please.,positive
bengal top top --in --in woman woman children.,neutral
stats day day arrived. arrived. new new follower follower unfollowers unfollowers happy happy via,positive
moved discretionary discretionary based based administration administration policy policy based based administration:,neutral
rocks. next next question question - - astro astro unhappy unhappy ?,negative
7-judge bench bench set set hear hear plea plea challenging challenging right right possible:,neutral
raining hard hard unhappy,negative
hellooo.. happy happy pussy pussy (creepz_x),positive
ich ned ned unhappy,negative
opening lot!rt lot!rt like like would would laaaaaverly laaaaaverly :d :d .xxenjoy,positive
hello 1372 1372 follower follower - - thank thank much much following! following! love love read read tweet tweet happy happy want want ?,positive
sachin tendulkar tendulkar 2nd 2nd inning,neutral
samsung chief chief lee lee arrested arrested south south korean korean corruption corruption probe probe deepens,neutral
terrorist lucknow: lucknow: make make statement,neutral
last event event chapter chapter 1,positive
happy birthday birthday cyoutest/fyounniest cyoutest/fyounniest l l know know :')have :')have good good day day coreo coreo boreo,positive
think probably probably beyond beyond repair repair sound sound tea tea etiquette etiquette happy,positive
more. also also epaper.,neutral
' say say tn tn cm cm meeting meeting governor governor ch ch vidyasagar vidyasagar rao.,neutral
publisher lose lose photocopier,neutral
effective figure figure show show that.,neutral
clay hannah hannah - - love love deserved deserved endgame endgame unhappy,negative
link seventeen's seventeen's yokohama yokohama concert concert english english sub sub :)ddl:,positive
right! sir sir rob rob love love torture torture u u unhappy,negative
anti-romeo squad squad start start lucknow lucknow video:,neutral
delhi uttar uttar pradesh pradesh view,neutral
supreme court court asks asks govt govt explain explain need need pre-censorship.,neutral
stats week week arrived. arrived. 1 1 new new follower follower unfollowers unfollowers happy happy via,positive
beauty personality. personality. :)kisses :)kisses thefashionicon,positive
,neutral
main reason reason drink drink total total selflessness selflessness :d,positive
yogi pm,neutral
arrest conman conman bribe bribe charge charge nephew nephew churn churn politics.,neutral
team come come minimal minimal side-effects.,neutral
also support support other!,positive
sadly yes. yes. since since expected expected continue continue losing losing support support dropping dropping bomb bomb unhappy unhappy going going expe,negative
thanks recent recent follow. follow. much much appreciated appreciated happy happy want want ?,positive
foreign policy policy must must rooted rooted ethic,neutral
took full full drink drink uber; uber; guess guess could could say say instant instant message message pretty pretty wild. wild. tuesday tuesday never never forget forget happy,positive
,positive
thanks recent recent follow. follow. much much appreciated appreciated happy happy want,positive
,positive
tired there's there's nothing nothing great great combo combo unhappy,negative
elaborate system system place place prevent prevent misuse misuse evms: evms: election election commission,neutral
hellooo.. happy happy kyle kyle davy davy (rebelbyacause),positive
heart hurts. hurts. sad sad hate hate people,negative
youngjae looked looked sad sad video video unhappy,negative
pharma company company opposing opposing name,neutral
sure do! do! happy,positive
oh god god unhappy unhappy next next time time mishutuuu,negative
happy see see closer closer con con five five so. so. lol lol :d,positive
sad life life must,positive
yet! maybe maybe year year happy,positive
.the person person chose chose shut shut fuck fuck up: up: unhappy,negative
one direction direction (band) (band) whats whats going going unhappy,negative
would great great trick trick happy,positive
yogi adityanath adityanath arrives arrives venue venue meeting meeting mlas mlas amid amid talk talk named named chief chief minister,neutral
powerpoint'te mi mi hazirladiniz hazirladiniz post'u post'u unhappy,negative
try front front door,positive
,negative
can't wait wait see see film film karl! karl! wished wished would would bu,negative
find difficult difficult say say unhappy,negative
miss unhappy,negative
find sunanda sunanda k k datta-ray.,neutral
graduated captain,neutral
thanks recent recent follow follow happy happy connect connect happy happy great great thursday. thursday. want,positive
air india india enforce enforce fine fine unruly unruly passenger,neutral
winner award award telegraph's telegraph's - - advantage advantage 2017.,neutral
more. also also epaper.,neutral
someone asked asked hows hows life? life? smiled smiled replied,positive
serious charge charge absent absent varsity varsity press press release release appear appear plaint plaint htt,neutral
got aksis aksis 2nd 2nd part part cp cp never never completed completed since since return return investment investment dropped dropped laughing laughing loud loud unhappy,negative
nice! really really nice nice stuff stuff there! there! mostly mostly black black dress dress get get away away june june wedding wedding though though unhappy,negative
april really really really really bloody. bloody. proud proud boy boy cry cry joy,positive
,neutral
why? unhappy,negative
anyone got got design design could could find find one one would would grateful grateful :d,positive
,neutral
station check. check. happy happy surely surely combination combination 0xx-xxx-x938 0xx-xxx-x938 0xx-9,positive
imagine win win next next time time unhappy unhappy unhappy,negative
definitely arm arm unhappy,negative
find sign,positive
miss going going gig gig liverpool liverpool unhappy,negative
miss biking biking unhappy,negative
thanks recent recent follow follow happy happy connect connect happy happy great great thursday. thursday. want,positive
guy please please help help retweet retweet unhappy,negative
a*dy guy guy pop pop asia asia translator translator probs probs go go around around au au unhappy,negative
loved reply reply you. you. :d :d get get lost lost .,positive
roc boyz boyz sad,negative
sena's apologises apologises parliament,neutral
can't continue continue right right lighting lighting shitty shitty f f swear swear sorry sorry sad,negative
hope great,negative
let take take hit?,neutral
digital monster monster want want work work blackpink blackpink make make happen happen pls pls unhappy,negative
tutor kid kid roped roped harvest,neutral
love blogger blogger love love u u much much happy happy thank thank amazing amazing review review perfect perfect glass glass h,positive
put question question mark mark video.,neutral
molten tar tar wipe wipe family,neutral
man arrested arrested truck truck death death suspected suspected carried carried attack.,neutral
sena lawmaker lawmaker opposing opposing harsher harsher step step assaulting assaulting public public servants.,neutral
thanks recent recent follow follow happy happy connect connect happy happy great great thursday.,positive
ready 420 420 happy,positive
aiadmk expels expels supreme supreme court court ruling ruling knock knock cm cm race.,neutral
finance minister minister arun arun jaitley jaitley table table lok lok sabha,neutral
make built built westward westward ho! ho! calcutta calcutta estate. estate. read,neutral
rahul met met hc hc give give cbi,neutral
centre hiked hiked job job scheme scheme by... by... (and (and rupee).,neutral
.nothing changed changed date date .. .. april april 28 28 make,positive
bihar exam exam body's body's bos,neutral
jk: school school college college shut shut clash,neutral
thanks recent recent follow follow happy happy connect connect happy happy great great thursday. thursday. want want ?,positive
none cry cry joy,positive
worked beautifully. beautifully. redesign redesign import import page page suit suit whole whole application application would would mak,positive
visiting prime prime minister,neutral
shihaaaa help help bishie bishie hunttt hunttt equal equal ^ ^ equal equal ),positive
,neutral
pawar point point out.,neutral
virulent going going india's india's culture culture (and (and census),neutral
4000 punjab punjab cop cop spent spent night night preventing preventing filling filling breach breach wall,neutral
someone messed messed unhappy unhappy available**,negative
bjp sold sold development development -- -- sprang sprang hawk.,neutral
still live!,positive
want drink drink cigarette cigarette unhappy,negative
thanks recent recent follow. follow. much much appreciated appreciated happy happy want want ?,positive
,neutral
,positive
eas 3.17 3.17 per per cent cent january january 3.41 3.41 per per cent cent december.,neutral
keep looking looking thing thing bought bought yesterday yesterday dream dream unhappy,negative
yg sent sent mcd. mcd. want want see see holding holding trophy trophy unhappy unhappy anyways,negative
more. also also epaper.,neutral
uncheck new new arrival arrival happy,positive
dumbing popular popular entertainment entertainment important important issue.,positive
call center center nice nice game game 4/20 4/20 unhappy,negative
feel fucking fucking shit shit today today unhappy,negative
feel way way life life get get everyday everyday positive positive mood! mood! happy,positive
found use use sewable sewable led led holder holder happy,positive
non-teaching staff staff call call end end jnu jnu stir,neutral
nice gif gif happy,positive
,neutral
claim masses. masses. decides?,neutral
write fiction. fiction. pr pr knob knob writes writes sentence sentence fragment fragment ipad ipad next next shoreditch shoreditch house house piss,positive
lit unhappy,negative
think :)kisses :)kisses thefashionicon,positive
receiving end,neutral
supreme court court say say auction auction aamby aamby valley valley project project money money paid paid others.,neutral
,neutral
,neutral
thanks recent recent follow follow happy happy connect connect happy happy great great thursday. thursday. get,positive
,neutral
register case case meat meat exporter exporter graft graft case; case; name name former former chief chief ap ap singh singh also.,neutral
baaaper unhappy,negative
superstar thanks thanks much much kind kind words! words! look look forward forward seeing seeing soon soon buddy buddy smile,positive
puppy deserves deserves better better unhappy,negative
ohh normally normally feel feel sick sick drink drink like like 3-4 3-4 cup cup coffee,negative
still sign sign - - small small area area ( ( garden garden ) ) would would obvious obvious sad sad quite quite eye,negative
see one? one? happy happy transitional transitional piece piece // // chiffon chiffon dress,positive
depth charge charge sonobuoys.pse sonobuoys.pse note note 'msl-torp' 'msl-torp' getting getting released,neutral
modi's call call orphan orphan trafficked,neutral
first group group local local came came forward forward yesterday yesterday cake cake card card african african victim victim racist racist mob mob violence,neutral
damn.... there there people people sincerely sincerely want want attend attend bh bh birthday birthday party party bcs bcs people people try try fun fun make make ca,negative
send dm dm postcode postcode check check local local stores. stores. look look forward forward reply reply happy happy - - nathan nathan 2/2,positive
noooooooo gonna gonna miss miss buffet buffet unhappy unhappy take take care care ain!!!!!!!!!!!!!!!!!,negative
shameful business business :(stop :(stop paying paying giant giant corporation corporation food food need.... need.... wake wake people people plea,negative
miss quacktopia! quacktopia! unhappy,negative
online crush crush come come meet-up meet-up without without snapchat snapchat filter filter unhappy,negative
camera shooting,negative
try sad sad yes yes unhappy,negative
tolong bantu bantu sampaikan sampaikan keluhan keluhan army army ke ke dong. dong. many many complaint complaint since since day day 1 1 ticketing ticketing unhappy,negative
life dark dark corner corner become become magical magical villager villager got got 1st 1st year.,neutral
principal rajendra rajendra prasad prasad say say heart heart bleeds bleeds v,neutral
rt: good good evening evening everyone everyone happy happy join join twitter twitter party party tonight. tonight. official official tagline:tanner tagline:tanner welcomebackph welcomebackph tmi,positive
agriculture sector sector grow grow 4.1 4.1 per per cent cent current current year year 1.2 1.2 per per cent cent 2015-16:,neutral
yesterday's faci faci cute! cute! 30+ 30+ :(today's :(today's faci faci old old eeyer,negative
rt hate hate cry cry joy,positive
opening lot!rt lot!rt like like would would laaaaaverly laaaaaverly :d :d .xxenjoy,positive
people wanted wanted buy buy bulk bulk govt,neutral
miss much much unhappy,negative
feel sick sick today today unhappy,negative
getting harder harder harder harder stay stay unhappy,negative
back unhappy,negative
board's stand stand potboiler. potboiler. more. more. also also epaper.,neutral
back matemticas matemticas unhappy,negative
like legal legal sweater sweater ..more ..more design design available,positive
thanks recent recent follow follow happy happy connect connect happy happy great great thursday. thursday. want want this?,positive
mmmmmmmm love love naughty naughty wife wife smile,positive
mp join join camp; camp; fret fret tends tends flock.,neutral
ngam week week left left cadet cadet pilot pilot exam exam cry cry joy,positive
gun bjp,neutral
thanks recent recent follow follow happy happy connect connect happy happy great great thursday.,positive
happy 16th 16th birthday birthday bff! bff! may may 15 15 half half take take place place happy happy great great birt,positive
r.i.p victoria victoria wood wood heaven heaven know know miserable miserable unhappy,negative
remember- vocab vocab knowledge knowledge worth worth 75% 75% grade! grade! announce announce winner winner tomorrow tomorrow morning morning 10am! 10am! happy happy 15 15 purchase! purchase! happy,positive
bureaucrat face face action action drinking drinking alcohol alcohol -- -- anywhere anywhere world.,neutral
floor test test saturday.,neutral
final next next week week unhappy unhappy wish wish luck luck x,negative
thanks recent recent follow follow happy happy connect connect happy happy great great thursday. thursday. want want this?,positive
two indian indian kidnapped kidnapped south south sudan sudan released,neutral
enjoy happy,positive
land delhi,neutral
abvp take take tricolour tricolour march march 180ft 180ft long long flag flag ramjas,neutral
saddest part part day day everyday everyday ryan ryan leave leave 5:30 5:30 unhappy,negative
1st day day ja ja entertainment's entertainment's marathi marathi film film savita savita damodar damodar paranjpe paranjpe big big fan fan story. story. finally finally get,positive
death 1st 1st solo solo trip trip more. more. also also epaper.,neutral
(leads/trends) 26/117: 26/117: bjp/sad: bjp/sad: 3,neutral
pamura isa isa moment,negative
5-judge constitution constitution bench bench sit sit may may decide decide plea plea relating relating aspect aspect triple triple 2/2,neutral
last kiss kiss unhappy,negative
astaga unhappy unhappy /?,negative
soph please please don%27t don%27t win win unhappy unhappy jk.. jk.. good good luck luck think think draw draw good good poster,negative
hey thanks thanks top top new new follower follower week! week! much much appreciated appreciated happy,positive
offline unhappy,negative
happy hope,positive
bit rusty rusty now! now! unhappy,negative
today 4-20 4-20 hitler's hitler's birthday birthday unhappy,negative
every time time think think skin skin getting getting better,positive
congrats 3m 3m follower follower instagram! instagram! happy,positive
bjp see see stamp stamp missing missing choice.,neutral
bihar tell tell govt govt rejected rejected idea.,neutral
faltan russel russel noodle noodle unhappy,negative
ban ja ja hero hero :d,positive
sworn-in chief chief minister,neutral
another atbb atbb way way ! ! wish wish srk srk sir sir start start signing signing good good movie movie unhappy,negative
that's law law nature nature happy,positive
got msg! msg! oops oops unhappy,negative
,positive
killin time time say say hey! hey! :d,positive
air india india tighten tighten security security mumbai mumbai pune pune threatens threatens stall stall airline's airline's operation operation there.,neutral
hey tony,negative
thanks retweets retweets week. week. much much appreciated appreciated happy happy want want this? this? free!,positive
twitter explores explores premium premium version version 11 11 year year free free service,neutral
breaking: india india december december quarter quarter gdp gdp 7 7 percent percent (reuters (reuters forecast forecast 6.4 6.4 percent),neutral
superstar thanks thanks much much kind kind words! words! look look forward forward seeing seeing soon soon buddy buddy smile,positive
edm pleaseeeeeeeee pleaseeeeeeeee unhappy,negative
talking driver driver goinghe goinghe said said love love go go new new york york since since trump trump probably,negative
always welcome welcome thank thank sa sa treat treat sa sa susunod susunod ako ako happy,positive
de tonight tonight don%27t don%27t really really care care cry cry joy,positive
definitely arm arm unhappy,negative
absorbed going going get get laugh laugh get get 2000 2000 votes. votes. unhappy,negative
bring back back ginger ginger curl curl =(,negative
bengal unit unit finally finally get get full-time full-time chief.,neutral
told bugger bugger hung hung up! up! waned waned access access pc. pc. phoned phoned someone someone like like gran,negative
hard notice notice me? me? haay haay unhappy,negative
happy birthday birthday megan megan happy,positive
know :d,positive
thank roshhh roshhh miss miss everyone everyone too. too. love love youuu,negative
look beyond beyond defence defence visit.,neutral
supreme court court take take record record 'unqualified 'unqualified apology' apology' tendered tendered bengal bengal counsel,neutral
helloo :d :d (keep_smiling_y),positive
7 arrested arrested attack attack case; case; police police see see link.,neutral
would great great trick trick happy,positive
here's part part happy,positive
sibal datar datar spike spike bcci bcci wish,neutral
self-belief kept kept top top game.,neutral
javadekar back back restrictive restrictive research research entry,neutral
hellooo happy happy bluey bluey (xblueys),positive
arrive unhappy unhappy here's here's hoping hoping tomorrow,negative
superstar thanks thanks much much kind kind words! words! look look forward forward seeing seeing soon soon buddy buddy smile,positive
omg sad sad say say actually actually remember remember this! this! unhappy unhappy happen??,negative
sc issue issue notice notice centre,neutral
jatavs base base pitch pitch muslim,neutral
ansals let let lightly lightly (again),neutral
kp nayar nayar party party revolt revolt knocked knocked nominee nominee labour labour secretary secretary post.,neutral
half empty empty cloud cloud research,neutral
website since since long long happy,positive
miss jihoon jihoon sad,negative
right mcconnell mcconnell well. well. unfortunately,negative
hate park park jisung jisung much much sad,negative
57.36% turnout turnout fifth fifth phase phase voting voting end end large large peacefully peacefully 51 51 assembly assembly seats: seats: ceo ceo venkatesh,neutral
new twitter twitter acc. acc. happy,positive
hope everything everything go go right right unhappy,negative
unhappy oh oh man..,negative
thanks recent recent follow follow happy happy connect connect happy happy great great thursday. thursday. want want ?,positive
suck unhappy,negative
damn.... there there people people sincerely sincerely want want attend attend bh bh birthday birthday party party bcs bcs people people try try fun fun make make ca,negative
cant deathmatch deathmatch piss piss unhappy,negative
going burst burst data data cry cry joy,positive
hey thanks thanks top top new new follower follower week! week! much much appreciated appreciated happy happy want want ?,positive
happy birthday birthday cry cry joy joy yoyour yoyour cool cool hope hope yoyour yoyour day day go go super super good,positive
nah over-rated over-rated happy happy x,positive
formidable madame madame calcutta's calcutta's run run business.,neutral
fear plan plan set set rate,neutral
jp yadav yadav find find us-versus-them us-versus-them undercurrent,neutral
happened unhappy,negative
guys. read read least. least. cry cry joy,positive
oh noooo noooo baby baby unhappy,negative
,neutral
more. also also epaper.,neutral
want good good vibes? vibes? watch watch youtube youtube tv100 tv100 application application free free happy,positive
tonight 7pm,positive
say source,neutral
sound like like lot lot fun fun :d :d like,positive
,negative
could dethrone dethrone top top draw.,neutral
824000 new new vehicle vehicle trashed,neutral
yeaaaah! alpha alpha invitation invitation well well received received happy,positive
made trek trek 2km 2km fetch fetch water,neutral
notice? killing killing rss rss / / bjp bjp worker worker another another southern southern state? state? cm cm dismantling dismantling xtian xtian infra infra munnar?,positive
music direction direction favourite,positive
handling bully,neutral
thanks recent recent follow,positive
holy shit! shit! 40 40 page page script script opening opening scene scene man man steel steel krypton krypton got got compressed.i compressed.i wish wish could could least,negative
available u.k.? u.k.? unhappy,negative
delhi worried worried silence,neutral
okay tf tf colorful colorful starbucks starbucks thing thing social social medium medium unhappy,negative
,negative
update: manhattan manhattan attorney attorney preet preet bharara bharara asked asked resign resign along along obama-era obama-era u.s. u.s. attorney attorney - - doj.,neutral
hellooo happy happy xbox xbox adhatter adhatter (xboxmadhatter),positive
happy 10th 10th wedding wedding anniversary anniversary aishwarya aishwarya rai-abhishek rai-abhishek bachchan bachchan happy,positive
u.s. judge judge reject reject travel travel ban,neutral
jimin yoongi yoongi unhappy,negative
cong: 17,neutral
,neutral
,positive
yg sent sent mcd. mcd. want want see see holding holding trophy trophy unhappy unhappy anyways,negative
noooo 6.45 6.45 ;_; ;_; class class time time unhappy,negative
less cricketer,neutral
techie killed killed --and --and american american took took bullet bullet aimed aimed another.,neutral
looking forward forward visiting! visiting! picked picked great great day,positive
italian easier easier spanish spanish unhappy,negative
hey thanks thanks top top new new follower follower week! week! much much appreciated appreciated happy,positive
even get get easter easter egg egg year! year! unhappy unhappy xx,negative
can't wait wait revealing revealing qa's. qa's. happy,positive
could meet meet saltwater saltwater next next time,neutral
stake claim claim form form government government tamil tamil nadu,neutral
teacher back back worry worry silence,neutral
expert say say wrong wrong blaming blaming ganga ganga siltation.,neutral
tn farmer farmer skull skull protest protest delhi,neutral
want fun fun plan plan weekend weekend unhappy,negative
preliminary enquiry enquiry health health minister minister alleged alleged money money laundering.,neutral
yep going going back back school school become become editor editor hopefully. hopefully. can't can't wait! wait! sister sister really really belief belief skill skill happy,positive
get professional professional one,positive
,negative
miss baby baby unhappy,negative
4000 migrated migrated 2015 2015 shield shield capital.,neutral
crazy easter! easter! donkey donkey insane! insane! seriously seriously crazy crazy haha!,positive
seem sold sold government government time time ago. ago. unhappy,negative
stats day day arrived. arrived. 1 1 new new follower follower unfollowers unfollowers happy happy via,positive
party led led can't can't seem seem look look beyond beyond family family top top posts.,neutral
oh unhappy unhappy like?! like?! still still shops?,negative
e local local functionary functionary legislature legislature party party leader,neutral
more. also also epaper.,neutral
pak court court sentence sentence death death spying.,neutral
also attractive attractive liza liza soberano? soberano? happy,positive
ready long long winner winner named.,neutral
video definitely definitely 30 30 minute minute episode episode longer.,positive
fund fear fear research,neutral
chicken; pulse,neutral
currently standing standing outside outside shard shard bag bag full full empty empty bottle bottle came came work work tom tom today today happy,positive
fish killer killer going going pressed pressed younhappy younhappy hoe hoe today today good good person,negative
,negative
applicablengarag applicable applicable unhappy unhappy ill ill find find wonu wonu picture picture soon soon alxmdkcsnx,negative
puritan critic critic damned,neutral
attending cosmic cosmic latte latte saturday saturday give give selu selu shipper shipper kasi kasi selu selu month month qaqo qaqo unhappy,negative
mighty albatross albatross carried carried missile missile torpedo,neutral
jitter pervert pervert healthcare healthcare bengal,neutral
16000 car car 40000 40000 autos.,neutral
yes!!! neil neil gaiman gaiman life! life! :d,positive
deserve vacation vacation happy,positive
maybe coffee coffee unhappy,negative
ahhh well well chuffed,negative
,negative
british dhc dhc bruce bruce bucknell bucknell institute institute entrepreneur entrepreneur head head manoj manoj da da discussing discussing skill skill devt devt ne,neutral
okay survived survived :,negative
assumes im im outsider,negative
mp put put no-fly no-fly list list pervert pervert airline airline well.,neutral
electile dysfunction dysfunction (among (among losers),neutral
childish commando commando happy,positive
weare u? u? unhappy,negative
capt amarinder amarinder singh singh take take oath oath 26th 26th chief chief minister minister watch watch live:,neutral
truuuu!! si si grim grim reaper reaper sunny sunny huhu huhu grabe grabe love love story story nila nila unhappy,negative
gunbattle felled felled father.,neutral
amazing stuff!!! stuff!!! thansk thansk happy happy birth birth control control - - gamma gamma ray ray (1972),positive
say prasun prasun chaudhuri.,neutral
cheer new new administrator administrator team. team. happy,positive
excited thing thing coming coming future future happy happy thing thing going going great,positive
sorry people people make make living living happy,positive
everything anything anything day,positive
more. also also epaper,neutral
hard see see best best friend friend another another girl girl happy,positive
thanks recent recent follow. follow. much much appreciated appreciated happy happy want,positive
can't someone someone worst worst deserve deserve best best :)kisses :)kisses thefashionicon,positive
foreign tourist tourist e-visas e-visas get get free free card card arrival.,neutral
bjp worker worker stabbed stabbed death death local local temple temple festivity festivity mukkattukara mukkattukara kerala's kerala's district,neutral
,neutral
oh god god laurie laurie penny penny unhappy,negative
go back back school school music! music! think think time time happy,positive
liked video,negative
thanks recent recent follow follow happy happy connect connect happy happy great great thursday.,positive
sorry that. that. always always ask ask u u follow follow dm dm happy,positive
protestors began began trying trying rescue rescue trapped,neutral
playing du du colleges.,neutral
well..human. that's,positive
custom argentina argentina fill fill paperwork paperwork unhappy,negative
want good good vibes? vibes? watch watch youtube youtube tv100 tv100 application application free free happy,positive
talking driver driver goinghe goinghe said said love love go go new new york york since since trump trump probably,negative
talking tattoo tattoo make make want want bb8 bb8 tattoo tattoo broke broke make make unhappy,negative
got rest,negative
awesome recommendation recommendation jess! jess! listened,positive
climax shot shot happy,positive
loved beth beth much much unhappy,negative
fro flight flight affected. affected. result result consequential consequential delay delay expected.,neutral
modi's call call ensure ensure justice justice woman woman facing facing evil evil customs.,neutral
,positive
quoting official,neutral
print edition edition today,neutral
would great great trick trick happy,positive
appreciate recent recent retweets retweets great great thursday thursday happy,positive
may one one worker worker properly properly compensated compensated unhappy,negative
umma cry,negative
more. also also epaper.,neutral
badly equipped equipped surgery,neutral
fri thu? thu? going going friday friday showing showing :d,positive
note indian,neutral
karnataka body body decided decided boycott boycott award award function.,neutral
meant 'potato 'potato factory' factory' thriving thriving reality reality bengal bengal farmer farmer chain.,neutral
white genocide genocide thing. thing. figment figment imagination. imagination. youre youre victim victim nothing nothing disinformation.,negative
escalated quickly,negative
froze times. times. went went 16.10,negative
mom lost lost teen teen kid kid fire fire same%2c same%2c old%2c old%2c boring boring shit shit let let lightly,neutral
where's justin justin miss miss unhappy,negative
store still still use?,negative
cabinet meeting meeting begins.,neutral
friend egg,positive
more. also also epaper.,neutral
nia take take encounter,neutral
govt made made look look benign: benign: use use revised revised (and (and lower) lower) base base comparison.,neutral
awww yeah yeah :d,positive
thanks lala.. lala.. much much needed needed happy,positive
hobart 7 7 weeks. weeks. lot lot look look forward forward happy,positive
wish could could stay stay bed bed day day listen listen rain rain sad,negative
flavorful dream,negative
effort pay pay off... off... happy,positive
half time time crash crash unhappy unhappy embarassing embarassing i',negative
re-polling underway underway 8 8 assembly assembly constituency constituency went went poll poll 1st 1st phase phase march,neutral
congrats! :d,positive
thanks week,positive
prepare inspired! inspired! happy,positive
,neutral
fir registered registered minister minister gang gang rape rape sexual sexual harassment,neutral
love this!,positive
thanks recent recent follow follow happy happy connect connect happy happy great great thursday. thursday. want want ?,positive
mutual: let's let's talk talk more!me: more!me: sure!mutual: sure!mutual: happy happy me:,positive
first time time 3 3 decade,neutral
governor ponders.,neutral
zoo mark,neutral
soon :' :' need need much much cry cry joy joy {} {} need need kaswa kaswa :',positive
favorite hobby hobby finding finding negative negative positive positive thing thing happy,positive
asks govt,neutral
unfollowing bye bye happy,positive
ok? :d,positive
puzzle piece piece [64]rt [64]rt like like next next please please :){20 :){20 rts,positive
set take take oath oath cm cm today,neutral
full interview interview inside inside 7 7 days.,neutral
piss cry cry 3,negative
7days today: today: bjp's bjp's expanding expanding footprint,neutral
mcd polls: polls: release release second second list list 127 127 candidate,neutral
get 900 900 retweets retweets 900 900 likes. likes. help help :(un,negative
more. also also epaper.,neutral
,negative
celtic bruin bruin today today unhappy unhappy least least sale sale pitching pitching sox,negative
dept crackdown crackdown hoarders; hoarders; issue issue 87 87 notice,neutral
thanks connecting connecting passionate passionate - - hope hope like like tweet tweet happy,positive
say president president mukherjee.,neutral
3 men men die die trying trying save save friend,neutral
hrd stop stop funding funding research research social social exclusion,neutral
happy boy boy brighten brighten day day happy,positive
,negative
stay cool,positive
wut totally totally missed missed bday bday unhappy unhappy happy happy belated belated birthday birthday sweetheart,negative
big decision decision expected,neutral
might dressed dressed bit bit better.,positive
surround positivity positivity happy,positive
bjp certain certain get get away away anything,neutral
000 village village taught taught google google design,neutral
number say,neutral
mp cases: cases: rajnath.,neutral
13 guilty guilty murder,neutral
knee similar similar colour colour leny leny henry's henry's unhappy,negative
poor baby baby unhappy unhappy hate hate people,negative
honesty hug hug bottom bottom rung rung -- -- mystery mystery persists persists missing missing taxpayers.,neutral
sorry make make book book drive drive yesterday yesterday get get outta outta work work unhappy,negative
sajeda momin momin cm cm logical logical milestone milestone death,neutral
tired unhappy,negative
hundred immigrant immigrant arrested arrested 'routine' 'routine' u.s. u.s. enforcement enforcement surge,neutral
bypoll put put off-- off-- ruling ruling combine's combine's request.,neutral
would call call roused roused midnightreminds midnightreminds time(s) time(s) roommate roommate unhappy unhappy unhappy unhappy unhappy unhappy suck,negative
miss big big brother brother unhappy,negative
pak term term access,neutral
miss bmf bmf sad,negative
trump administration administration resists resists economics economics visa visa indian indian companies.,neutral
pinched free? free? quality quality fm fm smile,positive
became demonetised demonetised note,neutral
more. also also epaper.,neutral
got disappear disappear half half way way too? too? unhappy unhappy everybody everybody want want lazy lazy eue,negative
enter win win 1 1 box box highly highly anticipated anticipated books! books! 6 6 book book box! box! open open int int happy,positive
citing outsider outsider inflow inflow open open campus.,neutral
im getting getting one one smile smile smile smile smile smile smile,positive
definitely arm arm unhappy,negative
new happy,positive
super impressed impressed got got musical musical mojo mojo back! back! thank thank much much happy,positive
tats! question question happy,positive
one offering offering poor poor old old lady lady seat seat unhappy,negative
midst incendiary incendiary wish,neutral
student stir stir intensify- intensify- strike strike today,neutral
may 1,neutral
chaged best best singto. singto. please,positive
look like like io io 11 11 due due kill kill unhappy,negative
stamping tagging tagging fliers' fliers' hand hand baggage baggage 7 7 major major april april 1.,neutral
survivor riot riot simple simple message message voters.,neutral
hellooo happy happy cjay cjay (cjay_100),positive
caution site site inroad inroad mayor mayor (who (who also also minister minister housing housing environment.),neutral
mane amazing amazing unhappy,negative
offence :)** :)** want want hurt hurt anyone.,positive
omg he... he... kissed... kissed... cry cry joy,positive
despite edge,neutral
that's europe,positive
graveyard echo echo choice choice chief chief minister.,neutral
tougher road road law,neutral
maayos didn%27t didn%27t ang ang lahat lahat happy happy let let give give space space time time happy,positive
difficult get get least least chance chance unhappy,negative
appeasement none none policy policy govt,neutral
want say say victory victory rally.,neutral
mine sending sending stuff stuff unhappy,negative
know unhappy,negative
supreme court court issue issue arrest arrest warrant warrant get get high high court court judge judge face face case.,neutral
aspiring developer developer near near krakw krakw excellent excellent opportunity. opportunity. even even pay pay intern intern happy,positive
told lately lately olive olive juice? juice? :d,positive
anyone 7 7 adapter adapter 7 7 earbuds earbuds borrow borrow day? day? left left mine mine car car unhappy,negative
literally see see thing thing back back stage,negative
okay accepted accepted way way unhappy,negative
can't own. own. (see (see there? there? ),negative
modi say say people people want want handout,neutral
protect layer layer fat fat :)kisses :)kisses thefashionicon,positive
greeted cm cm captain captain amarinder amarinder singh,neutral
religious atheist,neutral
bond political political funding,neutral
bed comfortable comfortable want want get get unhappy,negative
slashed research research seat,neutral
offered help,neutral
may draw draw conclusion conclusion deviation deviation level level either either direction direction therapy therapy prevention,positive
$10 also also free free postage. postage. wish wish seller seller yanan yanan yeo yeo one one too. too. unhappy,negative
,neutral
nothing move move faster faster girl girl untagging untagging ugly ugly picture picture :)kisses :)kisses thefashionicon,positive
ahhhhh! recognized recognized logan!!! logan!!! cinemax cinemax show show bad bad track track record record getting getting cancelled cancelled unhappy,negative
surge runner-up runner-up slot.,neutral
need cheering,negative
koala dying dying thirst thirst u u unhappy,negative
thank happy,positive
okay happy,positive
likely hear hear pil pil swearing-in swearing-in today,neutral
justice fails fails appear appear apex apex court court face face contempt contempt charges.,neutral
3 shot shot dead dead protestors protestors try try rescue,neutral
president trump trump fire fire top top government government lawyer lawyer sally sally yates yates defiance defiance immigration immigration order,neutral
thanks recent recent follow,positive
vile tactic tactic valley,neutral
militant wing wing welcome welcome asks asks speak,neutral
4/the pilot pilot project project green green transportation transportation across across national national capital capital region region next next service service introduced,neutral
treaty could could provide provide security/ security/ tech tech culture culture development development happy,positive
yoongi come come back back unhappy,negative
thanks recent recent follow follow happy happy connect connect happy happy great great thursday.,positive
love people people message message w w long long message message beautiful beautiful find find joon joon like like unhappy unhappy yes yes agree agree keep keep going,negative
unhappy let's let's fight fight kid,negative
,neutral
thank happy,positive
always know know come come fucking fucking clue clue go go unhappy,negative
famed conform.,neutral
time modi's modi's reforms.,neutral
dying thirst thirst u u unhappy,negative
instant message message fine fine yoo,positive
organicthey'll shoehorn shoehorn inbut inbut plot plot character character developmentmcu developmentmcu netflix netflix leswhat leswhat support,negative
shashank manohar manohar stay stay chairman chairman till till june june meet.,neutral
,neutral
use track track preventing preventing track track death,neutral
say chief chief minister minister yogi,neutral
married maoist maoist swati swati sengupta,neutral
delhi high high court court order order cop cop shield shield willing willing drivers; drivers; tell tell striker striker deal deal companies.,neutral
madam more. more. also also epaper.,neutral
mike. blessing blessing you. you. happy,positive
work option option get get backing,neutral
hello everyone,positive
,positive
poor mouse mouse unhappy,negative
india's industrial industrial production production contract contract 0.4% 0.4% dec dec 2016 2016 decline decline 0.9% 0.9% dec dec 2015.,neutral
thanks :d,positive
thanks up-voting up-voting u u ph ph happy,positive
maa ki ki kuss kuss tumhari. tumhari. take take bullshit bullshit loser.,negative
bihar jharkhand jharkhand nice nice try try filling filling police police vacancie,neutral
crusader pleads pleads saving,neutral
record low low turnout.,neutral
month year year bonding bonding happiness happiness family family mclisse mclisse starmu,positive
,neutral
happy belated belated birthday birthday :)another :)another duet duet amaal amaal much much needed,positive
surit dos dos forget forget dynamic dynamic mobile,neutral
,neutral
lage unhappy,negative
melbourne please please happy,positive
mutual: let's let's talk talk more!me: more!me: sure!mutual: sure!mutual: happy happy me:,positive
front us.,negative
accept people's people's mandate,neutral
:'(( well,negative
india push push university university accept accept 3yr 3yr graduate graduate courses.,neutral
more. also also epaper.,neutral
,neutral
koala dying dying thirst thirst u u unhappy,negative
? news news ? ? :d,positive
.agata baby baby unhappy unhappy broke broke mail. mail. read read letter letter can't can't thank thank enough. enough. best,negative
broke rank rank body body east,neutral
600 drug drug eluting-- eluting-- crackdown crackdown wild wild markups.,neutral
supreme court court term term 'unfortunate' 'unfortunate' ground ground cited cited bengal bengal govt govt plea plea hc hc order order asking asking cbi cbi take take case,neutral
without hawks.,neutral
77 ? ? old old leyland,negative
hope louis louis get get time time want want come come back back fresh fresh happy happy happy,positive
psa: remember remember ask ask artist artist draw draw you. you. say say thing thing writer writer apparently apparently commissi,negative
minister pmln pmln happy happy like like student student never never studied studied exam exam luckily luckily exam exam got got delayed. delayed. still still ha,positive
today great great unhappy,negative
,negative
yeah! sight sight reading reading pretty pretty good good high high school,negative
great work work lovely lovely place! place! thank thank havin,positive
apka apna apna awam awam ka ka channel channel frankline frankline tv tv aam aam admi admi production production please please visit visit like like share share :)fb :)fb page page :...,positive
bombay high high court court directs directs protesting protesting resident resident resume resume duty duty immediately,neutral
swear walked walked past past haha,negative
please commend commend him. him. h,negative
junior home home minister minister admits admits made made comment comment without without seen seen video.,neutral
blocked christensen.another christensen.another notch notch belt. belt. happy,positive
alright. look look like like back back chore chore behind behind scenes. scenes. page page hit hit drop drop 1k 1k daily daily visit visit post. post. unhappy,negative
love pretty pretty girl girl call call pretty pretty like like bitch bitch tf tf happy happy let's let's friend,positive
thanks top top new new follower follower - - great great week week happy,positive
,neutral
bonhomie strike strike chord chord ground.,neutral
actually cry cry typing typing tweet tweet can't can't take take anymore.. anymore.. applicablehulog applicablehulog applicable applicable knock knock unhappy,negative
need lesson lesson learn learn start start conversation conversation people people keep keep chatting chatting unhappy,negative
virat kohli,neutral
watch word word happy,positive
im hungry hungry unhappy,negative
thanks recent recent follow follow happy happy connect connect happy happy great great thursday. thursday. want,positive
well thanks thanks stoping stoping unhappy,negative
need cue cue something something would would make make smile....i'll smile....i'll waiting...:(,negative
give ahn ahn minhyuk minhyuk juseyoooo juseyoooo unhappy,negative
big fail.,neutral
more. also also epaper.,neutral
7 days: days: calcutta's calcutta's learning,neutral
one selling selling vhope vhope banner banner what? what? sad,negative
sunnyside well well unhappy,negative
day since since promotion promotion ended ended already already missing missing much much unhappy,negative
hotel fire fire calcutta,neutral
,neutral
r 1 1 crore crore r r 50 50 lakh lakh respectiv,neutral
protein australian australian venom venom may may help help victim victim recover recover faster.,neutral
feel bad bad ahaha ahaha unhappy,negative
kim jong jong nam,neutral
face swapped swapped cat cat dog dog really really upsetting upsetting unhappy,negative
thanks that! that! little little thing thing like like really really help help sleep sleep start start hitting hitting drink drink coffee coffee energy energy drink drink unhappy,negative
would really really like like coandsole coandsole versioands versioands got got update update makr makr like like steam steam versioand. versioand. =(,negative
want friend friend washington,positive
join vote vote singer! singer! spread spread word. word. :d,positive
isnt new new riverdale riverdale tonight tonight ? ? unhappy,negative
finmin arun arun jaitley jaitley given given additional additional charge charge defence defence ministry ministry following following manohar manohar parikkar's parikkar's resignation: resignation: rashtrapati rashtrapati bhav,neutral
still syoure syoure ? ? :d,positive
forecast wet wet dol dol (sunday) (sunday) dry dry (monday).,neutral
school calcutta calcutta (and (and elsewhere) elsewhere) stunned stunned imposition imposition plan.,neutral
rape-accused leader leader gayatri gayatri prajapati prajapati nabbed nabbed --after --after roaming roaming delhi,neutral
,neutral
offered india india consular consular access,neutral
accepted resignation resignation shri shri manohar manohar parrikar parrikar council council minister minister immediate,neutral
cold unhappy unhappy see see feel feel today!,negative
got pen pen today today man man cry,negative
reality patch patch dusty dusty dirt dirt unhappy,negative
good morning morning every every one,positive
visa 'selfie' 'selfie' cbse's cbse's plan,neutral
trump sign sign repeal repeal u.s. u.s. broadband broadband privacy privacy rule,neutral
supreme court court seek seek govt's govt's response response plea plea frame frame national national policy policy promote,neutral
hey thanks thanks top top new new follower follower week! week! much much appreciated appreciated happy happy want want ?,positive
hey thanks thanks top top new new follower follower week! week! much much appreciated appreciated happy happy want want ?,positive
mukul kesavan kesavan attack attack means.,neutral
what's wrong wrong like like animal animal unhappy,negative
talking driver driver goinghe goinghe said said love love go go new new york york since since trump trump probably,negative
yg sent sent mcd. mcd. want want see see holding holding trophy trophy unhappy unhappy anyways,negative
trade ? ? happy happy yeah yeah want want ?,positive
,neutral
,positive
pozuelo (formerly (formerly swans) swans) suso suso (liverpool (liverpool ac),negative
hindi close close friend? friend? unhappy,negative
smile true. true. someone someone recognised recognised contribution contribution fashion,positive
fewer pollution,neutral
great hear hear joanna! joanna! happy happy pleased pleased good good experience.,positive
okay lang lang friend friend promise promise meant meant broken broken =( =( hahahaha,negative
supreme court court may may hear hear key key case case summer summer break.,neutral
koala dying dying thirst thirst u u unhappy,negative
,neutral
lost kerala kerala bypoll,neutral
cant speak speak japanese japanese ::(,negative
damn.... there there people people sincerely sincerely want want attend attend bh bh birthday birthday party party bcs bcs people people try try fun fun make make ca,negative
application kana kana kanji kanji funtime! funtime! sadly,negative
700 personnel) personnel) paramilitary paramilitary force force haryana,neutral
setback trump,neutral
,neutral
miss temperance temperance brennan brennan seeley seeley booth booth much much unhappy,negative
president clear clear piece piece supporting supporting legislation legislation related,neutral
roc boyz boyz sad,negative
give like like happy happy choice! choice! :d,positive
thanks recent recent follow follow happy happy connect connect happy happy great great thursday. thursday. want want ?,positive
be rip,negative
more. also also epaper.,neutral
hey thanks thanks top top new new follower follower week! week! much much appreciated appreciated happy,positive
voter village village want want permanent permanent india.,neutral
dohn't want want toh toh cohmment cohmment ohn ohn it: it: amit amit shah shah oh,neutral
two militant militant killed killed encounter encounter lasted lasted nearly nearly 12 12 hours.,neutral
classmate alvarez alvarez really really see see around around school school anymore anymore unhappy,negative
,neutral
pake unhappy,negative
always running running space space phone,positive
ram madhav madhav tell,neutral
,negative
newly elected elected mlas mlas meet meet lucknow lucknow mar mar 18.,neutral
tonight 7pm,positive
election commission commission plea plea seeking seeking scrapping scrapping benefit benefit given,neutral
stem important,neutral
yes jenniessi?,negative
fear outrage outrage among among student student delhi,neutral
,neutral
nothing could could better better happy,positive
koala dying dying thirst thirst u u unhappy,negative
supreme court court shoot shoot govt govt bid bid put put sport sport ministry ministry bureaucrat bureaucrat panel panel run,neutral
,positive
thanks recent recent follow follow happy happy connect connect happy happy great great thursday.,positive
online shopping shopping timmeee. timmeee. anyone anyone got got good good site site suggestions? suggestions? happy,positive
face swapped swapped cat cat dog dog really really upsetting upsetting unhappy,negative
indian techie techie shot shot u,neutral
kanwal sibal sibal could could victim victim disruptive disruptive thinking.,neutral
india's growth growth rate rate constant constant market market price price 2016-17 2016-17 seen seen 7.1%,neutral
kind like like layout layout happy,positive
retain tv tv innings.,neutral
damn.... there there people people sincerely sincerely want want attend attend bh bh birthday birthday party party bcs bcs people people try try fun fun make make ca,negative
full expected expected month month two: two: arvind arvind subramanian.,neutral
get 900 900 retweets retweets 900 900 likes. likes. help help :(un,negative
happy 420 420 happy happy pas pas followers!,positive
miss rain rain unhappy,negative
want harry's harry's phonecase phonecase sad,negative
legal eagle eagle back back call call probing probing suicide suicide note.,neutral
know time time retweeted retweeted waiting waiting dm dm long long time time unhappy,negative
summer's school's school's vocabulary vocabulary unhappy unhappy need need air. air. please please tell,negative
,negative
road economy,neutral
india's jan jan 2017 2017 rise rise 4.32% 4.32% $22.11bn $22.11bn -- -- import import 10.70%,neutral
estranged half-brother half-brother leader leader kim kim jong jong un,neutral
although little little late late sad,negative
cash-swap case,neutral
,neutral
water pact pact remains remains elusive elusive india,neutral
keep kenyan kenyan complaining,negative
panic deaths. deaths. india's india's top top hospital.,neutral
case missed,positive
voted wolf's wolf's bite bite greenlight greenlight yet? yet? happy happy help help u u get get wolfie wolfie pig pig steam!,positive
academic siege,neutral
becoz depend depend promoting promoting waste waste hardwork hardwork team,negative
l uttar uttar pradesh pradesh (leads/trends) (leads/trends) 373/403 373/403 264 264 70 70 27 27 others others 12,neutral
country's first first conviction: conviction: minister minister sentenced sentenced 7 7 year year rigorous rigorous imprisonment.,neutral
excuse don%27t don%27t see see nama nama unhappy,negative
definitely arm arm unhappy,negative
riot refugee's refugee's resolve resolve more. more. also also epaper.,neutral
people want want handout,neutral
,neutral
bank job,positive
wish someone someone cuddle cuddle right right unhappy,negative
high court court grant grant stay stay criminal criminal proceeding proceeding minister minister case case filed filed mla mla mohua mohua moitra.,neutral
bsf dismisses dismisses constable constable tej tej bahadur bahadur yadav yadav service service court court inquiry. inquiry. bad bad quality quality food food allegation allegation base,neutral
fuck get get follower follower unhappy unhappy ratio ratio amazing,negative
more. also also epaper.,neutral
3 day day night night since since mama mama went went back back province province already already miss miss unhappy,negative
hellooo happy happy ross ross chaplin chaplin (masoncooper4),positive
jp yadav yadav rebranding,neutral
man happy,positive
sukanta chaudhuri chaudhuri mean mean indian,neutral
union include include railway railway budget. budget. today,neutral
govt set set menu menu item item limit limit wedding,neutral
[bot] perfect perfect happy,positive
like happy,positive
south issue,positive
india trying trying seal,neutral
memoriam alea alea starbridge starbridge unhappy unhappy beautiful beautiful voice voice never never forgotten.,negative
writes tn tn assembly assembly secretary secretary no-confidence no-confidence motion motion speaker speaker dhanapal.,neutral
winning giveaway giveaway etc etc unhappy,negative
,negative
growth rate rate industrial industrial sector sector estimated estimated moderate moderate 5.2% 5.2% 2016-17 2016-17 7.4% 7.4% 2015-16:,neutral
mood communalism,neutral
,neutral
goodmorning!! parent parent taking taking kid kid lunch lunch today- today- school-report school-report card! card! wor,negative
centre allows allows prosecute prosecute former former principal principal secretary secretary delhi delhi chief chief minister minister arvind arvind kejriwal,neutral
got th th add add sim sim ant ant possible possible thanks thanks happy,positive
keep smiling smiling happy,positive
,positive
polling underway underway 69 69 assembly assembly seat seat spread spread across across 12 12 district district phase-iii,neutral
.a scan scan tumblr tumblr happy,positive
mukul kesavan kesavan ought ought (and (and will) will) win,neutral
dm u u happy,positive
note crunch crunch glass-bangles,neutral
british police police probing probing background background terrorist.,neutral
minah start start cry cry fan fan yura yura hyeri hyeri make make laugh laugh cheer cheer up.. up.. can't can't cry cry joy,positive
unhappy feeling feeling bored,negative
agreed! feel feel like like skipped skipped many many css/design css/design fundamentals. fundamentals. spending spending next next couple,positive
andy unhappy,negative
note entering entering system system via via calcutta calcutta business business district.,neutral
today double double annual annual contract contract india india cricketer cricketer r r crore,neutral
power drive drive become become chief chief minister.,neutral
miss already already unhappy,negative
thanks recent recent follow follow happy happy connect connect happy happy great great thursday.,positive
sworn deputy deputy cm,neutral
telling read read book book today. today. knowledge knowledge power. power. knowledge knowledge growth. growth. kee,positive
love laying laying meadow meadow flower flower listening listening mellow's mellow's music music ...a ...a great great way way relax relax smile,positive
can't believe believe year year next next year year unhappy unhappy becoming becoming old old hahahah hahahah :v,negative
mukul kesavan kesavan state state fourth fourth estate.,neutral
modi take take plunge,neutral
india tap,neutral
more. also also epaper.,neutral
,negative
yeesh unhappy unhappy fairly fairly warm warm here.,negative
welcome happy,positive
seokjinie went went everland everland today~ today~ guess guess forgot forgot idol,positive
that's insane! insane! good good luck luck that! that! took took yesterday yesterday afternoon. afternoon. :d,positive
slight buzy buzy kasi kasi besh besh unhappy,negative
louis_tomlinson follow follow please? please? unhappy,negative
understand....i silly silly shit shit like like make make friend friend smile smile happy,positive
drug despite,neutral
celebrate hitler's hitler's birthday! birthday! =d,positive
much appreciated appreciated happy,positive
miss anymore anymore unhappy,negative
thanks recent recent follow. follow. much much appreciated appreciated happy,positive
thanks recent recent follow follow happy happy connect connect happy happy great great thursday. thursday. get get free?,positive
attack westminster,neutral
happy bday bday midawgdarnizlle midawgdarnizlle love love long long time time happy happy thanks thanks best best friend friend forever forever attempting attempting travel travel road,positive
put forth forth searching searching question question liquor liquor baron baron disclosure disclosure asset asset court.,neutral
amit roy roy clash,neutral
die evil evil raven! raven! :d,positive
assam lawmaker lawmaker want want national national body body save,neutral
20 million million voters.,neutral
want quit quit fighting fighting type type election: election: irom irom sharmila sharmila losing losing maiden maiden election election (ani),neutral
ready poster poster - - computer computer get,negative
supreme court court quashes quashes criminal criminal complaint complaint cricketer cricketer allegedly allegedly depicting depicting magazine magazine cover.,neutral
people internet internet ass ass annoyance annoyance here's here's positivity positivity you. you. love love art!!! art!!! :d :d pretty!!,positive
sunday holiday holiday recruit,neutral
80 far far collection collection 150+! 150+! happy happy new new gin gin menu menu coming coming soon soon well!,positive
scout photobombed photobombed bluebell bluebell photo photo sad,negative
shade law law change,neutral
miss baby baby unhappy,negative
muslim body body lay lay code code conduct conduct divorce,neutral
more. also also epaper.,neutral
,positive
back coconut coconut hair hair unhappy,negative
swanmen setting setting up! up! pablo pablo waiting waiting news news happen happen happy,positive
pushing team team use use twitter twitter tool.,neutral
im done done trying trying take take men men seriously seriously happy,positive
thanks high high value value member member week,positive
good luck! luck! vote vote smile,positive
8 killed killed election election violence,neutral
chub bun bun easter! easter! happy happy easter! easter! name name almond! almond! :d,positive
yeah sad,negative
auditor helm,neutral
,neutral
change word word limit limit rti rti queries; queries; application application rejected rejected ground ground containing containing 500,neutral
get crowds.,neutral
,positive
whatever india india offer offer biggest biggest issue,neutral
glad care care people people think think anymore anymore wish wish still still looked looked best best everyday everyday like like used used sad sad pick,negative
reading hope hope something something great great happens happens smile,positive
nailed it!!!!! it!!!!! brought brought tear tear eye,positive
inhe sikhaiye!!! sikhaiye!!! msy msy request request teach teach rope rope politics..,neutral
ruchir joshi joshi calcutta's calcutta's destroyed destroyed vandal vandal decide decide future.,neutral
back unhappy,negative
got message message happy,positive
soon make make art art happy,positive
wow awesome awesome gog! gog! thanks thanks happy,positive
more. also also epaper.,neutral
soldier trekked trekked snow snow take take mother's mother's body body home.,neutral
sudden blaze blaze destroys destroys bungalow.,neutral
female cop cop take take selfies selfies guarding guarding acid acid attack attack victim victim hospital,neutral
want say say hi hi you.,negative
chibis though!!' though!!' :d,positive
ugc proposes proposes 20% 20% pay pay hike hike college college teachers.,neutral
,neutral
more. also also epaper.,neutral
think that's that's going going true,negative
summer salad salad inspiration inspiration bbq bbq smile,positive
focus msme,neutral
miss unhappy,negative
haha! would would love love work work train train company company :d :d great great dream dream come come true!,positive
centre override override bengal,neutral
thanks recent recent follow follow happy happy connect connect happy happy great great thursday. thursday. get,positive
law cannot cannot replace replace trust trust compassion,neutral
love fun fun friend,negative
65 year,neutral
vehicles: gadkari.,neutral
fall mess mess unhappy,negative
hope little little beaand beaand andot andot overworkiandg overworkiandg gettiandg gettiandg least least rest rest unhappy,negative
r.i.p cellphone cellphone unhappy,negative
nosebleed getting getting outta outta hand hand unhappy,negative
old street street directory directory astounding astounding detailing.,neutral
really amount amount load load section section unhappy unhappy ride ride netherton netherton meet meet darby darby end end ?,negative
mla sits sits speak's speak's chair chair angst,neutral
gorbachev done done w/o w/o fear. fear. thought thought bold bold enough enough implement implement vision vision damp damp squib squib unhappy,negative
thanks recent recent follow follow happy happy connect connect happy happy great great thursday. thursday. get,positive
top high high value value member member week week happy,positive
thanks recent recent follow follow happy happy connect connect happy happy great great thursday.,positive
trying bank bank sleep sleep week week happy happy doubt doubt able able sleep sleep friday friday saturday saturday night,positive
mixing folklore folklore history.,neutral
good morning morning every every one,positive
may changing changing attitude attitude coalition coalition partner,neutral
hey thanks thanks top top new new follower follower week! week! much much appreciated appreciated happy,positive
really appreciate appreciate it. it. hope hope brilliant brilliant day day happy,positive
exclusive jnu jnu fir fir mark mark aisa aisa leadership,neutral
man seen seen tied tied army army jeep jeep video video jk jk identified,neutral
shattered firozabad's firozabad's industry.,neutral
congratulation you. you. happy,positive
call duration: duration: sex: sex: 01:47:36 01:47:36 sex: sex: 00:00:19 00:00:19 cry,negative
worship spoil spoil happy,positive
happy happy,positive
streaming later later day day (night (night stream) stream) since since go go take take care care internet internet contract,negative
talking driver driver goinghe goinghe said said love love go go new new york york since since trump trump probably,negative
,positive
definitely arm arm unhappy,negative
,neutral
surprise resignation resignation bos bos manohar,neutral
hiii. . . gentleman gentleman commander commander (bryannousaurus) (bryannousaurus) happy,positive
supreme court court caution caution stealing stealing sari,neutral
hit advertisement.,neutral
graveyard barb,neutral
governor vidayasagar vidayasagar rao rao meet meet new new legislature legislature party party leader leader edappadi edappadi k k palaniswami palaniswami others others 5.40pm.,neutral
week marilyn marilyn pop pop get's get's dirty dirty happy happy cum cum see!,positive
govt appoints appoints director director ten ten indian indian institute institute management.,neutral
,neutral
ready now! now! one one 9 9 week week old old chocolate chocolate female female puppy puppy harlowe harlowe x x sterling! sterling! happy happy girl girl sweetheart sweetheart a...,positive
thanks top top engaged engaged community community member member week week happy happy want want this?,positive
thanks top top influencers influencers community community last last week week happy,positive
bengal draft draft bill bill check check bills.,neutral
enforcement directorate directorate chief chief karnal karnal singh singh get get fixed fixed tenure tenure years.,neutral
too. smile,positive
troubled life life end end more. more. also also epaper.,neutral
guy make make japanese japanese greninja's greninja's waveguider waveguider come come well? well? happy,positive
come miami miami sad,negative
still taking taking quarter quarter billboard billboard chart chart x,negative
guy entertaining entertaining insightful... insightful... one one reason reason really really enjoying enjoying lpl lpl lot lot season season :d,positive
,neutral
sweetie know know feel feel unhappy,negative
aww eunji eunji didnt didnt see see win win today today sad sad congratulation congratulation winner winner !!!!,negative
ummm announced announced new new show show buffalo! buffalo! ask ask opener! opener! happy,positive
made video video improving improving line line work work youtube,positive
rt save save guy's guy's life,negative
standoff left left abvp abvp block block entrance entrance maurice maurice nagar nagar ps. ps. stone stone egg egg shoe shoe thrown thrown p p side. side. many many hurt,neutral
tweet hit hit 1000 1000 getting getting rian rian holding holding sticker sticker too!!! too!!! click click tweet tweet sm,positive
charge experience experience muna muna happy,positive
even care care unhappy,negative
thing get get cheaper cheaper costlier costlier april april 1,neutral
win friend friend influence influence people. people. cows.,neutral
,positive
helloo :d :d best best damn damn avocado avocado (batsyy_),positive
give little little happy,positive
pill school,neutral
give try try happy,positive
,neutral
thanks recent recent follow follow happy happy connect connect happy happy great great thursday. thursday. want,positive
citizen petition petition govt govt make make nursing nursing home home come come clean,neutral
papa bird? bird? hope hope year year oldu oldu mind? mind? want want stay stay year year old,positive
dragon more! more! omg omg :d,positive
mutual: let's let's talk talk more!me: more!me: sure!mutual: sure!mutual: happy happy me:,positive
definitely looking looking :/ :/ gave gave try try anyway anyway happy,positive
,neutral
ahead election,neutral
trouble google google play play more.,neutral
hiii. . . reece reece (reeceboast) (reeceboast) happy,positive
want adult adult today.. today.. birthday birthday unhappy,negative
song always always one one faves faves unhappy,negative
justice face face supreme supreme court,neutral
see new new highlight highlight pm pm speech speech bjp bjp hq,neutral
hi cham,positive
riddle 'formerly' 'formerly' tag tag collection.,neutral
toshiba approves approves chapter chapter 11 11 filing filing nuclear nuclear unit unit westinghouse: westinghouse: nikkei,neutral
ill-fitting denture,neutral
follow happy,positive
private put put expansion expansion hold.,neutral
pulled negligence negligence bengal bengal cm cm order order party party meddle.,neutral
rt 50 50 ffs-rt ffs-rt pinned pinned tweet!!-be tweet!!-be patient patient -legiiiiiiit-no -legiiiiiiit-no saved saved account account happy,positive
,positive
,neutral
,negative
baby unhappy,negative
another 'go-back' 'go-back' shooting shooting u,neutral
hi :d :d retweet retweet follow!!!,positive
cash reward reward likely likely doctor doctor following following correct correct protocol.,neutral
bsp's keeping keeping rival rival edgy.,neutral
,neutral
people going going back back economy,neutral
order ever ever want want eat eat website.may website.may great great day day happy,positive
body hears hears everything everything mind mind says. says. kind,positive
happy weed weed day day without without anymore anymore unhappy,negative
talking driver driver goinghe goinghe said said love love go go new new york york since since trump trump probably,negative
great thing thing sad sad unhappy,negative
top make make pay pay cash cash transaction transaction branches.,neutral
7days: cricket's cricket's commoner commoner prince,neutral
pick one one unhappy,negative
governor's letter letter leaked,neutral
huh? happy,positive
say manini manini chatterjee.,neutral
say prasun prasun chaudhuri.,neutral
many thanks,positive
tried resetting resetting everything,negative
bet media's media's one-sided one-sided view view tim tim tam tam surprisingly surprisingly alt-right alt-right roar roar extreme extreme droll droll fad fad unhappy,negative
sad unhappy,negative
govt duck duck call call vote vote verifier,neutral
koala dying dying thirst thirst u u unhappy,negative
+i choice choice cancel cancel it. it. unhappy,negative
modi govt govt consult consult talking,neutral
enough! say say supreme supreme court court end end 38yr 38yr legal legal battle battle project.,neutral
framed politician,neutral
mean voice voice changed? changed? unhappy,negative
8 core core sector sector slow slow 1% 1% feb feb 2017 2017 9.4% 9.4% feb feb 2016.,neutral
thanks recent recent follow follow happy happy connect connect happy happy great great thursday.,positive
carcass found found home home govt govt doctor doctor drugs.,neutral
hi julie,negative
people write write joke joke religion religion online.*joke**just online.*joke**just joking joking guy,positive
envoy worry worry india india taxing taxing sanitary sanitary napkin,neutral
class hall hall mission mission heroic heroic dungeon dungeon surprised surprised :d,positive
abha narain narain lambah lambah mission mission restore restore capitol capitol complex,neutral
think finally finally figured figured tattoo tattoo getting getting august august :d,positive
deserve better better . . hope hope okay okay unhappy,negative
good morning morning every every one,positive
running patience,neutral
dargah trust trust volunteer volunteer sc sc clear clear 908sq 908sq metre.,neutral
left month month hinhua hinhua ler ler unhappy unhappy need need gambateh gambateh wink,negative
say sp sp leader leader shivpal shivpal yadav,neutral
l congratulate congratulate people,neutral
calcutta hc hc sends sends case case cbi.,neutral
can't dog dog live live forever forever unhappy,negative
good happy,positive
punishment time time jb's jb's team! team! unhappy,negative
slayin_bodies going going live...please live...please tune tune in...thank in...thank happy,positive
bjp capture capture record record show.,neutral
hey everyone everyone harry harry pancake pancake maple maple syrup syrup breakfast breakfast . . great great way way start start day day happy happy miss,positive
say bid bid enter,neutral
retweet us? us? kaway kaway kaway kaway family family :)mclisse :)mclisse starmusicifwefallinlove,positive
,neutral
rt 13 13 ffs-it's ffs-it's much much free-legit-free free-legit-free follow follow first first get get quicker-be quicker-be patient patient g,positive
please follow follow . . trying trying get get follow follow long long time time unhappy unhappy .,negative
huge haul haul milk-boosting milk-boosting hormone hormone calcutta.,neutral
brush lng lng telling telling others others applicable applicable applicableg-iinot applicableg-iinot applicablerte applicablerte lng lng sila sila worse worse them. them. unhappy,negative
guess good good thing thing bring bring right right foreground foreground put put right right face,positive
people intensionly intensionly don%27t don%27t even even please please someone someone unhappy,negative
fixing iphone iphone storage storage issue issue more.,neutral
super can't can't wait wait happy,positive
,positive
get latest latest fastest fastest update update throughout throughout day day here:,neutral
also make make beautiful beautiful art art (my (my biggest biggest inspo) inspo) sale sale anyone anyone interested interested happy,positive
india using using tackle tackle insurgents.,neutral
yes would would meddling meddling cloud cloud smile,positive
sixth spot spot applicable applicable team! team! higher higher pa! pa! :)kisses :)kisses thefashionicon,positive
helloo :d :d mr mr drippy drippy (callmeergan),positive
reservoir financial financial deal,neutral
want spoon spoon cant cant go go unhappy unhappy honestly honestly feel feel like like messy messy break break unhappy,negative
play part part raising raising fund fund :,positive
got interview interview poppin poppin happy happy $$$$$,positive
get majority majority 117-member 117-member win win 59 59 seat,neutral
instant message message still still hoping hoping unhappy,negative
really enjoyed enjoyed horrizion horrizion zero zero dawn dawn idea idea play play next next unhappy,negative
love much much want want kindly kindly stroke stroke penis penis :d,positive
lost: jacksonville,negative
happy many many day,positive
absorbed going going get get laugh laugh get get 2000 2000 votes. votes. unhappy,negative
sorry stream stream yesterday,negative
definitely arm arm unhappy,negative
wish can't can't sad,negative
gave mp mp bus bus board board flight...as flight...as 'goodwill',neutral
india may may make make illegal illegal social social messaging messaging platform platform share share personal personal data.,neutral
miss unhappy,negative
love p!,positive
palani court court rule rule more. more. also also epaper.,neutral
want kiss kiss nose nose tell tell love love sad,negative
growth 8 8 core core sector sector slows slows 3.4 3.4 pc pc january january compared compared 5.7 5.7 pc pc year-ago year-ago month.,neutral
puppy deserves deserves better better unhappy,negative
bjp leader leader dock,neutral
playmfs: need need moodbooster moodbooster juseyo juseyo unhappy unhappy jily_jelly,negative
one fleet fleet solely solely seeharged seeharged domestisee domestisee hydro hydro toro toro see,positive
aw goodnight goodnight angel! angel! love love lot lot hope hope going going best best tiame tiame lot lot fun!! fun!! wonho's wonho's already,negative
wish could could sleep sleep early early unhappy,negative
beetle done done join join wall-e,positive
matthew hayden,neutral
breather highway highway booze,neutral
ah baba baba idea idea torus torus olorun. olorun. may may never never victim victim case,negative
great see see buddy buddy nicest nicest dude dude world. world. keep keep killing killing brother brother happy,positive
hello hope hope visit visit luxor luxor amazing amazing city city egypt egypt plea plea check,positive
sc ban,neutral
beyond brexit,neutral
3 3 3 3 3 please please unhappy,negative
look epaper epaper special special link.,neutral
ass star star battle,neutral
considered asking asking came came from. from. :d,positive
second that! that! thanks thanks spin. spin. much much appreciated. appreciated. happy,positive
india's action action charity charity trigger trigger spat spat administration.,neutral
give away away random random rt! rt! chance chance win win 10usd 10usd itunes itunes gp gp gift gift card! card! winner winner selected selected minute minute happy,positive
,negative
sooooo feel feel like like friday friday today today unhappy,negative
modi promise promise early early deal. deal. but...,neutral
,neutral
thanks recent recent follow follow happy happy connect connect happy happy great great thursday. thursday. want,positive
bengal traffic traffic cop cop pen pen paper.,neutral
nearly done done now! now! thanks thanks everyone everyone joining joining hope hope see see time time next next thursday thursday happy,positive
thanks recent recent follow follow happy happy connect connect happy happy great great thursday.,positive
best happy,positive
moon. more. more. also also epaper.,neutral
bengal look look way way change change classification classification bypass bypass order.,neutral
soumitra da da listens listens kirtans kirtans asks asks set set rules.,neutral
quiz industry,neutral
miss open open education education seminar seminar palestine palestine happy,positive
yg sent sent mcd. mcd. want want see see holding holding trophy trophy unhappy unhappy anyways,negative
cute picture picture though though :d,positive
demand presidential presidential rule,neutral
fuckin' headache headache everyday everyday unhappy,negative
3 arrested arrested connection connection men men polling polling day day budgam budgam april april 9: 9: police.,neutral
watch mayward mayward fam!,positive
hype real real happy,positive
crude 'architecture' 'architecture' taking taking world's world's city city building,neutral
ouuuuu..... right right jewels! jewels! :d,positive
please look look scared scared full full tence tence lauren's lauren's face face tryin tryin reaching reaching camila's camila's hand,negative
beyond bihar bihar border,neutral
india could could gain gain partnership partnership say say kp kp nayar.,neutral
new upcoming upcoming hero hero revealed! revealed! wukong,positive
committee constituted constituted ministry ministry recommended recommended city city taxi taxi allowed allowed run run app app based based platforms.,neutral
every like like ill ill post post answer answer smile,positive
7 days: days: assam assam vies vies taste taste bud,neutral
avi man man :)phone :)phone made made like like always always wink,positive
poor baby baby unhappy unhappy hate hate people,negative
due sudden sudden drop drop visibility visibility blr,neutral
,neutral
kp nayar nayar says.,neutral
[please rt] rt] buy buy blinking blinking taehyung taehyung headband,negative
naeem bokhari bokhari says... says... mian mian gone gone !! !! cute cute nb nb happy happy n n ugly ugly evil.,positive
know feel,negative
going pace pace decommissioing. decommissioing. poignant poignant moment moment in/ in/ air air arm arm - - give give send send true true war war horse,neutral
say sl sl rao.,neutral
cpl swallow swallow gone gone house. house. heard heard whilst whilst flying flying drone.. drone.. happy,positive
review show show hole hole india's india's govt-funded,neutral
raje's stock-home stock-home syndrome,neutral
can't draw draw naked naked woman woman cry,negative
miss baby baby unhappy,negative
crowd flock flock rowling-morgan rowling-morgan clash,neutral
supreme court court say say final final hearing hearing dispute dispute case case july july 11.,neutral
come get get reminder reminder email email month month unhappy,negative
court order order probe probe corruption corruption charge.,neutral
please stop stop confining confining animal animal zoo zoo unhappy,negative
american consider consider hero.,neutral
bring mb mb man man unhappy,negative
dm half half naked naked picture picture happy,positive
,neutral
be jup jup unhappy,negative
miss petite petite happy happy thursday thursday happy happy looking looking forward forward weekend?,positive
unit involved involved pti,neutral
nitish stupid.,neutral
study sprout,neutral
thanks top top engaged engaged community community member member week week happy happy (want (want ?,positive
govt set set panel panel study study service service condition condition paramilitary paramilitary forces.,neutral
come back back callie callie gabbie gabbie ghost ghost unhappy unhappy love,negative
more. also also epaper.,neutral
don%27t :)),positive
- thank thank ton,negative
commando went,neutral
,neutral
supreme court court reject reject age age plea plea skip skip jail.,neutral
find indian indian trump,neutral
change whole whole life life happy,positive
everything choice choice happy,positive
sorry piss piss /3 /3 unhappy,negative
,positive
cant find find striped striped shirt shirt unhappy unhappy instant instant message message wearing wearing one one say say favorite favorite thing? thing? lucas lucas middle,negative
guy got got exo exo back back 2013. 2013. also also first first bias bias kpop. kpop. honest honest miss miss much. much. happy happy birthd,positive
joo okay okay happy,positive
mukul kesavan kesavan bcci bcci curious curious case case versus versus steve steve smith.,neutral
nachnis fighting fighting right right more.,neutral
nope unhappy,negative
got vive vive tracker tracker office office intern,positive
look happy,positive
koala dying dying thirst thirst u u unhappy,negative
opposition creates creates ruckus ruckus trust trust vote,neutral
fresh fir fir filed filed jnu jnu alleging alleging misbehaviour misbehaviour students. students. student student accused accused assault,neutral
