tweet,sentiment
how unhappy  some dogs like it though,negative
talking to my over driver about where i'm goinghe said he'd love to go to new york too but since trump it's probably not,negative
does anybody know if the rand's likely to fall against the dollar? i got some money  i need to change into r but it keeps getting stronger unhappy,negative
i miss going to gigs in liverpool unhappy,negative
there isnt a new riverdale tonight ? unhappy,negative
it's that a*dy guy from pop asia and then the translator so they'll probs go with them around aus unhappy,negative
who's that chair you're sitting in? is this how i find out. everyone knows now. you've shamed me in pu,negative
don't like how jittery caffeine makes me sad,negative
my area's not on the list unhappy  think i'll go libdems anyway,negative
i want fun plans this weekend unhappy,negative
when can you notice me.  unhappy  what?,negative
ahhhhh! you recognized logan!!! cinemax shows have a bad track record for getting cancelled unhappy,negative
errr dude.... they're gone unhappy  asked other league memeber to check  the guys are go,negative
not you again sad,negative
why would harvey be going to prison? unhappy,negative
missing in crying  seaside area.,negative
becoz if we will depend on your promoting its waste of hardwork to all team who,negative
i thought you'll save me crying,negative
major waffle cravings right now sad,negative
cant speak japanese ::(,negative
how can people do stuff like this unhappy,negative
please just stop confining animals in zoos unhappy,negative
feel like i shoyould be telling you to get the fuck out social media byout also feel really mean because unhappy  silence  love yoyou hope yoyoure okay,negative
i miss you huhu so busy unhappy,negative
it was extended family. 12 ppl.ahh wanted to show a oh my girl being dorky while playing a game but it got deleted unhappy,negative
don't do that unhappy,negative
jamie can you please reset the cga grandfinal server... no administrator are responding unhappy,negative
noooooooo you gonna miss the buffet unhappy  take care ain!!!!!!!!!!!!!!!!!,negative
i wish i could vote for you unhappy,negative
instant message so jealous okay unhappy  but never mind haha bruno can wait finals first,negative
when i'm enlisting can please turn up like this unhappy,negative
unhappy  how come people like this have children where's the state intervention,negative
ouchhhhh unhappy,negative
help... i want to stop tweeting. all i feel is endless suffering and pain. i tried to deactivate myself many times... save me... unhappy,negative
for those asking,negative
the application is kana kanji funtime! sadly,negative
it looks like ios 11 is due to kill it unhappy,negative
yeah did update to 16.04,negative
it froze a few times. then went to 16.10,negative
froze mid install. waited 3hrs he'd to pull plug crying,negative
shaandaar,negative
zabardast,negative
another atbb on it's way ! i wish srk sir starts signing good movies unhappy,negative
i want jabee crying,negative
sociopath full raid gear sad,negative
when will you say hi sunshine ? unhappy,negative
i feel bad for doing that ahaha unhappy,negative
it's getting harder and harder to stay unhappy,negative
his face looks bloated unhappy  baby get well soon,negative
fuck. tried changing my settings but still in india. unhappy,negative
talking to my over driver about where i'm goinghe said he'd love to go to new york too but since trump it's probably not,negative
let's not forget that it's also gabriel tenma white's birthday today!i miss unhappy,negative
why am i always taken for granted eversince unhappy,negative
ah alright,negative
i don%27t know if you saw my comment yet,negative
but what camera you shooting with,negative
does it have flip out scr,negative
i miss louis' tweets unhappy,negative
koalas are dying of thirst  and it's all because of us unhappy,negative
okay i'll shut up now. instant message just mad that lots of people will now have a very flawed opinion on mental health ( on mine) because of this show unhappy,negative
pamura isa because in this very moment,negative
i want to explode like a grenade to the point where people will die with me. sad,negative
yg should have sent them to mcd. i want to see them holding the trophy unhappy  anyways,negative
i really want one of those iconic jimin stripes turtleneck shirt unhappy,negative
i want a spoons but i cant go unhappy  honestly feels like a messy break up unhappy,negative
makes me so sad unhappy  they looked so unhappy when i went to seaworld,negative
yg should have sent them to mcd. i want to see them holding the trophy unhappy  anyways,negative
i miss rockys posts unhappy,negative
hey tony,negative
oh no unhappy  could you please tell me a little more about your issue? im following if youd prefer to dm. amanda,negative
i love mason and miss mason unhappy,negative
cold as a mother crusher right now. nearing the end of april. sad,negative
we don%27t talk anymore like we used to do unhappy,negative
yg should have sent them to mcd. i want to see them holding the trophy unhappy  anyways,negative
miss biking unhappy,negative
i miss big brother unhappy,negative
6 days in camp haiss miss you a lot unhappy,negative
it's raining so hard unhappy,negative
am bored and kandowiandg i have ando plaands for today is makiandg me eveand more bored unhappy,negative
oh my god not laurie penny unhappy,negative
can you say hi mekisha? unhappy,negative
i should never draw again unhappy,negative
cleantha,negative
visual studio installation - 89% .. bsod comes suddenly unhappy,negative
i want to make waffles unhappy,negative
so sad unhappy,negative
crying  muh feels,negative
look like somethings i will ignore xd kart racing when? unhappy,negative
did ate jenna just blocked me or what? unhappy,negative
my bed is so comfortable i don't want to get up unhappy,negative
is that store still in use? if so,negative
i sincerely hope not too many priceless antiques were destroyed. reg,negative
astaga unhappy  /?,negative
i want a puppy now unhappy,negative
have to work unhappy  but i'll see you tomorrow!!,negative
happy weed day without them is not the same anymore unhappy,negative
my favourite lipstick hilang crying,negative
time just flies,negative
can't believe he will be year for next year unhappy  we're becoming old hahahah :v,negative
the new twitter reply view has me confused... like do i capitalise my replies to people or not? unhappy,negative
whaddup. me too crying,negative
unhappy  every time laughing my ass off,negative
who's selling an army bomb ver 2??? meet up on sad,negative
yeesh unhappy  it's fairly warm here.,negative
easter has flown unhappy  i'm not ready to give up home luxuries like branded cereal,negative
ohnoo unhappy  unhappy  hope it recuperates sooner!!,negative
her back unhappy,negative
give me a chance in west server unhappy,negative
but you were going to do it yesterday unhappy,negative
i agree. my issue would be that it all has to be paid for somehow. i just can't see the numbers adding up. sad,negative
i want to drink with cigarettes unhappy,negative
oh mince unhappy,negative
the manifesto,negative
nick? might he deliver when the time demands it. story of his life -,negative
it's okay i've accepted you the way you are unhappy,negative
why do people abuse animals unhappy  they're so loyal,negative
i'm actually crying while typing this tweet i just can't take it anymore.. not applicablehulog not applicable knock out d unhappy,negative
imagine if he wins next time too unhappy  unhappy,negative
same unhappy,negative
i need cue something that would make me smile....i'll be waiting...:(,negative
yg should have sent them to mcd. i want to see them holding the trophy unhappy  anyways,negative
yg should have sent them to mcd. i want to see them holding the trophy unhappy  anyways,negative
these nosebleeds are getting outta hands unhappy,negative
i am perfectly happy being single .. until i see a happy couple :(kisses thefashionicon,negative
dude i just want more sleep unhappy,negative
feel so fucking shit today unhappy,negative
wont be able to stream tonight i'm sorry guys unhappy,negative
i face swapped a cat with a dog and it's really upsetting unhappy,negative
your system does not recognize spaces in last names so for 2nd time unable to check in  forced to wait in unnecessary lines unhappy,negative
still waiting unhappy,negative
- thank you tons,negative
rocks. next question - where is my astro unhappy  ?,negative
it was not your fault,negative
but the customs of argentina that fill you with paperwork unhappy,negative
i tried fixing my choristers dress hem that came undone by taping it with fabric tape but i put it on wrong and its even more ruined unhappy,negative
small fishie died unhappy,negative
it's too nice outside to be stuck in school all day unhappy,negative
edm pleaseeeeeeeee   unhappy,negative
oh my god unhappy  next time mishutuuu,negative
can you say hi julia ??pleasee crying,negative
bby unhappy  your emotion,negative
i seriously thought that coldplay was going to be band like depeche mode or u2,negative
just kept going unhappy,negative
poor baby unhappy  i hate people,negative
unhappy  i have to be strong today jfjfjkf,negative
i need a unicorn frappuccino stat. i just found out they are limited timee! unhappy  how much longer?,negative
her back unhappy,negative
unhappy  sorry to hear this.....,negative
i won't. if i do it's probably for phil but he hasn't seen me yet unhappy,negative
yuri was here and i didn't know it unhappy  the second snsd i missed,negative
why are your campervan tickets so expensive? unhappy,negative
canberra is a land-locked capital. unhappy,negative
how much? i cant seem to deathmatch you unhappy,negative
.agata baby unhappy  it broke in the mail. but i read your letter  can't thank you enough. you are the best,negative
same unhappy,negative
she is! haha but i wanted to look like v unhappy,negative
unhappy  they look dead,negative
puta i know sorry isn't enough pero sorry padin unhappy,negative
mannn,negative
i want to go to an m's game unhappy,negative
unhappy   feeling bored,negative
i wish i could sleep early unhappy,negative
i just hope i start getting the 1gb data per day from tonight!! unhappy,negative
koalas are dying of thirst  and it's all because of us unhappy,negative
i want to see you happy sad,negative
i just told them to bugger off and hung up! they waned access to my pc. if they phoned someone like my gran,negative
my braces hurt unhappy,negative
ohh welcome to clxsslc chanyeol oppa! or should i call you with richard? kalau jadi sayang gimana? unhappy,negative
we don%27t talk anymore like we used to do unhappy,negative
claaaaaaaaaaaaasse !,negative
what a pity! unhappy  those were beautiful! but thank you for your answer!,negative
sciatica. what a monumental pain in the arse. unhappy,negative
this escalated quickly,negative
i'm aborting mission now have a nice day though x,negative
- thank you tons,negative
rocks. next question - where is my astro unhappy  ?,negative
her back unhappy,negative
no stream tonight! throat is killing me. unhappy,negative
me too...i won't miss the hgvs going past our house though. it was a nice looking building - had initiall,negative
don't say that unhappy,negative
summer's not in our school's vocabulary unhappy  we need air. please tell,negative
bae's not here unhappy,negative
wanna get a haircut but i don%27t know a good place unhappy,negative
it feels kind of empty w/o youngjae at the venue.. unhappy,negative
her back unhappy,negative
yeah,negative
i think that's going to be true,negative
he can't leave us unhappy,negative
yesterday felt like friday unhappy,negative
[please rt] he'll buy me a blinking taehyung headband,negative
if i get 900 retweets and 900 likes. help me :(un,negative
yes instant message sad crying,negative
i face swapped a cat with a dog and it's really upsetting unhappy,negative
nice! some really nice stuff there! mostly black dresses which i won't get away with for a june wedding though unhappy,negative
i miss you unhappy,negative
beyond sad unhappy,negative
goodnight princess,negative
i love you  have fun with your friends,negative
yg should have sent them to mcd. i want to see them holding the trophy unhappy  anyways,negative
something is really wrong. i should be spending my days naked on a beach in the hot sunshine. not working in the cold in king's lynn sad,negative
punishment time for jb's team! unhappy,negative
aw goodnight angel! i love you lots and i hope you're going to have the best tiame and a lot of fun!! wonho's already am,negative
not really an amount just loads of sections unhappy  i'll ride up to to netherton now meet me at darby end ?,negative
q2 i'm not an mh healthcare professional. as much as i want to help i'm scared to death i might make the situation,negative
got a msg! oops not you unhappy,negative
just chillin~ it's a bit quiet tonight on my tough luck unhappy  what about you??,negative
i bet the media's one-sided view of tim tams surprisingly was the alt-right roar extreme droll fad unhappy,negative
my hair is not as crisp unhappy,negative
a couple more unhappy,negative
what the fuck don%27t unhappy,negative
going to ca in july,negative
our reunion is in august unhappy,negative
the road and traffic signs section of theory revision is such a myth unhappy,negative
unhappy  we're sorry your pizza arrived with mushrooms despite your request. could you please get in touch vi,negative
you're a kabute unhappy,negative
last to  things i've bought from you no sweets unhappy,negative
wish i could stay in bed all day and listen to the rain sad,negative
i don't want to tell fellow comm students because i don't want them to think i'm some kind of suck-up... unhappy,negative
when will you notice me? unhappy,negative
go away unhappy,negative
ally unhappy  i can't make a poem about being cute,negative
ehh i cant dm you unhappy,negative
to  beautiful ladies and so full of fun and body confidence. .. then on the s,negative
why is italian easier than spanish unhappy,negative
i find it so difficult to says no to him unhappy,negative
it's only been 3 days and to  nights since mama went back to the province but i already miss her unhappy,negative
i want to cry unhappy,negative
i love got7 but god i am bored unhappy,negative
i can't continue this right now because the lighting is shitty as f i swear sorry sad,negative
let's have dinneeeer please unhappy,negative
i lost one import quizzz unhappy,negative
i want to be mutuals with you so bad unhappy,negative
keep looking for the things i bought yesterday in my dream unhappy,negative
it hurts me to see him so sad unhappy  you don't understand i have to do this. if i don't kill you,negative
he'll kil,negative
i hate park jisung so much sad,negative
when your online crush comes to the meet-up without their snapchat filter unhappy,negative
i hate when my mom ask so you going or no? bc then i want to stay home but i missed too much school already unhappy,negative
happy birthday katrika  i miss you though unhappy  miss having you in our group and all haih  anyway,negative
have a blast okay. love you!,negative
i miss my dogs too unhappy,negative
yg should have sent them to mcd. i want to see them holding the trophy unhappy  anyways,negative
digital monsters want to work with blackpink make it happen pls unhappy,negative
this is so me though,negative
i miss my boys unhappy  i have started working with my own local boys but they are very nervous college friends,negative
we were classmates for alvarez but i don't really see you around school anymore unhappy,negative
ugh i miss my baby crying,negative
if anyone needs me i'll be on my vent unhappy,negative
why is it so hard for you to notice me? haay unhappy,negative
i cant deathmatch you piss off unhappy,negative
when are you going to notice yous? unhappy,negative
and i miss my bedroom too unhappy,negative
please take all the rest you needwe love you so so much :(i hope you feel better soon sunshine!,negative
oh,negative
same unhappy,negative
i miss my baby unhappy,negative
it's only been a few days since their promotion ended but i'm already missing her so much unhappy,negative
i miss them unhappy,negative
i miss jihoon sad,negative
my only one cat yang manja sangat and now someone has took him unhappy,negative
not tired and there's nothing to do great combo unhappy,negative
and this tweet made me cry!! crying,negative
back to coconut hair unhappy,negative
please return the jacket unhappy,negative
who would you call when you are roused in midnightreminds me of the time(s) they were roommates unhappy  unhappy  unhappy you suck,negative
i feel so bad,negative
and all the mobbing in australia,negative
i just hope everything goes right from now on unhappy,negative
it's only been a few days since their promotion ended but i'm already missing her so much unhappy,negative
hungry unhappy  but no time to buy food,negative
how can i set an alarm for 9am and snooze it until 12 unhappy,negative
sad story unhappy,negative
koalas are dying of thirst  and it's all because of us unhappy,negative
hey screenshot sainyo  . hmm tumagal sana us . stay what uu are . im always here fr uu no matter what  . luv uu so mats,negative
looks awesome annette,negative
but i can't make it unhappy  thanks for the heads up though. please take photos!,negative
narank 1 ako bcos of yoyou. can you please congratyoulate me even if its already late? unhappy,negative
it can't be over unhappy,negative
relatable unhappy,negative
how about me unhappy,negative
offline  unhappy,negative
heeeeey notice me unhappy,negative
i want to hang out with them unhappy,negative
he was talking with the girl behind jin unhappy,negative
i need cheering up,negative
my dog who my family have had for 18 years is being put down tomorrow unhappy,negative
molly  1. i wish i could have her hair unhappy  2. cutest michael girl  milly on the phone 3. haiiiiiir  and your lips 4. friend5. yes6. -,negative
even me unhappy  *hugs*,negative
i'm a building a llvm backend so,negative
i really need to build it unhappy,negative
i can't access my school emails from any web browser unhappy  yet i have so much homework for all my subjects on there,negative
oh sad unhappy  goodluck!,negative
ouch elena eremina's foot slip,negative
that fall was a mess unhappy,negative
donny unhappy,negative
you're so rude unhappy,negative
oh my god same! we should attend on some lessons together sometime just kidding hahah,negative
every time meredith has flashbacks of derek shepherd i can't hold back the tears unhappy,negative
whew! can't asses myself unhappy,negative
but i no have round ass crying,negative
unhappy  i saw somebody said his hair fell out and bighit trying to figure it out,negative
koh,negative
tolong bantu sampaikan keluhan armys ke dong. too many complaint here and there since day 1 of ticketing unhappy,negative
i keep waking up in the middle of the night sick as shit. unhappy,negative
i cringed so hard :(that fall was such a shame- she had been looking really good until that point...,negative
man its been about 2hrs since their vlive...its nearly over for sydney ppl... unhappy  goes so quick so appreciate every second!!,negative
hi aled,negative
having no mobile signal sucks unhappy  what's the full postcode for where this is happening? we're keen to help si,negative
that sucks unhappy,negative
i'm rusty.. haven't played this game since i was like 10. just kept dying at that crocodile part crying,negative
i really really need them right now unhappy,negative
hey guys could you help me by retweeting this? i've heard was legitimate and i really need a vpn account rig,negative
god not the koalas,negative
feeling bad unhappy  with 89 others,negative
and this tweet made me cry!! crying,negative
i could write paragraphs about it xdshame its theoretically impossible in real life unhappy,negative
thank you roshhh  i miss you and everyone too.  love youuu more,negative
me too sweetie i know how you feel unhappy,negative
when your online crush comes to the meet-up without their snapchat filter unhappy,negative
.the person who chose shut the fuck up: unhappy,negative
sadly yes. since he was expected to continue losing support before dropping bombs unhappy  going up when expe,negative
i hope this little beaand is andot overworkiandg himself and gettiandg at least some rest unhappy,negative
he could be whatever,negative
so? sad,negative
but the dub is what i watch for pokemon unhappy,negative
are dying of thirst  and it's all because of us unhappy,negative
youngjae during fansign on 04/10/17 constantly massaging his back. clearly something wrong but pretended he was not,negative
but... you use a purple flowercrown in your display picture unhappy,negative
i still cant unhappy,negative
well that's terrible unhappy,negative
sorry piss off /3 unhappy,negative
i woke up at 4:17,negative
i'm a joke unhappy,negative
so right! sir rob loves to torture us unhappy,negative
my salary reminds me of the weekends,negative
i always know when it come but have no fucking clue how it goes unhappy,negative
i feel so sick today unhappy,negative
i wish but i can't sad,negative
its my birthday tomorrow baby unhappy,negative
i'm slow unhappy,negative
super unhappy,negative
trashing others and having a possee behind you boosts your ego,negative
but not your career. unhappy,negative
i just finished gym,negative
had chopsuey before that unhappy  laughing my ass off humble feeds are always the bomb!,negative
still not possible! unhappy,negative
whaaaaaaaat!!! you and unhappy,negative
you had loads of toys. all i had was a sweep hand puppet and the bastard lost its squeak! unhappy,negative
this is damn.... theres people who sincerely want to attend bh birthday party but bcs of those people who try for fun make them ca,negative
i should do aegyo because i lost unhappy,negative
also please send prayers and sympathy because my favorite ball dress doesn't fit my boobs crying,negative
i miss snsd. i miss my girls unhappy,negative
being a parent is very challenging. if we cannot control ourselves we'll give the worst output to the children in other word,negative
ngomel crying,negative
jonny you and your poor legs make me so sad unhappy  hope you're okay,negative
hope he's ok,negative
poor mouse unhappy,negative
no its okay she survived :,negative
yeah! my sight reading was pretty good in high school,negative
but i'm a bit rusty now! unhappy,negative
me to self: don't buy that.also me: but i'm a furry unhappy,negative
this is damn.... theres people who sincerely want to attend bh birthday party but bcs of those people who try for fun make them ca,negative
i love youu so much unhappy  thank you,negative
and have fun,negative
this is damn.... theres people who sincerely want to attend bh birthday party but bcs of those people who try for fun make them ca,negative
so upsetting the abuse these kids get unhappy   3,negative
oo crying  // happy3yearsbraceunited,negative
exactly same in was thinking.. unhappy,negative
i'm scared unhappy  i mean. why the heck did i decide to do laundry at 7:30 pm? what is wrong with me. did i mention how dark it is. fml,negative
sunnyside as well unhappy,negative
y'all want me to choke what'd i do? unhappy   (,negative
they have a whole japan tour ahead of them.. one that will be quite brutal on their already tired bodies. boys unhappy,negative
ahhh i'd be well chuffed,negative
didn't even get an easter egg this year! unhappy  xx,negative
can someone buy me a tasbih pls? i don't have one unhappy,negative
clay and hannah   - they were so in love they deserved to be endgame unhappy,negative
please talk to me about nct instant message lonely i need to fangirl once in a while okay crying,negative
this is so sad what the fuck unhappy,negative
please follow me . i have been trying to get your follow for a long time unhappy  .,negative
i really enjoyed horrizion zero dawn but no idea what to play next unhappy,negative
this is damn.... theres people who sincerely want to attend bh birthday party but bcs of those people who try for fun make them ca,negative
no more good conversations here unhappy,negative
annoyingly the spaces in the variable width version of the c64 font that's available on the internet are wi,negative
i don't like their songs after debyout younhappy  so i can syouggest yoyou jyoust one song i really love,negative
it's adore you,negative
jackson unhappy  then youngjae silence  aww,negative
trop retard sad,negative
i'd rather be sailor uranus but chibiusa but if thats everyone says i am unhappy  rip,negative
and you're right about mcconnell as well. unfortunately,negative
we seem to have sold our government some time ago. unhappy,negative
i wish my dogs knew how much i hyped them up on snap chat unhappy,negative
some people  you intensionly  they don%27t even they please someone unhappy,negative
very sad unhappy,negative
this is damn.... theres people who sincerely want to attend bh birthday party but bcs of those people who try for fun make them ca,negative
the most painful goodbyes are the onesthat are never said and never explained crying  unhappy  :/,negative
i miss bmf sad,negative
you're got to disappear half way too? unhappy  everybody want to being lazy eue,negative
+i have no choice but to cancel it. unhappy,negative
oh sadly i wont watch her right now  they're forbid me to see her unhappy,negative
koalas are dying of thirst  and it's all because of us unhappy,negative
r.i.p cellphone unhappy,negative
and  on the pic? unhappy,negative
yeah unhappy,negative
don't miss you anymore unhappy,negative
okay what tf is this colorful starbucks thing all over social media unhappy,negative
this is damn.... theres people who sincerely want to attend bh birthday party but bcs of those people who try for fun make them ca,negative
well that's not good unhappy,negative
oh boo,negative
mine isn't in my inbox unhappy,negative
didn't keep it unhappy,negative
i only just absorbed that i'm not going to get to laugh when he gets 2000 votes. unhappy,negative
hi ishwar! that's not the experience we want you to have unhappy  we will call you  for more details and sort it out! - roshan,negative
we all know unhappy,negative
i'll be as strong as i can but it's hard unhappy  xxx,negative
i lost two streaks and it's from my two favorite people silence  unhappy  good night,negative
i can relate to this so so much unhappy,negative
joy we should get him back,negative
i can't do it all on my own. (see what i did there? ),negative
and they'll brush it off lng telling others not applicable not applicableg-iinot applicablerte lng sila and that other had it worse than them. unhappy,negative
usually a speedboat behind any we get here on the river unhappy,negative
omg i see why you don't drink alcohol haha so glad your having fun all you guys ! wish i,negative
this happens all the time!  unhappy,negative
0 motivation to study unhappy,negative
happy birthday sweet sweet girl! i hope you have the best day ever! love and miss you so much unhappy,negative
nmd r2's so ugly unhappy,negative
my honey unhappy,negative
philippines? unhappy,negative
i want to but i wouldn't be able to get time off for it and don't know people in my year to go with unhappy,negative
unhappy  friendzone. damn sad,negative
i cried so much,negative
i was a mess. i went to bed feeling numb it was awful unhappy,negative
[please rt] he'll buy me a blinking taehyung headband,negative
if i get 900 retweets and 900 likes. help me :(un,negative
the email i was hoping i'd get today,negative
didn't arrive unhappy  here's hoping tomorrow it does,negative
haha mate its all good i love a debte i just wished the center,negative
wowwow these are all so cute unhappy  i wantt,negative
that sucks unhappy,negative
instant message getting sad unhappy,negative
wow unhappy  people are so mean,negative
this is damn.... theres people who sincerely want to attend bh birthday party but bcs of those people who try for fun make them ca,negative
talking to my over driver about where i'm goinghe said he'd love to go to new york too but since trump it's probably not,negative
i love them with all my hort unhappy,negative
golly gosh. this is simply dreadful what havoc must be wreaking subsurface? black salve won't,negative
autograph book at the ready,negative
no sign of garry barlow yet sad,negative
thank you roshhh  i miss you and everyone too.  love youuu more,negative
please meeeee you have followed me for almost to  years now unhappy,negative
what happened unhappy,negative
true! khilado kuch unhappy,negative
realized i havent eaten rice maghapon because i finished 3 packs of spicy seafood noodles + to  extra big chilimansi :(acid attack right now,negative
post-show blues are hitting hard. unhappy,negative
all ready for its poster - when my computer gets,negative
good morning unhappy,negative
wht sort of thing (can't use word person for it)can cause such suffering to ths sad,negative
i want to kiss his nose and tell him i love him sad,negative
i stayed 3 hours on the phone with ad my bubbyyyyyyy i miss her unhappy,negative
no girl unhappy  that's why. wa ropiwa 1. sandton is unnecessarily expensive2. try salons in braam.,negative
i was actually looking forward to seeing if your theory around his personal vote was correct unhappy,negative
who to bring to mb man unhappy,negative
i am sad to report that the robins egg my mom found in the yard after a storm has been taken off life support. poor thing is too frozen unhappy,negative
her back unhappy,negative
slight buzy kasi besh unhappy,negative
when you're late to work because you had to break the news to the lovely lady who cleans the house... crying together unhappy,negative
they stopped having them when they got rid of the toy surprises at the bottom unhappy,negative
tell me unhappy  why,negative
i cant find my striped shirt unhappy  so instant message wearing the one that says what is your favorite thing? with lucas in the middle,negative
guys please help me retweet unhappy,negative
there's always shit like this. there's always people who are less deserving getting tickets,negative
and winning giveaways etc unhappy,negative
truuuu!! si grim reaper and sunny huhu grabe love story nila unhappy,negative
i caught a cold. unhappy  it seems i've got tired than i expected....,negative
shameful,negative
shameful business :(stop paying giant corporations for foods you just don't need.... wake up people plea,negative
i miss my baby unhappy,negative
holy shit! 40 pages script of the opening scene of man of steel on krypton got compressed.i wish i could at least,negative
late nights,negative
i face swapped a cat with a dog and it's really upsetting unhappy,negative
failed unhappy  .g hehe,negative
i miss my boo so much unhappy,negative
i need a car unhappy  but no car unhappy  poor me unhappy,negative
i wish i could attend it too unhappy,negative
ikr. i would have trauma if i ware him unhappy,negative
4/20 today,negative
but it wasn't lit at all unhappy,negative
why is life so unfair? unhappy,negative
the biblical lectures are coming. more notification soon. tomorrow,negative
in fact.,negative
i'm so glad i don't care what people think anymore but i wish i still looked my best everyday like i used too sad  i just pick,negative
muz u more,negative
sure no prob. ilabyu too,negative
such a lucky slave i wish this was me unhappy,negative
instant message still hoping unhappy,negative
fuck unhappy,negative
i tak ambik wedding package cause i is poor unhappy  i ambik aromaterapi massage je hajxjsjsj. hehe see uuuu jwa,negative
koalas are dying of thirst  and it's all because of us unhappy,negative
unhappy  let's fight all those kids,negative
it's not cassandra cain. unhappy  not sure i want to watch batbuffy. batwoman would have been more interesting.,negative
half of the time it doesn't load,negative
the other half of the time it crashes unhappy  it's embarassing when i',negative
right i don%27t see how people can just do shit like this,negative
i miss hoseok unhappy,negative
left few months in hinhua ler unhappy  i need to gambateh wink,negative
a fish killer going to be pressed younhappy  i the hoe of today you were a  good person,negative
she loved beth so much unhappy,negative
prince baekhyun.....throw me into the dungeon please i don't deserve to see your beautiful face unhappy,negative
they are family.  it's awful when they go.  sorry to hear. unhappy,negative
i face swapped a cat with a dog and it's really upsetting unhappy,negative
my honey unhappy,negative
we all do unhappy  pizza in taiwan! its like a swift,negative
flavorful dream,negative
can't :(tello,negative
swear i just walked past haha,negative
didn't get a chance to say hi unhappy,negative
i miss quacktopia! unhappy,negative
are dying of thirst  and it's all because of us unhappy,negative
goodnight i love these beautiful boys unhappy,negative
why no available in the u.k.? unhappy,negative
ailes sure knew how to make a great network!  fox is going downhill wi,negative
penge damit unhappy,negative
i'm sorry unhappy,negative
koalas are dying of thirst  and it's all because of us unhappy,negative
i'm hungry unhappy,negative
finals are next week unhappy  wish me luck x,negative
i miss temperance brennan and seeley booth so much unhappy,negative
i miss quacktopia! unhappy,negative
i said d2 largely because sd d2 doesn't run on newer versions of mac os and i miss playing it unhappy   hd woul,negative
follow mee plss unhappy,negative
talking to my over driver about where i'm goinghe said he'd love to go to new york too but since trump it's probably not,negative
babye old twitter unhappy,negative
congratyoulations harry!!!!! been with you since fifa 13!!!! miss yoyour younboxing videos unhappy,negative
can't wait to see you in that film karl! i wished you would be here were i'm bu,negative
cram reading unhappy,negative
i'm job searching and got none so:(buthedonism i got in abundance,negative
it's only been a few days since their promotion ended but i'm already missing her so much unhappy,negative
hello i am getting cyber bullied by do something about it unhappy,negative
call center nice game 4/20 unhappy,negative
bes rip,negative
follow me too unhappy,negative
i'll be attending cosmic latte on saturday and i'll give these out to selu shippers kasi selu month qaqo unhappy,negative
baby unhappy,negative
i only just absorbed that i'm not going to get to laugh when he gets 2000 votes. unhappy,negative
friendly fire to wings tour unhappy,negative
my back hurts sad,negative
typed up all the medical  shorthand abbreviation we use for work,negative
and the dame computer decides to crash unhappy  now i...,negative
excuse me i don%27t see my nama unhappy,negative
this is damn.... theres people who sincerely want to attend bh birthday party but bcs of those people who try for fun make them ca,negative
that's shocking and evil unhappy,negative
zac farro is back by the way hehehe so sad jeremy is not unhappy,negative
maa ki kuss tumhari. now take this bullshit you loser.,negative
i thought mountain dew in australia had no caffeine and it was the little energy drink cans were caffeinated i will never sleep again unhappy,negative
i hope this little beaand is andot overworkiandg himself and gettiandg at least some rest unhappy,negative
base unver ajalah minahaes unhappy,negative
this is damn.... theres people who sincerely want to attend bh birthday party but bcs of those people who try for fun make them ca,negative
has someone contacted jelpi about the issue rn? unhappy,negative
arisun at town hall has pretty terrible service and rude staff. we only went there because icg's fryer was broken unhappy,negative
this is damn.... theres people who sincerely want to attend bh birthday party but bcs of those people who try for fun make them ca,negative
powerpoint'te mi hazirladiniz post'u unhappy,negative
yeah! my sight reading was pretty good in high school,negative
but i'm a bit rusty now! unhappy,negative
only pure evil people unhappy,negative
poor baby unhappy  i hate people,negative
what a great thing to be sad about unhappy,negative
so my hair iand suandlight versus ando light but i waandt to chaandge it and i duandando if i waandt to go darker or bloandder sad  please help (po,negative
hi ashish! we tried to call your number but got no response unhappy  please share another suitable time and an alternate.. cont1,negative
kante why do broke girls love exposing broke niggars so much? where's the team spirit? unhappy,negative
but i want unhappy  that looks so yummy hehehe.,negative
don't think i'm pretty enough unhappy,negative
koalas are dying of thirst  and it's all because of us unhappy,negative
did some warm up sketches of some of my faves,negative
i was going to add bazza,negative
but i can't,negative
i just want to wish marissa a happy birthday but she keeps ignoring me sad,negative
what's wrong with you why don't you like animals unhappy,negative
someone build house on (4) i cant do it unhappy  cant believe this hasn't already been done????,negative
tulips are my favorite unhappy,negative
omg i'm sad to say that i actually don't remember this! unhappy  when did this happen??,negative
crying  we're getting vm soon wooo,negative
unhappy  my 4c struggle is not valid?,negative
77 ? old leyland,negative
love it unhappy,negative
only pure evil people unhappy,negative
sounds family,negative
this is jimin to yoongi unhappy,negative
chin up leo crying,negative
slight buzy kasi besh unhappy,negative
rip tes 100k experience  crying,negative
please reading this breaks my heart unhappy,negative
mager unhappy,negative
penge damit unhappy,negative
this is jimin to yoongi unhappy,negative
bapak tom cruise.,negative
i only just absorbed that i'm not going to get to laugh when he gets 2000 votes. unhappy,negative
i just watched this kid from produce 101 who performed chewing gum omoo poor kid bless his soul unhappy,negative
definitely my arms unhappy,negative
my moms leaving today to go out of town and i already miss her unhappy,negative
i can't do it all on my own. (see what i did there? ),negative
when your online crush comes to the meet-up without their snapchat filter unhappy,negative
and i would never forget about you!!,negative
fuckin' headache everyday unhappy,negative
jyoust hyoug me,negative
hyoug me longer than 10 secs. hyoug me even when i don%27t want you to unhappy,negative
the saddest part of my day everyday is when ryan has to leave at 5:30 am unhappy,negative
what did he say i'm at work unhappy  totally made my day though,negative
jimin doesnt follow me yet unhappy,negative
i don't know where i was at this time but i have retweeted now and i've been waiting the dm for a long time unhappy,negative
need moodbooster juseyo unhappy,negative
i miss you too unhappy,negative
wth why did 4/20 have to happen during the easter holidays it's one of the best days in leeds unhappy,negative
hakyeon turns 27 soon oh my god no he's still a baby unhappy,negative
it's gray outside today unhappy,negative
i ordered car yesterday,negative
dealer said loads of cars were returning due to disabled losing them sad,negative
gotta keep trying before i have to quit to work unhappy  pick me please! give,negative
definitely my arms unhappy,negative
i literally couldn't see a thing when they were at the back of the stage,negative
the girl in front of me was,negative
definitely my arms unhappy,negative
getting up this morning was a hassle unhappy,negative
my mom knows the struggle of this drystreak i'm on unhappy,negative
haven't played fm in a long time. i really should. unhappy,negative
someone messed up unhappy  available**,negative
i miss my baby unhappy,negative
yesterday's faci so cute! but he 30+ :(today's faci is old eeyer,negative
yes jenniessi?,negative
so precious i really miss him unhappy,negative
louis_tomlinson follow me please? unhappy,negative
i waited for u unhappy,negative
that makes me sad. unhappy  i wasn't friends with her like you,negative
but i liked seeing her posts and love her wri,negative
i waited for you unhappy,negative
u4v9rr i wish i had noted the gentleman's name unhappy  but if you find out who he is,negative
please do commend him. h,negative
i do it for 5/6 times a week leh sad  and yes closing is damn fuck opening so much better,negative
no one is selling vhope banners what?  sad,negative
all my irls are coming at me because i meet the boys too much and i don't deserve any of it unhappy,negative
you might set the whole place on fire.,negative
i'll try sad and yes i am unhappy,negative
goodmorning!! my parents are taking kids for lunch today- they are off school-report card! i'm wor,negative
yeah sad,negative
streaming later in the day (night stream) since i have to go and take care of the internet contract,negative
sorry guys unhappy,negative
true unhappy,negative
help me too unhappy  as an early birthday gift huhu,negative
definitely my arms unhappy,negative
just please look at how scared and full of tence lauren's face is after tryin reaching camila's hand,negative
baby unhappy  (bett,negative
aww eunji didnt see win today sad  but congratulations to winner !!!!,negative
you can have mine and i'll take the iphone. i'm switching back when my contract is up... in a year and a half unhappy,negative
i know.. i really want his ranks to rise a lot during tmr's episode but seeing how many tweet about him.. unhappy,negative
hitches ride for final unhappy,negative
white genocide is not a thing. its figment of your imagination. youre a victim of nothing but disinformation.,negative
one direction (band)  whats going on unhappy,negative
too bad i can't watch it unhappy  that cake is cute and looks delicious,negative
definitely my arms unhappy,negative
give me my own ahn minhyuk juseyoooo unhappy,negative
sorry unhappy  i just need sex for the time being,negative
definitely my arms unhappy,negative
wants to say hi to you.,negative
this is jimin to yoongi unhappy,negative
it seems they cost abut 40k a year? i'm paying half that for my full education and don't get treat,negative
definitely my arms unhappy,negative
come to miami sad,negative
tw: s assaultactually horrified how many friends of mine women i talk to have been sexually assaulted in past. just found out another unhappy,negative
my heart unhappy,negative
soph please don%27t win again unhappy   jk.. good luck i think you will draw a good poster,negative
sad  i don't,negative
unfortunately,negative
i really feel for that lamp unhappy,negative
sadly i'm not unhappy,negative
last kiss unhappy,negative
why are you whimper at me?,negative
this is damn.... theres people who sincerely want to attend bh birthday party but bcs of those people who try for fun make them ca,negative
been streaminuteg for 45 minute not understanding a thing and still.. unhappy,negative
why is it so difficult for me to get at least a chance unhappy,negative
for some reason last.fm unlinks from spotify and i miss like a month of scrobbles before i notice unhappy,negative
only take season 9 off,negative
definitely my arms unhappy,negative
definitely my arms unhappy,negative
all of the park areas in paris are marked as green on google maps,negative
but in reality they're just patches of dusty dirt unhappy,negative
ill be at work just a second come on unhappy,negative
and he's still taking over a quarter of the billboard charts while x is,negative
this is damn.... theres people who sincerely want to attend bh birthday party but bcs of those people who try for fun make them ca,negative
guys please help i tried to smoke some lettuce earlier but now my salad is ruined unhappy,negative
can someone pls gift me xayah using pi plssss? unhappy,negative
instant message still bored unhappy,negative
this is jimin to yoongi unhappy,negative
my heart hurts. sad  i hate people,negative
can just see the edge creeping in unhappy,negative
its not organicthey'll shoehorn it inbut plot  character developmentmcu netflix has leswhat support,negative
i suddenly miss you ate unhappy,negative
biggest problem for paper books is storage unhappy,negative
i havent been this early to school since last semester unhappy,negative
pierces like a bitch unhappy,negative
i think that's one of the hottest part of your body,negative
wow this is amazing but i won't be in the country unhappy,negative
definitely my arms unhappy,negative
i want harry's phonecase sad,negative
work at 7 this morning unhappy,negative
jungkook looks like he gives the biggest and warmest hugs unhappy,negative
ah baba no idea tori olorun. may i never be a victim of such case,negative
psa: remember this when you ask artists to draw for you. i'd say the same thing for writers but apparently commissi,negative
i want to give him everything that makes him happy just to see this smile unhappy,negative
i miss jamie boy and we're both sick unhappy,negative
what if the one direction (band)  itself is the one who's giving up? unhappy,negative
damn ify ate unhappy,negative
whaaattt,negative
don't rt to save a guy's life,negative
nooo your hair color is pretty,negative
koalas are dying of thirst  and it's all because of us unhappy,negative
definitely my arms unhappy,negative
where's justin i miss him unhappy,negative
someone should bring me breakfast to work unhappy,negative
thats grim unhappy,negative
oh noooo baby unhappy,negative
i'm so tired unhappy,negative
i miss you levi unhappy,negative
i left my headphones at home unhappy  kms,negative
i wish i was meeting oa again unhappy,negative
a year ago today is the last time sakho played for us unhappy,negative
they would have sustained their fame if they did unhappy,negative
i miss him unhappy,negative
ich will ned unhappy,negative
when your online crush comes to the meet-up without their snapchat filter unhappy,negative
this is by far my worst day of 2017 since january 8th unhappy  crying  crying .,negative
note to self: dont get to attached crying,negative
mine hasn't been sending stuff unhappy,negative
definitely my arms unhappy,negative
roc boyz sad,negative
i love you but i can%27t be arsed i don%27t know why people keep saying it unhappy,negative
no celtics or bruins today unhappy  at least sale is pitching for the sox,negative
i honestly think that their just trying to get rid of me and make a mockery out of me in my town because i just wont admit it. unhappy,negative
nooo your hair color is pretty,negative
aseek,negative
bantay? unhappy,negative
trying to get in touch with but their numbers appear to be down! unhappy,negative
need your help guys crying,negative
a fish killer going to be pressed younhappy  i the hoe of today you were a  good person,negative
i need lessons to learn how to start conversations with people and keep chatting with them unhappy,negative
who hacked me unhappy,negative
damn you both,negative
i won't be on till later! unhappy,negative
lets hope a vip does this good deed. i want to watch this too . they shouldn't have done thi,negative
sometimes at night i feel scared and vulnerable crying,negative
if you really want to dye it don't go lighter,negative
how come i didn't get a reminder email this month unhappy,negative
wowwow these are all so cute unhappy  i wantt,negative
[please rt] he'll buy me a blinking taehyung headband,negative
if i get 900 retweets and 900 likes. help me :(un,negative
younhappy  i'll keep it jyoust for you,negative
damn it isn't available here unhappy,negative
it's $10 but also free postage. i wish the seller had yanan and yeo one too. unhappy,negative
don kray denial of normal bi say,negative
same unhappy  i've unfollowed so many people ugh,negative
it's such a negative pit of unhappiness,negative
its ending soon aah unhappy,negative
definitely my arms unhappy,negative
this is damn.... theres people who sincerely want to attend bh birthday party but bcs of those people who try for fun make them ca,negative
faltan russel  why noodle unhappy,negative
yeah i am unhappy  thank you so much my angel,negative
i miss jihoon sad,negative
we lost: at jacksonville,negative
2010 week 11,negative
24-20 unhappy,negative
i hope this little beaand is andot overworkiandg himself and gettiandg at least some rest unhappy,negative
guess who's not getting a unicorn frappuccino because they're sold out unhappy,negative
what if the one direction (band)  itself is the one who's giving up? unhappy,negative
come back callie  gabbie d ghost unhappy  i love you both,negative
unhappy  oh man..,negative
it kind of feels like a sunburight now right now sad  someone please make the nobby things on glasses not slip,negative
guess who's not getting a unicorn frappuccino because they're sold out unhappy,negative
would really like it if the coandsole versioands and got the update to makr it like the steam versioand. =(,negative
hi! we tried to call your number but got no response unhappy  please share another suitable time and an alternate number.. cont1,negative
sooooo feels like a friday today unhappy,negative
definitely my arms unhappy,negative
i miss talking to yoyoyou  who are yoyou younhappy  yoyou can always still talk to me,negative
this picture makes me sad unhappy,negative
why can't dogs just live forever unhappy,negative
i understand that look sad,negative
my boyfriend mad cute unhappy,negative
i miss minmin crying,negative
good morning i had a nightmare and i'm still wondering why maddie hates me. this is only the beginning of the day unhappy,negative
pake unhappy,negative
i miss london already unhappy,negative
jyoustinbieber can you please follow me on daianeryoufato i've been trying for too long unhappy  i love you so much baby! xx (april 20,negative
2017 at 08:45am),negative
deep scratch ;_;all the paint is gone  you see the bare metal. so it needs to be fixed to avoid getting a rusting car soon unhappy,negative
when will you go here in batangas? sad,negative
i miss you more unhappy,negative
i only just absorbed that i'm not going to get to laugh when he gets 2000 votes. unhappy,negative
this wasnt meant to sound ano sad,negative
this is damn.... theres people who sincerely want to attend bh birthday party but bcs of those people who try for fun make them ca,negative
one year ago today unhappy,negative
this song will always be one of my faves unhappy,negative
talking to my over driver about where i'm goinghe said he'd love to go to new york too but since trump it's probably not,negative
fuck get me followers unhappy  my ratio is amazing,negative
mom please stop making cookies,negative
they're like 90 calories per piece unhappy,negative
i miss the 7/27 costumes unhappy,negative
why did she delete the tweet,negative
now i need a different pinned tweet unhappy,negative
[thinks about how tfp soundwave is forever trapped in the void realm] unhappy,negative
you deserve better . hope you'll be okay unhappy,negative
mane has been amazing unhappy,negative
dammit the effect of the linearts doesn't show so nicely on twitter unhappy,negative
but like how long is a while?! i didn't want him to be back but he puts me in such a good mood so i don't want him,negative
we can get pork katsudon at tokyo diner! tho it doesn't have egg in it unhappy,negative
before anyone else we ass hole unhappy,negative
the anniversary of josh's death unhappy,negative
so sorry i havent been checking my tweets unhappy  we are all here for you!,negative
aww unhappy  i'm on coeurl,negative
oh no unhappy,negative
i liked a video,negative
my puppies deserves all better unhappy,negative
my husband has a family history with the mafia too but he doesn't know the stories sad,negative
wtf canada 2017 and you are still in the 1700s. i will never support,negative
buy or do anything that supports canada until,negative
suuuuuuuuss scared crying,negative
one table last night told me i look like a graceful ballerina gliding through tables- then another told me i looked like a flash dancer unhappy,negative
seem i want to drop this account to wuhyungwon unhappy,negative
don't ask. two special issues lined up. unhappy,negative
you got to rest,negative
man. : (,negative
does anyone have a 7 adapter or 7 earbuds i can borrow for the day? left mine in my car unhappy,negative
i'm staying here in sa unhappy,negative
preacher...... unhappy,negative
umma why you do this crying,negative
i miss it already unhappy,negative
well thanks for stoping by unhappy,negative
why? you don't like blonde hair? unhappy,negative
3. that's a lot cheaper and easier than make your own. my schematic needs special cables that doesn't come easy. unhappy,negative
pozuelo (formerly of swans) and suso (liverpool now ac),negative
both look so so good at there current clubs. shame they never cut it in the pl unhappy,negative
gorbachev done  w/o fear. thought bold enough to implement his vision on damp squib unhappy,negative
wuut seriously?,negative
who got to pen today man crying,negative
as if this process hasn't been frustrating enough,negative
it's just got 3 years longer unhappy,negative
roc boyz sad,negative
ravel morrison unhappy,negative
that is super scary unhappy,negative
same. unhappy  i got a 12h stream coming up for my bday in 8 hours. and i'm still not sleeping.,negative
talking to my over driver about where i'm goinghe said he'd love to go to new york too but since trump it's probably not,negative
ps4 mate,negative
got to aksis 2nd part and have a cp for him but have never completed it since return on investment dropped laughing out loud unhappy,negative
we left it all unspoken,negative
we buried it alive and now it's screaming in my head crying,negative
dont laugh unhappy  meanie base,negative
sorry i didn't make it to the book drive yesterday couldn't get outta work unhappy,negative
yoongi come back unhappy,negative
noooo in here is 6.45 ;_; i have classes at that time unhappy,negative
yg should have sent them to mcd. i want to see them holding the trophy unhappy  anyways,negative
call duration: before sex: 01:47:36 after sex: 00:00:19 crying,negative
this is jimin to yoongi unhappy,negative
i'm all fucked up right now unhappy,negative
definitely my arms unhappy,negative
last day of the camp tomorrow,negative
it's been so much fun and i absolutely love the kids!! don't want it to be over so soon unhappy,negative
koalas are dying of thirst  and it's all because of us unhappy,negative
think it would drive me mad once the synths and other robots turned up. unhappy,negative
now i don%27t want to go camp unhappy,negative
can i only pick one unhappy,negative
but i'm lonely. unhappy,negative
hi! we tried to call your number but got no response unhappy  please share another suitable time and an alternate number for.. cont1,negative
miss my friends unhappy,negative
the one on the left? i couldn't see it unhappy,negative
not applicablengarag not applicable this unhappy  ill find more wonu pictures soon alxmdkcsnx,negative
please answer request.  unhappy,negative
koalas are dying of thirst  and it's all because of us unhappy,negative
most painful thing ever is having feelings for someone you can't be with .. unhappy,negative
no one is offering this poor old lady a seat unhappy,negative
lexxxxxy unhappy  youre too nice to me instant message really not eek,negative
why am i better at pen then pencil?dafaqcomoni just want to be a good drawer unhappy,negative
mayes unhappy  .g,negative
thanks for that! little things like that really help when sleep starts hitting and you don't drink coffee or energy drinks unhappy,negative
i miss them already unhappy,negative
definitely my arms unhappy,negative
oh my god what the heck i'm so sorry! this was one of my favorites as well unhappy,negative
scout photobombed my bluebells photo sad,negative
crap. hailie won't be there. she has a school game and won't make it to middleburg in time unhappy,negative
still no sign - it's a very small area ( gardens ) and it would be very obvious sad  quite a few eyes now,negative
but no sign.,negative
my knee is similar colour to leny henry's unhappy,negative
okey unhappy,negative
in so much pain. my eye hurts unhappy,negative
don't be buffalo unhappy,negative
it's hard to imagine anyone but robin unhappy  but still exciting nonetheless,negative
at least it's not 80 cad like here unhappy  (90 cad with quebec taxes),negative
ye... i will miss you unhappy,negative
22 is old unhappy,negative
rl? serius?,negative
i feel so awful today unhappy  i don't want to go to my internship,negative
so i may be one of those workers who are not properly compensated unhappy,negative
i love when people or message me w long messages about how beautiful they find joon like unhappy  yes i agree keep going,negative
today hasn't been great unhappy,negative
used up a month's worth at laugharne weekend sad  (no wi-fi in small carmarthenshire towns,negative
let alone for free!),negative
today is 4-20 which is hitler's birthday unhappy,negative
jungkook looks like he gives the biggest and warmest hugs unhappy,negative
youngjae looked so sad in the video unhappy,negative
babies unhappy,negative
i'll check that out... i was excited about the backup singers but they were way too backup unhappy,negative
first round exit in 15 minutes followed by 45 of tech crying unhappy,negative
my puppies deserves all better unhappy,negative
resolve is sooo slow on my laptop,negative
i don't think i'll be ever to edit long videos here unhappy  i'll go try another editing software,negative
i hate throwing up  unhappy,negative
as nani in lies unconscious,negative
never mind khushi,negative
i know i'm not ready to say goodbye unhappy  so,negative
w,negative
:^) hello,negative
he's not beating the two favourites here anyway so i'll stop caring about this match,negative
sob. unhappy,negative
i feel like the 'only environments disable people' argument actually excludes many disabled people,negative
this is jimin to yoongi unhappy,negative
baaaper unhappy,negative
roc boyz sad,negative
roc boyz sad,negative
so,negative
last night i had a dream in which i moved to japan and just so happened to see you! you denied my friendlies request. unhappy,negative
so precious i really miss him unhappy,negative
oh no unhappy  what are you like?!  is it still in shops?,negative
aando uandhappy  i googled it the other day to read the meandu agaiand and it said it was a hoax,negative
thank you unhappy  i need a certificate signed from god,negative
hi mahima! we share your concern unhappy  please dm us your contact details so that we can get in touch for a detailed.. cont1,negative
talking about tattoos just makes me want my bb8 tattoo more and more but i'm so broke it makes me unhappy,negative
never want to finish desperate housewives what will i do with my life unhappy,negative
not surprised that i have the least amount of followers out of the whole cast sad  lol,negative
dear attendees,negative
i'm very jealous of you all unhappy  please go see 18:40 - green room on sat!,negative
talking to my over driver about where i'm goinghe said he'd love to go to new york too but since trump it's probably not,negative
ok will do! i never had any problems with the old ticket app,negative
the new one just seems a bit unstable unhappy,negative
we'd love to,negative
but customs mean we can't send food abroad unhappy  we do hope your other birthday dreams come true,negative
freebet any sport except total mkets on handball,negative
basketball etc theyre all restrict.threw,negative
ikr!! unhappy  oki welcome sam,negative
speech-to-text doesnt understand my accent or irish names unhappy,negative
this is jimin to yoongi unhappy,negative
there are some rumors going around and videos of his performances on youtube have already been deleted..,negative
i've just wrote 30 tweets about but still didn't notice me crying,negative
this is damn.... theres people who sincerely want to attend bh birthday party but bcs of those people who try for fun make them ca,negative
but why? unhappy,negative
definitely my arms unhappy,negative
you don't post much lately?  school unhappy,negative
u guys are not noticing me unhappy,negative
koalas are dying of thirst  and it's all because of us unhappy,negative
sorry for being tired on stream. will get some sleep and try be more fun tomorrow. just wasn't feeling it tonight guys. not,negative
just now i saw. but you did not reply unhappy,negative
how to be you piss off crying  3,negative
my boo))):,negative
how about me bes jup unhappy,negative
andy unhappy,negative
lage unhappy,negative
i have to wake up at 4:30 tomorrow so my body's gotten a head start by waking up at 4:30 every day this week unhappy,negative
wish i had someone to  cuddle me right now unhappy,negative
hi julie,negative
i'm so sorry to see your tweet unhappy  please could you dm your address details? i will look i,negative
i'm trying to stay positive but i can't help be jealous of princess mia's life. all she does is cuddle and eat unhappy,negative
russell my phone is just 10% is there a possibility or a chance that you would notice me? unhappy,negative
am away next thursday unhappy  the one after!,negative
peacefully sitting here reading my book after work,negative
watchman comes and threatens me,negative
assumes im outsider because of my,negative
oh shiiiiid noooooor unhappy,negative
oh well never liked clay anyway unhappy,negative
unhappy  :/ unhappy   feeling sick,negative
okay lang friend promise meant to be broken =( hahahaha,negative
do you even care at all unhappy,negative
one year ago today unhappy,negative
i missed you a whole lot unhappy,negative
i know how you feel,negative
my views have gone done by about 100 monthly unhappy,negative
mane has been amazing unhappy,negative
senior snaps are starting to get so senti aw unhappy,negative
instant message still hoping unhappy,negative
this is damn.... theres people who sincerely want to attend bh birthday party but bcs of those people who try for fun make them ca,negative
unhappy  sure,negative
one of my faves too unhappy  i'm tying to get it up on vimeo so you guys can still watch it x,negative
dang guess my plans are ruined unhappy,negative
koalas are dying of thirst  and it's all because of us unhappy,negative
unhappy  but if there'll be 1 silver-that'd be him!,negative
red velvet too unhappy,negative
my puppies deserves all better unhappy,negative
che no critiques. unhappy,negative
feeling so shit today unhappy,negative
beauty,negative
i face swapped a cat with a dog and it's really upsetting unhappy,negative
miss the rain unhappy,negative
this is jimin to yoongi unhappy,negative
i'm just really soft spoken unhappy,negative
playmfs: need moodbooster juseyo unhappy  jily_jelly,negative
koalas are dying of thirst  and it's all because of us unhappy,negative
pake 3 unhappy,negative
so precious i really miss him unhappy,negative
bells gone to daddies for to  days. work  work work for me unhappy,negative
damn that's unfortunate for them unhappy,negative
well that's my weekend viewing plans changed! unhappy,negative
this is damn.... theres people who sincerely want to attend bh birthday party but bcs of those people who try for fun make them ca,negative
i only just absorbed that i'm not going to get to laugh when he gets 2000 votes. unhappy,negative
when i got doubts about my summer happiness. why zcc? unhappy,negative
mmmmm i guess your not getting much acting work these days? you have too much time on your hands unhappy,negative
i wish i could say the gangs all here but daniel's not in this picture. unhappy   rantoul twp high,negative
oh no andy unhappy,negative
this is what we have in front of us.,negative
talking to my over driver about where i'm goinghe said he'd love to go to new york too but since trump it's probably not,negative
i'm sooooo sleepy unhappy,negative
must feel like shit when men can stare down the barrel of a bong as they spend their kid's milk money unhappy,negative
alright. looks like back to chores behind the scenes. my page hits drop to 1k daily when i don't visit and post. unhappy,negative
hi! we tried to call your number but got no response unhappy  please share another suitable time and an alternate number for us to.. cont1,negative
long time no chat sad,negative
its not organicthey'll shoehorn it inbut plot  character developmentmcu netflix has leswhat support,negative
miss you unhappy,negative
koalas are dying of thirst  and it's all because of us unhappy,negative
when will 2ne1 reunite unhappy,negative
bring back the ginger curls =(,negative
talking to my over driver about where i'm goinghe said he'd love to go to new york too but since trump it's probably not,negative
3 3 3 please unhappy,negative
and he gave me his pass so like i think a while is never unhappy,negative
i work so much better there unhappy,negative
hi tharakaram! that's not the experience we want you to have unhappy  please dm us your numbers so that we can get this.. cont1,negative
this is so damn touching. unhappy,negative
my puppies deserves all better unhappy,negative
i want to be cuddled up having someone do that little back trace thing to put me to sleep unhappy,negative
you mean your voice changed? unhappy,negative
those nights you're sad in real life and cant sleep unhappy,negative
ohh normally i feel sick when i drink like 3-4 cups of coffee,negative
maybe coffee is not for you unhappy,negative
i miss you crying,negative
honestly college makes me want to curl up into a ball and cry for 3 days straight unhappy,negative
huhu so lucky unhappy,negative
weare are u? unhappy,negative
im just having one of those days where instant message like,negative
damn... this just sucks! unhappy,negative
i've tried resetting everything,negative
still strict,negative
if i can't fix it soon i'll have to delay them until tomorrow unhappy,negative
you know what really upsets me? when a stranger on the internet isn't satisfied with the entertainment i provide him for,negative
hi! we tried to call your number but got no response unhappy  please share another suitable time and an alternate number.. cont1,negative
i want to meet you both so bad unhappy,negative
me want please unhappy,negative
in memoriam of alea starbridge unhappy  your beautiful voice will never be forgotten.,negative
hawhaw crying,negative
what dat? unhappy,negative
please read unhappy,negative
i miss him so much unhappy,negative
sorry. one bad egg has to embarrass the rest. unhappy,negative
i don't want to adult today.. it's my birthday unhappy,negative
i miss temperance brennan and seeley booth so much unhappy,negative
june 5 - june 16 unhappy,negative
[thinks about how tfp soundwave is forever trapped in the void realm] unhappy,negative
get well really soon jack unhappy,negative
32- for the love of a daughter crying,negative
iiiii would like a boook !  fuck off unhappy,negative
i'm so tired of pretending i'm not falling for you unhappy,negative
on the way,negative
although i'll be a little late sad,negative
more than just a picture unhappy,negative
wut i totally missed your bday unhappy  happy belated birthday sweetheart,negative
i hope it was great,negative
i love you waaaaay more baby unhappy  you're the sweetest and most adorable little angel,negative
i'm so glad i have you,negative
koalas are dying of thirst  and it's all because of us unhappy,negative
it's been a year haha unhappy,negative
guys this is really serious and i hope you don%27t judge me unhappy,negative
shouldn't keep kenyans complaining on,negative
.i can't believe this hasn't been fixed yet,negative
and i can't believe customer service just goes,negative
aw younhappy  i miss you too,negative
aww i was trying to cheer you up unhappy,negative
famous sa facebook,negative
but in reality alone and lonely  unhappy,negative
sorry for no stream yesterday,negative
i have a cold unhappy  we'll see how i feel today!,negative
wtf?! where's the what is this boring show that's on?! when did this happen?? this is what happens when i close all week. unhappy,negative
back at it again with the matemticas unhappy,negative
yg should have sent them to mcd. i want to see them holding the trophy unhappy  anyways,negative
im hungry unhappy,negative
i can't draw naked women crying,negative
hi ashish! we've an update regarding your concern but your number was switched off unhappy  please share another suitable time.. cont1,negative
u blackmailed me unhappy,negative
why am i not in aus with alisha unhappy  imagine the things we could be doing,negative
when jongin asked each members whether they have eaten and felt so wronged because they ate without him unhappy,negative
instant message cramping sad,negative
i hate losing online friends unhappy  it's cruel when people deactivate unhappy,negative
guys please help me retweet unhappy,negative
pretty much only the twitters and it doesn't really work out for me sad,negative
the only appropriate ones i have unhappy,negative
:'(( well,negative
at least in my case it has not yet completely broken tho,negative
but how about yours? unhappy,negative
nope unhappy,negative
i miss temperance brennan and seeley booth so much unhappy,negative
don%27t be surprised if you see me cry today,negative
instant message in a lot of pain and the school doesnt allow my to have my pain meds unhappy,negative
oh jeez.  i didn't even try taking a crack at it because i expected the build to be so bad,negative
ha  unhappy,negative
r.i.p victoria wood  heaven knows we're miserable now unhappy,negative
that was a fun night! sorry i missed last night unhappy  we really need to sync our calendars with and,negative
when will you notice me? unhappy,negative
same unhappy,negative
whats crazy is when i walked through them doors every administration + her was there that night. so why are her a,negative
and yet if parents invest in child's emotional education by taking child out of school on holiday early that's un,negative
yg should have sent them to mcd. i want to see them holding the trophy unhappy  anyways,negative
i want more orientation unhappy,negative
unhappy  they not,negative
yg should have sent them to mcd. i want to see them holding the trophy unhappy  anyways,negative
wish knock out lang talaga for the new school year are good and cooperative groupmates please unhappy,negative
i miss so much unhappy,negative
same unhappy,negative
hi instant message your friend  friend lang,negative
hindi close friend? unhappy,negative
an inspiration in all aspects: fashion,positive
fitness,positive
beauty and personality. :)kisses thefashionicon,positive
apka apna awam ka channel frankline tv aam admi production please visit or likes  share :)fb page :...,positive
beautiful album from  the greatest unsung guitar genius of our time - and i've met the great backstage,positive
good luck to rich riding for great project in this sunday. can you donate?,positive
omg he... kissed... him crying with joy,positive
happy anniv ming and papi!!!!! love love happy,positive
thanks happy,positive
c'mon tweeps,positive
join  vote for the singer! do spread the word. :d,positive
thanks for the great review! smile,positive
yay another art raffle! everything you need to know is in the picture :d,positive
hello i hope you visit luxor its amazing city in egypt pleas check,positive
we got a vive tracker in the office and our intern,positive
went to work.don't get too excited,positive
this isn't,positive
take a look at favourites.io you can do this and more happy,positive
go back to school for music! i think i will in time happy,positive
sixth spot not applicable team! higher pa! :)kisses thefashionicon,positive
thanks for being top influencers in my community last week happy,positive
share the love: thanks for being top new followers this week happy  want this?,positive
retweet this tweet if you want your to be included in the nhc scrapbook!! i'll be making something out of all of the usern,positive
happy 420 happy  pass it to your followers!,positive
who wants some good vibes? watch this on youtube or tv100 application now for free happy,positive
great to work with you too such a lovely place! thank you for havin,positive
nothing is ever as it seems. what looks bad today,positive
will be a blessing tomorrow happy  keep your faith stirred up each day!,positive
mmmmmmmm love naughty wives smile,positive
you deserve a vacation happy,positive
never known how hard it is until last to  days how to resist temptation to enter politics debates on social media happy  stood firm so far,positive
some summer salad inspiration for the bbq smile,positive
hey thanks for being top new followers this week! much appreciated happy  want this ?,positive
you should post this offer on this website happy,positive
thanks for being top new followers - have a great week happy,positive
i prefer it to sharm - enjoy it happy  gouna 20km away is also quite nice - honestly anywhere away from crazy cairo is,positive
sixth spot not applicable team! higher pa! :)kisses thefashionicon,positive
hey thanks for being top new followers this week! much appreciated happy,positive
thanks for the recent follow. much appreciated happy,positive
thanks lala.. much needed happy,positive
thanks for connecting we are passionate about  - hope you like our tweets happy,positive
hey,positive
keep smiling happy,positive
said it yesterday... happy,positive
we love that our bloggers love us so much happy  thank you for such an amazing review the perfect glasses h,positive
only way to make sense of those crazy edge cases is the idea of sharing revenue was offensive,positive
rather,positive
gentle reminder on our tp guidelines happy  please read and spread. thank you. happy kisses thefashionicon,positive
keep being you,positive
cheeky :d,positive
smile  so true. for someone who was being recognised for her contribution to fashion,positive
she might have dressed a bit better.,positive
sounds like a lot of fun :d i like it,positive
oh,positive
jin was spotted at everland today. nice to see them having a break after the us tour happy,positive
there was nothing religious in it. is calling out sexism. i don't think i need to spell out my stand,positive
go back to school for music! i think i will in time happy,positive
theres only one thing i want to change about you . your last name happy  aldubonly,positive
welcome brother  happy,positive
thanks for the recent follow happy to connect happy  have a great thursday.,positive
sone who cant stream at genie!you can stream for ty at genie! we are still sharing some genie ids. if you want it,positive
dm us happy  s,positive
spending time with dogs or other animals is great at helping you to relax and de-stress. great idea happy,positive
my new video for happy  i hope you like ithappy,positive
got this interview poppin happy  $$$$$,positive
love your tweetability! we'd like to reach out to with an opportunity! could you hit us with your email happy,positive
thanks for the recent follow happy to connect happy  have a great thursday.,positive
uss,positive
i'll dm you half naked pictures happy,positive
evet happy,positive
well,positive
i hope it doesn't last too long and you at least get to enjoy the weekend. and happy birthday again happy,positive
excited about event next week in bangalore!  come happy,positive
want to win a pet chick happy  simply follow  retweet for your chance to win! winners will be selected sunday 23rd. go,positive
top retweeters this week,positive
thank you happy,positive
dope!! that's a cool word. finally down with the hip young millenial memers smile,positive
2nd cousin vlad !!!!! maybe thats a message from the hockey g,positive
thanks for the recent follow happy to connect happy  have a great thursday. (want this?,positive
earlier happy,positive
just win at weekend and it will be a late gift,positive
ok? :d,positive
we finally got jinyoung to wipe it for jaebum himself but their precious son blocks it for the world to witness it,positive
here is question 18! make sure to use in all your tweets  replies happy,positive
and this credit also goes to ik happy,positive
my other accounts:them both or get rekt! :d,positive
hey thanks for being top new followers this week! much appreciated happy,positive
les videre happy,positive
clauditte,positive
my friend is such an egg,positive
congratulations david! well done mrs v! welcome jessica! happy,positive
have you tried these new hacks?! **trying dumb life hacks 17**,positive
keep tweeting team. higher! thank you for the efforts. :)kisses thefashionicon,positive
here are some very happy boys to brighten up your day happy,positive
a huge thank you to all the within the social work  care sectors! keep up the great work happy,positive
lunchtime with flinthook! this game has so much personality :d,positive
ministers of pmln are happy like those students who never studied for exams  luckily exams got delayed. they'll still ha,positive
:d when mom is a bit tired,positive
what we did after the climax shot happy,positive
miss petite happy thursday happy   looking forward to the weekend?,positive
rt  quote with your name for a calligraphy of it happy  i'll try my best to make it pretty!! non mutuals/mutuals (ifb) fl,positive
mutual: let's talk more!me: for sure!mutual:  happy  me:,positive
i got th will add sim ant as a possible thanks happy,positive
if you want a friend in washington,positive
get a dog. :d,positive
congrats winner :d and it's eyounji you did well my girl,positive
did you notice? there is no killings of rss / bjp workers in another southern state? cm is dismantling xtian infra in munnar?,positive
hi please rt my pinned post happy,positive
the video will definitely be a 30 minute episode if not longer.,positive
i would love to win these gorgeous nail polishes :d! aren't they cute,positive
jae celebrating with sheena easton after the triumphant opening night of 42nd street in the west end! happy,positive
happy belated birthday :)another duet of you and amaal is much needed,positive
your titties are fantastic. kissy kissy,positive
pls rt[nct fic] love song,positive
goodevening happy,positive
ministers of pmln are happy like those students who never studied for exams  luckily exams got delayed. they'll still ha,positive
thanks for the retweets this week. much appreciated happy   want this,positive
=thumbnail uhc= this is my best render ever :dand favs are appreciated brosopinios ?,positive
thanks again for notifying us! we have updated our add-on plans accordingly happy,positive
very cool! happy  surrounds you for a full recovery.,positive
a nice morning working from today. lovely atmosphere,positive
friendly service,positive
wifi,positive
comforting london fog.,positive
i just did happy,positive
have a great day everyone happy,positive
kiera's quest: awakenings (kiera's quest  book 1),positive
have you voted for the wolf's bite on greenlight yet? happy  help us get wolfie  pigs on steam!,positive
go back to school for music! i think i will in time happy,positive
here is a new thesis by another genius.sir,positive
we loved to have reply by you. :d now get lost .,positive
your birthday isn't for another for hours for me,positive
but happy birthday hoe! have a good day,positive
i love you i guess happy,positive
its hard to see your best friend with another girl happy,positive
the offer still going happy,positive
if you can't be there for someone at their worst then you don't deserve to be there at their best :)kisses thefashionicon,positive
demit the gocoh game is real crying with joy,positive
found use for the sewable led holder happy,positive
select from 14 award-winning laura taylor romance ebooks,positive
so excited for the things coming in the future happy  things are going great,positive
you guys are entertaining and insightful... and one of the reasons i have been really enjoying lpl a lot more this season :d,positive
thats how it sounds like at superbooth happy,positive
i want to learn the choreo but my ugly body says no crying with joy,positive
share the love you're top engaged community members this week! much appreciated happy,positive
hi kylie,positive
looking forward to you visiting! you've picked a great day too,positive
the sun is shining happy,positive
ok. just please read the replies on this....,positive
this right here.aren't you happy you don't have [x]???no. because i'm still here in this 'condition' with no i,positive
to all fla members and officers who are going to cebu tomorrow silence  godbless piss off mga ante and angkol!  happy,positive
for every like ill post an answer smile,positive
maybe not a band but we can definitely collab! hi my name is philip  happy,positive
lego_group: legothursdays jokersquad_swg legolandwindsor sounds like you had lots of fun! happy,positive
a friend who would like a brand new strapback hats only 14.99 at,positive
yes you had smile,positive
mata_tytan: almightytanner: good evening everyone happy  join our twitter party tonight. official tagline:tann,positive
first attempts of bird photography. :-)passer domesticus. how surprising. wink,positive
people who don%27t know me always think i am quiet. people who do know me. wish i was :)kisses thefashionicon,positive
love you too p!,positive
rt: good evening everyone happy  join our twitter party tonight. official tagline:tanner welcomebackph tmi,positive
oh yes happy,positive
hey robert rolih thanks for the follow! what does coastal living mean to you? reply with photo :d,positive
have you ever been to australia! :d love your vids. lovo on youtube :d,positive
opening up to you lot!rt likes would be laaaaaverly :d .xxenjoy,positive
in other words they never missed articles happy,positive
if the below tweet hits 1000 is getting rian holding the sticker too!!! click the below tweet  sm,positive
bill nye answers science questions from twitter | wired,positive
how are you doing today? happy,positive
we're ready for our next fire lighting session at - we have a few keen early birds here already smile,positive
go kisses!!...  i know you can do it..,positive
if this gets 70rts i will giveaway 5 minecraft accounts and an origin account randomly to people who retw,positive
hi mr. yen! will you be doing any signings in new york some day? your a great role model happy,positive
it's just a cut during one of my kitchen experiments happy,positive
wow i just made a js compressor that actually checks scoped variables existing. turns out i have a few issues happy  linters may be useful happy,positive
this week marilyn pops by and get's down and dirty  happy  cum see!,positive
loool i'm mad avoid me today :d,positive
you're welcome thomas happy  kim,positive
look at this happy,positive
he didn't play for a year,positive
so i'm super impressed he's got his musical mojo back! thank you so much happy,positive
watch this mayward fam!,positive
i was thinking the same. our i know is so cute happy,positive
sone who cant stream at genie!you can stream for ty at genie! we are still sharing some genie ids. if you want it,positive
dm us happy  s,positive
mythbuster/20 happy,positive
aha it's okay  she's going to be on rough night happy,positive
company photoshoot with our fabulous photographer happy  look at this determination (concrete shoes) to get,positive
perfect,positive
this worked out beautifully. if you redesign the import page to suit the whole application would mak,positive
hey,positive
have a great day today happy,positive
come volunteer at the abbeydale picture house! next wednesday...,positive
should have had farnell fursday isn%27t it happy  all meet up at tax and pounds happy,positive
here's one of my rolls of 'poundland' film! (a store that sells all products at 140.) and here's the dx d,positive
thanks for the recent follow happy to connect happy  have a great thursday.,positive
thanks :d,positive
love them! can i get some? smile,positive
opening up to you lot!rt likes would be laaaaaverly :d .xxenjoy,positive
spending my night talking to my beloved ???perfect.i love you man! happy,positive
.is the winner of the donation giveaway,positive
answer this with yoyour steam trade link and ill send you right away :d,positive
for the recent follow. much appreciated happy  want this?,positive
i think i'm probably beyond repair by the sounds of tea etiquette happy,positive
.- layout- btob happy,positive
i am if you're still looking for one happy,positive
sydney tomorrow,positive
byron in 3 weeks,positive
hobart in 7 weeks. lots to look forward to happy,positive
i hit that,positive
new job starts in to  weeks! :d,positive
why do people on the internet have to be such asses annoyance  here's some positivity for you. i love your art!!! :d it's so pretty!!,positive
the best community gathering coming up! we're full,positive
but here's how you can be a part of this happy,positive
mutual: let's talk more!me: for sure!mutual:  happy  me:,positive
happy birthday megan happy,positive
just wandering around,positive
popping into a store,positive
owner told me about it (as in article) smile,positive
did you see this one? happy  transitional piece // chiffon dress,positive
sixth spot not applicable team! higher pa! :)kisses thefashionicon,positive
thank you crew happy,positive
a little video i made for the love of my life,positive
minute yoongi~watch 'til the end for a free cookie happy,positive
just let is know when you'd like one happy,positive
you know what i really love about you lot?not only do you support me in the comments,positive
you also support each other! an,positive
i just did happy,positive
hey,positive
keep smiling happy,positive
nothing could be better happy,positive
so inspiring crying with joy,positive
instant message fine yoo,positive
thank you happy,positive
what a day! what better way to spend this sunny day than drinks by the shore happy,positive
i suppose they are waiting for you happy,positive
aww hating that i got sponsored,positive
how childish of you commando happy,positive
definitely wasn't what i was looking for :/ but gave it a try anyway happy,positive
the one with backward cap,positive
please! :d| kenbie,positive
blessing your first day of april happy,positive
helloo :d  (keep_smiling_y),positive
my contribution to ( posted on my tumblr a while ago crying with joy  ),positive
happy birthday in chopin style - piano improvisation,positive
yes,positive
the problem is only affecting webmail itself. accessing email from other applications works fine happy  ^mkl,positive
he's the best happy,positive
where are you now? happy,positive
enter to win 1 of to  boxes of highly anticipated books! 6 books in each box! open int happy,positive
congratulation my world happy,positive
helloo :d mr drippy (callmeergan),positive
good crying with joy  i love you so much,positive
wow awesome gog! thanks happy,positive
does anybody out there need any motion design or animation help?  if so i am available happy,positive
yes!!! neil gaiman for life! :d,positive
as the last event for chapter 1,positive
we've invited 24 people to propose visions of the future. jom happy,positive
exaseetly what's happening in tn politisees. this is not to get bjp at all to tn. game is different. again,positive
you'll be see,positive
i don%27t know doesnt seem fair to me..two against one happy,positive
helloo :d braids! (keyrazygirl15),positive
thank you mama bear! ang ganda mo happy,positive
okay,positive
now i'm really out. happy,positive
helloo :d kesh (mzkeshnj),positive
as in most used. stats don't care about motivation happy,positive
kind of jealous with you all laughs but it's ny fault for not working hard happy,positive
appreciate your recent retweets have a great thursday happy,positive
should i stay ? should i go ? nobody knows happy,positive
helloo :d mack. (macktimus),positive
ladies!  - tell me why yoyoyou don't play golf. what wyoyoyoud make yoyoyou want to play? top 3 reasons yoyoyou do play? heyjyoyoyoude66info,positive
thanks for the this week,positive
much appreciated happy,positive
nearly done now! thanks everyone for joining and hope to see you same time next thursday happy,positive
oh that feel when you have 10 gems :d,positive
helloo :d chammy (shamirakay),positive
good luck to rich riding for great project in this sunday. can you donate?,positive
you too my friend. smile,positive
rt: almightytanner: good evening everyone happy  join our twitter party tonight. official tagline:tanner welcomeb,positive
amazing stuff!!! thansk for this happy  birth control - gamma ray (1972),positive
noted on this sir,positive
the bus from bangsar heading to awan besar. have a good day happy,positive
thanks for the recent follow happy to connect happy  have a great thursday. want this,positive
helloo :d best damn avocado (batsyy_),positive
lets agree she put her brain on knees crying with joy,positive
wish you were here smile,positive
everyone from getting punched :d,positive
i welcome you to germany then. i have no authority to welcome you in the other countries though! happy,positive
better be oldschool crying with joy  rs3 equals  aids 3,positive
nothing could be better happy,positive
please this beautiful princess have your help,positive
give a little for her happy,positive
always running out of space on my phone,positive
thank you kpop crying with joy,positive
one by one allah ease my problem . lot of thanks to him crying with joy,positive
thank you for sharing happy,positive
nothing could be better happy,positive
hopefully it should be ok happy  charts don't look too bad at moment but depends on tides  directions,positive
keep,positive
soon :' i need you so much crying with joy  {} i need you kaswa :',positive
only laksa can make me okaay now crying with joy  i need laksa,positive
helloo :d car fox  (ror925),positive
thanks for connecting we are passionate about  - hope you like our tweets happy,positive
mutual: let's talk more!me: for sure!mutual:  happy  me:,positive
who wants some good vibes? watch this on youtube or tv100 application now for free happy,positive
tara,positive
hi,positive
all! i'm roy dahildahil,positive
co-founder of and i'll be moderating tonights tweetchat. happy,positive
sone who cant stream at genie!you can stream for ty at genie! we are still sharing some genie ids. if you want it,positive
dm us happy  s,positive
enjoy happy,positive
happy thursday loves!! happy,positive
good morning peady,positive
you need a direct coffee feed to starbucks happy,positive
you better check this out,positive
thanks for the recent follow happy to connect happy  have a great thursday. want this,positive
ummm announced a new show in buffalo! he should ask to be an opener! happy,positive
the world is so big. too big for our problems and worries to take over our world. there is much to smile for happy,positive
friday after the conference some of us will go for dinner to favourite smile,positive
follow  to a saga diary and a year's worth of saga pens :)tcs,positive
im done trying to take men seriously happy,positive
for being top high value members this week happy,positive
okay happy,positive
little fans. - happy,positive
here's the full art for both glyph keeper and his mummy token. for those interested they will be hitting ebay tonig,positive
seokjinie went to everland today~ i guess he forgot that he's an idol,positive
which is good for him happy,positive
welcome happy,positive
i wasn't saying i read a book today,positive
i was telling you to read a book today. knowledge is power. knowledge is growth. kee,positive
in game you move him to camera happy,positive
veronice and jughead! happy,positive
oh my god it's raining where i live too crying with joy  and stop omg i wanna cuddle him now,positive
hehe take care andy friend happy,positive
vocal coach ig post:,positive
hold off the frowns until you've used the new application - which is made by the same team! happy,positive
i love it when ben sleeps in because i get to watch all the programmes i want on netflix without interruption !!!! happy,positive
thanks happy,positive
nothing could be better happy,positive
thank you crew happy,positive
someone asked me hows life? i just smiled and replied,positive
shes fine :)kisses thefashionicon,positive
yeaaaah! alpha invitation well received happy,positive
good luck swampy happy,positive
what to do when you are feeling bad - buy a new book and get engrossed into a new world happy,positive
in may go away happy,positive
april is really really bloody. i'm so proud of our boys crying with joy,positive
have you smiled today? never forget to smile happy,positive
then and now happy,positive
gott happy,positive
nothing could be better happy,positive
there you guys. read it for once at least. crying with joy,positive
i hope louis gets all the off time that he wants and comes back fresh and happy happy,positive
yes we can do that! happy,positive
famfrit with and people happy,positive
but,positive
er,positive
sloths are great? so it's a good un-unthinkable picture? have i dug mysel,positive
thanks much appreciated happy  the magic of,positive
on our way home happy  happy si noah sa skyranch,positive
thanks for the recent follow happy to connect happy  have a great thursday. want this,positive
this is why i made the video about improving your line work on youtube,positive
when you have to do things like this happy,positive
client work for rt and favorite happy,positive
everything is a choice happy,positive
awesome! makes a good nurse maid,positive
huh? happy,positive
thanks for the recent follow happy to connect happy  have a great thursday.,positive
thanks for being top engaged community members this week happy  - try this too,positive
thanks for the recent follow happy to connect happy  have a great thursday.,positive
funny happy,positive
1st day of ja entertainment's marathi film savita damodar paranjpe have been a big fan of this story. finally get,positive
its been a good day hey. happy,positive
mutual: let's talk more!me: for sure!mutual:  happy  me:,positive
surround yourself with positivity happy,positive
still live!,positive
and gst is the brain child of our modiji happy  perfect!,positive
she also makes some of the most beautiful art (my biggest inspo) all for sale if anyone is interested happy,positive
thanks for the recent follow happy to connect happy  have a great thursday. want this,positive
thanks for up-voting us on ph happy,positive
good,positive
that might have cost you $3 a month!!!!   happy,positive
great to see you buddy nicest dude in the world. keep killing it brother happy,positive
i have bronchitis i love that happy,positive
thanks for the recent follow happy to connect happy  have a great thursday.  want this,positive
20% off all knight  day jewellery ends this sunday-why not pick up something nice for,positive
the bank job,positive
coming soon to a screen near you.,positive
157 days to go happy,positive
going to go meet andrew for lunch now but i'll be back at to  or to :30,positive
i'm upstairs to the right happy,positive
we're you also at our signing session with qian liu  jared wright after the last performance of onegin? share your,positive
happy birthday,positive
bram stoker. can't wait to show you in bronze soon. happy,positive
not in the tweet i ve meant the article itself happy,positive
i send people bunny pics,positive
let me know if you're up for that happy,positive
thanks for being top engaged community members this week happy  (want this ?,positive
if you're an aspiring developer in or near krakw this is an excellent opportunity. they even pay their interns happy,positive
thankfully i didn't have to chop it myself,positive
arrived on the back of a little tipper lorry smile,positive
prepare to be inspired! happy,positive
ready now! one 9 week old chocolate female puppy from harlowe x sterling! happy  this girl is a sweetheart and has a...,positive
again as i said i do see your concerns. but i assure you sir that hinduism will stay dharma and will no,positive
this is just super can't wait happy,positive
notice anything unusual? happy birthday to the lovely frooty! happy,positive
rose come to him! he's really your enthusiast :-d using so much not so may!  :-)~~~,positive
thanks for the follow happy  if we can help your business in anyway please get in touch,positive
thanks for the recent follow happy to connect happy  have a great thursday.,positive
.a scan for your tumblr happy,positive
new upcoming heroes revealed! wukong,positive
dragon  more! omg :d,positive
this never happened with our happy,positive
awesome recommendation jess! listened to the,positive
thanks b happy,positive
congratulations,positive
you've got the message happy,positive
that's kaki no tane and it's amazing! foyound a place here in germany where you can import it! :d,positive
no breaks and a first practice exam happy,positive
made dinner for two tonight happy,positive
share the love you're top engaged community members this week! much appreciated happy,positive
you know exactly what i'm talking about happy,positive
thanks for the recent follow happy to connect happy  have a great thursday.  want this ?,positive
shihaaaa help me on my bishie hunttt equals  ^ equals ),positive
puzzle pieces [64]rt and like for the next please :){20 rts,positive
30 likes?} hehe,positive
dropped you a follow on twitch happy,positive
so many cool games and updates release today. happy,positive
isn't it terrible that we live in a world where we have to address anticipated criticism of our thoughts first? happy,positive
that i said,positive
chaged for the best for our singto. please,positive
cheer up the new administrator team. happy,positive
seems you like my black lingerie picture then happy,positive
thanks for being top engaged community members this week happy   want this,positive
good morning! i hope you slept well~ happy,positive
this never happened with our happy,positive
a lot of games this month? :d,positive
me everything and anything these days,positive
how do we book the cars service for the swards tommorow :d,positive
thanks for your feedback! it' just the starting phase,positive
there will be more figures happy,positive
can i pop in a request for assassin shower gel? happy,positive
mutual: let's talk more!me: for sure!mutual:  happy  me:,positive
looking forward to this. come out to see us! our booth is going to be right in the center of the field. happy,positive
thanks a lot,positive
will check it happy,positive
well this was fun. thanks for stopping by and giving me shit tonight fellas  :d much love. feelsgoodman,positive
you kills me crying with joy,positive
see the next tweet! i did about 5 different things while keeping very calm,positive
can list them if you want happy,positive
thanks for the recent follow,positive
much appreciated happy   want this ?,positive
how people write a joke on religion online.*joke**just joking guys,positive
no offence :)** don't want to hurt anyone. all i,positive
thanks for the recent follow happy to connect happy  have a great thursday.  want this,positive
not yet! maybe this year happy,positive
hey thanks for being my top new followers this week! much appreciated happy   want this ?,positive
jack and finn harries crying with joy,positive
i don't think you'd understand how much a stream would mean happy  even if it is very make-do,positive
it would be awesome.,positive
no stress mariana,positive
beetle done and joins wall-e,positive
the mini and the campervan happy,positive
stats for the day have arrived. 1 new follower and no unfollowers happy  via,positive
why i didnt save it happy  going to re-color again the,positive
share the love: thanks for being top new followers this week happy,positive
thanks for the recent follow happy to connect happy  have a great thursday. want it,positive
i considered asking where that came from. :d,positive
thanks by has  notice of me greetings : jossetted'hermanni,positive
thanks for the recent follow. much appreciated happy  (want this for it's magical!,positive
thank you so much my friend smile  xx,positive
worship me and spoil me happy,positive
stats for the day have arrived. 1 new follower and no unfollowers happy  via,positive
superstar thanks so much for the kind words! look forward to seeing you soon buddy smile,positive
new second home coming soon! :d,positive
i used to like my neighbours,positive
until they put a password on their wi-fi :)kisses thefashionicon,positive
you still syoure ? :d,positive
thanks for the recent follow. much appreciated happy   want this ?,positive
hi cham,positive
any updates about the batch 1 of army bomb v2? happy,positive
do happy we are at 27 million keep it up happy  and we are at 71 million we are so close to have another 100m,positive
just photoblogged! happy  re-using old locations,positive
mutual: let's talk more!me: for sure!mutual:  happy  me:,positive
new video!stream montage - we finally unboxed a spectrum knife :)hope you like it! here:,positive
minah starts crying because of the fans and yura  hyeri make her laugh to cheer her up.. i can't crying with joy,positive
stats for the week have arrived. 1 new follower and no unfollowers happy  via,positive
ready for 420 happy,positive
fat ass girl fat fetish760 hot videos online,positive
thanks for the recent follow. much appreciated happy  - i sent this with,positive
and he said it silence  in morgan freeman's voice happy,positive
thank you happy,positive
if you eat your steak well done please unfollow me happy,positive
hows the quintly trial happy  ?,positive
this is what life is about. enjoy happy,positive
stats for the week have arrived. 1 new follower and no unfollowers happy  via,positive
lips though,positive
exaseetly what's happening in tn politisees. this is not to get bjp at all to tn. game is different. again,positive
you'll be see,positive
our crazy easter! our donkey is insane! seriously crazy haha!,positive
morning. coffee time happy,positive
thanks for the recent follow. much appreciated happy  want this ?,positive
thanks for the recent follow. much appreciated happy  want this,positive
we would love to have you as a guest on podcast sometime!!! only 15 minute smile  interested???,positive
kissward tagline:tweet with us pans :)noonecanstop kissward,positive
thank you crew happy,positive
i love my six pack so much,positive
i protect it with a layer of fat :)kisses thefashionicon,positive
share the love: thanks for being top new followers this week happy,positive
share the love - high value members of this week happy,positive
if looks could kill......... smile,positive
or the station didn't check. happy  surely some combination of 0xx-xxx-x938 or 0xx-9,positive
nothing moves faster than a girl untagging herself from an ugly picture :)kisses thefashionicon,positive
you too. smile,positive
this is great happy,positive
happy 10th wedding anniversary aishwarya rai-abhishek bachchan happy,positive
swanmen setting up! pablo is waiting for more news to happen happy,positive
thanks for up-voting us on ph happy,positive
hiii. . gentleman commander (bryannousaurus) happy,positive
thanks for the recent follow happy to connect happy  have a great thursday.,positive
joo okay happy,positive
close up of the animation 3i will post the second part soon! happy,positive
we don%27t spam him in any way,positive
we just reply to his tweets?? like all his other followers do.....this is pointless,positive
thanks for the recent follow. much appreciated happy   want this ?,positive
hiii. . reece (reeceboast) happy,positive
alaye give me iphone7 or dollars for my birthdaydo normal abeg,positive
thanks for the recent follow. much appreciated happy  get it,positive
superstar thanks so much for the kind words! look forward to seeing you soon buddy smile,positive
naeem bokhari says... mian has gone !! are so cute nb happy  but ns is ugly evil.,positive
that's insane! good luck for that! i took it off yesterday afternoon. :d,positive
have i told you lately that olive juice? :d,positive
updated the text for my video intro by drawing it with the line tool in paint tool sai. happy,positive
- thanks for being top engaged community members this week happy   grow your followers with,positive
.thanks happy,positive
i hate people who steal my ideas,positive
before i think of them :)kisses thefashionicon,positive
i've been given a custom console bundle to giveaway! happy  this tweet  be following me to enter! ends,positive
and give one to every student and myswlf happy,positive
don't mention it! :d,positive
episode two now crying with joy,positive
i'm surprised you don't use an adblocker! happy,positive
i just wanted to say thank you for following me,positive
i really appreciate it. hope you have a brilliant day happy,positive
happy 4/20 :)i'm drug free  i've never smoked weed before.,positive
mutual: let's talk more!me: for sure!mutual:  happy  me:,positive
blocked by christensen.another notch on the belt. happy,positive
just over 91% in favour of the unelectable jeremy corbyn happy,positive
best advice on blogging. happy,positive
teaser coming out today at 4pm!story,positive
music and direction by of my favourites by,positive
aw bcc is having a pride prom and i kind of want to go happy,positive
if school has taught us anything,positive
its texting without looking :)kisses thefashionicon,positive
good morning messages never fail to make me smile happy,positive
thanks for the recent follow. much appreciated happy  want this,positive
sap did you also use,positive
shoutout to for the donation. looks like i'm streaming some stanley parable later happy,positive
unfollowing bye happy,positive
thank you for 2k likes on my banner project happy,positive
hi :d retweet for a follow!!!,positive
? news ? :d,positive
when your efforts pay off... happy,positive
no pressure happy,positive
happy bday midawgdarnizlle  i love you a long time happy  thanks for being my best friend forever and attempting to travel on the road,positive
fri or thu? i'm going to the friday showing :d,positive
i was thinking about how i don't want to go to school and i'm suddenkyfeeling good happy,positive
no i don%27t :)),positive
tonight 7pm,positive
a treaty could provide security/ tech for culture development happy,positive
thanks for the recent follow happy to connect happy  have a great thursday. get it,positive
more goodies spotted! :d,positive
another great day out in westhoughton,positive
delivering the conservative message of strong  stable leadership. happy,positive
morning happy,positive
i had that down south and had no issues,positive
going to see what's about and speak to people that live near to me and see what they use happy,positive
i've been trying to bank sleep all week happy  i doubt i'll be able to sleep friday or saturday night,positive
i understand....i do silly shit like that to make my friends smile happy,positive
well,positive
i guess it's a good thing then to bring it right to the foreground and put it right in their face,positive
thanks for the recent follow. much appreciated happy   want this,positive
you know what i think? you look exceptional for a new mum,positive
my tum is still like that 20yrs on. happy,positive
who is the prime minster of pakistan ? nawaz sharif hahahahah happy  sorryuncle,positive
sure is happy,positive
agreed! i feel like i've skipped too many css/design fundamentals. i'm spending the next couple of,positive
hey thanks for being top new followers this week! much appreciated happy,positive
it will be at random on twitch happy,positive
good morning every one,positive
order what ever you want to eat through our website.may you all have a great day happy,positive
thanks for the recent follow. much appreciated happy  get this,positive
that would be a great trick happy,positive
omg i'm so happy!!  new video about ma bigbang babies happy,positive
happy birthday ! happy  hope you have a good one,positive
because you are one happy,positive
totoo po? waaahhh may heart!!! heart everywhere happy  love it,positive
good morning every one,positive
order what ever you want to eat through our website.may you all have a great day happy,positive
thank you so much sir happy  please watch the film and call me happy,positive
thanks! happy,positive
happy  me too i hope,positive
they are real subs and here's the link for the video happy,positive
opening sentences of happy,positive
rt for 50 ffs-rt pinned tweet!!-be patient -legiiiiiiit-no saved accounts happy,positive
thanks for being top engaged community members this week happy  want this ?,positive
jem did the dark star orianna splash with assistance from alex! :d she's done lots of splash updates,positive
check her as:,positive
gippy grewal  will be online on twitter at 3 pm,positive
just type and ask anything you like happy  aa jao for,positive
hi guys! :)we're looking for to  bartenders/mixologists to work with us at an upcoming event. dm us,positive
thanks for the recent follow happy to connect happy  have a great thursday.,positive
thanks for the recent follow happy to connect happy  have a great thursday.,positive
physics will have 80 formulas to memorize ha.ha.ha happy,positive
i'm grateful to my mom for giving birth to me and not abort me crying with joy,positive
thanks for the recent follow happy to connect happy  have a great thursday.,positive
you nailed it!!!!! brought tears to my eyes,positive
i got goosebumps,positive
beautiful set,positive
the perfect dress,positive
and totally of,positive
ah awesome! pixel art stuff by any chance? happy,positive
share the love you're top engaged community members this week! much appreciated happy,positive
please,positive
please! watch the afl anzac game on tuesday! it's a very big tradition here and you'll love the sport! happy,positive
another day! good morning!! it's april 20,positive
2017 at 07:00am!! kamusta? don't forget to eat your breakfast guys! happy,positive
yess crying with joy,positive
home run !!!! and yes charlie is at the game happy,positive
you say vuca,positive
i say tuna happy,positive
thanks for the recent follow happy to connect happy  have a great thursday. (want this? it's free!,positive
where ? happy,positive
good morning every one,positive
order what ever you want to eat through our website.may you all have a great day happy,positive
happy 16th birthday to my bff! i may only be 15 and a half but i'll have you to take me places happy  have a great birt,positive
thank you happy,positive
thanks for the recent follow happy to connect happy  have a great thursday.  want this,positive
good morning every one,positive
order what ever you want to eat through our website.may you all have a great day happy,positive
nice,positive
congratulations to both of you. happy,positive
i had all and then most of you,positive
some and now none of you crying with joy,positive
thanks for the recent follow happy to connect happy  have a great thursday. want this ?,positive
here's me being brutally respectable in a suit... enjoy happy  contrast so you appreciate mo,positive
if you're a champion,positive
let me know!  :-)(i'm a champion!!!!!)elder lenore a. artisministries...,positive
great songs happy  who are your favourtie member? x,positive
thanks for the recent follow happy to connect happy  (want this? it's free!,positive
charge to experience muna happy,positive
superstar thanks so much for the kind words! look forward to seeing you soon buddy smile,positive
.thanks so much for the rt,positive
and have yourself a groovy thursday!  happy,positive
stats for the day have arrived. to  new followers and no unfollowers happy  via,positive
in melbourne please happy,positive
thanks for the recent follow happy to connect happy  have a great thursday. get it,positive
thanks for the recent follow happy to connect happy  have a great thursday.,positive
that would be a great trick happy,positive
i have a goal today happy  i%27m going to accomplish it,positive
kids versus legends crying with joy,positive
happy birthday nimesh!!! happy,positive
good morning,positive
mike. blessings to you. happy,positive
thank you happy,positive
facials happy,positive
i'll keep you awake happy,positive
hello everyone,positive
have a great thursday! looking forward to reading your tweets happy  want this ?,positive
if josie,positive
val and reggie had more screentime riverdale wouldn't be half as bad as it is happy,positive
thanks for the recent follow happy to connect happy  have a great thursday. want this,positive
national bitbucket unfriending day to save $2 smile,positive
share the love: thanks for being top new followers this week happy,positive
mutual: let's talk more!me: for sure!mutual:  happy  me:,positive
hi carlo! i'm okay nmn. howdy? happy,positive
those chibis though!!' :d,positive
no i'm waiting for jail break happy,positive
rt for 13 ffs-it's not much but they're free-legit-free but follow me first to get them quicker-be patient i will g,positive
hi guys,positive
have a great thursday! looking forward to reading your tweets happy  (want this? it's free!,positive
you too man happy,positive
a chub bun because its easter! happy easter!  his name is almond! :d,positive
to  pork pies happy,positive
a chub bun because its easter! happy easter!  his name is almond! :d,positive
thank you so much smile,positive
your generous support is an integral part of my  happy  thank you for the like!!,positive
there we go again smile,positive
naeem bokhari says... mian has gone !! are so cute nb happy  but ns is ugly evil.,positive
thanks for being top engaged community members this week happy  - i sent this with,positive
abc news got ahold of me and asked if they could use a few seconds of my coming out video for a transgender special this f,positive
thanks for sharing happy,positive
thanks for the recent follow happy to connect happy  have a great thursday. want it,positive
i'm still in my bedroom and scared of going out happy,positive
amazing work :d,positive
thanks for the recent follow,positive
much appreciated happy  want it,positive
hi ! i want to speak to you about a business partnership. happy,positive
thanks for the recent follow happy to connect happy  have a great thursday.,positive
thank you so much willow! you helped me ring in the birthday with that amazing stream last night :d,positive
another great song  have a listen. its good! you may well like it happy,positive
follow him happy,positive
a7atein because one 'a7a' just isn't enough ({}) :d,positive
tats! i have question happy,positive
another great song  have a listen. its good! you may well like it happy,positive
ooh,positive
can't wait for those revealing qa's. happy,positive
from soup and sandwiches to slow cooked pork,positive
our lovely lunch menu is sure to please! smile,positive
awww yeah :d,positive
what a sad life it must be,positive
getting 70k,positive
and still not being rich - try getting a life,positive
instead of just money,positive
i'd say :d,positive
hello everyone,positive
have a great thursday! looking forward to reading your tweets happy  want this,positive
happy birthday  have a good day happy,positive
thanks for the recent follow happy to connect happy  have a great thursday.,positive
hey,positive
you can get a professional one here,positive
that would be a great trick happy,positive
that's why i say at the end of my videos if you liked it,positive
give it a like happy  it's all about choice! :d,positive
thank you happy,positive
if you are reading this i hope something great happens smile,positive
thanks for the recent follow happy to connect happy  have a great thursday.,positive
rt for an indirect from and me happy,positive
client work for rt and favorite happy,positive
do you want me to follow you back? if you do this tweet and i will. happy  only,positive
and the website is down since long happy,positive
friendly reminder that you can enjoy a movie or television show without having to trash another happy,positive
with the help of made these sent starters for p1q3. open to suggestions on how to improve happy,positive
hello 1372 followers - thank you so much for following! will love to read your tweets happy   want this ?,positive
thanks for the recent follow happy to connect happy  have a great thursday.,positive
thanks for being top engaged community members this week happy  want this?,positive
happy 420 everyone happy,positive
happy birthday  to the cyoutest/fyounniest   a d you l t   i know :')have a good day coreo boreo,positive
congrats! :d,positive
mmmm... the blood of my enemies... happy,positive
thanks for the recent follow happy to connect happy  have a great thursday.  want this ?,positive
i know  vearey moving. and twisty! and you aaree are,positive
tell us about happy,positive
share the love: thanks for being top new followers this week happy  want it,positive
seokjinie went to everland today~ i guess he forgot that he's an idol,positive
which is good for him happy,positive
a beautiful day happy,positive
congrats on your :d,positive
sone who cant stream at genie!you can stream for ty at genie! we are still sharing some genie ids. if you want it,positive
dm us happy  s,positive
25x25? i can go first happy,positive
tickets available now for the 401 festival of running 2017,positive
find out more and sign up at,positive
so happy it's thursday*,positive
or shit for short :)*thanks to my friend maddy over at,positive
i'm on a road with no destination . i'm just driving with a hope to find some place i like and stay there,positive
i'm not lost,positive
thanks for the retweets this week. much appreciated happy   want this? it's free!,positive
first happy,positive
good luck happy,positive
update: i got in :d,positive
thanks smile  much better today and thanks for the message.,positive
my real time happy,positive
many thanks,positive
anne! happy,positive
i wasn't saying i read a book today,positive
i was telling you to read a book today. knowledge is power. knowledge is growth. kee,positive
lolo bin are you fucking mental screenshot :d haha,positive
what texts are you doing? happy   i've got the same issue!,positive
hey thanks for being top new followers this week! much appreciated happy,positive
hi han,positive
if you follow and dm us we will be able to assist you. chris happy,positive
thanks for the recent follow happy to connect happy  have a great thursday.  want this ?,positive
this was awesome--  has two fill-ins this week happy,positive
maayos didn%27t ang lahat happy  lets give him a space and time happy,positive
did you notice? there is no killings of rss / bjp workers in another southern state? cm is dismantling xtian infra in munnar?,positive
typingcure,positive
class hall missions and heroic dungeons surprised  :d,positive
surround yourself with positivity happy,positive
pretty happy,positive
on moral grounds this verdict is in favor of pti happy  becoz to  out of 5 judges clearly mention that our pm is...,positive
avi for my man :)phone made like always wink,positive
share the love: thanks for being top new followers this week happy,positive
tonight 7pm,positive
playoffs rematch complete!  feels good going to worlds again :d,positive
im getting one too smile  smile  smile  smile,positive
spose you don't have to pay for accomodation which is nice haha? or are you going to stay somewhere anyway? happy,positive
a little bit overdramatic death happy,positive
this is great to hear joanna! happy  we're so pleased you've had a good experience.,positive
i think i'm going to check out even though i hear it's not as good as ue4 i believe it might be cool to tr,positive
here is the link for seventeen's yokohama concert with english subs :)ddl:,positive
thanks,positive
i can't wait to actually see a copy smile,positive
thank you crew happy,positive
thanks for the recent follow happy to connect happy  have a great thursday. want it,positive
sup guys? :d,positive
facts about parrots in minecraft coming soon!! :d,positive
thanks for the recent follow happy to connect happy  have a great thursday.,positive
made dinner for two tonight happy,positive
same happy  i'll see closer to the con but it's no more than five or so. lol same :d,positive
the tutorial of michel grundstein distinguishing information from knowledge..  will start at 15pm. be here happy,positive
thanks for the recent follow happy to connect happy  have a great thursday.,positive
i look good in blue happy,positive
thanks for the recent follow happy to connect happy  have a great thursday.,positive
jyoust a reminder... thank you for this happy,positive
your body hears everything your mind says. be kind,positive
positive and loving always happy,positive
ruby was rehomed for times before she was for months old  now loves her forever home. pls always consider rescue when,positive
3 little ones.. wish you the best happy  sounds like a fun group,positive
naila raheem is now following me on twitter!,positive
thanks for the recent follow happy to connect happy  have a great thursday.  want this ?,positive
stats for the week have arrived. 1 new follower and no unfollowers happy  via,positive
thanks for the recent follow happy to connect happy  have a great thursday. get this,positive
i love it when pretty girls call me pretty like bitch tf you too happy  let's be friends,positive
thanks for the recent follow happy to connect happy  have a great thursday.  get free?,positive
thanks for the recent follow happy to connect happy  have a great thursday.,positive
thanks for the follow! happy,positive
every time i think that my skin is getting better,positive
it just proves me wrong in a matter of days happy  fuck my life happy )),positive
can you pm me ? :d,positive
i had but i have just seen the email. so good :d,positive
released my 3rd episode of programming for everyone! be sure to check it out happy,positive
i think instant message meant to stay single and fix people's relationships my entire life smile,positive
we will be never ready actually happy  idhuellam dialogue ku dhan othu varum..,positive
yes,positive
this is the main reason i drink total selflessness :d,positive
yep i'm going back to school to become an editor hopefully. can't wait! your sister really believes in my skills happy,positive
thanks for being top engaged community members this week happy  want this,positive
currently standing outside the shard with a bag full of empty bottles because i came to work with tom today happy,positive
good evening happy,positive
goals of 2017: become apart of with and lose 50 lbsstart youtube happy,positive
thanks for the recent follow happy to connect happy  have a great thursday. want this,positive
thank you crew happy,positive
mummy,positive
look how big i've become!,positive
thanks for the recent follow happy to connect happy  have a great thursday.,positive
thanks for the recent follow happy to connect happy  have a great thursday.,positive
i second that! thanks for the spin. very much appreciated. happy,positive
make them feel that you are there to listen to their problems,positive
and mag refer kana rin sakanila nice game,positive
that would be a great trick happy,positive
wow,positive
this looks awesome! id love to see a vn like this :d,positive
morning,positive
jamie. passion + perseverance equals  two of the not-so-secret ingredients in the secret sauce of success happy,positive
hi kn fans! happy,positive
we bought a 523 litre fridge. i am applying for cold storage license in bhayander west :d,positive
thanks for being top engaged community members this week happy  want this,positive
for my 2000th tweet i'd like to say i love donghyuck :d,positive
i'm a japanese directioner :d,positive
remember- vocab knowledge is worth 75% of your grade! will announce winner tomorrow morning at 10am! happy  15 to purchase! happy,positive
good luck! you have my vote smile,positive
19 days of school left happy,positive
will you do before and after pictures? i always enjoy your swanky hair happy,positive
in class and i'm really bored so why not happy  rt for one!! mutuals  non mutuals pls don't let me flop ;-;,positive
giving away all these souvenirs to 5 lucky winners!to enter: follow + rtrolling winners in 48 hold on,positive
watch your words happy,positive
thanks for the recent follow happy to connect happy  have a great thursday.  want this ?,positive
nice gif happy,positive
share the love:thanks for being top new followers this week happy   want this,positive
but i think you'll do better than me happy,positive
indeed,positive
and i suspect you will be one of the few who would get it happy,positive
one of our fleet is solely seeharged by domestisee hydro  toro see,positive
for trade ? happy  what yeah want ?,positive
get this to 150!!,positive
new twitter acc. happy,positive
share the love - high value members of this week happy  (insight by,positive
soon i'll make arts happy,positive
that would be a great trick happy,positive
thanks for the recent follow happy to connect happy  have a great thursday.,positive
.nothing changed but the date .. april 28 make s,positive
delma hanville it's official we are connected on twitter! thank you for the follow. please don't ever let it go! happy,positive
13 reasons why producers: we care about youth mental health :)13rw producers: *show young audience graphic rape and suicide s,positive
fun and funny.... this book will warn up your kindle at night happy,positive
and that's what's important! happy  that's what i'm trying to remember.,positive
congrats for 3m followers on instagram! happy,positive
gourmet chocolates are special and should be reserved for special occasions. plain mms,positive
not being spe,positive
sixth spot not applicable team! higher pa! :)kisses thefashionicon,positive
can you guys make the japanese greninja's and waveguider come as well? happy,positive
thanks for the recent follow happy to connect happy  have a great thursday.,positive
thanks for the recent follow,positive
much appreciated happy   want this,positive
sister cyril came to our school once happy,positive
join us this saturday to celebrate our earth by planting seedings! head to our fb page for more information. happy,positive
we finally got jinyoung to wipe it for jaebum himself but their precious son blocks it for the world to witness it,positive
i love him crying with joy,positive
kind of like my layout happy,positive
new twitter account piss off no idea maja salvador is follow not applicable guys happy,positive
thanks for the recent follow,positive
much appreciated happy  (want this for it's magical!,positive
congratulations very impressive happy,positive
client work for rt and favorite happy,positive
thanks for the recent follow happy to connect happy  have a great thursday.  want this,positive
did you go all the way to keem? have you been up minaun? that's a good one if you are into extreme driving today smile,positive
i really must go see power rangers again. smile,positive
maybe i do,positive
maybe i don't,positive
who knows :d,positive
broadcaster says fly away reminds him of early happy,positive
great night! hope you enjoyed the strip club after happy  thx for photo,positive
right i seriously need a decent butterfly tattoo design,positive
if anyone has got a design or could find me one i would be so grateful to you :d,positive
thanks for the recent follow. much appreciated happy   want this ?,positive
thanks for the recent follow happy to connect happy  have a great thursday.,positive
good evening happy,positive
i always knew you woyould like this one better :d hahaha.,positive
sure do! happy,positive
yes it would have if it hadn't been for those meddling clouds smile,positive
gamer follow train!follow meretweet thisfollow all who retweetedgain active followers happy  450,positive
thanks for sharing my iris photo. i really appreciate it smile,positive
rt for 13 ffs-it's not much but they're free-legit-free but follow me first to get them quicker-be patient i will g,positive
myth is a good team,positive
but genix deserves so much more than myth! open your eyes the community want,positive
hellooo.. happy  satans-daughter (taylynnox),positive
mutual: let's talk more!me: for sure!mutual:  happy  me:,positive
hellooo.. happy  lil strait (daddyy_rat),positive
are you also attractive to liza soberano? happy,positive
pfft- crying with joy  oh.. i hope year oldu're okay,positive
papa bird? i hope year oldu don't mind? because i want to stay with year old,positive
hellooo.. happy  kyle davies (rebelbyacause),positive
opera nirjhor as long as they are not claiming to be the first one :d /rosi,positive
will miss it but i'm on an open education seminar in palestine happy,positive
stats for the day have arrived. 1 new follower and no unfollowers happy  via,positive
wow! my friend dara shared this from her hubby!!! he looks terrific. :)order yours here -,positive
annapurna studios production no.29 on floors tomorrow. in this heat we are going to turn on the heat happy  can't expre,positive
will there be a new amazingphil video today? happy,positive
veronice and jughead! happy,positive
cpl swallows just gone over the house. heard them whilst flying my drone.. happy,positive
who wants some good vibes? watch this on youtube or tv100 application now for free happy,positive
we've 80 so far in our collection of 150+! happy  new gin menu coming soon as well!,positive
that would be a great trick happy,positive
i don%27t know he looks so cool crying with joy,positive
hellooo.. happy  pussy (creepz_x),positive
on snapchat happy,positive
enjoy smile  h.e.r.,positive
rt if you hate me crying with joy,positive
die evil raven! :d,positive
never give up on the things that make you smile happy,positive
stats for the day have arrived. 1 new follower and no unfollowers happy  via,positive
haha thanks fansnim! happy,positive
i took a full drink into my uber; i guess you could say instant message pretty wild. these are the tuesdays we'll never forget happy,positive
it's a very cute picture though :d,positive
play your part in raising funds for :,positive
ohh yeah and we had sausage with our pancakes happy  x,positive
especially for people who have low patience level happy,positive
online shopping timmeee. anyone got good site suggestions? happy,positive
not really i am a labour supporter and am actually quite glad happy  i mean how much did he claim in 2009 fuck off,positive
issa throwback. happy,positive
ouuuuu..... right in the jewels! :d,positive
your an inspiration to everyone miss jones happy,positive
feeling myself,positive
got on my favorite boot cut jeans and roshe runs. no girl is safe today. have a blessed 4/20 all smile,positive
uncheck new arrivals happy,positive
avi for my man :)phone made like always wink,positive
hellooo happy  ross chaplin  (masoncooper4),positive
i write fiction. some pr knob who writes sentence fragments on an ipad next to the shoreditch house piss off,positive
love this!,positive
instant message perfectly fine :d how about you fellow ken,positive
the displayport to hdmi turned up so we back on to  screens o/ 5 days to get the dual pc stream setup sorted (lol) :d,positive
pips singing let it snow crying with joy,positive
let me eat that cake! :d :p,positive
nah  over-rated happy  x,positive
you may draw your conclusions from any deviation from that level either in the direction of therapy or prevention,positive
does not matter,positive
as long as she's cool,positive
i'll like her happy,positive
teaser coming out today at 4pm!story,positive
music and direction by of my favourites by,positive
hey everyone me and harry have just had pancakes and maple syrup for breakfast . great way to start the day happy  miss you a,positive
cheers :d,positive
thanks for the recent follow. much appreciated happy  want this,positive
thanks for sharing my iris photo. i really appreciate it smile,positive
hey thanks for being top high value members of last week,positive
have a great,positive
i'm sorry but people have to  make a living happy,positive
i check beautiful news every single day,positive
it really is uplifting and inspiring,positive
plus i want to win that merc c63 silence  sooo! happy,positive
please let me meet taehyung hiks crying with joy  really hope i could win.this is my first cover,positive
year old i am commenting on all the new ladylike videos. trust me. not a troll,positive
just me killin time to say hey! :d,positive
celebrate hitler's birthday! =d,positive
just delivered my managing the online customer journey keynote at the autodesk partner event. incredible event,positive
there're time we shcj do/did something that dissapointed ot6,positive
there're time shinhwa do/did something,positive
well..human. that's all i,positive
new video out today happy,positive
merry christmas everyone happy,positive
big love for anne cox happy,positive
just a new happy,positive
hellooo happy  jackatkinson (jackat13),positive
thanks for the recent follow. much appreciated happy  get it,positive
thanks for the recent follow,positive
much appreciated happy   want this,positive
thanks for having me!! :d,positive
hellooo happy  xbox adhatter (xboxmadhatter),positive
is the rocksoc still going? i was there at the beginning smile,positive
wow whattay decision both parties celebrating :d,positive
free market is tops!!! real human rights sound great to me,positive
thanks for your articles. b,positive
hahaa i'm second best always happy,positive
hellooo happy  kt bear (ffabear),positive
superstar thanks so much for the kind words! look forward to seeing you soon buddy smile,positive
yes... kind of funny and creepy at the same time  happy,positive
ministers of pmln are happy like those students who never studied for exams  luckily exams got delayed. they'll still ha,positive
if you can send me a dm with your postcode i can check a few of your local stores. look forward to your reply happy  - nathan 2/2,positive
petronas blue/green isnt that far away from billy monger blue/green.  just a thought happy,positive
i have tested all sweet dishes but they are not as sweet as my lovers lips :)marvoree magpasikatonshowtime,positive
ma de tonight i don%27t really care crying with joy,positive
had a fun welcome back to taping! first day for happy  mainit. pawisan. dirty. i really miss this,positive
oh you american cultists :d,positive
hi stefan :)i am pretty confident this is isolated case and i would be glad to help with it.could you dm me,positive
hellooo happy  pixelsavage (pixel_savage_yo),positive
i feel that way about life and is what gets me through everyday in a positive mood! happy,positive
your life is a reflection of the way you think. if you change the way you think,positive
you change your whole life happy,positive
more kid/parent friendly spaces like this please.,positive
that would be a great trick happy,positive
va astept la acest eveniment! :)next events:,positive
thanks for the recent follow happy to connect happy  have a great thursday.,positive
.listen to this beautiful video of her si,positive
mutual: let's talk more!me: for sure!mutual:  happy  me:,positive
happy birthday crying with joy  yoyour so so cool and i hope yoyour day goes super good,positive
hellooo happy  cjay (cjay_100),positive
thats sooooooooooooo sick!!!! xd thanks so much for making it kin!! i love it! :d,positive
that would be a great trick happy,positive
i think i've finally figured out the tattoo i'm getting in august :d,positive
so excited for ball to start smile    my baby is in minor b and i absolutely love watching them play,positive
playing with the photo editor happy,positive
thank you! happy,positive
hellooo happy  bluey (xblueys),positive
i love you so much rui-chan smile  smile,positive
hellooo happy  xbox adhatter (xboxmadhatter),positive
mine isn't.  they back jeremy 100% i'm pleased to say happy,positive
i dedicate this song to,positive
thanks brother,positive
stay cool,positive
keep loving deepika,positive
ban ja hero :d,positive
made new logotypes for really fun to work on  you should follow if you want to keep yourself updated,positive
shut up,positive
you don't ever have to thank me j hunt,positive
i'll always be there. love you happy,positive
dispo 3lans happy,positive
laughing out loud so cuteee happy,positive
thanks for the recent follow happy to connect happy  have a great thursday.  want this ?,positive
thanks for the recent follow happy to connect happy  have a great thursday.,positive
that would be a great trick happy,positive
sir ash ketchum and princess may. happy,positive
this guy got me into exo back in 2013. he was also my very first bias in kpop. to be honest i miss him so much. happy birthd,positive
thanks for the recent follow happy to connect happy  have a great thursday.,positive
hi yolandi,positive
thanks so much for following us! we'd love to know what you think of our flooring range happy,positive
that's the law of nature happy,positive
thanks happy,positive
get your own rover :dthey are double sided! check it out shipping: worldwide!,positive
prettier 1.0 is not the end. i just released 1.2.0 that fixes another batch of edge cases happy,positive
thanks for the recent follow. much appreciated happy  want this?,positive
.thanks so much for the rt,positive
and have yourself a groovy thursday!  happy,positive
your always welcome thank you sa treat sa susunod ako happy,positive
these are for  happy,positive
slayin_bodies going live...please tune in...thank you happy,positive
made my day! great story happy,positive
i will do happy,positive
thanks for the recent follow happy to connect happy  have a great thursday.,positive
maybe? definitely! happy  also,positive
try the front door,positive
it may be open happy,positive
thanks for the follow,positive
have a great week!! happy,positive
haha! i would love to work for a train company :d be a great dream come true!,positive
dumbing down of popular entertainment is an important issue.,positive
hey thanks for being top new followers this week! much appreciated happy,positive
i swear sometimes it's cool to break some mutuals happy,positive
........yeah sure happy,positive
go to five below. you can get a decent protective case that's cute for 5 bucks happy  it's where i got mi,positive
hey thanks for being top new followers this week! much appreciated happy   want this ?,positive
thanks for being high value member  this week,positive
much appreciated happy,positive
i love laying in a meadow of flowers listening to mellow's music ...a great way to relax smile,positive
not going to burst more data crying with joy,positive
thanks for the recent follow happy to connect happy  have a great thursday. want this,positive
thanks for the recent follow. much appreciated happy   want this ?,positive
i say keep with it. happy,positive
in case you missed it,positive
i released a new video about game genres.rts are super appreciated happy,positive
thanks for the recent follow happy to connect happy  have a great thursday.,positive
dude,positive
this freaking chapter of one piece!! it's definitely a good one! :d,positive
who wants some good vibes? watch this on youtube or tv100 application now for free happy,positive
no worries happy,positive
nitpicking,positive
i know. happy,positive
and the hype is real happy,positive
fl design done by me  inspired from fl  hopyou you all love it,positive
bambam talks the most tonight :d,positive
my favorite hobby is finding the negative in a positive thing happy,positive
hey thanks for being top new followers this week! much appreciated happy   want this ?,positive
ah,positive
sorry about that. you can always ask us to follow you so you can dm you happy,positive
after that i was charged because of the driver happy  after waiting in the sun for 10 minutes! ten!,positive
to win draw for free download of for celebrate with us. developed by for,positive
true,positive
they pinched him on a free? his quality on fm smile,positive
csgobounty giveaway - 1 random key. 25 retweets,positive
random winner :d retweet and like to be able to win happy,positive
thanks for the recent follow happy to connect happy  have a great wednesday.,positive
you are welcome happy,positive
this makes a great point,positive
i really liked  happy,positive
superstar thanks so much for the kind words! look forward to seeing you soon buddy smile,positive
can you do that when player kills you. then the player rank would show up. happy,positive
true! u can waste a day in social media and reading websites. on the other hand,positive
idea of saying no to almo,positive
i love him so much i want to kindly stroke his penis :d,positive
thanks,positive
i'll give it a try happy,positive
i would say quite a lot...but hey,positive
that's europe,positive
rather than the uk,positive
isn't it? smile  britain co,positive
yo thank you for over 15,positive
515 subscribers!!!! :dthe continues!,positive
thanks for the recent follow happy to connect happy  have a great thursday. want it,positive
last retweet about happy,positive
hello everyone,positive
have a great thursday! looking forward to reading your tweets happy   want this,positive
apr. 26th beach house! dinner+music+ party with oldies goldies happy  buffet / bbq 40tlbeer-  wein10tl raki12.5tl h,positive
we've been selected among the top 20 social media blogs,positive
woot! smile,positive
thanks for the recent follow happy to connect happy  have a great thursday.,positive
i wanted $25 million and they were only offering 24. smile,positive
give away random rt! for a chance to win a 10usd itunes or gp gift card! winner will be selected in a few minutes happy,positive
share the love: thanks for being top new followers this week happy  get it,positive
thanks for the recent follow happy to connect happy  have a great thursday.  get free?,positive
thanks for the recent follow happy to connect happy  have a great thursday.  want this,positive
thanks for being top engaged community members this week happy  (want this? it's free!,positive
what a beauty he scored the other night!! hope we get him too happy,positive
and you were there happy,positive
haha! very good tweet mate happy  heard your a big boy account! the king shit happensould we say happy  any chance of a shit happens,positive
thanks for the recent follow happy to connect happy  have a great thursday. want this?,positive
i appreciate the sentiment but i couldn't do that. happy,positive
younger. softer. crying with joy,positive
happy many days,positive
months and years of bonding and happiness  family mclisse starmu,positive
thanks for the recent follow happy to connect happy  have a great thursday.,positive
i'm happy   happy,positive
yes! with subtitles only happy,positive
thanks for the recent follow happy to connect happy  have a great wednesday. want this,positive
co,positive
thanks for the recent follow happy to connect happy  have a great thursday. get it,positive
thanks for the recent follow happy to connect happy  have a great thursday.,positive
thank you! happy,positive
that would be a great trick happy,positive
thanks for the recent follow. much appreciated happy   want this ?,positive
thanks for the recent follow happy to connect happy  have a great thursday. want it,positive
[bot] i'm not perfect happy,positive
retweet if you are with us? kaway kaway family :)mclisse starmusicifwefallinlove,positive
we have a few breweries in the uk too.... smile,positive
thanks for the recent follow happy to connect happy  have a great thursday. want this?,positive
thanks for the recent follow happy to connect happy  have a great thursday.,positive
i've had it since december  my hairs stopped snapping off! it's made a massive difference! get the,positive
be happy,positive
love happy,positive
that would be a great trick happy,positive
do it like it's legal sweaters  ..more designs available at,positive
great groove to this tune by and .. thinking in rewind,positive
mrs king is excited to work with students today! check out this cool classroom shape! lots of math in here happy,positive
$es_f $spy  bulls are just relentless  happy   some setups i like today,positive
thanks for the recent follow happy to connect happy  have a great thursday.,positive
thanks for the recent follow happy to connect happy  have a great thursday.  want this,positive
thanks for the recent follow happy to connect happy  have a great thursday. want this,positive
you know that the problem still exist :d,positive
thanks for the recent follow happy to connect happy  have a great thursday. get this,positive
- top engaged members this week happy,positive
ngam to  weeks left for cadet pilot exam crying with joy,positive
great! you're welcome josh happy  ^adam,positive
sixth spot not applicable team! higher pa! :)kisses thefashionicon,positive
pak pm survives removal scare,neutral
but court orders further probe into corruption charge.,neutral
supreme court quashes criminal complaint against cricketer for allegedly depicting himself as on magazine cover.,neutral
art of living's fights back over yamuna floodplain damage,neutral
livid.,neutral
fcra slap on ngo for lobbying...but was it doing so as part of govt campaign?,neutral
why doctors,neutral
pharma companies are opposing names on,neutral
why a bicycle and not a cm asked. his officer learnt ground reality -- and  a dip in a river.,neutral
it's 2017. making law to ban and mha is sitting on draft.,neutral
rivals govts unite to act against sex-determination tests.,neutral
haryana peasants demand justice for right to cattle trade.,neutral
why schools in calcutta (and elsewhere) are stunned by imposition plan.,neutral
why renamed places in,neutral
oooh! the shame,neutral
the trauma... of driving without the red,neutral
flashing light. (and paying for parking).,neutral
now have to learn to live without that flashing red light.,neutral
bjp leaders in the dock,neutral
lose their light,neutral
naming game,neutral
and more. also in epaper.,neutral
uk parliament votes by 522 to 13 in favour of early national,neutral
april 19 1906: nobel laureate pierre curie was run over by a horse-drawn wagon near the pont neuf,neutral
paris,neutral
and killed,neutral
india to end culture of sirens on cars.,neutral
from may 1,neutral
only on vehicles: gadkari.,neutral
no from now on cars of pm,neutral
ministers: transport minister nitin gadkari after cabinet meet.,neutral
44 feared killed as bus falls into river tons in nerwa area of district: police.,neutral
bsf dismisses constable tej bahadur yadav from service after a court of inquiry. bad quality food allegations were base,neutral
jawan tej bahadur yadav,neutral
who took to social media complaining of bad food,neutral
dismissed from service after inquiry.,neutral
u.s. to review lifting of sanctions on iran: tillerson,neutral
huge haul of milk-boosting hormone in calcutta.,neutral
good news from it seems are thriving at valmiki reserve.,neutral
in sushil modi lists property chain.,neutral
3 queens take centrestage.,neutral
a peek into fir against leaders in case.,neutral
spurned by mom,neutral
this baby at calcutta has died.,neutral
india may make it illegal for social messaging platforms to share personal data.,neutral
why extradition could take ages.,neutral
march 20. plus 15 days. equals...,neutral
kp nayar on why discrediting military justice system will not help case.,neutral
sharad wants gujarat cm arrested for trying to push making meat a communal issue.,neutral
man shouts at wife in family court. and walks out.,neutral
overburdened says it may not be able to hold for college teachers this year.,neutral
president backs move to make mandatory up to class x.,neutral
nationalist trend spreads-- tightens rules to shield local jobs (and keep out indians).,neutral
visa 'selfie' by cbse's plans,neutral
blessing,neutral
cloud over and more. also in epaper.,neutral
scotland yard arrests in london,neutral
but court grants him bail.,neutral
liquor baron declared a proclaimed offender,neutral
on extradition warrant: scotland yard.,neutral
british prime minister theresa may says she wants to hold early election on june 8: reuters,neutral
quoting bbc,neutral
supreme court seeks govt's response on a plea to frame national policy to promote and,neutral
jk: schools  colleges shut down after clashes,neutral
demands presidential rule,neutral
beetle from grips litchi crop in,neutral
supreme court asks govt to explain why need pre-censorship.,neutral
us nsa h.r. to arrive in today; to hold talks with nsa,neutral
why you should shun water at beaches.,neutral
having lost kerala bypoll,neutral
won't have to keep its promise of 'good quality,neutral
so,neutral
is -- and not to blame for stipend crisis faced by 4000 scholars?,neutral
the middleman (or conman) nephew tapped to bribe election commission officials.,neutral
can  air india enforce fines on unruly passengers for,neutral
top law advisor backs use of human shield,neutral
but some veteran generals see breach.,neutral
arrest of a conman and bribe charges against nephew churns politics.,neutral
how cloaked debate in draupadi's robes.,neutral
draupadi and campuses in erupt,neutral
politics,neutral
and more. also in epaper.,neutral
cbi books 12 leaders in case.,neutral
supreme court summons boss,neutral
orders sale of slice.,neutral
sc summons home secretaries of west bengal,neutral
up,neutral
karnataka,neutral
tamil nadu,neutral
bihar  jharkhand for nice try filling police vacancie,neutral
manini chatterjee on why writings are still an indictment of india.,neutral
why wants paper trail in elections.,neutral
govt to set up panel to study service conditions of paramilitary forces.,neutral
amit roy on an potboiler.,neutral
muslim body lays down code of conduct during divorce,neutral
but won't ban,neutral
modi's call to ensure justice for women facing evil customs.,neutral
pm's pitch for sisters,neutral
board's stand on an potboiler. and more. also in epaper.,neutral
why the always meets this man when he visits eastern india.,neutral
secessionists in and the next generation.,neutral
in 7days: secessionists,neutral
tete-a-tete with a former president,neutral
a dying language,neutral
and more.,neutral
farooq abdullah wins seat -- with just 4% of total votes.,neutral
no govt probe yet into video on by army.,neutral
as learns to follow rules,neutral
funds for poor students dry up.,neutral
from panchayat to parliament seems to be boss amit shah's goal.,neutral
why the pm may hang out,neutral
but you should not.,neutral
a pm who hangs out,neutral
lotus garden dreams,neutral
cash lock on jnu students and more. also in epaper.,neutral
7 coaches of meerut-lucknow rajya rani express derail near rampur,neutral
uttar pradesh video:,neutral
counting of votes for to lok sabha constituency begins.,neutral
what calcutta is doing to get mom to accept her calf.,neutral
to stress dress code,neutral
mecca issues picture cards.,neutral
security on border put at risk by trade.,neutral
with national body meeting,neutral
readies stage for 2019.,neutral
6 features of extended stay in,neutral
bsp boss is not averse to joining forces with non-bjp parties.,neutral
army under fire after alleged tactic in,neutral
the untold love story of and ayesha mukherjee.,neutral
vile tactic in valley,neutral
a love story,neutral
a giraffe spurns its calf,neutral
gandhi  champaran,neutral
and more. also in epaper.,neutral
man seen tied to army jeep in video from jk identified,neutral
while the unit involved was pti,neutral
quoting officials,neutral
3 arrested in connection with of men on polling day in budgam on april 9: police.,neutral
hijacked indian dhow al-kausar released,neutral
good show by pales next to 329% jump in imports.,neutral
transparency in looking for india's ranking? start at the bottom.,neutral
how to stop (and loot) a express with just a coin.,neutral
states rename roads to duck ban on but top court won't step in till after summer break.,neutral
research seats at hit again as regulator tightens rules for guides.,neutral
how lost its deposit in rajouri garden stronghold.,neutral
in bengal trinamool vote share goes up,neutral
but surges to runner-up slot.,neutral
3 men die trying to save friend from on,neutral
what results mean for others.,neutral
half full,neutral
half empty for cloud over research,neutral
breather for highway booze,neutral
and more. also in epaper.,neutral
setting up court at home,neutral
justice asks chief justice of india,neutral
bench to appear before him.,neutral
dargah trust volunteers in sc to clear in 908sq metre.,neutral
president clears for pieces of supporting legislation related to,neutral
by-polls: retains kanthi dakshin,neutral
retains assembly seat,neutral
7% voter turnout in kashmir's re-poll,neutral
all you need to know about election commission's 'open challenge' to hack,neutral
foreign journalists in north korea gather for 'big event' amid tensions,neutral
rehearsing for and more. in our guwahati epaper.,neutral
cops dug out these to  healers who were buried alive for practising,neutral
bihar sets rs25lakh fee for who skip after subsidised education.,neutral
a visit to retracing trip.,neutral
why may not show in,neutral
did the supreme court chicken out while deciding on,neutral
how (but not failed govt's birthplace test.,neutral
10 years,neutral
rs 42 crore needed to repair damage to floodplain from event.,neutral
try hacking india's election commission challenges all.,neutral
never wanted cows to become  a burden on farmers,neutral
pawar points out.,neutral
bounty on savarkar on yamuna damage bill,neutral
sita's birthplace,neutral
and more. also in epaper.,neutral
20 ias officers in including principal secretary information navneet sehgal,neutral
transferred in 1st major shuffle by,neutral
centre moves against supreme court verdict lifting shield.,neutral
crusader pleads for saving,neutral
sangh puts up show of strength in,neutral
india,neutral
to look beyond defence during visit.,neutral
murder of pune activist fuels fears against revived upa clause in law.,neutral
in few tears for father of 3 killed by stones.,neutral
sukanta chaudhuri on and what it means for indian,neutral
scraps pension yojana. cycle tracks may also be broken,neutral
say sources,neutral
subir bhaumik on why in should worry calcutta,neutral
guwahati.,neutral
even benchmark for pro-poor leader seems to be,neutral
how had offered india consular access to,neutral
pak terms for access,neutral
model for modi,neutral
activist is killed,neutral
and more. also in epaper.,neutral
defence partnership,neutral
preliminary enquiry by against health minister for alleged money laundering.,neutral
menu at dinner: praise for and more praise.,neutral
why body will not pull up either or,neutral
chain of wrong drugs. no senior doctor to check. then death. all this at delhi.,neutral
what to  men said when cops found carcass in car boot...,neutral
how bypoll was put off-- on ruling combine's request.,neutral
admission of defeat in kashmir,neutral
tougher road laws,neutral
leander and mahesh get away,neutral
and more. also in epaper.,neutral
pm and australian pm at temple,neutral
pak court sentences to death for spying.,neutral
lok sabha adjourned for 3rd time till 1.50pm as opposition uproar over leader tarun vijay's remarks continues.,neutral
cong forced to  adjournments in pre-noon session over alleged misuse of ed and cbi against opposition chief ministers.,neutral
the how and why of (or,neutral
how not to bore your friends).,neutral
few takers in for mamata's torsa plan.,neutral
govt mulls giving power to award to teachers.,neutral
some see hope in comments.,neutral
not  a girl reared by monkeys,neutral
after all.,neutral
fewer pollution,neutral
paddy fields could be to blame.,neutral
8 killed in election violence,neutral
record low turnout.,neutral
road safety crusader to fight bid to bypass order on highway,neutral
badly equipped surgery,neutral
panic and deaths. at india's top hospital.,neutral
killed in deaths in not girl after all. and more. also in epaper.,neutral
indian navy ships respond to piracy attack on foreign merchant vessel in gulf of aden,neutral
all you need to know about 2017 across eight states video:,neutral
3 killed,neutral
several injured as mobs storm polling booths; low 3.3 % turnout till 11 am,neutral
mukul kesavan on how  justifies even though it controls the machinery of the state.,neutral
we,neutral
the people of are going back to a economy,neutral
numbers show.,neutral
no supporting any activity that is violent...against the law: ram madhav.,neutral
india has changed,neutral
the has to re-invent itself,neutral
ram madhav tells,neutral
3 quaint digs for those on a budget (or even less).,neutral
full interview inside in 7 days.,neutral
calcutta's suddenly cannot have enough of mother's dishes --but outsourced from outlets.,neutral
there is no barometer for patriotism,neutral
ram madhav tells in a wide-ranging interview.,neutral
in 7 days: qa with ram madhav,neutral
road to economy,neutral
home-cooked food,neutral
and more.,neutral
a to tackle less wheat,neutral
mangoes,neutral
chicken; more pulses,neutral
veggies,neutral
mutton,neutral
govt to go after militants with 'utmost harshness',neutral
ram madhav tells,neutral
5640 is less than 155 in world,neutral
as she opts for over,neutral
modi promises early deal. but...,neutral
modi takes plunge,neutral
raje's stock-home syndrome,neutral
strategy,neutral
and more. also in epaper.,neutral
andhra govt to turn a into a museum.,neutral
for private airlines follow in revoking flying ban on sena's,neutral
man arrested over truck deaths suspected to have carried out attack.,neutral
22 agreements signed,neutral
but water pact remains elusive for india,neutral
vijayvargiya dares to arrest leaders.,neutral
theme village on or a sanctuary?,neutral
reservoirs to financial deal,neutral
works on options to get backing on,neutral
sunanda k datta-ray on why political ethos must be faulted for the racist attacks on students.,neutral
how lawmaker ticked 3 boxes: supremacist,neutral
upper-caste,neutral
hindi-belt party.,neutral
modi's gesture for bjp's spot,neutral
air india lifts no-fly ban on mp,neutral
and more. also in epaper.,neutral
in stone-pelters miss mehbooba's brother but he gets the message.,neutral
a tale of to  prime ministers,neutral
told by gst.,neutral
modi had tested waters with letter to on,neutral
as lands in delhi,neutral
an untold story of how pranab mukherjee nixed plan to unseat her.,neutral
close shave for passengers of and planes at delhi airport.,neutral
what sushma forgot in racism sermon: modi,neutral
mms too had cried racism while oz was probing indian attacks,neutral
supreme court asks 6 states to explain why vigilantes should not be banned.,neutral
perfectly happy with the players we've got,neutral
sanjiv goenka tells,neutral
bengal in a fix over bars: pay for repairs,neutral
or let take a hit?,neutral
how sword-wielding processions left gaping.,neutral
5 kids orphaned: their parents were branded and hacked to death.,neutral
air india to tighten security at mumbai  pune as threatens to stall airline's operations there.,neutral
rbi keeps policy rate unchanged at 6.25%.,neutral
sena's apologises in parliament,neutral
but won't say sorry to man he had assaulted.,neutral
china lodges protest with india's ambassador in vijay gokhale over the visit to arunachal pradesh: foreign ministry.,neutral
no change in word limit in rti queries; no application will be rejected only on the ground of containing more than 500,neutral
kp nayar on why narendra modi can be satisfied with his policy.,neutral
in court's limit of 500m leaves very few watering holes (and is dry).,neutral
voting pattern shows cofounder,neutral
wife were split over coo,neutral
what did for some stretches of highways (to save bars?).,neutral
riddle over 'formerly' tag on collection.,neutral
mystery over art,neutral
roads,neutral
what 500m is in and more. also in epaper.,neutral
trump repeals obama-era broadband rules.,neutral
high court orders govt to waive of all drought-hit farmers.,neutral
india's old ties with should continue to be nurtured,neutral
says kanwal sibal.,neutral
bengal looks at ways to change classification of to bypass order.,neutral
after sc ban,neutral
worries about unsold stocks.,neutral
up: to hold his 1st cabinet meeting today,neutral
big decisions expected,neutral
trump signs repeal of u.s. broadband privacy rules,neutral
a initiative helps generate shield in sundarbans.,neutral
india plans to deport refugees.,neutral
education rankings throw up surprises.,neutral
after attacks,neutral
envoys upset by silence of and,neutral
why african envoys are upset,neutral
best colleges and varsities,neutral
ill-fitting dentures,neutral
and more. also in epaper.,neutral
to know about the safety features of watch special interview with dr. ajay bhushan pandey,neutral
ceo today at 7,neutral
mohandas pai backs murthy against coo pay hike.,neutral
somali grab indian with 11 crew members.,neutral
corrected. thanks.,neutral
poll data show still rules the roost in,neutral
big story: african envoys slam indian govt for not condemning gr noida attack enough; say no visible,neutral
sufficient measures,neutral
mcd polls: releases second list of 127 candidates,neutral
daddy dearest,neutral
grooming season dawns in madhya pradesh,neutral
sc to hear petition challenging bombay hc order on beef ban,neutral
keeping an eye on your house,neutral
fixing iphone storage issues and more. in,neutral
why india is not ready for manipulation in human embryos.,neutral
virulent are going against india's culture (and census),neutral
says manini chatterjee.,neutral
son of chief minister reveals his political ambition.,neutral
why should only private doctors face punishment?,neutral
how is going against the wave of transparency in,neutral
india's opaque law,neutral
bengal wishlist,neutral
virulent and more. also in epaper.,neutral
the timeline.,neutral
diary items,neutral
what do religious have against atheists and,neutral
at balagarh in the dying art of,neutral
generation to generation,neutral
indignation remains well-fed,neutral
writes sonia sarkar.,neutral
a few reasons to celebrate the uncelebrated,neutral
and sing the song of the sullied.,neutral
in up,neutral
carcasses found at home of govt doctor into drugs.,neutral
in 7 days: kashmiri indignation,neutral
begum jaan,neutral
vanishing boatmakers,neutral
and more. also in epaper.,neutral
what happened to restaurants along highways after ban on bars.,neutral
flutter at trial raises fresh scare about accuracy.,neutral
bypassing highway ban,neutral
trial raises rigging fears,neutral
killers to hang,neutral
and more. also in epaper.,neutral
why sena lawmakers are opposing harsher steps for those assaulting public servants.,neutral
delhi police has arrested md ajay chandra for not developing a project despite getting funds from investors.,neutral
ed finds leader chhagan bhujbal's connection with shell companies after conducting raids in and,neutral
convoy attacked on parimpora-panthachowk bypass in police,neutral
these are things that will get cheaper  costlier for you from april 1,neutral
saha's preference: one-dayers  t20s,neutral
ram guha on what he finds outstanding about shivshankar menon's book choices.,neutral
how theatre festival got muffled.,neutral
in case for costs ngo a contract for soup kitchens.,neutral
how to win friends and influence people. with cows.,neutral
for first time in 3 decades,neutral
rate falls below 8%.,neutral
scientists build case for against bites,neutral
contact.,neutral
india's supreme court shuts highway booze hatch.,neutral
how became a avenger with no mercy.,neutral
gujarat turns avenger,neutral
prices slashed,neutral
case for bat and more. also in epaper.,neutral
8 core sectors slow down to 1% in feb 2017 against 9.4% in feb 2016.,neutral
govt cuts rates on schemes marginally.,neutral
two indians kidnapped in south sudan released,neutral
justice faces supreme court,neutral
gets for weeks to reply in case.,neutral
india using to tackle insurgents.,neutral
india readies $5bn credit line for as backup.,neutral
no relief yet for sellers in,neutral
in new tv channel's bedroom journalism on trial.,neutral
india rushes to put out fire.,neutral
7 indian to scrap tags for handbaggage.,neutral
supreme court may hear key cases during summer break.,neutral
apex court puts work first,neutral
hotel fire in calcutta,neutral
bedroom journalism on trial,neutral
and more. also in epaper.,neutral
ngt punches holes in delhi fuel supply chain with ban on old tankers.,neutral
z-plus cover for uttar pradesh chief minister,neutral
not a single idea from opposition on clean says,neutral
make in built in westward ho! for calcutta estate. read,neutral
no stamping  tagging of fliers' hand baggage at 7 major from april 1.,neutral
52 injured as jabalpur-delhi train derails near half train carries on after delay.,neutral
latest attacks on african students threaten india's most intense diplomatic outreach to continent,neutral
the first group of locals came forward yesterday with cakes and cards for african victims of racist mob violence,neutral
who in drive to check errors.,neutral
ugc extends funding scheme for,neutral
eight coaches of derail near station in uttar pradesh,neutral
nine injured: cpro north central railway.,neutral
sc to hear various petitions on the constitutional legitimacy of today,neutral
when protestors in began trying to rescue trapped,neutral
did just bring into the sharing issue?,neutral
to  days to sell 96000 trucks  buses,neutral
670000 bikes,neutral
16000 cars and 40000 autos.,neutral
824000 new vehicles trashed,neutral
home truths,neutral
dhaka talks chinese and more. also in epaper.,neutral
music legend will receive his diploma and medal in stockholm in the next few days,neutral
nashri tunnel: pm to inaugurate india's longest road tunnel video:,neutral
toshiba approves chapter 11 filing for nuclear unit westinghouse: nikkei,neutral
on epic migration  campaign that ended its slaughter in pit stop.,neutral
abha narain lambah on her mission to restore capitol complex in,neutral
only to  ways to tackle world's says prabhat patnaik.,neutral
fear and outrage among students from in delhi,neutral
in varsity,neutral
mood is against communalism,neutral
and hijabs stand for not radicalisation.,neutral
militant wing welcomes but asks him not to speak against,neutral
3 shot dead in as protestors try to rescue,neutral
for this visiting prime minister,neutral
spell endures.,neutral
perch on the peak,neutral
african hunt in noida,neutral
kabali's spell,neutral
and more. also in epaper.,neutral
this mighty albatross carried missile torpedoes,neutral
depth charges  sonobuoys.pse note the 'msl-torp' getting released,neutral
going through paces of decommissioing. very poignant moment for in/ air arm - to  give a send off to  a true war horse,neutral
attacked in five arrested,neutral
cm assures impartial probe,neutral
ashok v desai notes that is yet to say a word on whether achieved its goals.,neutral
govt looking at getting sena mp out of list.,neutral
what supreme court said about welfare schemes and proof.,neutral
india's force wants 20 mps named and shamed for antics.,neutral
44 days of extreme that's the prediction for,neutral
heat wave coming,neutral
handling bullies,neutral
and welfare,neutral
and more. also in epaper.,neutral
a 7-judge bench has to be set up to hear the pleas challenging but right now it is not possible:,neutral
govt,neutral
however,neutral
cannot be stopped from using in other schemes like opening of bank accounts,neutral
says,neutral
government cannot make mandatory for extending benefits of its welfare schemes:,neutral
manini chatterjee on how the is adopting all the of the of yore.,neutral
life in a dark corner of has become magical after villagers got their 1st this year.,neutral
when gave this mp a bus all to himself to board flight...as 'goodwill',neutral
ignorance and shape indians' attitude towards,neutral
some diplomats worry over choice of as chief minister.,neutral
mp sushmita dev's plea to keep out of takes wings online.,neutral
bjp's flagging campaign,neutral
and modi's comment.,neutral
envoys  worry over india and taxing sanitary napkins,neutral
clue,neutral
and more. also in epaper.,neutral
the iconoclasm of carnatic exponent and how he is moving beyond the the artificial boundaries.,neutral
for matthew hayden,neutral
india versus australia is holyfield versus tyson,neutral
puritans and critics be damned,neutral
is effective and his figures show that.,neutral
what means to mathew hayden.,neutral
sajeda momin on why as cm is a logical milestone of the death of the,neutral
on electile dysfunction (among losers),neutral
the case for and electoral reforms.,neutral
how self-belief has kept him on top of the game.,neutral
despite its it edge,neutral
can't defend its digital assets from,neutral
how tm krishna took beyond fixed formats,neutral
venues and audiences.,neutral
in 7days: cricket's commoner prince,neutral
adityanath's rise,neutral
calcutta's timekeepers,neutral
and more.,neutral
the tick-tock brotherhood that keeps calcutta's old running.,neutral
how 4000 punjab cops spent night preventing by filling breach in wall with,neutral
cash rewards likely for doctors following correct protocol.,neutral
why india is trying to seal with,neutral
can a man equated with the great leap backwards talk of asks mukul kesavan.,neutral
centre overrides bengal,neutral
sets 1 for 800,neutral
000 seats across 3400 colleges.,neutral
kp nayar on why failure to repeal is a wake-up call for him.,neutral
wake-up call for trump,neutral
progress or the great leap backwards,neutral
electile dysfunction,neutral
and more. also in epaper.,neutral
development of all,neutral
appeasement of none is the policy of my govt,neutral
says up chief minister yogi,neutral
delhi cm put on trial in a criminal defamation case filed against him by union minister arun jaitley in matter.,neutral
up female cops take selfies while guarding acid attack victim in hospital,neutral
suspended,neutral
sunanda datta-ray on the journey from light to,neutral
modi govt to consult on before talking to,neutral
car sales recover from in all regions -- barring east and,neutral
shashank manohar to stay on as chairman till june meet.,neutral
in bengal,neutral
made to trek 2km to fetch water for,neutral
what industrialists did when asked them a question on,neutral
so,neutral
and share a bugbear.,neutral
why a list may not be a good idea.,neutral
india's list,neutral
quiz for industry,neutral
common bugbear for india and and more. also in epaper.,neutral
ed issues notice to for violation of provisions to the tune of rs 73 crore in ipl.,neutral
vistara joins for pervert airlines in call for list after assault on air india manager by mp,neutral
supreme court asks poll panel if security of needs to be tested,neutral
as petitioner wants.,neutral
after assault on air india manager,neutral
mp put on no-fly list by for pervert airlines as well.,neutral
twitter explores premium version after 11 years as a free service,neutral
india's to go in 6 months.,neutral
administrators named for cricket body.,neutral
govt drops plan to slip in pseudo,neutral
1st round of talks held,neutral
without hawks.,neutral
in lucknow,neutral
the famed has to conform.,neutral
lucknow's falls,neutral
guns for bjp,neutral
govt ducks call for vote verifiers,neutral
and more. also in epaper.,neutral
unruly behaviour and violence on our aviation network is regrettable. each such incident will be investigated and appropri,neutral
7 arrested in attack case; police see link.,neutral
update: british police arrest seven in probe into attack on,neutral
7 arrested in attack probe.,neutral
british police probing background of terrorist.,neutral
bombay high court directs protesting resident in to resume duty immediately,neutral
swapan dasgupta on how elections have dashed hopes that would weaken.,neutral
people wanted to buy in bulk from govt,neutral
take it home to...well,neutral
nitish is not stupid.,neutral
in up ministry,neutral
keeps 36 portfolios for himself.,neutral
in bihar meet,neutral
to  ask questions-- and get to spend 6 hours with cops (but no answers).,neutral
40,neutral
000 join the 4500  already on in after assaults.,neutral
despair at after research seats are slashed.,neutral
7 in car crushed under tanker carrying molten tar.,neutral
how govt slipped in secrecy clause over by companies.,neutral
attack on westminster,neutral
cash cloak for parties,neutral
molten tar wipes out family,neutral
and more. also in epaper.,neutral
live: british police say there are casualties,neutral
including police in attack near uk parliament; cannot confirm number.,neutral
the today doubles annual contracts of india cricketers to rs to  crore,neutral
rs 1 crore and rs 50 lakh respectiv,neutral
tn farmers in skull protest in delhi,neutral
up cm bans paan,neutral
chewing in govt offices,neutral
hospitals,neutral
schools,neutral
colleges --for a healthy,neutral
ugly high-rises are taking over while grand structures are being ignored,neutral
bungalows razed.,neutral
committee constituted by the ministry has recommended that city taxis should be allowed to run on app based platforms.,neutral
chief minister bans paan masala,neutral
gutka,neutral
polythene in all government offices in,neutral
has just ordered a ban on all,neutral
who drafted challenge to high court order in case,neutral
bureaucrats wonder.,neutral
with 84% cut in research seats,neutral
most elite centres (including will have no intake.,neutral
crude 'architecture' is taking over the world's only city with for buildings by,neutral
crude buildings are taking over the only city in the world with for iconic buildings by,neutral
anti-romeo squad starts in lucknow video:,neutral
effigies burn on jnu strike after 84% research seat cut and affirmative action junked,neutral
kp nayar on why,neutral
for the way to europe lies through,neutral
after steps in,neutral
bihar to tell why govt rejected an idea.,neutral
how slashed research seats,neutral
why is key to europe,neutral
revisited,neutral
and more. also in epaper.,neutral
sc issues notices to centre,neutral
election commission on plea seeking scrapping of and other benefits given to,neutral
i'm one year younger to  one year elder to in,neutral
govt proposes limit of rs to  lakh on down from rs 3 lakh as proposed in,neutral
supreme court says final hearing of disputes case from july 11.,neutral
supreme court says it will auction aamby valley project if money is not paid by and others.,neutral
supreme court takes on record 'unqualified apology' tendered by bengal counsel,neutral
dismisses plea as withdrawn.,neutral
supreme court terms as 'unfortunate' the grounds cited by bengal govt in its plea against hc order asking cbi to take over case,neutral
supreme court refuses to stay cbi probe into sting in which several leaders were allegedly caught on camera taking money.,neutral
to visit today for the 1st time after taking oath as up cm,neutral
inhe sikhaiye!!! msy requests to teach ropes of politics..,neutral
patna zoo to sell nesting boxes for,neutral
patna's tires out machine.,neutral
protein from an australian venom may help victims recover faster.,neutral
why choice of as cm is giving up the jitters.,neutral
bjp rushes to shake off upper-caste tag.,neutral
in village,neutral
headmaster finds truant kids harvesting crop.,neutral
so,neutral
has agreed to teach the ropes?,neutral
a tutor for kids roped in for harvest,neutral
a telecom giant is born,neutral
and more. also in epaper.,neutral
britain to trigger brexit on march 29:,neutral
govt to merge bharatiya mahila bank with for greater services outreach to,neutral
high court grants stay on criminal proceedings against minister in case filed by mla mohua moitra.,neutral
the agitation is delayed by 15 days. the trouble will soon come..,neutral
bsp leader shot dead late last night,neutral
murderers at large,neutral
4000 migrated in 2015 to shield their capital.,neutral
after 65 years,neutral
bengal unit of finally gets a full-time chief.,neutral
no,neutral
minister,neutral
there is no project from india to test on the,neutral
haryana's have called off march to and siege of  parliament.,neutral
yogi vows to work for all.,neutral
after the bjp is certain it can get away with anything,neutral
says manini chatterjee.,neutral
after mass bunking,neutral
orders a weekly for all trainees.,neutral
fans of see him as a future pm.,neutral
yogi as pm,neutral
sunday holiday for recruits,neutral
on the moon. and more. also in epaper.,neutral
give a trial run for to  months,neutral
says,neutral
tells to give 2-month trial run. also disagrees is a vote for,neutral
centre mobilises 247 companies (about 24,neutral
700 personnel) of paramilitary forces in haryana,neutral
delhi  uttar pradesh in view of,neutral
government okays 33% reservation for women in state jobs,neutral
yogendra yadav on the future of india under why get it wrong,neutral
and more.,neutral
what does it take to be a in the eyes of the,neutral
parties led by can't seem to look beyond family for top posts.,neutral
in 7 days: the bjp's 'good dynastic parties,neutral
bengalis get their local again,neutral
and more.,neutral
set to take oath as up cm today,neutral
to be sworn in as deputy cms,neutral
bjp sees stamp missing in choice.,neutral
how bjp sold development -- and then sprang a hawk.,neutral
former captain michael john clarke on strengths of a team,neutral
leadership and more.,neutral
in a bjp govt with faces.,neutral
the graveyard echo in choice as chief minister.,neutral
bjp stuns with ugc letter a forgery,neutral
doctors split over bengal bill. and more,neutral
also in epaper.,neutral
yogi to be sworn in as chief minister on sunday afternoon.,neutral
yogi adityanath arrives at the venue of meeting of mlas amid talk that he will be named chief minister,neutral
'shocked' by hc order on handover to cbi,neutral
vows to move supreme court.,neutral
to retain tv innings.,neutral
whatever india offers the biggest issue is,neutral
calcutta hc sends case to cbi.,neutral
how went to meet,neutral
how rahul met hc gives to cbi,neutral
dig at amartya,neutral
and more. also in epaper.,neutral
hrd to stop funding research on  social exclusion,neutral
report,neutral
the oath taking of new up cm  to take place at 5 pm on sunday: keshav prasad maurya,neutral
hc directs to conclude preliminary inquiry within 72 hours and register fir,neutral
if required.,neutral
calcutta high court orders to probe sting operation.,neutral
no serious concerns regarding india captain 's shoulder injury,neutral
says,neutral
cloud over state boss keshav maurya's chances of becoming chief minister.,neutral
most likely to be elected as up cm: sources,neutral
india urges to talk to,neutral
what zoo is doing to mark,neutral
100,neutral
000 in villages are taught to google designs,neutral
recipes  skills.,neutral
hc scraps plea against jnu norms. seat cuts,neutral
100 per cent viva to follow,neutral
after surprise resignation by boss manohar,neutral
back to square one.,neutral
what happened to promised funds for,neutral
sudden blaze destroys bungalow.,neutral
no some bengal traffic cops do the with pen and  paper.,neutral
leaving out has weakened travel ban order for muslims,neutral
kp nayar says.,neutral
funds fear on research,neutral
too hot,neutral
death on 1st solo trip and more. also in epaper.,neutral
newly elected mlas to meet in lucknow on mar 18.,neutral
new delhi: health minister briefs media on live:,neutral
protected against tampering/manipulation: election commission,neutral
elaborate system in place to prevent misuse of evms: election commission,neutral
nia takes over investigations into bhopal-ujjain  train ied blast case,neutral
takes custody of 3 accused from bhopal police,neutral
no merit in claims that can be tampered with; such allegations are wild and baseless:,neutral
navjot singh sidhu sworn in as a cabinet minister of govt,neutral
greeted by cm captain amarinder singh,neutral
capt amarinder singh takes oath as 26th chief minister of watch live:,neutral
british dhc bruce bucknell with institute of entrepreneurs head manoj das discussing skill devt in ne at,neutral
akhilesh to meet newly elected sp mlas today,neutral
to decide on new legislative party leader  future course of action. will also,neutral
with 22 in support,neutral
cm to prove majority in assembly today.,neutral
why will be a smooth affair for today,neutral
when a man took his neighbour to court over pet dogs that bark at night-- and judge is a,neutral
regimes changes. bullying of police officers does not.,neutral
how returned to a warm welcome in,neutral
boss of india's largest cautions against waiving,neutral
laws cannot replace the trust and compassion between and,neutral
amit chaudhuri on and why it is hard to give up the experience of pleasurable pain.,neutral
subir bhaumik on how has cast a shadow over india's ties with,neutral
shashank manohar quits and how!,neutral
how boss quit,neutral
caution on loan waivers,neutral
arson on film sets,neutral
and more. also in epaper.,neutral
govt seems to have slipped in an in budget2017.,neutral
govt seems to have slipped in an in budget2017.,neutral
rohith's buddy's autopsy caught in distrust,neutral
rape-accused leader gayatri prajapati nabbed --after roaming in delhi,neutral
gurgaon and bengal.,neutral
municipal in to be held on april 22: state election commission,neutral
manohar sworn in as chief minister of,neutral
cm demands conducting mcd polls via ballot paper in place of evms,neutral
sc refuses to stop from becoming cm,neutral
but calls floor test.,neutral
finance minister has been given additional charge of ministry of rashtrapati bhavan,neutral
shri arun jaitley shall be assigned the charge of the ministry of defence,neutral
in addition to his existing portfolios,neutral
has accepted the resignation of shri manohar parrikar from the council of ministers with immediate,neutral
finmin arun jaitley given additional charge of defence ministry following manohar parikkar's resignation: rashtrapati bhav,neutral
no limits on cash withdrawals from today,neutral
parrikar resigns as defence minister,neutral
to be sworn in as chief minister tomorrow.,neutral
the hindu undercurrent that led to surge. my story from feb.,neutral
raj bhavan denies reports of calling any party to form the government.,neutral
governor asks congress cm okram ibobi singh to resign so that process of formation of next govt can be started.,neutral
walks; leaders bow before the 'nayak'. my story,neutral
in this mandate,neutral
i see a new highlights of pm speech at bjp hq,neutral
oil prices hit three-month low as u.s. rig count climbs,neutral
assam lawmaker wants national body to save the,neutral
200000 people turned up at in bolpur for its famed,neutral
hardest interview of my life,neutral
says of her bid to enter,neutral
here's bsp theory on why with 71% population voted bjp.,neutral
people don't want handouts,neutral
they want says at victory rally.,neutral
modi says people don't want handouts,neutral
malala's oxford entry,neutral
reverse polarisation and more. in special epaper link.,neutral
no print edition today,neutral
but the same look at epaper at special link.,neutral
match referee and umpires went by the book,neutral
says,neutral
after bjp claims voters have risen above,neutral
how has strengthened a sense of belonging among calcutta's,neutral
hiring people for a task in which they have an edge.,neutral
the consolidation of independent 2nd countrywide political entity.,neutral
in 7days today: bjp's expanding footprint,neutral
taking up gatka,neutral
brit-bashing,neutral
hiring blind employees. and more.,neutral
u.s. attorney preet bharara is fired after refusing to quit. more here:,neutral
yogi adityanath or keshav prasad maurya,neutral
know the names of who can possibly be next up cm video:,neutral
time for modi's reforms.,neutral
piyush srivastava looks at the stunning victory in,neutral
should be a black mark on report card?,neutral
how became demonetised notes in,neutral
why victory may be bad news for,neutral
mukul kesavan on bcci and the curious case of versus steve smith.,neutral
how magic combined with organisational strength brought back 1-party system.,neutral
how modi won up,neutral
dynasties demonetised,neutral
what the numbers say,neutral
and more. also in epaper.,neutral
after 15 years,neutral
bjp captures in record show.,neutral
congress wins 77 seats in 117-member assembly,neutral
1 short of two-thirds majority.,neutral
bjp (13 seats) fails to get majority in congress emerges single largest party bagging 17 seats in 40-member house.,neutral
i congratulate shri. narendra modi and the bjp on their victory in uttar pradesh  uttarakhand,neutral
l congratulate people of up,neutral
we respect and accept the verdict: aimim chief,neutral
l reaches raj bhavan in to tender resignation as up cm,neutral
i cm laxmikant parsekar tenders resignation. he lost to seeandidate dayanand sopte from see,neutral
i want to quit fighting any type of election: irom sharmila after losing her maiden election in (ani),neutral
| i can understand the state ohf mind ohf ji right nohw. hence,neutral
i dohn't want toh cohmment ohn it: amit shah oh,neutral
| chief press conference to begin shortly. stay tuned.,neutral
gets majority in 117-member wins 59 seats,neutral
leading in 18 other seats.,neutral
as bjp heads for landslide win in samajwadis concede defeat but mayawati wants fresh polls using paper votes.,neutral
update: manhattan attorney preet bharara was asked to resign along with other obama-era u.s. attorneys - doj.,neutral
what jharkhand body has been doing to upgrade pitch for test.,neutral
manipur assembly election result live: congress ahead in 6 seats,neutral
we will accept the people's mandate,neutral
says sp leader shivpal yadav,neutral
l  uttar pradesh (leads/trends) 373/403 264 70 27 others 12,neutral
what jharkhand body has been doing to upgrade pitch for test.,neutral
how has become epicentre of industry in bihar.,neutral
in upright cop has his son arrested.,neutral
forecast for wet dol (sunday) and dry (monday).,neutral
army chief's words ring in pellet-hit boy's ears.,neutral
(leads/trends) 05/70 bjp: 3 cong: to  others: 0,neutral
(leads/trends) 26/117: bjp/sad: 3,neutral
cong: 17,neutral
aap: 6,neutral
others: 0,neutral
uttar pradesh (leads/trends) 103/for03 55 26 18 others for,neutral
foreign policy must be rooted in ethics,neutral
sunanda datta-ray says  as lines up visit to,neutral
get all the latest  fastest updates on throughout the day here:,neutral
facing arrest warrant,neutral
high court judge again plays card.,neutral
117 acquitted,neutral
13 held guilty in murder.,neutral
these will be ready long before winners are named.,neutral
13 guilty in murder,neutral
laddoos  winners,neutral
1st warrant for judge,neutral
and more. also in epaper.,neutral
india's production grew by 2.7% in january.,neutral
govt says reliance and have tendered apologies for using prime minister's picture in their ads without permission.,neutral
supreme court issues arrest warrant to get high court judge to face case.,neutral
how broke ranks with other bodies in east,neutral
again.,neutral
winners of awards at the telegraph's - advantage 2017.,neutral
amit roy on tour in,neutral
bengal tops again --in of women and children.,neutral
india's action against charity trigger spat with administration.,neutral
in assam,neutral
militants opt for poaching to fund outfit.,neutral
south korea's constitutional court upholds president park's impeachment,neutral
after plan to cap fees,neutral
private put expansion on hold.,neutral
3 publishers close suit against photocopying of,neutral
akhilesh keeps options open on,neutral
akhilesh and his 'aunt',neutral
publishers lose to photocopiers,neutral
bengal bill scares pervert schools,neutral
and more. also in epaper.,neutral
from old a street directory,neutral
and shopping directory,neutral
rolled into one.,neutral
what got when it bred local pig with variety.,neutral
flash - ghouse mohammad khan,neutral
mastermind of module of arrested by police in,neutral
puts forth searching questions to liquor baron on the disclosure of his assets to the court.,neutral
supreme court rejects age plea to skip jail.,neutral
nia to take over encounter,neutral
mp cases: rajnath.,neutral
fresh fir filed by jnu alleging misbehaviour by students. students  accused of assault,neutral
earlier,neutral
have been summoned by,neutral
jammu and kashmir: 2-3 terrorists holed up in house,neutral
firing underway,neutral
re-polling underway in 8 assembly constituencies which went to polls in 1st phase on march for,neutral
what meghalaya got when it bred local pig with variety.,neutral
in racketeers backed by politicians prevent legal by govt licensees.,neutral
rural planned in to counter azadi call.,neutral
india to tap for,neutral
supreme court caution on not for stealing saris,neutral
please!,neutral
is terrorist in lucknow: to make statement in on up,neutral
mp incidents,neutral
amit roy on how maneck dalal launched international.,neutral
indian medical body moots for handling after successful trials in tamil nadu.,neutral
record haul of booze,neutral
drugs during despite,neutral
suspect in attack nabbed in,neutral
did police jump the gun in claiming hand in train blast?,neutral
2nd phase begins; cm okram ibobi casts his vote,neutral
abp news exclusive: arms,neutral
ammunition and explosive material recovered after lucknow operation ends video:,neutral
some indian politicians still need this lucky charm -- a campaign bus.,neutral
it was a captain's knock,neutral
off the turf too,neutral
says,neutral
editorial: why mayor cannot be trusted with the,neutral
india could gain from a partnership with in the says kp nayar.,neutral
polling underway in 40 assembly seats spread across 7 districts in seventh and final phase of,neutral
anti-terror operation in lucknow's outskirts ends,neutral
1 terrorist killed; reports of to  terrorists holed up false: adg,neutral
indian wants police cover,neutral
citing outsider inflow  open campus.,neutral
rahul says afraid,neutral
wants cisf presence,neutral
life term for prof saibaba. and more. in epaper.,neutral
no one to be deprived of benefits for lack of benefits to continue with alternate means of identification:,neutral
it was a new mother who challenged change in date for exchanging notes.,neutral
after sept18 terror attack,neutral
army blocks key highway. and civilians are suffering.,neutral
1 rupee increase in mocks dignified-living plea,neutral
says,neutral
as is destroyed,neutral
govt sparks traffic chaos with plans for grand gate in,neutral
ruchir joshi on how calcutta's is being destroyed as vandals decide the future.,neutral
bengal law that singles out may keep out investors -- and critical cases.,neutral
jitters for pervert healthcare in bengal,neutral
city of no palaces,neutral
a dhoni fan's tenacity,neutral
and more. also in epaper.,neutral
what meant by 'potato factory' is thriving reality for bengal farmers in chain.,neutral
court asks for report on fracas,neutral
but puts question mark on video.,neutral
former president renders unqualified and unconditional apology in the supreme court.,neutral
supreme court wants to know if exchange of notes has been stopped before march 31 deadline.,neutral
case: exempts centre from filing status report before it on proceedings before the international tribunal.,neutral
supreme court is told that people not being allowed to deposit notes till mar31 as promised,neutral
asks govt,neutral
to explain.,neutral
how notes are entering system via calcutta business district.,neutral
this team has come up with a that has minimal side-effects.,neutral
the process of social change is seldom linear or pretty,neutral
says manini chatterjee.,neutral
in unofficial ban on dubbed movies is challenged by,neutral
no food for dissent in this tradition of,neutral
after violence,neutral
space for debate and dissent continues to shrink.,neutral
another 'go-back' shooting in us,neutral
academic siege,neutral
a menu for judges,neutral
and more. also in epaper.,neutral
policeman,neutral
two militants killed in encounter in that lasted nearly 12 hours.,neutral
if it's spring,neutral
it must be a varsity,neutral
my story on a 100-yr-old treasure from streetsmart bengal (,neutral
i married a maoist by swati sengupta,neutral
if you don't actually live then honesty and integrity won't be embraced,neutral
tells,neutral
why you could meet a saltwater next time you are in the,neutral
an old street directory of had astounding detailing.,neutral
the rallying cry of has become a thing to behold and celebrate this season.,neutral
how prime minister made himself the man to beat in,neutral
in 7days: on rallying cry of students,neutral
from varanasi,neutral
crocs in and more.,neutral
mukul kesavan on what the attack on means.,neutral
flames of singe events at other colleges.,neutral
while rahul and modi trade barbs in up,neutral
some farmers in get lucky with,neutral
leftist who became minority voice,neutral
private fear plan to monitor functioning will give local leaders a death grip.,neutral
why govt decided to merge industries departments.,neutral
how centre hiked for jobs scheme by... a (and what you can do with a rupee).,neutral
trump administration resists economics of and visas for indian companies.,neutral
us visa worries,neutral
bengal private schools in a fix,neutral
focus on msme,neutral
a wage hike,neutral
and more. also in epaper.,neutral
punjab,neutral
jk to resume work on on system river.,neutral
69% polling till 1pm in,neutral
3 gardens make a mark at us meet.,neutral
govt's latest: no then no for school kids.,neutral
after 23 years,neutral
increase ordered in  for workers.,neutral
caution on site inroads for mayor (who is also minister of housing and environment.),neutral
fear of law's provisions may force in private to shun critical cases.,neutral
a  perspective on strife.,neutral
why karnataka body decided to boycott awards function.,neutral
after break with russia,neutral
opens entertainment tv market to,neutral
top bureaucrat is innocent,neutral
being framed by politicians,neutral
ias officers insist.,neutral
after law to check private hospitals,neutral
takes aol instant messanger at,neutral
supreme court gives govt a chance to oppose judge appointment on 'national security'.,neutral
china cautions over visit to arunachal pradesh.,neutral
tension over visit,neutral
pill for schools,neutral
sc collegium accepts govt thorn,neutral
and more. also in epaper.,neutral
what happened when security agencies argued over need for tagging,neutral
fears over plan to set rates for,neutral
blasts at office in,neutral
to  injured,neutral
after fracas over overbilling,neutral
bengal drafts bill to check bills.,neutral
there should be no room for in india for  indian,neutral
says president mukherjee.,neutral
notes for indian,neutral
muddle,neutral
controlling and more. also in epaper.,neutral
4/the pilot project for green transportation across national capital region is the next such service being introduced on,neutral
rare species says hello after a century.,neutral
top to make you pay for cash transactions at branches.,neutral
how bengal detectives had to get religious to nab leader accused of,neutral
having pulled up for negligence  bengal cm orders party not to meddle.,neutral
if development means filling up it also means death of,neutral
rock fossils in have clue to on earth.,neutral
india would do well to abolish the says,neutral
junior home minister admits he made comments on without having seen her video.,neutral
how govt made look benign: use revised (and lower) base for comparison.,neutral
hole's in armour,neutral
a key minister who comments freely,neutral
modi's bug,neutral
and more. also in epaper,neutral
jaitley says likely to pick up further in coming quarters.,neutral
fm jaitley says q3 data substantially impacted by economy's resilience  remonetisation helped.,neutral
a blaze puts the spotlight on grand pieces of history that lurk in lanes.,neutral
kanwal sibal on why could be a victim of disruptive thinking.,neutral
the effect: a batsman gets booed for scoring a century.,neutral
gunbattle that felled father.,neutral
defensive cries media trial.,neutral
delhi worried over silence of on,neutral
in midst of an incendiary wish from,neutral
what teachers at said about her stand.,neutral
mystery over effect in data.,neutral
mystery over data,neutral
teachers back worry over silence,neutral
and more. also in epaper.,neutral
gdp grew at 7% in quarter,neutral
full year projected at 7.1%.,neutral
breaking: government forecasts 2016/17 growth at 7.1 percent,neutral
breaking: indias december quarter gdp at 7 percent (reuters forecast was 6.4 percent),neutral
growth of 8 core sector slows to 3.4 pc in january compared to 5.7 pc in the year-ago month.,neutral
ashok v desai on formula for tackling of banks.,neutral
crpf getting to take on planted by,neutral
a 'nationalist' cub threatens to cut off finger of,neutral
on courage,neutral
and cowardice; season of buds and thorns,neutral
and more. also in epaper.,neutral
57.36% turnout in fifth phase of voting ends by  large peacefully in 51 assembly seats: up ceo t venkatesh,neutral
arrests woman director of a hong kong-based firm in a rs 1478 crore case registered post,neutral
abvp takes out tricolour march with 180ft long flag from ramjas,neutral
principal rajendra prasad says his heart bleeds over v,neutral
begins in 51 assembly constituencies spread across 11 districts. all eyes on,neutral
jp yadav on rebranding of,neutral
backlash after hails as a 'true patriot'.,neutral
kp nayar on what governors of us states had to say about,neutral
message from governors of us states,neutral
modi criticised,neutral
why stem is important,neutral
and more. also in epaper.,neutral
the 'control' part in has to go,neutral
says,neutral
how offered to help of,neutral
how the formidable madame of calcutta's runs her business.,neutral
pushing 86,neutral
physicist still has his table full,neutral
says prasun chaudhuri.,neutral
resistance to in trumpland is nothing citizenry can yet match.,neutral
how is pushing his team to use twitter as a tool.,neutral
in 7days: modi's rule by twitter,neutral
big boss of calcutta's and science of giving,neutral
and more.,neutral
bihar cm cites siltation threat of barrages on national waterway.,neutral
it was the day of left-arm turners,neutral
and took aol instant messanger at money in and more.,neutral
how is playing in du colleges.,neutral
a question for america,neutral
big brother at academia,neutral
day,neutral
and more. also in epaper.,neutral
suspect in 2002 attack case in calcutta arrested in gaya: bihar police.,neutral
today: congress vp to address rallies in gonda,neutral
sultanpur  bahraich,neutral
today: pm to address a rally in imphal,neutral
american does not consider himself a hero.,neutral
if you live only for money,neutral
then that's no living at all,neutral
tells,neutral
dreams of one are still alive,neutral
finds sunanda k datta-ray.,neutral
after du push,neutral
tests autonomy waters.,neutral
how techie was killed --and an american took bullets aimed at another.,neutral
indian techie shot in us,neutral
call for affordable dialysis,neutral
stephen's tests autonomy,neutral
and more. also in epaper.,neutral
bihar exam body's boss,neutral
nephews held in question-paper scam.,neutral
in maharashtra,neutral
savours civic win and congress loss.,neutral
twist in case,neutral
angst of authors,neutral
bjp flies on wings,neutral
and more. also in epaper.,neutral
results live: leads with 93 seats in offers resignation,neutral
aap govt moves sc for setting up 5-judge constitution bench to decide the appeal on hc verdict holding lg as delhi's administ,neutral
12-15% turnout till 10 am in phase-iv.,neutral
telecom operator will acquire the business of telenor india in all seven circles where it holds spectrum.,neutral
a statement on the terrorist initiated incident at shopian,neutral
jk is attached,neutral
militant attack in kashmir's shopian district,neutral
6 injured,neutral
civic poll counting to begin at 10 am today; all eyes on result,neutral
sekhar raha on letting go of the past,neutral
and why a nation at 70 must begin a new life.,neutral
soumitra das listens to  kirtans   asks why should be set by rules.,neutral
swapan dasgupta on why must assess on the basis of national self-interest.,neutral
citizens petition govt to make nursing homes come clean on,neutral
ugc proposes 20% pay hike for college teachers.,neutral
guess what happened after said he is 'adopted son' of,neutral
hit by splurge  freebies,neutral
founders admit gmv is vanity,neutral
profit is sanity.,neutral
modi as adopted son,neutral
snaps,neutral
check on hospitals,neutral
pay hike plan,neutral
and more. also in epaper.,neutral
standoff with left as abvp blocks entrance of maurice nagar ps. stones eggs shoes thrown from ps side. many hurt,neutral
pitched battles in progress in du as abvp disrupts ramjas march to maurice nagar ps,neutral
economic blockade won't impact process,neutral
all arrangements made to ensure free  fair election: cec (f,neutral
du's ramjas college cancels event after protests against invite for speakers.,neutral
7 new species of found in and some are,neutral
in govt sets menu item limit on wedding,neutral
india pushes universities to accept 3yr graduates for courses.,neutral
india invokes emergency clause to end in pricing.,neutral
reliance's promises free voice calls  roaming for 1 year... and with cheap,neutral
kp nayar on how tensions have crept into ties over,neutral
after being at receiving end,neutral
crowns india's,neutral
extends offer in mobile battle,neutral
finds indian trump,neutral
a troubled life ends and more. also in epaper.,neutral
writes to tn assembly secretary for no-confidence motion against speaker dhanapal.,neutral
bmc,neutral
9 other civic bodies in state to go to polls on tuesday,neutral
general known for sharp questions will be trump's new top security adviser,neutral
garg rapped for post,neutral
experts say wrong in blaming on ganga for siltation.,neutral
even at $2.17m,neutral
was within budget,neutral
sanjiv goenka tells,neutral
won't allow barrages on in name of says,neutral
amit roy on why and are looking for campus abroad.,neutral
after graveyard barb,neutral
hits at advertisement.,neutral
asses star in battle,neutral
fest sans pak voice,neutral
beyond brexit,neutral
and more. also in epaper.,neutral
registers case against meat exporter in a graft case; names its former chief ap singh also.,neutral
governor asks shurhozelie liezitsu to form government; swearing-in on feb22.,neutral
surit doss on what you should do if you forget dynamic of your mobile,neutral
dr kunal sarkar on how cartels have been ripping off patients in,neutral
tapping self-help group,neutral
harvests 1st crop of,neutral
at eaglenest sanctuary,neutral
could dethrone as top draw.,neutral
bihar extension impacts privacy rights,neutral
says,neutral
lessons for from school.,neutral
exclusive jnu fir marks aisa leadership,neutral
serious charges absent in varsity press releases appear in plaint htt,neutral
manini chatterjee on why has failed to live up to its promise.,neutral
bengal orphanage suspected of selling babies to couples from us,neutral
europe.,neutral
top officer speaks up against how innocent are victims suffer.,neutral
ips officer on frame-up,neutral
modi's call for orphans trafficked,neutral
and more. also in epaper.,neutral
goenka's surprise:smith to lead pune,neutral
palaniswami's victory (and how the dhoti survived),neutral
studies sprout,neutral
and more. also in epaper.,neutral
murali's initiative goes to jaffna,neutral
prasun chaudhuri on the (dying?) art of carving from,neutral
imagine paying a of rs500 -- in 1863.,neutral
polling underway in 69 assembly seats spread across 12 districts in phase-iii of,neutral
malik sajad,neutral
artist of the line of no control.,neutral
sonia sarkar on how nationalist studies are sprouting across campuses.,neutral
importance of fastening with waistband revealed as wins trust vote.,neutral
when it comes to prey,neutral
in india's protected forests have it all planned out,neutral
scientists find.,neutral
in this part of up,neutral
it is versus,neutral
flash: after supreme court's order,neutral
fir registered against up minister over gang rape  sexual harassment,neutral
how won the trust vote 122-11.,neutral
edappadi wins vote of confidence in by 122 votes for,neutral
11 against. earlier:,neutral
palaniswami wins trust vote in with 122 mlas voting for his govt after a chaotic day. earlier;,neutral
chaos in over call for secret vote.,neutral
opposition creates ruckus in over trust vote,neutral
house adjourned till 3pm.,neutral
live: ruckus in assembly over 'secret ballot' demand,neutral
mla sits on speak's chair in angst,neutral
why can't risk the slightest smile today.,neutral
ram guha on how money and criminals got into in india.,neutral
delhi airport drops after glitches,neutral
big fail.,neutral
legal eagles back call for probing suicide note.,neutral
delhi high court orders cop shield for willing drivers; tells strikers to deal with companies.,neutral
india still keen to buy westinghouse reactors despite toshiba meltdown,neutral
members from camp meet assembly speaker p dhanapal,neutral
a day ahead of confidence vote.,neutral
idea itself wrong,neutral
says  on,neutral
rbi chief sees v for growth rate.,neutral
fake exit poll results are being circulated using abp news' brand name. we want to clarify that we haven't aired any exit piss off,neutral
samsung chief lee arrested as south korean corruption probe deepens,neutral
why may find it tough to control govt from jail.,neutral
jp yadav finds an us-versus-them undercurrent in,neutral
india's foreign secretary to visit next week for 'frank' talks.,neutral
kp nayar on how party revolt knocked out nominee for labour secretary post.,neutral
floor test for on saturday.,neutral
idea itself wrong,neutral
says  on,neutral
bajaj calls bad idea,neutral
palani in court rules on and more. also in epaper.,neutral
sworn-in as chief minister of,neutral
jnu vc clarifies: ugc gazette wont be applied retrospectively. existing mphil students will be admitted to phd under goodbye,neutral
31-member cabinet to be sworn-in at 4.30pm: raj bhavan.,neutral
5-judge constitution bench to sit in may to decide on pleas relating to aspects of triple 2/2,neutral
sc to frame issues on mar30 regarding triple nikah halala and in for its consideration.1/2,neutral
we're no less than cricketers,neutral
we're also making centuries,neutral
says isro official m annadurai,neutral
nadu governor invites edappadi k to form government at the earliest.,neutral
premier calcutta ransacked over death,neutral
has it all,neutral
but no arrests yet.,neutral
the latest lacked an economic philosophy,neutral
says sl rao.,neutral
dipankar dasgupta on and pitfalls of,neutral
india mulls auditor to check misuse of,neutral
now bureaucrats face action for drinking alcohol -- anywhere in the world.,neutral
what 'slaps' on memorial mean.,neutral
before going back back to jail,neutral
instals nephew as proxy in,neutral
how fielded nephew,neutral
does a virat kohli,neutral
beyond bihar border,neutral
and more. also in epaper.,neutral
cabinet approves merger of five subsidiaries of state bank of india with the state-owned lender: finance minister arun jaitle,neutral
foreign tourists with e-visas to get free cards on arrival.,neutral
turnout till 5 pm 68 per cent,neutral
says,neutral
india's jan 2017 rise 4.32% to $22.11bn -- but imports up 10.70%,neutral
widening trade deficit to $9.84bn.,neutral
urban growth threatens kidneys -- that are world's largest waste recycling system.,neutral
kp nayar on why exit could be bad for india.,neutral
stirrings of cold war,neutral
scenes from drama,neutral
india's air pollution,neutral
and more. also in epaper.,neutral
who is e from local functionary to legislature party leader,neutral
live: police given direction to evacuate mlas from kuvathur,neutral
dgp likely to take final call.,neutral
meeting with governor ends. he stakes claim to form government: jaya tv.,neutral
kim jong nam,neutral
estranged half-brother of leader kim jong un,neutral
killed in airport by to  women with poisoned needles.,neutral
takes off for aerobatic display at inaugural,neutral
centre allows to prosecute former principal secretary of delhi chief minister arvind kejriwal,neutral
in a graft case,neutral
bjp urges governor vidyasagar rao to take a decision on basis of numbers as well as credibility.,neutral
governor vidayasagar rao to meet new legislature party leader edappadi k palaniswami and others at 5.40pm.,neutral
india caps prices -- rs7,neutral
260 for bare metal  rs29,neutral
600 for drug eluting-- in crackdown on wild markups.,neutral
sasikala expels scores of rebels including minister k pandiarajan and senior leader c ponnaiyan from,neutral
aiadmk expels after supreme court ruling knocks out of cm race.,neutral
aiadmk expels after supreme court ruling knocks out of cm race.,neutral
supreme court restores bangalore trial court verdict holding and others in corruption case.,neutral
breaking: supreme court convicts in disproportionate assets case,neutral
mettur legislator semmalai joins cm camp.,neutral
trump national security adviser flynn resigns in controversy over russian contacts,neutral
mayawati plays divide-and-woo on home turf. upelections,neutral
why you could miss your flight out of bangalore,neutral
ashok desai on as an accidental and a new book by tirthankar roy and anand v. swamy.,neutral
by noon,neutral
supreme court will have decided future of and her rival,neutral
how patna boy got to play the tabla.,neutral
tehmina janjua to be 1st woman foreign secretary.,neutral
tamil nadu waits,neutral
indian heft for pope,neutral
modi in up,neutral
pakistan's 1st woman foreign secy,neutral
and more. also in epaper.,neutral
eases to 3.17 per cent in january from 3.41 per cent in december.,neutral
7-judge sc bench to hear plea of madras hc against justice order staying his own transfer. earlier:,neutral
justice fails to appear before apex court to face contempt charges.,neutral
non-teaching staff call for end to jnu stir,neutral
vc says law will take its course if occupation of adblock doesnt end despi,neutral
calcutta hc judge c s karnan fails to appear in sc in connection with suo motu contempt proceedings.,neutral
bjp worker stabbed to death during local temple festivities at mukkattukara in kerala's district,neutral
likely to hear pil against swearing-in today,neutral
delhi to airlift to if blockade is not lifted.,neutral
use to track for preventing track deaths,neutral
tells state.,neutral
bonhomie between and strikes a chord on the ground.,neutral
india's to spike 3 initiatives for,neutral
amit roy on the clash between and,neutral
some of its men have friends across border,neutral
says.,neutral
as races hots up,neutral
plays woman wronged.,neutral
britain is not becoming xenophobic or hostile,neutral
high commissioner dominic asquith insists.,neutral
scientists in calcutta are tracing the building blocks of in space,neutral
says prasun chaudhuri.,neutral
lost passwords,neutral
trouble with google play and more. in,neutral
moral outrage cannot be the guide when things get messy,neutral
says manini chatterjee.,neutral
almost overnight,neutral
has become a crowd-puller.,neutral
crowds flock to rowling-morgan clash,neutral
cash-swap case,neutral
and more. also in epaper.,neutral
chidambaram on being in the opposition,neutral
jaitley as a finance minister,neutral
and more.,neutral
in 7 days: assam vies for taste buds,neutral
is grilled,neutral
and more.,neutral
comparing 2015 with 2017.,neutral
how has graduated from a captain into being a,neutral
mukul kesavan on the state of the fourth estate.,neutral
in tn,neutral
is running out of patience,neutral
a governor's letter is leaked,neutral
gets the crowds.,neutral
after a a question: were banking correspondents coerced into switching old notes?,neutral
death by currency,neutral
patience,neutral
boss is shunted,neutral
and more. also in epaper.,neutral
another mp joins camp,neutral
as frets and waits for governor's call.,neutral
minister,neutral
to  mps join camp; frets and tends to flock.,neutral
63% voter turnout in phase 1 of,neutral
veteran leader and party spokesperson joins camp.,neutral
sasikala seeks meeting with governor,neutral
3 switch to selvam's side.,neutral
hundreds of immigrants arrested in 'routine' u.s. enforcement surge,neutral
in today,neutral
greatness means winning the says sunanda k dattaray.,neutral
1st phase of assembly elections begins. 73 constituencies,neutral
over 20 million voters.,neutral
polls 2017: polling for first phase begins,neutral
appeals people to vote,neutral
this resort is hosting 120-odd lawmakers now in camp.,neutral
this survivor of riots has a simple message for voters.,neutral
france's group buys brand from birlas.,neutral
mamata's dole,neutral
theatre,neutral
a riot refugee's resolve and more. also in epaper.,neutral
50k dole in budget for migrant workers hit by,neutral
india's industrial production contracts 0.4% in dec 2016 against a decline of 0.9% in dec 2015.,neutral
court directs bsf to allow trooper tej bahadur's wife to meet him,neutral
passenger opens an chute of aircraft that was  taxiing at mumbai airport; 1 injured.,neutral
former minister ka senkottaiyan replaces madusudanan as presidium chairman,neutral
govt appoints directors of ten indian institutes of management.,neutral
state bank of india q3 profit more than doubles to rs 2,neutral
610 crore as against rs 1,neutral
115 crore in the same period a year ago.,neutral
in setback for trump,neutral
u.s. judges reject travel ban,neutral
in a bahu makes a demand.,neutral
how shattered firozabad's industry.,neutral
mom who lost teen kids in fire same%2c old%2c boring shit as are let off lightly,neutral
again.,neutral
in lawmakers jump ship,neutral
a memorial gets a list,neutral
a governor ponders.,neutral
all eyes on a governor,neutral
note crunch and glass-bangles,neutral
ansals let off lightly (again),neutral
and more. also in epaper.,neutral
gen secy calls on governor ch vidyasagar rao,neutral
stakes claim to form government in tamil nadu,neutral
vk pays homage at jaya's memorial; places a sealed cover,neutral
presumably mlas' support list,neutral
at the memorial.,neutral
'good things will happen,neutral
' says tn cm after meeting governor ch vidyasagar rao.,neutral
held detailed discussions with governor on what is happening in tamil nadu,neutral
says,neutral
cong to boycott pm in parliament over raincoat remark; will coordinate with other parties,neutral
says,neutral
opposition disrupts with demand for apology from,neutral
watch top 10 news of the day video:,neutral
after patience,neutral
a test of politics.,neutral
enough! says supreme court and ends 38yr legal battle over project.,neutral
in tamil nadu,neutral
has the numbers,neutral
claims he has the masses. who decides?,neutral
match versus gut feeling in modi's dig at supreme court acts on and more. also in epaper.,neutral
changes stance from accommodative to neutral.,neutral
keeps key unchanged-- repo at 6.25%,neutral
marginal standing facility and bank rate at 6.75%.,neutral
supreme court asks justice karnan to explain why he should not face proceedings.,neutral
will return to lake next winter?,neutral
with jatavs as base and pitch for muslims,neutral
bsp's is keeping her rivals edgy.,neutral
on heartland lab.,neutral
crpf's commandos return to their unit.,neutral
how scientists saved orbiter from death by eclipse.,neutral
kp nayar on how the engagement between and the gulf has deepened.,neutral
3 ds -- (doctor),neutral
dog and drinks -- stood out in pm reply in parliament.,neutral
suddenly,neutral
a mutiny: it's versus sasikala.,neutral
the telegraph published today an article entitled french envoy bets on former colony - bonjour,neutral
new era of amity : h,neutral
bengal's advocate-general jayanta mitra resigns over difference of opinion with state government.,neutral
enforcement directorate chief karnal singh gets a fixed tenure of to  years.,neutral
why commandos went,neutral
when commandos get homesick,neutral
jewish nobel for little stars,neutral
and more. also in epaper.,neutral
pil filed in seeking to restrain swearing-in of as chief minister tomorrow.,neutral
facebook,neutral
google,neutral
others launch drive against fake news in france,neutral
supreme court orders attachment of rs 39,neutral
000 crore property in pune.,neutral
supreme court grants bail to scam accused estranged wife of former union minister matang sinh.,neutral
how to shield your child from and,neutral
javadekar backs restrictive research entry,neutral
student stir to intensify- strike today,neutral
indian hold promise in battle against,neutral
the may be changing its attitude to coalition partners,neutral
says manini chatterjee.,neutral
what powers drive to become chief minister.,neutral
review shows up holes in india's govt-funded,neutral
now gets license to raid -- without citing grounds.,neutral
shades of in law change,neutral
rises,neutral
holes in govt health cover,neutral
and more. also in epaper.,neutral
new experiences and exciting times ahead in second innings,neutral
mukul kesavan on who ought to (and not who will) win in,neutral
sachin tendulkar on his 2nd innings,neutral
the 3 ds that lead to greatness,neutral
and more.,neutral
the nachnis of are dying unsung,neutral
and so is an art form.,neutral
irfan habib on seeing the past with both eyes on the present,neutral
and mixing folklore with history.,neutral
sonia sarkar on the jig-gigs that were a key tool in run up to,neutral
why calcutta's are learning... chinese.,neutral
all that voters in these villages want is a permanent with india.,neutral
in 7 days: what calcutta's are learning,neutral
nachnis of fighting for rights in and more.,neutral
a village cries for a bridge,neutral
mukul kesavan on 3 ds,neutral
and more. also in epaper.,neutral
judge blocks trump's ban --effective nationwide,neutral
promised  denied helicopter,neutral
soldier trekked through snow to take his mother's body home.,neutral
australia,neutral
us clash over immigration; puts india on hold.,neutral
a soldier's painful journey,neutral
bonds for political funding,neutral
trump on immigration,neutral
and more. also in epaper.,neutral
follow us to dm/ mail to ttwebonlinefeed release to any of 3 aggregators on our site under press releases,neutral
rich get skewered,neutral
honesty hug for bottom rung -- while mystery persists over missing taxpayers.,neutral
relief on front for small firms hit by,neutral
ahead of elections,neutral
finds nothing in to sell to voters.,neutral
so you thought the has made transparent?,neutral
there was more history around the than in it,neutral
says,neutral
demitronisation in relief for small firms,neutral
no honesty hug for well-heeled,neutral
and more. also in the epaper.,neutral
double digit has been controlled; sluggish growth replaced by high growth; war on launched:,neutral
we have moved from discretionary based administration to policy based administration:,neutral
watch the live stream of fm shri budget speech 2017-18 on the link below,neutral
pm reaches parliament,neutral
cabinet meeting begins.,neutral
fm departing from north block to and parliament house,neutral
to present,neutral
indian govt draws goat parallel in case.,neutral
breaking: to go ahead as scheduled,neutral
say sources,neutral
not clear right now. speaker to decide....,neutral
how calcutta's menace was born -- and is eating up all pavements and footpaths.,neutral
why grabbing footpaths is good business for everyone (except pedestrians).,neutral
will strike at decodes draft order.,neutral
for the 1st time,neutral
union will include railway budget. today,neutral
at 11am.,neutral
confusion after replies to ceo.,neutral
due to sudden drop in visibility at blr,neutral
our to  fro flights are affected. as a result consequential delays are expected.,neutral
watch union budget 2017 live on abp news 11:00 am onwards,neutral
trump picks 49yr-old judge for lifetime job at supreme court of us.,neutral
in bjp could face backlash.,neutral
govt admits economy will take a hit because of,neutral
us gives a scare,neutral
how to  law officers did their job,neutral
confessions,neutral
and more. also in epaper.,neutral
us gives a scare,neutral
how to  law officers did their job,neutral
confessions,neutral
and more. also in epaper.,neutral
full expected in a month or two: arvind subramanian.,neutral
headline inflation as measured by consumer price index (cpi) remained under control for the third successive financial year:,neutral
agriculture sector to grow at 4.1 per cent in the current year up from 1.2 per cent in 2015-16:,neutral
growth rate of the industrial sector estimated to moderate to 5.2% in 2016-17 from 7.4% in 2015-16:,neutral
india's growth rate at constant market prices for 2016-17 seen at 7.1%,neutral
finance minister arun jaitley tables in lok sabha,neutral
live pranab mukherjee to address parliament at 11am,neutral
country's first conviction: minister sentenced to 7 years rigorous imprisonment.,neutral
economic survey is to be tabled in the parliament shortly. know your economic survey:,neutral
sibal and datar spike bcci wish,neutral
president trump fires top government lawyer sally yates for defiance on immigration order,neutral
fm to table today in,neutral
trump's order has parallel in citizenship bill.,neutral
prabhat patnaik on why has been a monumental,neutral
why farmers are dumping crop.,neutral
supreme court ropes in former top auditor to run,neutral
why no one suggested names of and for icc meeting.,neutral
pakistan under pressure from ban,neutral
auditors at helm,neutral
madam and more. also in epaper.,neutral
limits on cash withdrawals from bank accounts and atms - restoration of status quo ante,neutral
after outcry,neutral
u.s. loosens curb on re-entry by green card holders,neutral
five soldiers from machhil attain martyrdom; detailed statement attached,neutral
dept crackdown on hoarders; issues 87 notices,neutral
attaches 42 assets worth crores under the new,neutral
payments bank to offer 4.5% on deposits up to rs25000,neutral
5% on rs 25000-50000,neutral
5.5% on rs 50000-100000.,neutral
supreme court shoots down govt bid to put sports ministry bureaucrat in panel to run,neutral
historian ram guha,neutral
idfc official vikram limaye,neutral
former captain diana edulji are others in panel to run,neutral
supreme court names former cag as head of 4-member panel of administrators to run 1/3,neutral
court summons cm suspended bjp mp as accused in criminal defamation plea by,neutral
amulya patnaik has been appointed new delhi police commissioner. patnaik is a 1985 agmut cadre ips officer.,neutral
