tweet,sentiment
unhappy dogs like though,negative
talking driver goinghe said love go new york since trump probably,negative
anybody know rand's likely fall dollar? got money need change r keeps getting stronger unhappy,negative
miss going gigs liverpool unhappy,negative
isnt new riverdale tonight ? unhappy,negative
a*dy guy pop asia translator probs go around aus unhappy,negative
who's chair sitting in? find out. everyone knows now. shamed pu,negative
like jittery caffeine makes sad,negative
area's list unhappy think go libdems anyway,negative
want fun plans weekend unhappy,negative
notice me. unhappy what?,negative
ahhhhh! recognized logan!!! cinemax shows bad track record getting cancelled unhappy,negative
errr dude.... gone unhappy asked league memeber check guys go,negative
sad,negative
would harvey going prison? unhappy,negative
missing crying seaside area.,negative
becoz depend promoting waste hardwork team,negative
thought save crying,negative
major waffle cravings right sad,negative
cant speak japanese ::(,negative
people stuff like unhappy,negative
please stop confining animals zoos unhappy,negative
feel like shoyould telling get fuck social media byout also feel really mean unhappy silence love yoyou hope yoyoure okay,negative
miss huhu busy unhappy,negative
extended family. 12 ppl.ahh wanted show oh girl dorky playing game got deleted unhappy,negative
unhappy,negative
jamie please reset cga grandfinal server... administrator responding unhappy,negative
noooooooo gonna miss buffet unhappy take care ain!!!!!!!!!!!!!!!!!,negative
wish could vote unhappy,negative
instant message jealous okay unhappy never mind haha bruno wait finals first,negative
enlisting please turn like unhappy,negative
unhappy come people like children where's state intervention,negative
ouchhhhh unhappy,negative
help... want stop tweeting. feel endless suffering pain. tried deactivate many times... save me... unhappy,negative
asking,negative
application kana kanji funtime! sadly,negative
looks like ios 11 due kill unhappy,negative
yeah update 16.04,negative
froze times. went 16.10,negative
froze mid install. waited 3hrs pull plug crying,negative
shaandaar,negative
zabardast,negative
another atbb way ! wish srk sir starts signing good movies unhappy,negative
want jabee crying,negative
sociopath full raid gear sad,negative
say hi sunshine ? unhappy,negative
feel bad ahaha unhappy,negative
getting harder harder stay unhappy,negative
face looks bloated unhappy baby get well soon,negative
fuck. tried changing settings still india. unhappy,negative
talking driver goinghe said love go new york since trump probably,negative
let's forget also gabriel tenma white's birthday today!i miss unhappy,negative
always taken granted eversince unhappy,negative
ah alright,negative
don%27t know saw comment yet,negative
camera shooting,negative
flip scr,negative
miss louis' tweets unhappy,negative
koalas dying thirst us unhappy,negative
okay shut now. instant message mad lots people flawed opinion mental health ( mine) show unhappy,negative
pamura isa moment,negative
want explode like grenade point people die me. sad,negative
yg sent mcd. want see holding trophy unhappy anyways,negative
really want one iconic jimin stripes turtleneck shirt unhappy,negative
want spoons cant go unhappy honestly feels like messy break unhappy,negative
makes sad unhappy looked unhappy went seaworld,negative
yg sent mcd. want see holding trophy unhappy anyways,negative
miss rockys posts unhappy,negative
hey tony,negative
oh unhappy could please tell little issue? im following youd prefer dm. amanda,negative
love mason miss mason unhappy,negative
cold mother crusher right now. nearing end april. sad,negative
don%27t talk anymore like used unhappy,negative
yg sent mcd. want see holding trophy unhappy anyways,negative
miss biking unhappy,negative
miss big brother unhappy,negative
6 days camp haiss miss lot unhappy,negative
raining hard unhappy,negative
bored kandowiandg ando plaands today makiandg eveand bored unhappy,negative
oh god laurie penny unhappy,negative
say hi mekisha? unhappy,negative
never draw unhappy,negative
cleantha,negative
visual studio installation - 89% .. bsod comes suddenly unhappy,negative
want make waffles unhappy,negative
sad unhappy,negative
crying muh feels,negative
look like somethings ignore xd kart racing when? unhappy,negative
ate jenna blocked what? unhappy,negative
bed comfortable want get unhappy,negative
store still use?,negative
sincerely hope many priceless antiques destroyed. reg,negative
astaga unhappy /?,negative
want puppy unhappy,negative
work unhappy see tomorrow!!,negative
happy weed day without anymore unhappy,negative
favourite lipstick hilang crying,negative
time flies,negative
can't believe year next year unhappy becoming old hahahah :v,negative
new twitter reply view confused... like capitalise replies people not? unhappy,negative
whaddup. crying,negative
unhappy every time laughing ass,negative
who's selling army bomb ver 2??? meet sad,negative
yeesh unhappy fairly warm here.,negative
easter flown unhappy ready give home luxuries like branded cereal,negative
ohnoo unhappy unhappy hope recuperates sooner!!,negative
back unhappy,negative
give chance west server unhappy,negative
going yesterday unhappy,negative
agree. issue would paid somehow. can't see numbers adding up. sad,negative
want drink cigarettes unhappy,negative
oh mince unhappy,negative
manifesto,negative
nick? might deliver time demands it. story life -,negative
okay accepted way unhappy,negative
people abuse animals unhappy loyal,negative
actually crying typing tweet can't take anymore.. applicablehulog applicable knock unhappy,negative
imagine wins next time unhappy unhappy,negative
unhappy,negative
need cue something would make smile....i'll waiting...:(,negative
yg sent mcd. want see holding trophy unhappy anyways,negative
yg sent mcd. want see holding trophy unhappy anyways,negative
nosebleeds getting outta hands unhappy,negative
perfectly happy single .. see happy couple :(kisses thefashionicon,negative
dude want sleep unhappy,negative
feel fucking shit today unhappy,negative
wont able stream tonight sorry guys unhappy,negative
face swapped cat dog really upsetting unhappy,negative
system recognize spaces last names 2nd time unable check forced wait unnecessary lines unhappy,negative
still waiting unhappy,negative
- thank tons,negative
rocks. next question - astro unhappy ?,negative
fault,negative
customs argentina fill paperwork unhappy,negative
tried fixing choristers dress hem came undone taping fabric tape put wrong even ruined unhappy,negative
small fishie died unhappy,negative
nice outside stuck school day unhappy,negative
edm pleaseeeeeeeee unhappy,negative
oh god unhappy next time mishutuuu,negative
say hi julia ??pleasee crying,negative
bby unhappy emotion,negative
seriously thought coldplay going band like depeche mode u2,negative
kept going unhappy,negative
poor baby unhappy hate people,negative
unhappy strong today jfjfjkf,negative
need unicorn frappuccino stat. found limited timee! unhappy much longer?,negative
back unhappy,negative
unhappy sorry hear this.....,negative
won't. probably phil seen yet unhappy,negative
yuri know unhappy second snsd missed,negative
campervan tickets expensive? unhappy,negative
canberra land-locked capital. unhappy,negative
much? cant seem deathmatch unhappy,negative
.agata baby unhappy broke mail. read letter can't thank enough. best,negative
unhappy,negative
is! haha wanted look like v unhappy,negative
unhappy look dead,negative
puta know sorry enough pero sorry padin unhappy,negative
mannn,negative
want go m's game unhappy,negative
unhappy feeling bored,negative
wish could sleep early unhappy,negative
hope start getting 1gb data per day tonight!! unhappy,negative
koalas dying thirst us unhappy,negative
want see happy sad,negative
told bugger hung up! waned access pc. phoned someone like gran,negative
braces hurt unhappy,negative
ohh welcome clxsslc chanyeol oppa! call richard? kalau jadi sayang gimana? unhappy,negative
don%27t talk anymore like used unhappy,negative
claaaaaaaaaaaaasse !,negative
pity! unhappy beautiful! thank answer!,negative
sciatica. monumental pain arse. unhappy,negative
escalated quickly,negative
aborting mission nice day though x,negative
- thank tons,negative
rocks. next question - astro unhappy ?,negative
back unhappy,negative
stream tonight! throat killing me. unhappy,negative
too...i miss hgvs going past house though. nice looking building - initiall,negative
say unhappy,negative
summer's school's vocabulary unhappy need air. please tell,negative
bae's unhappy,negative
wanna get haircut don%27t know good place unhappy,negative
feels kind empty w/o youngjae venue.. unhappy,negative
back unhappy,negative
yeah,negative
think that's going true,negative
can't leave us unhappy,negative
yesterday felt like friday unhappy,negative
[please rt] buy blinking taehyung headband,negative
get 900 retweets 900 likes. help :(un,negative
yes instant message sad crying,negative
face swapped cat dog really upsetting unhappy,negative
nice! really nice stuff there! mostly black dresses get away june wedding though unhappy,negative
miss unhappy,negative
beyond sad unhappy,negative
goodnight princess,negative
love fun friends,negative
yg sent mcd. want see holding trophy unhappy anyways,negative
something really wrong. spending days naked beach hot sunshine. working cold king's lynn sad,negative
punishment time jb's team! unhappy,negative
aw goodnight angel! love lots hope going best tiame lot fun!! wonho's already,negative
really amount loads sections unhappy ride netherton meet darby end ?,negative
q2 mh healthcare professional. much want help scared death might make situation,negative
got msg! oops unhappy,negative
chillin~ bit quiet tonight tough luck unhappy you??,negative
bet media's one-sided view tim tams surprisingly alt-right roar extreme droll fad unhappy,negative
hair crisp unhappy,negative
couple unhappy,negative
fuck don%27t unhappy,negative
going ca july,negative
reunion august unhappy,negative
road traffic signs section theory revision myth unhappy,negative
unhappy sorry pizza arrived mushrooms despite request. could please get touch vi,negative
kabute unhappy,negative
last things bought sweets unhappy,negative
wish could stay bed day listen rain sad,negative
want tell fellow comm students want think kind suck-up... unhappy,negative
notice me? unhappy,negative
go away unhappy,negative
ally unhappy can't make poem cute,negative
ehh cant dm unhappy,negative
beautiful ladies full fun body confidence. ..,negative
italian easier spanish unhappy,negative
find difficult says unhappy,negative
3 days nights since mama went back province already miss unhappy,negative
want cry unhappy,negative
love got7 god bored unhappy,negative
can't continue right lighting shitty f swear sorry sad,negative
let's dinneeeer please unhappy,negative
lost one import quizzz unhappy,negative
want mutuals bad unhappy,negative
keep looking things bought yesterday dream unhappy,negative
hurts see sad unhappy understand this. kill,negative
kil,negative
hate park jisung much sad,negative
online crush comes meet-up without snapchat filter unhappy,negative
hate mom ask going no? bc want stay home missed much school already unhappy,negative
happy birthday katrika miss though unhappy miss group haih anyway,negative
blast okay. love you!,negative
miss dogs unhappy,negative
yg sent mcd. want see holding trophy unhappy anyways,negative
digital monsters want work blackpink make happen pls unhappy,negative
though,negative
miss boys unhappy started working local boys nervous college friends,negative
classmates alvarez really see around school anymore unhappy,negative
ugh miss baby crying,negative
anyone needs vent unhappy,negative
hard notice me? haay unhappy,negative
cant deathmatch piss unhappy,negative
going notice yous? unhappy,negative
miss bedroom unhappy,negative
please take rest needwe love much :(i hope feel better soon sunshine!,negative
oh,negative
unhappy,negative
miss baby unhappy,negative
days since promotion ended already missing much unhappy,negative
miss unhappy,negative
miss jihoon sad,negative
one cat yang manja sangat someone took unhappy,negative
tired there's nothing great combo unhappy,negative
tweet made cry!! crying,negative
back coconut hair unhappy,negative
please return jacket unhappy,negative
would call roused midnightreminds time(s) roommates unhappy unhappy unhappy suck,negative
feel bad,negative
mobbing australia,negative
hope everything goes right unhappy,negative
days since promotion ended already missing much unhappy,negative
hungry unhappy time buy food,negative
set alarm 9am snooze 12 unhappy,negative
sad story unhappy,negative
koalas dying thirst us unhappy,negative
hey screenshot sainyo . hmm tumagal sana us . stay uu . im always fr uu matter . luv uu mats,negative
looks awesome annette,negative
can't make unhappy thanks heads though. please take photos!,negative
narank 1 ako bcos yoyou. please congratyoulate even already late? unhappy,negative
can't unhappy,negative
relatable unhappy,negative
unhappy,negative
offline unhappy,negative
heeeeey notice unhappy,negative
want hang unhappy,negative
talking girl behind jin unhappy,negative
need cheering,negative
dog family 18 years put tomorrow unhappy,negative
molly 1. wish could hair unhappy 2. cutest michael girl milly phone 3. haiiiiiir lips 4. friend5. yes6. -,negative
even unhappy *hugs*,negative
building llvm backend,negative
really need build unhappy,negative
can't access school emails web browser unhappy yet much homework subjects,negative
oh sad unhappy goodluck!,negative
ouch elena eremina's foot slip,negative
fall mess unhappy,negative
donny unhappy,negative
rude unhappy,negative
oh god same! attend lessons together sometime kidding hahah,negative
every time meredith flashbacks derek shepherd can't hold back tears unhappy,negative
whew! can't asses unhappy,negative
round ass crying,negative
unhappy saw somebody said hair fell bighit trying figure,negative
koh,negative
tolong bantu sampaikan keluhan armys ke dong. many complaint since day 1 ticketing unhappy,negative
keep waking middle night sick shit. unhappy,negative
cringed hard :(that fall shame- looking really good point...,negative
man 2hrs since vlive...its nearly sydney ppl... unhappy goes quick appreciate every second!!,negative
hi aled,negative
mobile signal sucks unhappy what's full postcode happening? keen help si,negative
sucks unhappy,negative
rusty.. played game since like 10. kept dying crocodile part crying,negative
really really need right unhappy,negative
hey guys could help retweeting this? heard legitimate really need vpn account rig,negative
god koalas,negative
feeling bad unhappy 89 others,negative
tweet made cry!! crying,negative
could write paragraphs xdshame theoretically impossible real life unhappy,negative
thank roshhh miss everyone too. love youuu,negative
sweetie know feel unhappy,negative
online crush comes meet-up without snapchat filter unhappy,negative
.the person chose shut fuck up: unhappy,negative
sadly yes. since expected continue losing support dropping bombs unhappy going expe,negative
hope little beaand andot overworkiandg gettiandg least rest unhappy,negative
could whatever,negative
so? sad,negative
dub watch pokemon unhappy,negative
dying thirst us unhappy,negative
youngjae fansign 04/10/17 constantly massaging back. clearly something wrong pretended,negative
but... use purple flowercrown display picture unhappy,negative
still cant unhappy,negative
well that's terrible unhappy,negative
sorry piss /3 unhappy,negative
woke 4:17,negative
joke unhappy,negative
right! sir rob loves torture us unhappy,negative
salary reminds weekends,negative
always know come fucking clue goes unhappy,negative
feel sick today unhappy,negative
wish can't sad,negative
birthday tomorrow baby unhappy,negative
slow unhappy,negative
super unhappy,negative
trashing others possee behind boosts ego,negative
career. unhappy,negative
finished gym,negative
chopsuey unhappy laughing ass humble feeds always bomb!,negative
still possible! unhappy,negative
whaaaaaaaat!!! unhappy,negative
loads toys. sweep hand puppet bastard lost squeak! unhappy,negative
damn.... theres people sincerely want attend bh birthday party bcs people try fun make ca,negative
aegyo lost unhappy,negative
also please send prayers sympathy favorite ball dress fit boobs crying,negative
miss snsd. miss girls unhappy,negative
parent challenging. cannot control give worst output children word,negative
ngomel crying,negative
jonny poor legs make sad unhappy hope okay,negative
hope ok,negative
poor mouse unhappy,negative
okay survived :,negative
yeah! sight reading pretty good high school,negative
bit rusty now! unhappy,negative
self: buy that.also me: furry unhappy,negative
damn.... theres people sincerely want attend bh birthday party bcs people try fun make ca,negative
love youu much unhappy thank,negative
fun,negative
damn.... theres people sincerely want attend bh birthday party bcs people try fun make ca,negative
upsetting abuse kids get unhappy 3,negative
oo crying // happy3yearsbraceunited,negative
exactly thinking.. unhappy,negative
scared unhappy mean. heck decide laundry 7:30 pm? wrong me. mention dark is. fml,negative
sunnyside well unhappy,negative
y'all want choke what'd do? unhappy (,negative
whole japan tour ahead them.. one quite brutal already tired bodies. boys unhappy,negative
ahhh well chuffed,negative
even get easter egg year! unhappy xx,negative
someone buy tasbih pls? one unhappy,negative
clay hannah - love deserved endgame unhappy,negative
please talk nct instant message lonely need fangirl okay crying,negative
sad fuck unhappy,negative
please follow . trying get follow long time unhappy .,negative
really enjoyed horrizion zero dawn idea play next unhappy,negative
damn.... theres people sincerely want attend bh birthday party bcs people try fun make ca,negative
good conversations unhappy,negative
annoyingly spaces variable width version c64 font that's available internet wi,negative
like songs debyout younhappy syouggest yoyou jyoust one song really love,negative
adore,negative
jackson unhappy youngjae silence aww,negative
trop retard sad,negative
rather sailor uranus chibiusa thats everyone says unhappy rip,negative
right mcconnell well. unfortunately,negative
seem sold government time ago. unhappy,negative
wish dogs knew much hyped snap chat unhappy,negative
people intensionly don%27t even please someone unhappy,negative
sad unhappy,negative
damn.... theres people sincerely want attend bh birthday party bcs people try fun make ca,negative
painful goodbyes onesthat never said never explained crying unhappy :/,negative
miss bmf sad,negative
got disappear half way too? unhappy everybody want lazy eue,negative
+i choice cancel it. unhappy,negative
oh sadly wont watch right forbid see unhappy,negative
koalas dying thirst us unhappy,negative
r.i.p cellphone unhappy,negative
pic? unhappy,negative
yeah unhappy,negative
miss anymore unhappy,negative
okay tf colorful starbucks thing social media unhappy,negative
damn.... theres people sincerely want attend bh birthday party bcs people try fun make ca,negative
well that's good unhappy,negative
oh boo,negative
mine inbox unhappy,negative
keep unhappy,negative
absorbed going get laugh gets 2000 votes. unhappy,negative
hi ishwar! that's experience want unhappy call details sort out! - roshan,negative
know unhappy,negative
strong hard unhappy xxx,negative
lost two streaks two favorite people silence unhappy good night,negative
relate much unhappy,negative
joy get back,negative
can't own. (see there? ),negative
brush lng telling others applicable applicableg-iinot applicablerte lng sila worse them. unhappy,negative
usually speedboat behind get river unhappy,negative
omg see drink alcohol haha glad fun guys ! wish,negative
happens time! unhappy,negative
0 motivation study unhappy,negative
happy birthday sweet sweet girl! hope best day ever! love miss much unhappy,negative
nmd r2's ugly unhappy,negative
honey unhappy,negative
philippines? unhappy,negative
want able get time know people year go unhappy,negative
unhappy friendzone. damn sad,negative
cried much,negative
mess. went bed feeling numb awful unhappy,negative
[please rt] buy blinking taehyung headband,negative
get 900 retweets 900 likes. help :(un,negative
email hoping get today,negative
arrive unhappy here's hoping tomorrow,negative
haha mate good love debte wished center,negative
wowwow cute unhappy wantt,negative
sucks unhappy,negative
instant message getting sad unhappy,negative
wow unhappy people mean,negative
damn.... theres people sincerely want attend bh birthday party bcs people try fun make ca,negative
talking driver goinghe said love go new york since trump probably,negative
love hort unhappy,negative
golly gosh. simply dreadful havoc must wreaking subsurface? black salve,negative
autograph book ready,negative
sign garry barlow yet sad,negative
thank roshhh miss everyone too. love youuu,negative
please meeeee followed almost years unhappy,negative
happened unhappy,negative
true! khilado kuch unhappy,negative
realized havent eaten rice maghapon finished 3 packs spicy seafood noodles + extra big chilimansi :(acid attack right,negative
post-show blues hitting hard. unhappy,negative
ready poster - computer gets,negative
good morning unhappy,negative
wht sort thing (can't use word person it)can cause suffering ths sad,negative
want kiss nose tell love sad,negative
stayed 3 hours phone ad bubbyyyyyyy miss unhappy,negative
girl unhappy that's why. wa ropiwa 1. sandton unnecessarily expensive2. try salons braam.,negative
actually looking forward seeing theory around personal vote correct unhappy,negative
bring mb man unhappy,negative
sad report robins egg mom found yard storm taken life support. poor thing frozen unhappy,negative
back unhappy,negative
slight buzy kasi besh unhappy,negative
late work break news lovely lady cleans house... crying together unhappy,negative
stopped got rid toy surprises bottom unhappy,negative
tell unhappy,negative
cant find striped shirt unhappy instant message wearing one says favorite thing? lucas middle,negative
guys please help retweet unhappy,negative
there's always shit like this. there's always people less deserving getting tickets,negative
winning giveaways etc unhappy,negative
truuuu!! si grim reaper sunny huhu grabe love story nila unhappy,negative
caught cold. unhappy seems got tired expected....,negative
shameful,negative
shameful business :(stop paying giant corporations foods need.... wake people plea,negative
miss baby unhappy,negative
holy shit! 40 pages script opening scene man steel krypton got compressed.i wish could least,negative
late nights,negative
face swapped cat dog really upsetting unhappy,negative
failed unhappy .g hehe,negative
miss boo much unhappy,negative
need car unhappy car unhappy poor unhappy,negative
wish could attend unhappy,negative
ikr. would trauma ware unhappy,negative
4/20 today,negative
lit unhappy,negative
life unfair? unhappy,negative
biblical lectures coming. notification soon. tomorrow,negative
fact.,negative
glad care people think anymore wish still looked best everyday like used sad pick,negative
muz u,negative
sure prob. ilabyu,negative
lucky slave wish unhappy,negative
instant message still hoping unhappy,negative
fuck unhappy,negative
tak ambik wedding package cause poor unhappy ambik aromaterapi massage je hajxjsjsj. hehe see uuuu jwa,negative
koalas dying thirst us unhappy,negative
unhappy let's fight kids,negative
cassandra cain. unhappy sure want watch batbuffy. batwoman would interesting.,negative
half time load,negative
half time crashes unhappy embarassing i',negative
right don%27t see people shit like,negative
miss hoseok unhappy,negative
left months hinhua ler unhappy need gambateh wink,negative
fish killer going pressed younhappy hoe today good person,negative
loved beth much unhappy,negative
prince baekhyun.....throw dungeon please deserve see beautiful face unhappy,negative
family. awful go. sorry hear. unhappy,negative
face swapped cat dog really upsetting unhappy,negative
honey unhappy,negative
unhappy pizza taiwan! like swift,negative
flavorful dream,negative
can't :(tello,negative
swear walked past haha,negative
get chance say hi unhappy,negative
miss quacktopia! unhappy,negative
dying thirst us unhappy,negative
goodnight love beautiful boys unhappy,negative
available u.k.? unhappy,negative
ailes sure knew make great network! fox going downhill wi,negative
penge damit unhappy,negative
sorry unhappy,negative
koalas dying thirst us unhappy,negative
hungry unhappy,negative
finals next week unhappy wish luck x,negative
miss temperance brennan seeley booth much unhappy,negative
miss quacktopia! unhappy,negative
said d2 largely sd d2 run newer versions mac os miss playing unhappy hd woul,negative
follow mee plss unhappy,negative
talking driver goinghe said love go new york since trump probably,negative
babye old twitter unhappy,negative
congratyoulations harry!!!!! since fifa 13!!!! miss yoyour younboxing videos unhappy,negative
can't wait see film karl! wished would bu,negative
cram reading unhappy,negative
job searching got none so:(buthedonism got abundance,negative
days since promotion ended already missing much unhappy,negative
hello getting cyber bullied something unhappy,negative
call center nice game 4/20 unhappy,negative
bes rip,negative
follow unhappy,negative
attending cosmic latte saturday give selu shippers kasi selu month qaqo unhappy,negative
baby unhappy,negative
absorbed going get laugh gets 2000 votes. unhappy,negative
friendly fire wings tour unhappy,negative
back hurts sad,negative
typed medical shorthand abbreviation use work,negative
dame computer decides crash unhappy i...,negative
excuse don%27t see nama unhappy,negative
damn.... theres people sincerely want attend bh birthday party bcs people try fun make ca,negative
that's shocking evil unhappy,negative
zac farro back way hehehe sad jeremy unhappy,negative
maa ki kuss tumhari. take bullshit loser.,negative
thought mountain dew australia caffeine little energy drink cans caffeinated never sleep unhappy,negative
hope little beaand andot overworkiandg gettiandg least rest unhappy,negative
base unver ajalah minahaes unhappy,negative
damn.... theres people sincerely want attend bh birthday party bcs people try fun make ca,negative
someone contacted jelpi issue rn? unhappy,negative
arisun town hall pretty terrible service rude staff. went icg's fryer broken unhappy,negative
damn.... theres people sincerely want attend bh birthday party bcs people try fun make ca,negative
powerpoint'te mi hazirladiniz post'u unhappy,negative
yeah! sight reading pretty good high school,negative
bit rusty now! unhappy,negative
pure evil people unhappy,negative
poor baby unhappy hate people,negative
great thing sad unhappy,negative
hair iand suandlight versus ando light waandt chaandge duandando waandt go darker bloandder sad please help (po,negative
hi ashish! tried call number got response unhappy please share another suitable time alternate.. cont1,negative
kante broke girls love exposing broke niggars much? where's team spirit? unhappy,negative
want unhappy looks yummy hehehe.,negative
think pretty enough unhappy,negative
koalas dying thirst us unhappy,negative
warm sketches faves,negative
going add bazza,negative
can't,negative
want wish marissa happy birthday keeps ignoring sad,negative
what's wrong like animals unhappy,negative
someone build house (4) cant unhappy cant believe already done????,negative
tulips favorite unhappy,negative
omg sad say actually remember this! unhappy happen??,negative
crying getting vm soon wooo,negative
unhappy 4c struggle valid?,negative
77 ? old leyland,negative
love unhappy,negative
pure evil people unhappy,negative
sounds family,negative
jimin yoongi unhappy,negative
chin leo crying,negative
slight buzy kasi besh unhappy,negative
rip tes 100k experience crying,negative
please reading breaks heart unhappy,negative
mager unhappy,negative
penge damit unhappy,negative
jimin yoongi unhappy,negative
bapak tom cruise.,negative
absorbed going get laugh gets 2000 votes. unhappy,negative
watched kid produce 101 performed chewing gum omoo poor kid bless soul unhappy,negative
definitely arms unhappy,negative
moms leaving today go town already miss unhappy,negative
can't own. (see there? ),negative
online crush comes meet-up without snapchat filter unhappy,negative
would never forget you!!,negative
fuckin' headache everyday unhappy,negative
jyoust hyoug,negative
hyoug longer 10 secs. hyoug even don%27t want unhappy,negative
saddest part day everyday ryan leave 5:30 unhappy,negative
say work unhappy totally made day though,negative
jimin doesnt follow yet unhappy,negative
know time retweeted waiting dm long time unhappy,negative
need moodbooster juseyo unhappy,negative
miss unhappy,negative
wth 4/20 happen easter holidays one best days leeds unhappy,negative
hakyeon turns 27 soon oh god still baby unhappy,negative
gray outside today unhappy,negative
ordered car yesterday,negative
dealer said loads cars returning due disabled losing sad,negative
gotta keep trying quit work unhappy pick please! give,negative
definitely arms unhappy,negative
literally see thing back stage,negative
girl front,negative
definitely arms unhappy,negative
getting morning hassle unhappy,negative
mom knows struggle drystreak unhappy,negative
played fm long time. really should. unhappy,negative
someone messed unhappy available**,negative
miss baby unhappy,negative
yesterday's faci cute! 30+ :(today's faci old eeyer,negative
yes jenniessi?,negative
precious really miss unhappy,negative
louis_tomlinson follow please? unhappy,negative
waited u unhappy,negative
makes sad. unhappy friends like,negative
liked seeing posts love wri,negative
waited unhappy,negative
u4v9rr wish noted gentleman's name unhappy find,negative
please commend him. h,negative
5/6 times week leh sad yes closing damn fuck opening much better,negative
one selling vhope banners what? sad,negative
irls coming meet boys much deserve unhappy,negative
might set whole place fire.,negative
try sad yes unhappy,negative
goodmorning!! parents taking kids lunch today- school-report card! wor,negative
yeah sad,negative
streaming later day (night stream) since go take care internet contract,negative
sorry guys unhappy,negative
true unhappy,negative
help unhappy early birthday gift huhu,negative
definitely arms unhappy,negative
please look scared full tence lauren's face tryin reaching camila's hand,negative
baby unhappy (bett,negative
aww eunji didnt see win today sad congratulations winner !!!!,negative
mine take iphone. switching back contract up... year half unhappy,negative
know.. really want ranks rise lot tmr's episode seeing many tweet him.. unhappy,negative
hitches ride final unhappy,negative
white genocide thing. figment imagination. youre victim nothing disinformation.,negative
one direction (band) whats going unhappy,negative
bad can't watch unhappy cake cute looks delicious,negative
definitely arms unhappy,negative
give ahn minhyuk juseyoooo unhappy,negative
sorry unhappy need sex time,negative
definitely arms unhappy,negative
wants say hi you.,negative
jimin yoongi unhappy,negative
seems cost abut 40k year? paying half full education get treat,negative
definitely arms unhappy,negative
come miami sad,negative
tw: assaultactually horrified many friends mine women talk sexually assaulted past. found another unhappy,negative
heart unhappy,negative
soph please don%27t win unhappy jk.. good luck think draw good poster,negative
sad,negative
unfortunately,negative
really feel lamp unhappy,negative
sadly unhappy,negative
last kiss unhappy,negative
whimper me?,negative
damn.... theres people sincerely want attend bh birthday party bcs people try fun make ca,negative
streaminuteg 45 minute understanding thing still.. unhappy,negative
difficult get least chance unhappy,negative
reason last.fm unlinks spotify miss like month scrobbles notice unhappy,negative
take season 9,negative
definitely arms unhappy,negative
definitely arms unhappy,negative
park areas paris marked green google maps,negative
reality patches dusty dirt unhappy,negative
ill work second come unhappy,negative
still taking quarter billboard charts x,negative
damn.... theres people sincerely want attend bh birthday party bcs people try fun make ca,negative
guys please help tried smoke lettuce earlier salad ruined unhappy,negative
someone pls gift xayah using pi plssss? unhappy,negative
instant message still bored unhappy,negative
jimin yoongi unhappy,negative
heart hurts. sad hate people,negative
see edge creeping unhappy,negative
organicthey'll shoehorn inbut plot character developmentmcu netflix leswhat support,negative
suddenly miss ate unhappy,negative
biggest problem paper books storage unhappy,negative
havent early school since last semester unhappy,negative
pierces like bitch unhappy,negative
think that's one hottest part body,negative
wow amazing country unhappy,negative
definitely arms unhappy,negative
want harry's phonecase sad,negative
work 7 morning unhappy,negative
jungkook looks like gives biggest warmest hugs unhappy,negative
ah baba idea tori olorun. may never victim case,negative
psa: remember ask artists draw you. say thing writers apparently commissi,negative
want give everything makes happy see smile unhappy,negative
miss jamie boy sick unhappy,negative
one direction (band) one who's giving up? unhappy,negative
damn ify ate unhappy,negative
whaaattt,negative
rt save guy's life,negative
nooo hair color pretty,negative
koalas dying thirst us unhappy,negative
definitely arms unhappy,negative
where's justin miss unhappy,negative
someone bring breakfast work unhappy,negative
thats grim unhappy,negative
oh noooo baby unhappy,negative
tired unhappy,negative
miss levi unhappy,negative
left headphones home unhappy kms,negative
wish meeting oa unhappy,negative
year ago today last time sakho played us unhappy,negative
would sustained fame unhappy,negative
miss unhappy,negative
ich ned unhappy,negative
online crush comes meet-up without snapchat filter unhappy,negative
far worst day 2017 since january 8th unhappy crying crying .,negative
note self: dont get attached crying,negative
mine sending stuff unhappy,negative
definitely arms unhappy,negative
roc boyz sad,negative
love can%27t arsed don%27t know people keep saying unhappy,negative
celtics bruins today unhappy least sale pitching sox,negative
honestly think trying get rid make mockery town wont admit it. unhappy,negative
nooo hair color pretty,negative
aseek,negative
bantay? unhappy,negative
trying get touch numbers appear down! unhappy,negative
need help guys crying,negative
fish killer going pressed younhappy hoe today good person,negative
need lessons learn start conversations people keep chatting unhappy,negative
hacked unhappy,negative
damn,negative
till later! unhappy,negative
lets hope vip good deed. want watch . done thi,negative
sometimes night feel scared vulnerable crying,negative
really want dye go lighter,negative
come get reminder email month unhappy,negative
wowwow cute unhappy wantt,negative
[please rt] buy blinking taehyung headband,negative
get 900 retweets 900 likes. help :(un,negative
younhappy keep jyoust,negative
damn available unhappy,negative
$10 also free postage. wish seller yanan yeo one too. unhappy,negative
kray denial normal bi say,negative
unhappy unfollowed many people ugh,negative
negative pit unhappiness,negative
ending soon aah unhappy,negative
definitely arms unhappy,negative
damn.... theres people sincerely want attend bh birthday party bcs people try fun make ca,negative
faltan russel noodle unhappy,negative
yeah unhappy thank much angel,negative
miss jihoon sad,negative
lost: jacksonville,negative
2010 week 11,negative
24-20 unhappy,negative
hope little beaand andot overworkiandg gettiandg least rest unhappy,negative
guess who's getting unicorn frappuccino sold unhappy,negative
one direction (band) one who's giving up? unhappy,negative
come back callie gabbie ghost unhappy love,negative
unhappy oh man..,negative
kind feels like sunburight right sad someone please make nobby things glasses slip,negative
guess who's getting unicorn frappuccino sold unhappy,negative
would really like coandsole versioands got update makr like steam versioand. =(,negative
hi! tried call number got response unhappy please share another suitable time alternate number.. cont1,negative
sooooo feels like friday today unhappy,negative
definitely arms unhappy,negative
miss talking yoyoyou yoyou younhappy yoyou always still talk,negative
picture makes sad unhappy,negative
can't dogs live forever unhappy,negative
understand look sad,negative
boyfriend mad cute unhappy,negative
miss minmin crying,negative
good morning nightmare still wondering maddie hates me. beginning day unhappy,negative
pake unhappy,negative
miss london already unhappy,negative
jyoustinbieber please follow daianeryoufato trying long unhappy love much baby! xx (april 20,negative
2017 08:45am),negative
deep scratch ;_;all paint gone see bare metal. needs fixed avoid getting rusting car soon unhappy,negative
go batangas? sad,negative
miss unhappy,negative
absorbed going get laugh gets 2000 votes. unhappy,negative
wasnt meant sound ano sad,negative
damn.... theres people sincerely want attend bh birthday party bcs people try fun make ca,negative
one year ago today unhappy,negative
song always one faves unhappy,negative
talking driver goinghe said love go new york since trump probably,negative
fuck get followers unhappy ratio amazing,negative
mom please stop making cookies,negative
like 90 calories per piece unhappy,negative
miss 7/27 costumes unhappy,negative
delete tweet,negative
need different pinned tweet unhappy,negative
[thinks tfp soundwave forever trapped void realm] unhappy,negative
deserve better . hope okay unhappy,negative
mane amazing unhappy,negative
dammit effect linearts show nicely twitter unhappy,negative
like long while?! want back puts good mood want,negative
get pork katsudon tokyo diner! tho egg unhappy,negative
anyone else ass hole unhappy,negative
anniversary josh's death unhappy,negative
sorry havent checking tweets unhappy you!,negative
aww unhappy coeurl,negative
oh unhappy,negative
liked video,negative
puppies deserves better unhappy,negative
husband family history mafia know stories sad,negative
wtf canada 2017 still 1700s. never support,negative
buy anything supports canada,negative
suuuuuuuuss scared crying,negative
one table last night told look like graceful ballerina gliding tables- another told looked like flash dancer unhappy,negative
seem want drop account wuhyungwon unhappy,negative
ask. two special issues lined up. unhappy,negative
got rest,negative
man. : (,negative
anyone 7 adapter 7 earbuds borrow day? left mine car unhappy,negative
staying sa unhappy,negative
preacher...... unhappy,negative
umma crying,negative
miss already unhappy,negative
well thanks stoping unhappy,negative
why? like blonde hair? unhappy,negative
3. that's lot cheaper easier make own. schematic needs special cables come easy. unhappy,negative
pozuelo (formerly swans) suso (liverpool ac),negative
look good current clubs. shame never cut pl unhappy,negative
gorbachev done w/o fear. thought bold enough implement vision damp squib unhappy,negative
wuut seriously?,negative
got pen today man crying,negative
process frustrating enough,negative
got 3 years longer unhappy,negative
roc boyz sad,negative
ravel morrison unhappy,negative
super scary unhappy,negative
same. unhappy got 12h stream coming bday 8 hours. still sleeping.,negative
talking driver goinghe said love go new york since trump probably,negative
ps4 mate,negative
got aksis 2nd part cp never completed since return investment dropped laughing loud unhappy,negative
left unspoken,negative
buried alive screaming head crying,negative
dont laugh unhappy meanie base,negative
sorry make book drive yesterday get outta work unhappy,negative
yoongi come back unhappy,negative
noooo 6.45 ;_; classes time unhappy,negative
yg sent mcd. want see holding trophy unhappy anyways,negative
call duration: sex: 01:47:36 sex: 00:00:19 crying,negative
jimin yoongi unhappy,negative
fucked right unhappy,negative
definitely arms unhappy,negative
last day camp tomorrow,negative
much fun absolutely love kids!! want soon unhappy,negative
koalas dying thirst us unhappy,negative
think would drive mad synths robots turned up. unhappy,negative
don%27t want go camp unhappy,negative
pick one unhappy,negative
lonely. unhappy,negative
hi! tried call number got response unhappy please share another suitable time alternate number for.. cont1,negative
miss friends unhappy,negative
one left? see unhappy,negative
applicablengarag applicable unhappy ill find wonu pictures soon alxmdkcsnx,negative
please answer request. unhappy,negative
koalas dying thirst us unhappy,negative
painful thing ever feelings someone can't .. unhappy,negative
one offering poor old lady seat unhappy,negative
lexxxxxy unhappy youre nice instant message really eek,negative
better pen pencil?dafaqcomoni want good drawer unhappy,negative
mayes unhappy .g,negative
thanks that! little things like really help sleep starts hitting drink coffee energy drinks unhappy,negative
miss already unhappy,negative
definitely arms unhappy,negative
oh god heck sorry! one favorites well unhappy,negative
scout photobombed bluebells photo sad,negative
crap. hailie there. school game make middleburg time unhappy,negative
still sign - small area ( gardens ) would obvious sad quite eyes,negative
sign.,negative
knee similar colour leny henry's unhappy,negative
okey unhappy,negative
much pain. eye hurts unhappy,negative
buffalo unhappy,negative
hard imagine anyone robin unhappy still exciting nonetheless,negative
least 80 cad like unhappy (90 cad quebec taxes),negative
ye... miss unhappy,negative
22 old unhappy,negative
rl? serius?,negative
feel awful today unhappy want go internship,negative
may one workers properly compensated unhappy,negative
love people message w long messages beautiful find joon like unhappy yes agree keep going,negative
today great unhappy,negative
used month's worth laugharne weekend sad (no wi-fi small carmarthenshire towns,negative
let alone free!),negative
today 4-20 hitler's birthday unhappy,negative
jungkook looks like gives biggest warmest hugs unhappy,negative
youngjae looked sad video unhappy,negative
babies unhappy,negative
check out... excited backup singers way backup unhappy,negative
first round exit 15 minutes followed 45 tech crying unhappy,negative
puppies deserves better unhappy,negative
resolve sooo slow laptop,negative
think ever edit long videos unhappy go try another editing software,negative
hate throwing unhappy,negative
nani lies unconscious,negative
never mind khushi,negative
know ready say goodbye unhappy,negative
w,negative
:^) hello,negative
beating two favourites anyway stop caring match,negative
sob. unhappy,negative
feel like 'only environments disable people' argument actually excludes many disabled people,negative
jimin yoongi unhappy,negative
baaaper unhappy,negative
roc boyz sad,negative
roc boyz sad,negative
,negative
last night dream moved japan happened see you! denied friendlies request. unhappy,negative
precious really miss unhappy,negative
oh unhappy like?! still shops?,negative
aando uandhappy googled day read meandu agaiand said hoax,negative
thank unhappy need certificate signed god,negative
hi mahima! share concern unhappy please dm us contact details get touch detailed.. cont1,negative
talking tattoos makes want bb8 tattoo broke makes unhappy,negative
never want finish desperate housewives life unhappy,negative
surprised least amount followers whole cast sad lol,negative
dear attendees,negative
jealous unhappy please go see 18:40 - green room sat!,negative
talking driver goinghe said love go new york since trump probably,negative
ok do! never problems old ticket app,negative
new one seems bit unstable unhappy,negative
love,negative
customs mean can't send food abroad unhappy hope birthday dreams come true,negative
freebet sport except total mkets handball,negative
basketball etc theyre restrict.threw,negative
ikr!! unhappy oki welcome sam,negative
speech-to-text doesnt understand accent irish names unhappy,negative
jimin yoongi unhappy,negative
rumors going around videos performances youtube already deleted..,negative
wrote 30 tweets still notice crying,negative
damn.... theres people sincerely want attend bh birthday party bcs people try fun make ca,negative
why? unhappy,negative
definitely arms unhappy,negative
post much lately? school unhappy,negative
u guys noticing unhappy,negative
koalas dying thirst us unhappy,negative
sorry tired stream. get sleep try fun tomorrow. feeling tonight guys.,negative
saw. reply unhappy,negative
piss crying 3,negative
boo))):,negative
bes jup unhappy,negative
andy unhappy,negative
lage unhappy,negative
wake 4:30 tomorrow body's gotten head start waking 4:30 every day week unhappy,negative
wish someone cuddle right unhappy,negative
hi julie,negative
sorry see tweet unhappy please could dm address details? look,negative
trying stay positive can't help jealous princess mia's life. cuddle eat unhappy,negative
russell phone 10% possibility chance would notice me? unhappy,negative
away next thursday unhappy one after!,negative
peacefully sitting reading book work,negative
watchman comes threatens,negative
assumes im outsider,negative
oh shiiiiid noooooor unhappy,negative
oh well never liked clay anyway unhappy,negative
unhappy :/ unhappy feeling sick,negative
okay lang friend promise meant broken =( hahahaha,negative
even care unhappy,negative
one year ago today unhappy,negative
missed whole lot unhappy,negative
know feel,negative
views gone done 100 monthly unhappy,negative
mane amazing unhappy,negative
senior snaps starting get senti aw unhappy,negative
instant message still hoping unhappy,negative
damn.... theres people sincerely want attend bh birthday party bcs people try fun make ca,negative
unhappy sure,negative
one faves unhappy tying get vimeo guys still watch x,negative
dang guess plans ruined unhappy,negative
koalas dying thirst us unhappy,negative
unhappy there'll 1 silver-that'd him!,negative
red velvet unhappy,negative
puppies deserves better unhappy,negative
che critiques. unhappy,negative
feeling shit today unhappy,negative
beauty,negative
face swapped cat dog really upsetting unhappy,negative
miss rain unhappy,negative
jimin yoongi unhappy,negative
really soft spoken unhappy,negative
playmfs: need moodbooster juseyo unhappy jily_jelly,negative
koalas dying thirst us unhappy,negative
pake 3 unhappy,negative
precious really miss unhappy,negative
bells gone daddies days. work work work unhappy,negative
damn that's unfortunate unhappy,negative
well that's weekend viewing plans changed! unhappy,negative
damn.... theres people sincerely want attend bh birthday party bcs people try fun make ca,negative
absorbed going get laugh gets 2000 votes. unhappy,negative
got doubts summer happiness. zcc? unhappy,negative
mmmmm guess getting much acting work days? much time hands unhappy,negative
wish could say gangs daniel's picture. unhappy rantoul twp high,negative
oh andy unhappy,negative
front us.,negative
talking driver goinghe said love go new york since trump probably,negative
sooooo sleepy unhappy,negative
must feel like shit men stare barrel bong spend kid's milk money unhappy,negative
alright. looks like back chores behind scenes. page hits drop 1k daily visit post. unhappy,negative
hi! tried call number got response unhappy please share another suitable time alternate number us to.. cont1,negative
long time chat sad,negative
organicthey'll shoehorn inbut plot character developmentmcu netflix leswhat support,negative
miss unhappy,negative
koalas dying thirst us unhappy,negative
2ne1 reunite unhappy,negative
bring back ginger curls =(,negative
talking driver goinghe said love go new york since trump probably,negative
3 3 3 please unhappy,negative
gave pass like think never unhappy,negative
work much better unhappy,negative
hi tharakaram! that's experience want unhappy please dm us numbers get this.. cont1,negative
damn touching. unhappy,negative
puppies deserves better unhappy,negative
want cuddled someone little back trace thing put sleep unhappy,negative
mean voice changed? unhappy,negative
nights sad real life cant sleep unhappy,negative
ohh normally feel sick drink like 3-4 cups coffee,negative
maybe coffee unhappy,negative
miss crying,negative
honestly college makes want curl ball cry 3 days straight unhappy,negative
huhu lucky unhappy,negative
weare u? unhappy,negative
im one days instant message like,negative
damn... sucks! unhappy,negative
tried resetting everything,negative
still strict,negative
can't fix soon delay tomorrow unhappy,negative
know really upsets me? stranger internet satisfied entertainment provide,negative
hi! tried call number got response unhappy please share another suitable time alternate number.. cont1,negative
want meet bad unhappy,negative
want please unhappy,negative
memoriam alea starbridge unhappy beautiful voice never forgotten.,negative
hawhaw crying,negative
dat? unhappy,negative
please read unhappy,negative
miss much unhappy,negative
sorry. one bad egg embarrass rest. unhappy,negative
want adult today.. birthday unhappy,negative
miss temperance brennan seeley booth much unhappy,negative
june 5 - june 16 unhappy,negative
[thinks tfp soundwave forever trapped void realm] unhappy,negative
get well really soon jack unhappy,negative
32- love daughter crying,negative
iiiii would like boook ! fuck unhappy,negative
tired pretending falling unhappy,negative
way,negative
although little late sad,negative
picture unhappy,negative
wut totally missed bday unhappy happy belated birthday sweetheart,negative
hope great,negative
love waaaaay baby unhappy sweetest adorable little angel,negative
glad,negative
koalas dying thirst us unhappy,negative
year haha unhappy,negative
guys really serious hope don%27t judge unhappy,negative
keep kenyans complaining,negative
.i can't believe fixed yet,negative
can't believe customer service goes,negative
aw younhappy miss,negative
aww trying cheer unhappy,negative
famous sa facebook,negative
reality alone lonely unhappy,negative
sorry stream yesterday,negative
cold unhappy see feel today!,negative
wtf?! where's boring show that's on?! happen?? happens close week. unhappy,negative
back matemticas unhappy,negative
yg sent mcd. want see holding trophy unhappy anyways,negative
im hungry unhappy,negative
can't draw naked women crying,negative
hi ashish! update regarding concern number switched unhappy please share another suitable time.. cont1,negative
u blackmailed unhappy,negative
aus alisha unhappy imagine things could,negative
jongin asked members whether eaten felt wronged ate without unhappy,negative
instant message cramping sad,negative
hate losing online friends unhappy cruel people deactivate unhappy,negative
guys please help retweet unhappy,negative
pretty much twitters really work sad,negative
appropriate ones unhappy,negative
:'(( well,negative
least case yet completely broken tho,negative
yours? unhappy,negative
nope unhappy,negative
miss temperance brennan seeley booth much unhappy,negative
don%27t surprised see cry today,negative
instant message lot pain school doesnt allow pain meds unhappy,negative
oh jeez. even try taking crack expected build bad,negative
ha unhappy,negative
r.i.p victoria wood heaven knows miserable unhappy,negative
fun night! sorry missed last night unhappy really need sync calendars,negative
notice me? unhappy,negative
unhappy,negative
whats crazy walked doors every administration + night.,negative
yet parents invest child's emotional education taking child school holiday early that's un,negative
yg sent mcd. want see holding trophy unhappy anyways,negative
want orientation unhappy,negative
unhappy,negative
yg sent mcd. want see holding trophy unhappy anyways,negative
wish knock lang talaga new school year good cooperative groupmates please unhappy,negative
miss much unhappy,negative
unhappy,negative
hi instant message friend friend lang,negative
hindi close friend? unhappy,negative
inspiration aspects: fashion,positive
fitness,positive
beauty personality. :)kisses thefashionicon,positive
apka apna awam ka channel frankline tv aam admi production please visit likes share :)fb page :...,positive
beautiful album greatest unsung guitar genius time - met great backstage,positive
good luck rich riding great project sunday. donate?,positive
omg he... kissed... crying joy,positive
happy anniv ming papi!!!!! love love happy,positive
thanks happy,positive
c'mon tweeps,positive
join vote singer! spread word. :d,positive
thanks great review! smile,positive
yay another art raffle! everything need know picture :d,positive
hello hope visit luxor amazing city egypt pleas check,positive
got vive tracker office intern,positive
went work.don't get excited,positive
,positive
take look favourites.io happy,positive
go back school music! think time happy,positive
sixth spot applicable team! higher pa! :)kisses thefashionicon,positive
thanks top influencers community last week happy,positive
share love: thanks top new followers week happy want this?,positive
retweet tweet want included nhc scrapbook!! making something usern,positive
happy 420 happy pass followers!,positive
wants good vibes? watch youtube tv100 application free happy,positive
great work lovely place! thank havin,positive
nothing ever seems. looks bad today,positive
blessing tomorrow happy keep faith stirred day!,positive
mmmmmmmm love naughty wives smile,positive
deserve vacation happy,positive
never known hard last days resist temptation enter politics debates social media happy stood firm far,positive
summer salad inspiration bbq smile,positive
hey thanks top new followers week! much appreciated happy want ?,positive
post offer website happy,positive
thanks top new followers - great week happy,positive
prefer sharm - enjoy happy gouna 20km away also quite nice - honestly anywhere away crazy cairo,positive
sixth spot applicable team! higher pa! :)kisses thefashionicon,positive
hey thanks top new followers week! much appreciated happy,positive
thanks recent follow. much appreciated happy,positive
thanks lala.. much needed happy,positive
thanks connecting passionate - hope like tweets happy,positive
hey,positive
keep smiling happy,positive
said yesterday... happy,positive
love bloggers love us much happy thank amazing review perfect glasses h,positive
way make sense crazy edge cases idea sharing revenue offensive,positive
rather,positive
gentle reminder tp guidelines happy please read spread. thank you. happy kisses thefashionicon,positive
keep,positive
cheeky :d,positive
smile true. someone recognised contribution fashion,positive
might dressed bit better.,positive
sounds like lot fun :d like,positive
oh,positive
jin spotted everland today. nice see break us tour happy,positive
nothing religious it. calling sexism. think need spell stand,positive
go back school music! think time happy,positive
theres one thing want change . last name happy aldubonly,positive
welcome brother happy,positive
thanks recent follow happy connect happy great thursday.,positive
sone cant stream genie!you stream ty genie! still sharing genie ids. want,positive
dm us happy,positive
spending time dogs animals great helping relax de-stress. great idea happy,positive
new video happy hope like ithappy,positive
got interview poppin happy $$$$$,positive
love tweetability! like reach opportunity! could hit us email happy,positive
thanks recent follow happy connect happy great thursday.,positive
uss,positive
dm half naked pictures happy,positive
evet happy,positive
well,positive
hope last long least get enjoy weekend. happy birthday happy,positive
excited event next week bangalore! come happy,positive
want win pet chick happy simply follow retweet chance win! winners selected sunday 23rd. go,positive
top retweeters week,positive
thank happy,positive
dope!! that's cool word. finally hip young millenial memers smile,positive
2nd cousin vlad !!!!! maybe thats message hockey g,positive
thanks recent follow happy connect happy great thursday. (want this?,positive
earlier happy,positive
win weekend late gift,positive
ok? :d,positive
finally got jinyoung wipe jaebum precious son blocks world witness,positive
question 18! make sure use tweets replies happy,positive
credit also goes ik happy,positive
accounts:them get rekt! :d,positive
hey thanks top new followers week! much appreciated happy,positive
les videre happy,positive
clauditte,positive
friend egg,positive
congratulations david! well done mrs v! welcome jessica! happy,positive
tried new hacks?! **trying dumb life hacks 17**,positive
keep tweeting team. higher! thank efforts. :)kisses thefashionicon,positive
happy boys brighten day happy,positive
huge thank within social work care sectors! keep great work happy,positive
lunchtime flinthook! game much personality :d,positive
ministers pmln happy like students never studied exams luckily exams got delayed. still ha,positive
:d mom bit tired,positive
climax shot happy,positive
miss petite happy thursday happy looking forward weekend?,positive
rt quote name calligraphy happy try best make pretty!! non mutuals/mutuals (ifb) fl,positive
mutual: let's talk more!me: sure!mutual: happy me:,positive
got th add sim ant possible thanks happy,positive
want friend washington,positive
get dog. :d,positive
congrats winner :d eyounji well girl,positive
notice? killings rss / bjp workers another southern state? cm dismantling xtian infra munnar?,positive
hi please rt pinned post happy,positive
video definitely 30 minute episode longer.,positive
would love win gorgeous nail polishes :d! cute,positive
jae celebrating sheena easton triumphant opening night 42nd street west end! happy,positive
happy belated birthday :)another duet amaal much needed,positive
titties fantastic. kissy kissy,positive
pls rt[nct fic] love song,positive
goodevening happy,positive
ministers pmln happy like students never studied exams luckily exams got delayed. still ha,positive
thanks retweets week. much appreciated happy want,positive
=thumbnail uhc= best render ever :dand favs appreciated brosopinios ?,positive
thanks notifying us! updated add-on plans accordingly happy,positive
cool! happy surrounds full recovery.,positive
nice morning working today. lovely atmosphere,positive
friendly service,positive
wifi,positive
comforting london fog.,positive
happy,positive
great day everyone happy,positive
kiera's quest: awakenings (kiera's quest book 1),positive
voted wolf's bite greenlight yet? happy help us get wolfie pigs steam!,positive
go back school music! think time happy,positive
new thesis another genius.sir,positive
loved reply you. :d get lost .,positive
birthday another hours,positive
happy birthday hoe! good day,positive
love guess happy,positive
hard see best friend another girl happy,positive
offer still going happy,positive
can't someone worst deserve best :)kisses thefashionicon,positive
demit gocoh game real crying joy,positive
found use sewable led holder happy,positive
select 14 award-winning laura taylor romance ebooks,positive
excited things coming future happy things going great,positive
guys entertaining insightful... one reasons really enjoying lpl lot season :d,positive
thats sounds like superbooth happy,positive
want learn choreo ugly body says crying joy,positive
share love top engaged community members week! much appreciated happy,positive
hi kylie,positive
looking forward visiting! picked great day,positive
sun shining happy,positive
ok. please read replies this....,positive
right here.aren't happy [x]???no. still 'condition',positive
fla members officers going cebu tomorrow silence godbless piss mga ante angkol! happy,positive
every like ill post answer smile,positive
maybe band definitely collab! hi name philip happy,positive
lego_group: legothursdays jokersquad_swg legolandwindsor sounds like lots fun! happy,positive
friend would like brand new strapback hats 14.99,positive
yes smile,positive
mata_tytan: almightytanner: good evening everyone happy join twitter party tonight. official tagline:tann,positive
first attempts bird photography. :-)passer domesticus. surprising. wink,positive
people don%27t know always think quiet. people know me. wish :)kisses thefashionicon,positive
love p!,positive
rt: good evening everyone happy join twitter party tonight. official tagline:tanner welcomebackph tmi,positive
oh yes happy,positive
hey robert rolih thanks follow! coastal living mean you? reply photo :d,positive
ever australia! :d love vids. lovo youtube :d,positive
opening lot!rt likes would laaaaaverly :d .xxenjoy,positive
words never missed articles happy,positive
tweet hits 1000 getting rian holding sticker too!!! click tweet sm,positive
bill nye answers science questions twitter | wired,positive
today? happy,positive
ready next fire lighting session - keen early birds already smile,positive
go kisses!!... know it..,positive
gets 70rts giveaway 5 minecraft accounts origin account randomly people retw,positive
hi mr. yen! signings new york day? great role model happy,positive
cut one kitchen experiments happy,positive
wow made js compressor actually checks scoped variables existing. turns issues happy linters may useful happy,positive
week marilyn pops get's dirty happy cum see!,positive
loool mad avoid today :d,positive
welcome thomas happy kim,positive
look happy,positive
play year,positive
super impressed got musical mojo back! thank much happy,positive
watch mayward fam!,positive
thinking same. know cute happy,positive
sone cant stream genie!you stream ty genie! still sharing genie ids. want,positive
dm us happy,positive
mythbuster/20 happy,positive
aha okay going rough night happy,positive
company photoshoot fabulous photographer happy look determination (concrete shoes) get,positive
perfect,positive
worked beautifully. redesign import page suit whole application would mak,positive
hey,positive
great day today happy,positive
come volunteer abbeydale picture house! next wednesday...,positive
farnell fursday isn%27t happy meet tax pounds happy,positive
here's one rolls 'poundland' film! (a store sells products 140.) here's dx,positive
thanks recent follow happy connect happy great thursday.,positive
thanks :d,positive
love them! get some? smile,positive
opening lot!rt likes would laaaaaverly :d .xxenjoy,positive
spending night talking beloved ???perfect.i love man! happy,positive
.is winner donation giveaway,positive
answer yoyour steam trade link ill send right away :d,positive
recent follow. much appreciated happy want this?,positive
think probably beyond repair sounds tea etiquette happy,positive
.- layout- btob happy,positive
still looking one happy,positive
sydney tomorrow,positive
byron 3 weeks,positive
hobart 7 weeks. lots look forward happy,positive
hit,positive
new job starts weeks! :d,positive
people internet asses annoyance here's positivity you. love art!!! :d pretty!!,positive
best community gathering coming up! full,positive
here's part happy,positive
mutual: let's talk more!me: sure!mutual: happy me:,positive
happy birthday megan happy,positive
wandering around,positive
popping store,positive
owner told (as article) smile,positive
see one? happy transitional piece // chiffon dress,positive
sixth spot applicable team! higher pa! :)kisses thefashionicon,positive
thank crew happy,positive
little video made love life,positive
minute yoongi~watch 'til end free cookie happy,positive
let know like one happy,positive
know really love lot?not support comments,positive
also support other!,positive
happy,positive
hey,positive
keep smiling happy,positive
nothing could better happy,positive
inspiring crying joy,positive
instant message fine yoo,positive
thank happy,positive
day! better way spend sunny day drinks shore happy,positive
suppose waiting happy,positive
aww hating got sponsored,positive
childish commando happy,positive
definitely looking :/ gave try anyway happy,positive
one backward cap,positive
please! :d| kenbie,positive
blessing first day april happy,positive
helloo :d (keep_smiling_y),positive
contribution ( posted tumblr ago crying joy ),positive
happy birthday chopin style - piano improvisation,positive
yes,positive
problem affecting webmail itself. accessing email applications works fine happy ^mkl,positive
best happy,positive
now? happy,positive
enter win 1 boxes highly anticipated books! 6 books box! open int happy,positive
congratulation world happy,positive
helloo :d mr drippy (callmeergan),positive
good crying joy love much,positive
wow awesome gog! thanks happy,positive
anybody need motion design animation help? available happy,positive
yes!!! neil gaiman life! :d,positive
last event chapter 1,positive
invited 24 people propose visions future. jom happy,positive
exaseetly what's happening tn politisees. get bjp tn. game different.,positive
see,positive
don%27t know doesnt seem fair me..two one happy,positive
helloo :d braids! (keyrazygirl15),positive
thank mama bear! ang ganda mo happy,positive
okay,positive
really out. happy,positive
helloo :d kesh (mzkeshnj),positive
used. stats care motivation happy,positive
kind jealous laughs ny fault working hard happy,positive
appreciate recent retweets great thursday happy,positive
stay ? go ? nobody knows happy,positive
helloo :d mack. (macktimus),positive
ladies! - tell yoyoyou play golf. wyoyoyoud make yoyoyou want play? top 3 reasons yoyoyou play? heyjyoyoyoude66info,positive
thanks week,positive
much appreciated happy,positive
nearly done now! thanks everyone joining hope see time next thursday happy,positive
oh feel 10 gems :d,positive
helloo :d chammy (shamirakay),positive
good luck rich riding great project sunday. donate?,positive
friend. smile,positive
rt: almightytanner: good evening everyone happy join twitter party tonight. official tagline:tanner welcomeb,positive
amazing stuff!!! thansk happy birth control - gamma ray (1972),positive
noted sir,positive
bus bangsar heading awan besar. good day happy,positive
thanks recent follow happy connect happy great thursday. want,positive
helloo :d best damn avocado (batsyy_),positive
lets agree put brain knees crying joy,positive
wish smile,positive
everyone getting punched :d,positive
welcome germany then. authority welcome countries though! happy,positive
better oldschool crying joy rs3 equals aids 3,positive
nothing could better happy,positive
please beautiful princess help,positive
give little happy,positive
always running space phone,positive
thank kpop crying joy,positive
one one allah ease problem . lot thanks crying joy,positive
thank sharing happy,positive
nothing could better happy,positive
hopefully ok happy charts look bad moment depends tides directions,positive
keep,positive
soon :' need much crying joy {} need kaswa :',positive
laksa make okaay crying joy need laksa,positive
helloo :d car fox (ror925),positive
thanks connecting passionate - hope like tweets happy,positive
mutual: let's talk more!me: sure!mutual: happy me:,positive
wants good vibes? watch youtube tv100 application free happy,positive
tara,positive
hi,positive
all! roy dahildahil,positive
co-founder moderating tonights tweetchat. happy,positive
sone cant stream genie!you stream ty genie! still sharing genie ids. want,positive
dm us happy,positive
enjoy happy,positive
happy thursday loves!! happy,positive
good morning peady,positive
need direct coffee feed starbucks happy,positive
better check,positive
thanks recent follow happy connect happy great thursday. want,positive
ummm announced new show buffalo! ask opener! happy,positive
world big. big problems worries take world. much smile happy,positive
friday conference us go dinner favourite smile,positive
follow saga diary year's worth saga pens :)tcs,positive
im done trying take men seriously happy,positive
top high value members week happy,positive
okay happy,positive
little fans. - happy,positive
here's full art glyph keeper mummy token. interested hitting ebay tonig,positive
seokjinie went everland today~ guess forgot idol,positive
good happy,positive
welcome happy,positive
saying read book today,positive
telling read book today. knowledge power. knowledge growth. kee,positive
game move camera happy,positive
veronice jughead! happy,positive
oh god raining live crying joy stop omg wanna cuddle,positive
hehe take care andy friend happy,positive
vocal coach ig post:,positive
hold frowns used new application - made team! happy,positive
love ben sleeps get watch programmes want netflix without interruption !!!! happy,positive
thanks happy,positive
nothing could better happy,positive
thank crew happy,positive
someone asked hows life? smiled replied,positive
shes fine :)kisses thefashionicon,positive
yeaaaah! alpha invitation well received happy,positive
good luck swampy happy,positive
feeling bad - buy new book get engrossed new world happy,positive
may go away happy,positive
april really really bloody. proud boys crying joy,positive
smiled today? never forget smile happy,positive
happy,positive
gott happy,positive
nothing could better happy,positive
guys. read least. crying joy,positive
hope louis gets time wants comes back fresh happy happy,positive
yes that! happy,positive
famfrit people happy,positive
,positive
er,positive
sloths great? good un-unthinkable picture? dug mysel,positive
thanks much appreciated happy magic,positive
way home happy happy si noah sa skyranch,positive
thanks recent follow happy connect happy great thursday. want,positive
made video improving line work youtube,positive
things like happy,positive
client work rt favorite happy,positive
everything choice happy,positive
awesome! makes good nurse maid,positive
huh? happy,positive
thanks recent follow happy connect happy great thursday.,positive
thanks top engaged community members week happy - try,positive
thanks recent follow happy connect happy great thursday.,positive
funny happy,positive
1st day ja entertainment's marathi film savita damodar paranjpe big fan story. finally get,positive
good day hey. happy,positive
mutual: let's talk more!me: sure!mutual: happy me:,positive
surround positivity happy,positive
still live!,positive
gst brain child modiji happy perfect!,positive
also makes beautiful art (my biggest inspo) sale anyone interested happy,positive
thanks recent follow happy connect happy great thursday. want,positive
thanks up-voting us ph happy,positive
good,positive
might cost $3 month!!!! happy,positive
great see buddy nicest dude world. keep killing brother happy,positive
bronchitis love happy,positive
thanks recent follow happy connect happy great thursday. want,positive
20% knight day jewellery ends sunday-why pick something nice,positive
bank job,positive
coming soon screen near you.,positive
157 days go happy,positive
going go meet andrew lunch back :30,positive
upstairs right happy,positive
also signing session qian liu jared wright last performance onegin? share,positive
happy birthday,positive
bram stoker. can't wait show bronze soon. happy,positive
tweet meant article happy,positive
send people bunny pics,positive
let know happy,positive
thanks top engaged community members week happy (want ?,positive
aspiring developer near krakw excellent opportunity. even pay interns happy,positive
thankfully chop,positive
arrived back little tipper lorry smile,positive
prepare inspired! happy,positive
ready now! one 9 week old chocolate female puppy harlowe x sterling! happy girl sweetheart a...,positive
said see concerns. assure sir hinduism stay dharma,positive
super can't wait happy,positive
notice anything unusual? happy birthday lovely frooty! happy,positive
rose come him! really enthusiast :-d using much may! :-)~~~,positive
thanks follow happy help business anyway please get touch,positive
thanks recent follow happy connect happy great thursday.,positive
.a scan tumblr happy,positive
new upcoming heroes revealed! wukong,positive
dragon more! omg :d,positive
never happened happy,positive
awesome recommendation jess! listened,positive
thanks b happy,positive
congratulations,positive
got message happy,positive
that's kaki tane amazing! foyound place germany import it! :d,positive
breaks first practice exam happy,positive
made dinner two tonight happy,positive
share love top engaged community members week! much appreciated happy,positive
know exactly talking happy,positive
thanks recent follow happy connect happy great thursday. want ?,positive
shihaaaa help bishie hunttt equals ^ equals ),positive
puzzle pieces [64]rt like next please :){20 rts,positive
30 likes?} hehe,positive
dropped follow twitch happy,positive
many cool games updates release today. happy,positive
terrible live world address anticipated criticism thoughts first? happy,positive
said,positive
chaged best singto. please,positive
cheer new administrator team. happy,positive
seems like black lingerie picture happy,positive
thanks top engaged community members week happy want,positive
good morning! hope slept well~ happy,positive
never happened happy,positive
lot games month? :d,positive
everything anything days,positive
book cars service swards tommorow :d,positive
thanks feedback! it' starting phase,positive
figures happy,positive
pop request assassin shower gel? happy,positive
mutual: let's talk more!me: sure!mutual: happy me:,positive
looking forward this. come see us! booth going right center field. happy,positive
thanks lot,positive
check happy,positive
well fun. thanks stopping giving shit tonight fellas :d much love. feelsgoodman,positive
kills crying joy,positive
see next tweet! 5 different things keeping calm,positive
list want happy,positive
thanks recent follow,positive
much appreciated happy want ?,positive
people write joke religion online.*joke**just joking guys,positive
offence :)** want hurt anyone.,positive
thanks recent follow happy connect happy great thursday. want,positive
yet! maybe year happy,positive
hey thanks top new followers week! much appreciated happy want ?,positive
jack finn harries crying joy,positive
think understand much stream would mean happy even make-do,positive
would awesome.,positive
stress mariana,positive
beetle done joins wall-e,positive
mini campervan happy,positive
stats day arrived. 1 new follower unfollowers happy via,positive
didnt save happy going re-color,positive
share love: thanks top new followers week happy,positive
thanks recent follow happy connect happy great thursday. want,positive
considered asking came from. :d,positive
thanks notice greetings : jossetted'hermanni,positive
thanks recent follow. much appreciated happy (want magical!,positive
thank much friend smile xx,positive
worship spoil happy,positive
stats day arrived. 1 new follower unfollowers happy via,positive
superstar thanks much kind words! look forward seeing soon buddy smile,positive
new second home coming soon! :d,positive
used like neighbours,positive
put password wi-fi :)kisses thefashionicon,positive
still syoure ? :d,positive
thanks recent follow. much appreciated happy want ?,positive
hi cham,positive
updates batch 1 army bomb v2? happy,positive
happy 27 million keep happy 71 million close another 100m,positive
photoblogged! happy re-using old locations,positive
mutual: let's talk more!me: sure!mutual: happy me:,positive
new video!stream montage - finally unboxed spectrum knife :)hope like it! here:,positive
minah starts crying fans yura hyeri make laugh cheer up.. can't crying joy,positive
stats week arrived. 1 new follower unfollowers happy via,positive
ready 420 happy,positive
fat ass girl fat fetish760 hot videos online,positive
thanks recent follow. much appreciated happy - sent,positive
said silence morgan freeman's voice happy,positive
thank happy,positive
eat steak well done please unfollow happy,positive
hows quintly trial happy ?,positive
life about. enjoy happy,positive
stats week arrived. 1 new follower unfollowers happy via,positive
lips though,positive
exaseetly what's happening tn politisees. get bjp tn. game different.,positive
see,positive
crazy easter! donkey insane! seriously crazy haha!,positive
morning. coffee time happy,positive
thanks recent follow. much appreciated happy want ?,positive
thanks recent follow. much appreciated happy want,positive
would love guest podcast sometime!!! 15 minute smile interested???,positive
kissward tagline:tweet us pans :)noonecanstop kissward,positive
thank crew happy,positive
love six pack much,positive
protect layer fat :)kisses thefashionicon,positive
share love: thanks top new followers week happy,positive
share love - high value members week happy,positive
looks could kill......... smile,positive
station check. happy surely combination 0xx-xxx-x938 0xx-9,positive
nothing moves faster girl untagging ugly picture :)kisses thefashionicon,positive
too. smile,positive
great happy,positive
happy 10th wedding anniversary aishwarya rai-abhishek bachchan happy,positive
swanmen setting up! pablo waiting news happen happy,positive
thanks up-voting us ph happy,positive
hiii. . gentleman commander (bryannousaurus) happy,positive
thanks recent follow happy connect happy great thursday.,positive
joo okay happy,positive
close animation 3i post second part soon! happy,positive
don%27t spam way,positive
reply tweets?? like followers do.....this pointless,positive
thanks recent follow. much appreciated happy want ?,positive
hiii. . reece (reeceboast) happy,positive
alaye give iphone7 dollars birthdaydo normal abeg,positive
thanks recent follow. much appreciated happy get,positive
superstar thanks much kind words! look forward seeing soon buddy smile,positive
naeem bokhari says... mian gone !! cute nb happy ns ugly evil.,positive
that's insane! good luck that! took yesterday afternoon. :d,positive
told lately olive juice? :d,positive
updated text video intro drawing line tool paint tool sai. happy,positive
- thanks top engaged community members week happy grow followers,positive
.thanks happy,positive
hate people steal ideas,positive
think :)kisses thefashionicon,positive
given custom console bundle giveaway! happy tweet following enter! ends,positive
give one every student myswlf happy,positive
mention it! :d,positive
episode two crying joy,positive
surprised use adblocker! happy,positive
wanted say thank following,positive
really appreciate it. hope brilliant day happy,positive
happy 4/20 :)i'm drug free never smoked weed before.,positive
mutual: let's talk more!me: sure!mutual: happy me:,positive
blocked christensen.another notch belt. happy,positive
91% favour unelectable jeremy corbyn happy,positive
best advice blogging. happy,positive
teaser coming today 4pm!story,positive
music direction favourites,positive
aw bcc pride prom kind want go happy,positive
school taught us anything,positive
texting without looking :)kisses thefashionicon,positive
good morning messages never fail make smile happy,positive
thanks recent follow. much appreciated happy want,positive
sap also use,positive
shoutout donation. looks like streaming stanley parable later happy,positive
unfollowing bye happy,positive
thank 2k likes banner project happy,positive
hi :d retweet follow!!!,positive
? news ? :d,positive
efforts pay off... happy,positive
pressure happy,positive
happy bday midawgdarnizlle love long time happy thanks best friend forever attempting travel road,positive
fri thu? going friday showing :d,positive
thinking want go school suddenkyfeeling good happy,positive
don%27t :)),positive
tonight 7pm,positive
treaty could provide security/ tech culture development happy,positive
thanks recent follow happy connect happy great thursday. get,positive
goodies spotted! :d,positive
another great day westhoughton,positive
delivering conservative message strong stable leadership. happy,positive
morning happy,positive
south issues,positive
going see what's speak people live near see use happy,positive
trying bank sleep week happy doubt able sleep friday saturday night,positive
understand....i silly shit like make friends smile happy,positive
well,positive
guess good thing bring right foreground put right face,positive
thanks recent follow. much appreciated happy want,positive
know think? look exceptional new mum,positive
tum still like 20yrs on. happy,positive
prime minster pakistan ? nawaz sharif hahahahah happy sorryuncle,positive
sure happy,positive
agreed! feel like skipped many css/design fundamentals. spending next couple,positive
hey thanks top new followers week! much appreciated happy,positive
random twitch happy,positive
good morning every one,positive
order ever want eat website.may great day happy,positive
thanks recent follow. much appreciated happy get,positive
would great trick happy,positive
omg happy!! new video bigbang babies happy,positive
happy birthday ! happy hope good one,positive
one happy,positive
totoo po? waaahhh may heart!!! heart everywhere happy love,positive
good morning every one,positive
order ever want eat website.may great day happy,positive
thank much sir happy please watch film call happy,positive
thanks! happy,positive
happy hope,positive
real subs here's link video happy,positive
opening sentences happy,positive
rt 50 ffs-rt pinned tweet!!-be patient -legiiiiiiit-no saved accounts happy,positive
thanks top engaged community members week happy want ?,positive
jem dark star orianna splash assistance alex! :d done lots splash updates,positive
check as:,positive
gippy grewal online twitter 3 pm,positive
type ask anything like happy aa jao,positive
hi guys! :)we're looking bartenders/mixologists work us upcoming event. dm us,positive
thanks recent follow happy connect happy great thursday.,positive
thanks recent follow happy connect happy great thursday.,positive
physics 80 formulas memorize ha.ha.ha happy,positive
grateful mom giving birth abort crying joy,positive
thanks recent follow happy connect happy great thursday.,positive
nailed it!!!!! brought tears eyes,positive
got goosebumps,positive
beautiful set,positive
perfect dress,positive
totally,positive
ah awesome! pixel art stuff chance? happy,positive
share love top engaged community members week! much appreciated happy,positive
please,positive
please! watch afl anzac game tuesday! big tradition love sport! happy,positive
another day! good morning!! april 20,positive
2017 07:00am!! kamusta? forget eat breakfast guys! happy,positive
yess crying joy,positive
home run !!!! yes charlie game happy,positive
say vuca,positive
say tuna happy,positive
thanks recent follow happy connect happy great thursday. (want this? free!,positive
? happy,positive
good morning every one,positive
order ever want eat website.may great day happy,positive
happy 16th birthday bff! may 15 half take places happy great birt,positive
thank happy,positive
thanks recent follow happy connect happy great thursday. want,positive
good morning every one,positive
order ever want eat website.may great day happy,positive
nice,positive
congratulations you. happy,positive
,positive
none crying joy,positive
thanks recent follow happy connect happy great thursday. want ?,positive
here's brutally respectable suit... enjoy happy contrast appreciate mo,positive
champion,positive
let know! :-)(i'm champion!!!!!)elder lenore a. artisministries...,positive
great songs happy favourtie member? x,positive
thanks recent follow happy connect happy (want this? free!,positive
charge experience muna happy,positive
superstar thanks much kind words! look forward seeing soon buddy smile,positive
.thanks much rt,positive
groovy thursday! happy,positive
stats day arrived. new followers unfollowers happy via,positive
melbourne please happy,positive
thanks recent follow happy connect happy great thursday. get,positive
thanks recent follow happy connect happy great thursday.,positive
would great trick happy,positive
goal today happy i%27m going accomplish,positive
kids versus legends crying joy,positive
happy birthday nimesh!!! happy,positive
good morning,positive
mike. blessings you. happy,positive
thank happy,positive
facials happy,positive
keep awake happy,positive
hello everyone,positive
great thursday! looking forward reading tweets happy want ?,positive
josie,positive
val reggie screentime riverdale half bad happy,positive
thanks recent follow happy connect happy great thursday. want,positive
national bitbucket unfriending day save $2 smile,positive
share love: thanks top new followers week happy,positive
mutual: let's talk more!me: sure!mutual: happy me:,positive
hi carlo! okay nmn. howdy? happy,positive
chibis though!!' :d,positive
waiting jail break happy,positive
rt 13 ffs-it's much free-legit-free follow first get quicker-be patient g,positive
hi guys,positive
great thursday! looking forward reading tweets happy (want this? free!,positive
man happy,positive
chub bun easter! happy easter! name almond! :d,positive
pork pies happy,positive
chub bun easter! happy easter! name almond! :d,positive
thank much smile,positive
generous support integral part happy thank like!!,positive
go smile,positive
naeem bokhari says... mian gone !! cute nb happy ns ugly evil.,positive
thanks top engaged community members week happy - sent,positive
abc news got ahold asked could use seconds coming video transgender special f,positive
thanks sharing happy,positive
thanks recent follow happy connect happy great thursday. want,positive
still bedroom scared going happy,positive
amazing work :d,positive
thanks recent follow,positive
much appreciated happy want,positive
hi ! want speak business partnership. happy,positive
thanks recent follow happy connect happy great thursday.,positive
thank much willow! helped ring birthday amazing stream last night :d,positive
another great song listen. good! may well like happy,positive
follow happy,positive
a7atein one 'a7a' enough ({}) :d,positive
tats! question happy,positive
another great song listen. good! may well like happy,positive
ooh,positive
can't wait revealing qa's. happy,positive
soup sandwiches slow cooked pork,positive
lovely lunch menu sure please! smile,positive
awww yeah :d,positive
sad life must,positive
getting 70k,positive
still rich - try getting life,positive
instead money,positive
say :d,positive
hello everyone,positive
great thursday! looking forward reading tweets happy want,positive
happy birthday good day happy,positive
thanks recent follow happy connect happy great thursday.,positive
hey,positive
get professional one,positive
would great trick happy,positive
that's say end videos liked,positive
give like happy choice! :d,positive
thank happy,positive
reading hope something great happens smile,positive
thanks recent follow happy connect happy great thursday.,positive
rt indirect happy,positive
client work rt favorite happy,positive
want follow back? tweet will. happy,positive
website since long happy,positive
friendly reminder enjoy movie television show without trash another happy,positive
help made sent starters p1q3. open suggestions improve happy,positive
hello 1372 followers - thank much following! love read tweets happy want ?,positive
thanks recent follow happy connect happy great thursday.,positive
thanks top engaged community members week happy want this?,positive
happy 420 everyone happy,positive
happy birthday cyoutest/fyounniest l know :')have good day coreo boreo,positive
congrats! :d,positive
mmmm... blood enemies... happy,positive
thanks recent follow happy connect happy great thursday. want ?,positive
know vearey moving. twisty! aaree,positive
tell us happy,positive
share love: thanks top new followers week happy want,positive
seokjinie went everland today~ guess forgot idol,positive
good happy,positive
beautiful day happy,positive
congrats :d,positive
sone cant stream genie!you stream ty genie! still sharing genie ids. want,positive
dm us happy,positive
25x25? go first happy,positive
tickets available 401 festival running 2017,positive
find sign,positive
happy thursday*,positive
shit short :)*thanks friend maddy,positive
road destination . driving hope find place like stay,positive
lost,positive
thanks retweets week. much appreciated happy want this? free!,positive
first happy,positive
good luck happy,positive
update: got :d,positive
thanks smile much better today thanks message.,positive
real time happy,positive
many thanks,positive
anne! happy,positive
saying read book today,positive
telling read book today. knowledge power. knowledge growth. kee,positive
lolo bin fucking mental screenshot :d haha,positive
texts doing? happy got issue!,positive
hey thanks top new followers week! much appreciated happy,positive
hi han,positive
follow dm us able assist you. chris happy,positive
thanks recent follow happy connect happy great thursday. want ?,positive
awesome-- two fill-ins week happy,positive
maayos didn%27t ang lahat happy lets give space time happy,positive
notice? killings rss / bjp workers another southern state? cm dismantling xtian infra munnar?,positive
typingcure,positive
class hall missions heroic dungeons surprised :d,positive
surround positivity happy,positive
pretty happy,positive
moral grounds verdict favor pti happy becoz 5 judges clearly mention pm is...,positive
avi man :)phone made like always wink,positive
share love: thanks top new followers week happy,positive
tonight 7pm,positive
playoffs rematch complete! feels good going worlds :d,positive
im getting one smile smile smile smile,positive
spose pay accomodation nice haha? going stay somewhere anyway? happy,positive
little bit overdramatic death happy,positive
great hear joanna! happy pleased good experience.,positive
think going check even though hear good ue4 believe might cool tr,positive
link seventeen's yokohama concert english subs :)ddl:,positive
thanks,positive
can't wait actually see copy smile,positive
thank crew happy,positive
thanks recent follow happy connect happy great thursday. want,positive
sup guys? :d,positive
facts parrots minecraft coming soon!! :d,positive
thanks recent follow happy connect happy great thursday.,positive
made dinner two tonight happy,positive
happy see closer con five so. lol :d,positive
tutorial michel grundstein distinguishing information knowledge.. start 15pm. happy,positive
thanks recent follow happy connect happy great thursday.,positive
look good blue happy,positive
thanks recent follow happy connect happy great thursday.,positive
jyoust reminder... thank happy,positive
body hears everything mind says. kind,positive
positive loving always happy,positive
ruby rehomed times months old loves forever home. pls always consider rescue,positive
3 little ones.. wish best happy sounds like fun group,positive
naila raheem following twitter!,positive
thanks recent follow happy connect happy great thursday. want ?,positive
stats week arrived. 1 new follower unfollowers happy via,positive
thanks recent follow happy connect happy great thursday. get,positive
love pretty girls call pretty like bitch tf happy let's friends,positive
thanks recent follow happy connect happy great thursday. get free?,positive
thanks recent follow happy connect happy great thursday.,positive
thanks follow! happy,positive
every time think skin getting better,positive
proves wrong matter days happy fuck life happy )),positive
pm ? :d,positive
seen email. good :d,positive
released 3rd episode programming everyone! sure check happy,positive
think instant message meant stay single fix people's relationships entire life smile,positive
never ready actually happy idhuellam dialogue ku dhan othu varum..,positive
yes,positive
main reason drink total selflessness :d,positive
yep going back school become editor hopefully. can't wait! sister really believes skills happy,positive
thanks top engaged community members week happy want,positive
currently standing outside shard bag full empty bottles came work tom today happy,positive
good evening happy,positive
goals 2017: become apart lose 50 lbsstart youtube happy,positive
thanks recent follow happy connect happy great thursday. want,positive
thank crew happy,positive
mummy,positive
look big become!,positive
thanks recent follow happy connect happy great thursday.,positive
thanks recent follow happy connect happy great thursday.,positive
second that! thanks spin. much appreciated. happy,positive
make feel listen problems,positive
mag refer kana rin sakanila nice game,positive
would great trick happy,positive
wow,positive
looks awesome! id love see vn like :d,positive
morning,positive
jamie. passion + perseverance equals two not-so-secret ingredients secret sauce success happy,positive
hi kn fans! happy,positive
bought 523 litre fridge. applying cold storage license bhayander west :d,positive
thanks top engaged community members week happy want,positive
2000th tweet like say love donghyuck :d,positive
japanese directioner :d,positive
remember- vocab knowledge worth 75% grade! announce winner tomorrow morning 10am! happy 15 purchase! happy,positive
good luck! vote smile,positive
19 days school left happy,positive
pictures? always enjoy swanky hair happy,positive
class really bored happy rt one!! mutuals non mutuals pls let flop ;-;,positive
giving away souvenirs 5 lucky winners!to enter: follow + rtrolling winners 48 hold,positive
watch words happy,positive
thanks recent follow happy connect happy great thursday. want ?,positive
nice gif happy,positive
share love:thanks top new followers week happy want,positive
think better happy,positive
indeed,positive
suspect one would get happy,positive
one fleet solely seeharged domestisee hydro toro see,positive
trade ? happy yeah want ?,positive
get 150!!,positive
new twitter acc. happy,positive
share love - high value members week happy (insight,positive
soon make arts happy,positive
would great trick happy,positive
thanks recent follow happy connect happy great thursday.,positive
.nothing changed date .. april 28 make,positive
delma hanville official connected twitter! thank follow. please ever let go! happy,positive
13 reasons producers: care youth mental health :)13rw producers: *show young audience graphic rape suicide,positive
fun funny.... book warn kindle night happy,positive
that's what's important! happy that's trying remember.,positive
congrats 3m followers instagram! happy,positive
gourmet chocolates special reserved special occasions. plain mms,positive
spe,positive
sixth spot applicable team! higher pa! :)kisses thefashionicon,positive
guys make japanese greninja's waveguider come well? happy,positive
thanks recent follow happy connect happy great thursday.,positive
thanks recent follow,positive
much appreciated happy want,positive
sister cyril came school happy,positive
join us saturday celebrate earth planting seedings! head fb page information. happy,positive
finally got jinyoung wipe jaebum precious son blocks world witness,positive
love crying joy,positive
kind like layout happy,positive
new twitter account piss idea maja salvador follow applicable guys happy,positive
thanks recent follow,positive
much appreciated happy (want magical!,positive
congratulations impressive happy,positive
client work rt favorite happy,positive
thanks recent follow happy connect happy great thursday. want,positive
go way keem? minaun? that's good one extreme driving today smile,positive
really must go see power rangers again. smile,positive
maybe,positive
maybe,positive
knows :d,positive
broadcaster says fly away reminds early happy,positive
great night! hope enjoyed strip club happy thx photo,positive
right seriously need decent butterfly tattoo design,positive
anyone got design could find one would grateful :d,positive
thanks recent follow. much appreciated happy want ?,positive
thanks recent follow happy connect happy great thursday.,positive
good evening happy,positive
always knew woyould like one better :d hahaha.,positive
sure do! happy,positive
yes would meddling clouds smile,positive
gamer follow train!follow meretweet thisfollow retweetedgain active followers happy 450,positive
thanks sharing iris photo. really appreciate smile,positive
rt 13 ffs-it's much free-legit-free follow first get quicker-be patient g,positive
myth good team,positive
genix deserves much myth! open eyes community want,positive
hellooo.. happy satans-daughter (taylynnox),positive
mutual: let's talk more!me: sure!mutual: happy me:,positive
hellooo.. happy lil strait (daddyy_rat),positive
also attractive liza soberano? happy,positive
pfft- crying joy oh.. hope year oldu're okay,positive
papa bird? hope year oldu mind? want stay year old,positive
hellooo.. happy kyle davies (rebelbyacause),positive
opera nirjhor long claiming first one :d /rosi,positive
miss open education seminar palestine happy,positive
stats day arrived. 1 new follower unfollowers happy via,positive
wow! friend dara shared hubby!!! looks terrific. :)order -,positive
annapurna studios production no.29 floors tomorrow. heat going turn heat happy can't expre,positive
new amazingphil video today? happy,positive
veronice jughead! happy,positive
cpl swallows gone house. heard whilst flying drone.. happy,positive
wants good vibes? watch youtube tv100 application free happy,positive
80 far collection 150+! happy new gin menu coming soon well!,positive
would great trick happy,positive
don%27t know looks cool crying joy,positive
hellooo.. happy pussy (creepz_x),positive
snapchat happy,positive
enjoy smile h.e.r.,positive
rt hate crying joy,positive
die evil raven! :d,positive
never give things make smile happy,positive
stats day arrived. 1 new follower unfollowers happy via,positive
haha thanks fansnim! happy,positive
took full drink uber; guess could say instant message pretty wild. tuesdays never forget happy,positive
cute picture though :d,positive
play part raising funds :,positive
ohh yeah sausage pancakes happy x,positive
especially people low patience level happy,positive
online shopping timmeee. anyone got good site suggestions? happy,positive
really labour supporter actually quite glad happy mean much claim 2009 fuck,positive
issa throwback. happy,positive
ouuuuu..... right jewels! :d,positive
inspiration everyone miss jones happy,positive
feeling,positive
got favorite boot cut jeans roshe runs. girl safe today. blessed 4/20 smile,positive
uncheck new arrivals happy,positive
avi man :)phone made like always wink,positive
hellooo happy ross chaplin (masoncooper4),positive
write fiction. pr knob writes sentence fragments ipad next shoreditch house piss,positive
love this!,positive
instant message perfectly fine :d fellow ken,positive
displayport hdmi turned back screens o/ 5 days get dual pc stream setup sorted (lol) :d,positive
pips singing let snow crying joy,positive
let eat cake! :d :p,positive
nah over-rated happy x,positive
may draw conclusions deviation level either direction therapy prevention,positive
matter,positive
long cool,positive
like happy,positive
teaser coming today 4pm!story,positive
music direction favourites,positive
hey everyone harry pancakes maple syrup breakfast . great way start day happy miss,positive
cheers :d,positive
thanks recent follow. much appreciated happy want,positive
thanks sharing iris photo. really appreciate smile,positive
hey thanks top high value members last week,positive
great,positive
sorry people make living happy,positive
check beautiful news every single day,positive
really uplifting inspiring,positive
plus want win merc c63 silence sooo! happy,positive
please let meet taehyung hiks crying joy really hope could win.this first cover,positive
year old commenting new ladylike videos. trust me. troll,positive
killin time say hey! :d,positive
celebrate hitler's birthday! =d,positive
delivered managing online customer journey keynote autodesk partner event. incredible event,positive
there're time shcj do/did something dissapointed ot6,positive
there're time shinhwa do/did something,positive
well..human. that's,positive
new video today happy,positive
merry christmas everyone happy,positive
big love anne cox happy,positive
new happy,positive
hellooo happy jackatkinson (jackat13),positive
thanks recent follow. much appreciated happy get,positive
thanks recent follow,positive
much appreciated happy want,positive
thanks me!! :d,positive
hellooo happy xbox adhatter (xboxmadhatter),positive
rocksoc still going? beginning smile,positive
wow whattay decision parties celebrating :d,positive
free market tops!!! real human rights sound great,positive
thanks articles. b,positive
hahaa second best always happy,positive
hellooo happy kt bear (ffabear),positive
superstar thanks much kind words! look forward seeing soon buddy smile,positive
yes... kind funny creepy time happy,positive
ministers pmln happy like students never studied exams luckily exams got delayed. still ha,positive
send dm postcode check local stores. look forward reply happy - nathan 2/2,positive
petronas blue/green isnt far away billy monger blue/green. thought happy,positive
tested sweet dishes sweet lovers lips :)marvoree magpasikatonshowtime,positive
de tonight don%27t really care crying joy,positive
fun welcome back taping! first day happy mainit. pawisan. dirty. really miss,positive
oh american cultists :d,positive
hi stefan :)i pretty confident isolated case would glad help it.could dm,positive
hellooo happy pixelsavage (pixel_savage_yo),positive
feel way life gets everyday positive mood! happy,positive
life reflection way think. change way think,positive
change whole life happy,positive
kid/parent friendly spaces like please.,positive
would great trick happy,positive
va astept la acest eveniment! :)next events:,positive
thanks recent follow happy connect happy great thursday.,positive
.listen beautiful video si,positive
mutual: let's talk more!me: sure!mutual: happy me:,positive
happy birthday crying joy yoyour cool hope yoyour day goes super good,positive
hellooo happy cjay (cjay_100),positive
thats sooooooooooooo sick!!!! xd thanks much making kin!! love it! :d,positive
would great trick happy,positive
think finally figured tattoo getting august :d,positive
excited ball start smile baby minor b absolutely love watching play,positive
playing photo editor happy,positive
thank you! happy,positive
hellooo happy bluey (xblueys),positive
love much rui-chan smile smile,positive
hellooo happy xbox adhatter (xboxmadhatter),positive
mine isn't. back jeremy 100% pleased say happy,positive
dedicate song,positive
thanks brother,positive
stay cool,positive
keep loving deepika,positive
ban ja hero :d,positive
made new logotypes really fun work follow want keep updated,positive
shut,positive
ever thank j hunt,positive
always there. love happy,positive
dispo 3lans happy,positive
laughing loud cuteee happy,positive
thanks recent follow happy connect happy great thursday. want ?,positive
thanks recent follow happy connect happy great thursday.,positive
would great trick happy,positive
sir ash ketchum princess may. happy,positive
guy got exo back 2013. also first bias kpop. honest miss much. happy birthd,positive
thanks recent follow happy connect happy great thursday.,positive
hi yolandi,positive
thanks much following us! love know think flooring range happy,positive
that's law nature happy,positive
thanks happy,positive
get rover :dthey double sided! check shipping: worldwide!,positive
prettier 1.0 end. released 1.2.0 fixes another batch edge cases happy,positive
thanks recent follow. much appreciated happy want this?,positive
.thanks much rt,positive
groovy thursday! happy,positive
always welcome thank sa treat sa susunod ako happy,positive
happy,positive
slayin_bodies going live...please tune in...thank happy,positive
made day! great story happy,positive
happy,positive
thanks recent follow happy connect happy great thursday.,positive
maybe? definitely! happy also,positive
try front door,positive
may open happy,positive
thanks follow,positive
great week!! happy,positive
haha! would love work train company :d great dream come true!,positive
dumbing popular entertainment important issue.,positive
hey thanks top new followers week! much appreciated happy,positive
swear sometimes cool break mutuals happy,positive
........yeah sure happy,positive
go five below. get decent protective case that's cute 5 bucks happy got mi,positive
hey thanks top new followers week! much appreciated happy want ?,positive
thanks high value member week,positive
much appreciated happy,positive
love laying meadow flowers listening mellow's music ...a great way relax smile,positive
going burst data crying joy,positive
thanks recent follow happy connect happy great thursday. want,positive
thanks recent follow. much appreciated happy want ?,positive
say keep it. happy,positive
case missed,positive
released new video game genres.rts super appreciated happy,positive
thanks recent follow happy connect happy great thursday.,positive
dude,positive
freaking chapter one piece!! definitely good one! :d,positive
wants good vibes? watch youtube tv100 application free happy,positive
worries happy,positive
nitpicking,positive
know. happy,positive
hype real happy,positive
fl design done inspired fl hopyou love,positive
bambam talks tonight :d,positive
favorite hobby finding negative positive thing happy,positive
hey thanks top new followers week! much appreciated happy want ?,positive
ah,positive
sorry that. always ask us follow dm happy,positive
charged driver happy waiting sun 10 minutes! ten!,positive
win draw free download celebrate us. developed,positive
true,positive
pinched free? quality fm smile,positive
csgobounty giveaway - 1 random key. 25 retweets,positive
random winner :d retweet like able win happy,positive
thanks recent follow happy connect happy great wednesday.,positive
welcome happy,positive
makes great point,positive
really liked happy,positive
superstar thanks much kind words! look forward seeing soon buddy smile,positive
player kills you. player rank would show up. happy,positive
true! u waste day social media reading websites. hand,positive
idea saying almo,positive
love much want kindly stroke penis :d,positive
thanks,positive
give try happy,positive
would say quite lot...but hey,positive
that's europe,positive
rather uk,positive
it? smile britain co,positive
yo thank 15,positive
515 subscribers!!!! :dthe continues!,positive
thanks recent follow happy connect happy great thursday. want,positive
last retweet happy,positive
hello everyone,positive
great thursday! looking forward reading tweets happy want,positive
apr. 26th beach house! dinner+music+ party oldies goldies happy buffet / bbq 40tlbeer- wein10tl raki12.5tl h,positive
selected among top 20 social media blogs,positive
woot! smile,positive
thanks recent follow happy connect happy great thursday.,positive
wanted $25 million offering 24. smile,positive
give away random rt! chance win 10usd itunes gp gift card! winner selected minutes happy,positive
share love: thanks top new followers week happy get,positive
thanks recent follow happy connect happy great thursday. get free?,positive
thanks recent follow happy connect happy great thursday. want,positive
thanks top engaged community members week happy (want this? free!,positive
beauty scored night!! hope get happy,positive
happy,positive
haha! good tweet mate happy heard big boy account! king shit happensould say happy chance shit happens,positive
thanks recent follow happy connect happy great thursday. want this?,positive
appreciate sentiment that. happy,positive
younger. softer. crying joy,positive
happy many days,positive
months years bonding happiness family mclisse starmu,positive
thanks recent follow happy connect happy great thursday.,positive
happy happy,positive
yes! subtitles happy,positive
thanks recent follow happy connect happy great wednesday. want,positive
co,positive
thanks recent follow happy connect happy great thursday. get,positive
thanks recent follow happy connect happy great thursday.,positive
thank you! happy,positive
would great trick happy,positive
thanks recent follow. much appreciated happy want ?,positive
thanks recent follow happy connect happy great thursday. want,positive
[bot] perfect happy,positive
retweet us? kaway kaway family :)mclisse starmusicifwefallinlove,positive
breweries uk too.... smile,positive
thanks recent follow happy connect happy great thursday. want this?,positive
thanks recent follow happy connect happy great thursday.,positive
since december hairs stopped snapping off! made massive difference! get,positive
happy,positive
love happy,positive
would great trick happy,positive
like legal sweaters ..more designs available,positive
great groove tune .. thinking rewind,positive
mrs king excited work students today! check cool classroom shape! lots math happy,positive
$es_f $spy bulls relentless happy setups like today,positive
thanks recent follow happy connect happy great thursday.,positive
thanks recent follow happy connect happy great thursday. want,positive
thanks recent follow happy connect happy great thursday. want,positive
know problem still exist :d,positive
thanks recent follow happy connect happy great thursday. get,positive
- top engaged members week happy,positive
ngam weeks left cadet pilot exam crying joy,positive
great! welcome josh happy ^adam,positive
sixth spot applicable team! higher pa! :)kisses thefashionicon,positive
pak pm survives removal scare,neutral
court orders probe corruption charge.,neutral
supreme court quashes criminal complaint cricketer allegedly depicting magazine cover.,neutral
art living's fights back yamuna floodplain damage,neutral
livid.,neutral
fcra slap ngo lobbying...but part govt campaign?,neutral
doctors,neutral
pharma companies opposing names,neutral
bicycle cm asked. officer learnt ground reality -- dip river.,neutral
2017. making law ban mha sitting draft.,neutral
rivals govts unite act sex-determination tests.,neutral
haryana peasants demand justice right cattle trade.,neutral
schools calcutta (and elsewhere) stunned imposition plan.,neutral
renamed places,neutral
oooh! shame,neutral
trauma... driving without red,neutral
flashing light. (and paying parking).,neutral
learn live without flashing red light.,neutral
bjp leaders dock,neutral
lose light,neutral
naming game,neutral
more. also epaper.,neutral
uk parliament votes 522 13 favour early national,neutral
april 19 1906: nobel laureate pierre curie run horse-drawn wagon near pont neuf,neutral
paris,neutral
killed,neutral
india end culture sirens cars.,neutral
may 1,neutral
vehicles: gadkari.,neutral
cars pm,neutral
ministers: transport minister nitin gadkari cabinet meet.,neutral
44 feared killed bus falls river tons nerwa area district: police.,neutral
bsf dismisses constable tej bahadur yadav service court inquiry. bad quality food allegations base,neutral
jawan tej bahadur yadav,neutral
took social media complaining bad food,neutral
dismissed service inquiry.,neutral
u.s. review lifting sanctions iran: tillerson,neutral
huge haul milk-boosting hormone calcutta.,neutral
good news seems thriving valmiki reserve.,neutral
sushil modi lists property chain.,neutral
3 queens take centrestage.,neutral
peek fir leaders case.,neutral
spurned mom,neutral
baby calcutta died.,neutral
india may make illegal social messaging platforms share personal data.,neutral
extradition could take ages.,neutral
march 20. plus 15 days. equals...,neutral
kp nayar discrediting military justice system help case.,neutral
sharad wants gujarat cm arrested trying push making meat communal issue.,neutral
man shouts wife family court. walks out.,neutral
overburdened says may able hold college teachers year.,neutral
president backs move make mandatory class x.,neutral
nationalist trend spreads-- tightens rules shield local jobs (and keep indians).,neutral
visa 'selfie' cbse's plans,neutral
blessing,neutral
cloud more. also epaper.,neutral
scotland yard arrests london,neutral
court grants bail.,neutral
liquor baron declared proclaimed offender,neutral
extradition warrant: scotland yard.,neutral
british prime minister theresa may says wants hold early election june 8: reuters,neutral
quoting bbc,neutral
supreme court seeks govt's response plea frame national policy promote,neutral
jk: schools colleges shut clashes,neutral
demands presidential rule,neutral
beetle grips litchi crop,neutral
supreme court asks govt explain need pre-censorship.,neutral
us nsa h.r. arrive today; hold talks nsa,neutral
shun water beaches.,neutral
lost kerala bypoll,neutral
keep promise 'good quality,neutral
,neutral
-- blame stipend crisis faced 4000 scholars?,neutral
middleman (or conman) nephew tapped bribe election commission officials.,neutral
air india enforce fines unruly passengers,neutral
top law advisor backs use human shield,neutral
veteran generals see breach.,neutral
arrest conman bribe charges nephew churns politics.,neutral
cloaked debate draupadi's robes.,neutral
draupadi campuses erupt,neutral
politics,neutral
more. also epaper.,neutral
cbi books 12 leaders case.,neutral
supreme court summons boss,neutral
orders sale slice.,neutral
sc summons home secretaries west bengal,neutral
,neutral
karnataka,neutral
tamil nadu,neutral
bihar jharkhand nice try filling police vacancie,neutral
manini chatterjee writings still indictment india.,neutral
wants paper trail elections.,neutral
govt set panel study service conditions paramilitary forces.,neutral
amit roy potboiler.,neutral
muslim body lays code conduct divorce,neutral
ban,neutral
modi's call ensure justice women facing evil customs.,neutral
pm's pitch sisters,neutral
board's stand potboiler. more. also epaper.,neutral
always meets man visits eastern india.,neutral
secessionists next generation.,neutral
7days: secessionists,neutral
tete-a-tete former president,neutral
dying language,neutral
more.,neutral
farooq abdullah wins seat -- 4% total votes.,neutral
govt probe yet video army.,neutral
learns follow rules,neutral
funds poor students dry up.,neutral
panchayat parliament seems boss amit shah's goal.,neutral
pm may hang,neutral
not.,neutral
pm hangs,neutral
lotus garden dreams,neutral
cash lock jnu students more. also epaper.,neutral
7 coaches meerut-lucknow rajya rani express derail near rampur,neutral
uttar pradesh video:,neutral
counting votes lok sabha constituency begins.,neutral
calcutta get mom accept calf.,neutral
stress dress code,neutral
mecca issues picture cards.,neutral
security border put risk trade.,neutral
national body meeting,neutral
readies stage 2019.,neutral
6 features extended stay,neutral
bsp boss averse joining forces non-bjp parties.,neutral
army fire alleged tactic,neutral
untold love story ayesha mukherjee.,neutral
vile tactic valley,neutral
love story,neutral
giraffe spurns calf,neutral
gandhi champaran,neutral
more. also epaper.,neutral
man seen tied army jeep video jk identified,neutral
unit involved pti,neutral
quoting officials,neutral
3 arrested connection men polling day budgam april 9: police.,neutral
hijacked indian dhow al-kausar released,neutral
good show pales next 329% jump imports.,neutral
transparency looking india's ranking? start bottom.,neutral
stop (and loot) express coin.,neutral
states rename roads duck ban top court step till summer break.,neutral
research seats hit regulator tightens rules guides.,neutral
lost deposit rajouri garden stronghold.,neutral
bengal trinamool vote share goes,neutral
surges runner-up slot.,neutral
3 men die trying save friend,neutral
results mean others.,neutral
half full,neutral
half empty cloud research,neutral
breather highway booze,neutral
more. also epaper.,neutral
setting court home,neutral
justice asks chief justice india,neutral
bench appear him.,neutral
dargah trust volunteers sc clear 908sq metre.,neutral
president clears pieces supporting legislation related,neutral
by-polls: retains kanthi dakshin,neutral
retains assembly seat,neutral
7% voter turnout kashmir's re-poll,neutral
need know election commission's 'open challenge' hack,neutral
foreign journalists north korea gather 'big event' amid tensions,neutral
rehearsing more. guwahati epaper.,neutral
cops dug healers buried alive practising,neutral
bihar sets rs25lakh fee skip subsidised education.,neutral
visit retracing trip.,neutral
may show,neutral
supreme court chicken deciding,neutral
(but failed govt's birthplace test.,neutral
10 years,neutral
rs 42 crore needed repair damage floodplain event.,neutral
try hacking india's election commission challenges all.,neutral
never wanted cows become burden farmers,neutral
pawar points out.,neutral
bounty savarkar yamuna damage bill,neutral
sita's birthplace,neutral
more. also epaper.,neutral
20 ias officers including principal secretary information navneet sehgal,neutral
transferred 1st major shuffle,neutral
centre moves supreme court verdict lifting shield.,neutral
crusader pleads saving,neutral
sangh puts show strength,neutral
india,neutral
look beyond defence visit.,neutral
murder pune activist fuels fears revived upa clause law.,neutral
tears father 3 killed stones.,neutral
sukanta chaudhuri means indian,neutral
scraps pension yojana. cycle tracks may also broken,neutral
say sources,neutral
subir bhaumik worry calcutta,neutral
guwahati.,neutral
even benchmark pro-poor leader seems,neutral
offered india consular access,neutral
pak terms access,neutral
model modi,neutral
activist killed,neutral
more. also epaper.,neutral
defence partnership,neutral
preliminary enquiry health minister alleged money laundering.,neutral
menu dinner: praise praise.,neutral
body pull either,neutral
chain wrong drugs. senior doctor check. death. delhi.,neutral
men said cops found carcass car boot...,neutral
bypoll put off-- ruling combine's request.,neutral
admission defeat kashmir,neutral
tougher road laws,neutral
leander mahesh get away,neutral
more. also epaper.,neutral
pm australian pm temple,neutral
pak court sentences death spying.,neutral
lok sabha adjourned 3rd time till 1.50pm opposition uproar leader tarun vijay's remarks continues.,neutral
cong forced adjournments pre-noon session alleged misuse ed cbi opposition chief ministers.,neutral
(or,neutral
bore friends).,neutral
takers mamata's torsa plan.,neutral
govt mulls giving power award teachers.,neutral
see hope comments.,neutral
girl reared monkeys,neutral
all.,neutral
fewer pollution,neutral
paddy fields could blame.,neutral
8 killed election violence,neutral
record low turnout.,neutral
road safety crusader fight bid bypass order highway,neutral
badly equipped surgery,neutral
panic deaths. india's top hospital.,neutral
killed deaths girl all. more. also epaper.,neutral
indian navy ships respond piracy attack foreign merchant vessel gulf aden,neutral
need know 2017 across eight states video:,neutral
3 killed,neutral
several injured mobs storm polling booths; low 3.3 % turnout till 11,neutral
mukul kesavan justifies even though controls machinery state.,neutral
,neutral
people going back economy,neutral
numbers show.,neutral
supporting activity violent...against law: ram madhav.,neutral
india changed,neutral
re-invent,neutral
ram madhav tells,neutral
3 quaint digs budget (or even less).,neutral
full interview inside 7 days.,neutral
calcutta's suddenly cannot enough mother's dishes --but outsourced outlets.,neutral
barometer patriotism,neutral
ram madhav tells wide-ranging interview.,neutral
7 days: qa ram madhav,neutral
road economy,neutral
home-cooked food,neutral
more.,neutral
tackle less wheat,neutral
mangoes,neutral
chicken; pulses,neutral
veggies,neutral
mutton,neutral
govt go militants 'utmost harshness',neutral
ram madhav tells,neutral
5640 less 155 world,neutral
opts,neutral
modi promises early deal. but...,neutral
modi takes plunge,neutral
raje's stock-home syndrome,neutral
strategy,neutral
more. also epaper.,neutral
andhra govt turn museum.,neutral
private airlines follow revoking flying ban sena's,neutral
man arrested truck deaths suspected carried attack.,neutral
22 agreements signed,neutral
water pact remains elusive india,neutral
vijayvargiya dares arrest leaders.,neutral
theme village sanctuary?,neutral
reservoirs financial deal,neutral
works options get backing,neutral
sunanda k datta-ray political ethos must faulted racist attacks students.,neutral
lawmaker ticked 3 boxes: supremacist,neutral
upper-caste,neutral
hindi-belt party.,neutral
modi's gesture bjp's spot,neutral
air india lifts no-fly ban mp,neutral
more. also epaper.,neutral
stone-pelters miss mehbooba's brother gets message.,neutral
tale prime ministers,neutral
told gst.,neutral
modi tested waters letter,neutral
lands delhi,neutral
untold story pranab mukherjee nixed plan unseat her.,neutral
close shave passengers planes delhi airport.,neutral
sushma forgot racism sermon: modi,neutral
mms cried racism oz probing indian attacks,neutral
supreme court asks 6 states explain vigilantes banned.,neutral
perfectly happy players got,neutral
sanjiv goenka tells,neutral
bengal fix bars: pay repairs,neutral
let take hit?,neutral
sword-wielding processions left gaping.,neutral
5 kids orphaned: parents branded hacked death.,neutral
air india tighten security mumbai pune threatens stall airline's operations there.,neutral
rbi keeps policy rate unchanged 6.25%.,neutral
sena's apologises parliament,neutral
say sorry man assaulted.,neutral
china lodges protest india's ambassador vijay gokhale visit arunachal pradesh: foreign ministry.,neutral
change word limit rti queries; application rejected ground containing 500,neutral
kp nayar narendra modi satisfied policy.,neutral
court's limit 500m leaves watering holes (and dry).,neutral
voting pattern shows cofounder,neutral
wife split coo,neutral
stretches highways (to save bars?).,neutral
riddle 'formerly' tag collection.,neutral
mystery art,neutral
roads,neutral
500m more. also epaper.,neutral
trump repeals obama-era broadband rules.,neutral
high court orders govt waive drought-hit farmers.,neutral
india's old ties continue nurtured,neutral
says kanwal sibal.,neutral
bengal looks ways change classification bypass order.,neutral
sc ban,neutral
worries unsold stocks.,neutral
up: hold 1st cabinet meeting today,neutral
big decisions expected,neutral
trump signs repeal u.s. broadband privacy rules,neutral
initiative helps generate shield sundarbans.,neutral
india plans deport refugees.,neutral
education rankings throw surprises.,neutral
attacks,neutral
envoys upset silence,neutral
african envoys upset,neutral
best colleges varsities,neutral
ill-fitting dentures,neutral
more. also epaper.,neutral
know safety features watch special interview dr. ajay bhushan pandey,neutral
ceo today 7,neutral
mohandas pai backs murthy coo pay hike.,neutral
somali grab indian 11 crew members.,neutral
corrected. thanks.,neutral
poll data show still rules roost,neutral
big story: african envoys slam indian govt condemning gr noida attack enough; say visible,neutral
sufficient measures,neutral
mcd polls: releases second list 127 candidates,neutral
daddy dearest,neutral
grooming season dawns madhya pradesh,neutral
sc hear petition challenging bombay hc order beef ban,neutral
keeping eye house,neutral
fixing iphone storage issues more.,neutral
india ready manipulation human embryos.,neutral
virulent going india's culture (and census),neutral
says manini chatterjee.,neutral
son chief minister reveals political ambition.,neutral
private doctors face punishment?,neutral
going wave transparency,neutral
india's opaque law,neutral
bengal wishlist,neutral
virulent more. also epaper.,neutral
timeline.,neutral
diary items,neutral
religious atheists,neutral
balagarh dying art,neutral
generation generation,neutral
indignation remains well-fed,neutral
writes sonia sarkar.,neutral
reasons celebrate uncelebrated,neutral
sing song sullied.,neutral
,neutral
carcasses found home govt doctor drugs.,neutral
7 days: kashmiri indignation,neutral
begum jaan,neutral
vanishing boatmakers,neutral
more. also epaper.,neutral
happened restaurants along highways ban bars.,neutral
flutter trial raises fresh scare accuracy.,neutral
bypassing highway ban,neutral
trial raises rigging fears,neutral
killers hang,neutral
more. also epaper.,neutral
sena lawmakers opposing harsher steps assaulting public servants.,neutral
delhi police arrested md ajay chandra developing project despite getting funds investors.,neutral
ed finds leader chhagan bhujbal's connection shell companies conducting raids,neutral
convoy attacked parimpora-panthachowk bypass police,neutral
things get cheaper costlier april 1,neutral
saha's preference: one-dayers t20s,neutral
ram guha finds outstanding shivshankar menon's book choices.,neutral
theatre festival got muffled.,neutral
case costs ngo contract soup kitchens.,neutral
win friends influence people. cows.,neutral
first time 3 decades,neutral
rate falls 8%.,neutral
scientists build case bites,neutral
contact.,neutral
india's supreme court shuts highway booze hatch.,neutral
became avenger mercy.,neutral
gujarat turns avenger,neutral
prices slashed,neutral
case bat more. also epaper.,neutral
8 core sectors slow 1% feb 2017 9.4% feb 2016.,neutral
govt cuts rates schemes marginally.,neutral
two indians kidnapped south sudan released,neutral
justice faces supreme court,neutral
gets weeks reply case.,neutral
india using tackle insurgents.,neutral
india readies $5bn credit line backup.,neutral
relief yet sellers,neutral
new tv channel's bedroom journalism trial.,neutral
india rushes put fire.,neutral
7 indian scrap tags handbaggage.,neutral
supreme court may hear key cases summer break.,neutral
apex court puts work first,neutral
hotel fire calcutta,neutral
bedroom journalism trial,neutral
more. also epaper.,neutral
ngt punches holes delhi fuel supply chain ban old tankers.,neutral
z-plus cover uttar pradesh chief minister,neutral
single idea opposition clean says,neutral
make built westward ho! calcutta estate. read,neutral
stamping tagging fliers' hand baggage 7 major april 1.,neutral
52 injured jabalpur-delhi train derails near half train carries delay.,neutral
latest attacks african students threaten india's intense diplomatic outreach continent,neutral
first group locals came forward yesterday cakes cards african victims racist mob violence,neutral
drive check errors.,neutral
ugc extends funding scheme,neutral
eight coaches derail near station uttar pradesh,neutral
nine injured: cpro north central railway.,neutral
sc hear various petitions constitutional legitimacy today,neutral
protestors began trying rescue trapped,neutral
bring sharing issue?,neutral
days sell 96000 trucks buses,neutral
670000 bikes,neutral
16000 cars 40000 autos.,neutral
824000 new vehicles trashed,neutral
home truths,neutral
dhaka talks chinese more. also epaper.,neutral
music legend receive diploma medal stockholm next days,neutral
nashri tunnel: pm inaugurate india's longest road tunnel video:,neutral
toshiba approves chapter 11 filing nuclear unit westinghouse: nikkei,neutral
epic migration campaign ended slaughter pit stop.,neutral
abha narain lambah mission restore capitol complex,neutral
ways tackle world's says prabhat patnaik.,neutral
fear outrage among students delhi,neutral
varsity,neutral
mood communalism,neutral
hijabs stand radicalisation.,neutral
militant wing welcomes asks speak,neutral
3 shot dead protestors try rescue,neutral
visiting prime minister,neutral
spell endures.,neutral
perch peak,neutral
african hunt noida,neutral
kabali's spell,neutral
more. also epaper.,neutral
mighty albatross carried missile torpedoes,neutral
depth charges sonobuoys.pse note 'msl-torp' getting released,neutral
going paces decommissioing. poignant moment in/ air arm - give send true war horse,neutral
attacked five arrested,neutral
cm assures impartial probe,neutral
ashok v desai notes yet say word whether achieved goals.,neutral
govt looking getting sena mp list.,neutral
supreme court said welfare schemes proof.,neutral
india's force wants 20 mps named shamed antics.,neutral
44 days extreme that's prediction,neutral
heat wave coming,neutral
handling bullies,neutral
welfare,neutral
more. also epaper.,neutral
7-judge bench set hear pleas challenging right possible:,neutral
govt,neutral
however,neutral
cannot stopped using schemes like opening bank accounts,neutral
says,neutral
government cannot make mandatory extending benefits welfare schemes:,neutral
manini chatterjee adopting yore.,neutral
life dark corner become magical villagers got 1st year.,neutral
gave mp bus board flight...as 'goodwill',neutral
ignorance shape indians' attitude towards,neutral
diplomats worry choice chief minister.,neutral
mp sushmita dev's plea keep takes wings online.,neutral
bjp's flagging campaign,neutral
modi's comment.,neutral
envoys worry india taxing sanitary napkins,neutral
clue,neutral
more. also epaper.,neutral
iconoclasm carnatic exponent moving beyond artificial boundaries.,neutral
matthew hayden,neutral
india versus australia holyfield versus tyson,neutral
puritans critics damned,neutral
effective figures show that.,neutral
means mathew hayden.,neutral
sajeda momin cm logical milestone death,neutral
electile dysfunction (among losers),neutral
case electoral reforms.,neutral
self-belief kept top game.,neutral
despite edge,neutral
can't defend digital assets,neutral
tm krishna took beyond fixed formats,neutral
venues audiences.,neutral
7days: cricket's commoner prince,neutral
adityanath's rise,neutral
calcutta's timekeepers,neutral
more.,neutral
tick-tock brotherhood keeps calcutta's old running.,neutral
4000 punjab cops spent night preventing filling breach wall,neutral
cash rewards likely doctors following correct protocol.,neutral
india trying seal,neutral
man equated great leap backwards talk asks mukul kesavan.,neutral
centre overrides bengal,neutral
sets 1 800,neutral
000 seats across 3400 colleges.,neutral
kp nayar failure repeal wake-up call him.,neutral
wake-up call trump,neutral
progress great leap backwards,neutral
electile dysfunction,neutral
more. also epaper.,neutral
development,neutral
appeasement none policy govt,neutral
says chief minister yogi,neutral
delhi cm put trial criminal defamation case filed union minister arun jaitley matter.,neutral
female cops take selfies guarding acid attack victim hospital,neutral
suspended,neutral
sunanda datta-ray journey light,neutral
modi govt consult talking,neutral
car sales recover regions -- barring east,neutral
shashank manohar stay chairman till june meet.,neutral
bengal,neutral
made trek 2km fetch water,neutral
industrialists asked question,neutral
,neutral
share bugbear.,neutral
list may good idea.,neutral
india's list,neutral
quiz industry,neutral
common bugbear india more. also epaper.,neutral
ed issues notice violation provisions tune rs 73 crore ipl.,neutral
vistara joins pervert airlines call list assault air india manager mp,neutral
supreme court asks poll panel security needs tested,neutral
petitioner wants.,neutral
assault air india manager,neutral
mp put no-fly list pervert airlines well.,neutral
twitter explores premium version 11 years free service,neutral
india's go 6 months.,neutral
administrators named cricket body.,neutral
govt drops plan slip pseudo,neutral
1st round talks held,neutral
without hawks.,neutral
lucknow,neutral
famed conform.,neutral
lucknow's falls,neutral
guns bjp,neutral
govt ducks call vote verifiers,neutral
more. also epaper.,neutral
unruly behaviour violence aviation network regrettable. incident investigated appropri,neutral
7 arrested attack case; police see link.,neutral
update: british police arrest seven probe attack,neutral
7 arrested attack probe.,neutral
british police probing background terrorist.,neutral
bombay high court directs protesting resident resume duty immediately,neutral
swapan dasgupta elections dashed hopes would weaken.,neutral
people wanted buy bulk govt,neutral
take home to...well,neutral
nitish stupid.,neutral
ministry,neutral
keeps 36 portfolios himself.,neutral
bihar meet,neutral
ask questions-- get spend 6 hours cops (but answers).,neutral
40,neutral
000 join 4500 already assaults.,neutral
despair research seats slashed.,neutral
7 car crushed tanker carrying molten tar.,neutral
govt slipped secrecy clause companies.,neutral
attack westminster,neutral
cash cloak parties,neutral
molten tar wipes family,neutral
more. also epaper.,neutral
live: british police say casualties,neutral
including police attack near uk parliament; cannot confirm number.,neutral
today doubles annual contracts india cricketers rs crore,neutral
rs 1 crore rs 50 lakh respectiv,neutral
tn farmers skull protest delhi,neutral
cm bans paan,neutral
chewing govt offices,neutral
hospitals,neutral
schools,neutral
colleges --for healthy,neutral
ugly high-rises taking grand structures ignored,neutral
bungalows razed.,neutral
committee constituted ministry recommended city taxis allowed run app based platforms.,neutral
chief minister bans paan masala,neutral
gutka,neutral
polythene government offices,neutral
ordered ban,neutral
drafted challenge high court order case,neutral
bureaucrats wonder.,neutral
84% cut research seats,neutral
elite centres (including intake.,neutral
crude 'architecture' taking world's city buildings,neutral
crude buildings taking city world iconic buildings,neutral
anti-romeo squad starts lucknow video:,neutral
effigies burn jnu strike 84% research seat cut affirmative action junked,neutral
kp nayar,neutral
way europe lies,neutral
steps,neutral
bihar tell govt rejected idea.,neutral
slashed research seats,neutral
key europe,neutral
revisited,neutral
more. also epaper.,neutral
sc issues notices centre,neutral
election commission plea seeking scrapping benefits given,neutral
one year younger one year elder,neutral
govt proposes limit rs lakh rs 3 lakh proposed,neutral
supreme court says final hearing disputes case july 11.,neutral
supreme court says auction aamby valley project money paid others.,neutral
supreme court takes record 'unqualified apology' tendered bengal counsel,neutral
dismisses plea withdrawn.,neutral
supreme court terms 'unfortunate' grounds cited bengal govt plea hc order asking cbi take case,neutral
supreme court refuses stay cbi probe sting several leaders allegedly caught camera taking money.,neutral
visit today 1st time taking oath cm,neutral
inhe sikhaiye!!! msy requests teach ropes politics..,neutral
patna zoo sell nesting boxes,neutral
patna's tires machine.,neutral
protein australian venom may help victims recover faster.,neutral
choice cm giving jitters.,neutral
bjp rushes shake upper-caste tag.,neutral
village,neutral
headmaster finds truant kids harvesting crop.,neutral
,neutral
agreed teach ropes?,neutral
tutor kids roped harvest,neutral
telecom giant born,neutral
more. also epaper.,neutral
britain trigger brexit march 29:,neutral
govt merge bharatiya mahila bank greater services outreach,neutral
high court grants stay criminal proceedings minister case filed mla mohua moitra.,neutral
agitation delayed 15 days. trouble soon come..,neutral
bsp leader shot dead late last night,neutral
murderers large,neutral
4000 migrated 2015 shield capital.,neutral
65 years,neutral
bengal unit finally gets full-time chief.,neutral
,neutral
minister,neutral
project india test,neutral
haryana's called march siege parliament.,neutral
yogi vows work all.,neutral
bjp certain get away anything,neutral
says manini chatterjee.,neutral
mass bunking,neutral
orders weekly trainees.,neutral
fans see future pm.,neutral
yogi pm,neutral
sunday holiday recruits,neutral
moon. more. also epaper.,neutral
give trial run months,neutral
says,neutral
tells give 2-month trial run. also disagrees vote,neutral
centre mobilises 247 companies (about 24,neutral
700 personnel) paramilitary forces haryana,neutral
delhi uttar pradesh view,neutral
government okays 33% reservation women state jobs,neutral
yogendra yadav future india get wrong,neutral
more.,neutral
take eyes,neutral
parties led can't seem look beyond family top posts.,neutral
7 days: bjp's 'good dynastic parties,neutral
bengalis get local,neutral
more.,neutral
set take oath cm today,neutral
sworn deputy cms,neutral
bjp sees stamp missing choice.,neutral
bjp sold development -- sprang hawk.,neutral
former captain michael john clarke strengths team,neutral
leadership more.,neutral
bjp govt faces.,neutral
graveyard echo choice chief minister.,neutral
bjp stuns ugc letter forgery,neutral
doctors split bengal bill.,neutral
also epaper.,neutral
yogi sworn chief minister sunday afternoon.,neutral
yogi adityanath arrives venue meeting mlas amid talk named chief minister,neutral
'shocked' hc order handover cbi,neutral
vows move supreme court.,neutral
retain tv innings.,neutral
whatever india offers biggest issue,neutral
calcutta hc sends case cbi.,neutral
went meet,neutral
rahul met hc gives cbi,neutral
dig amartya,neutral
more. also epaper.,neutral
hrd stop funding research social exclusion,neutral
report,neutral
oath taking new cm take place 5 pm sunday: keshav prasad maurya,neutral
hc directs conclude preliminary inquiry within 72 hours register fir,neutral
required.,neutral
calcutta high court orders probe sting operation.,neutral
serious concerns regarding india captain 's shoulder injury,neutral
says,neutral
cloud state boss keshav maurya's chances becoming chief minister.,neutral
likely elected cm: sources,neutral
india urges talk,neutral
zoo mark,neutral
100,neutral
000 villages taught google designs,neutral
recipes skills.,neutral
hc scraps plea jnu norms. seat cuts,neutral
100 per cent viva follow,neutral
surprise resignation boss manohar,neutral
back square one.,neutral
happened promised funds,neutral
sudden blaze destroys bungalow.,neutral
bengal traffic cops pen paper.,neutral
leaving weakened travel ban order muslims,neutral
kp nayar says.,neutral
funds fear research,neutral
hot,neutral
death 1st solo trip more. also epaper.,neutral
newly elected mlas meet lucknow mar 18.,neutral
new delhi: health minister briefs media live:,neutral
protected tampering/manipulation: election commission,neutral
elaborate system place prevent misuse evms: election commission,neutral
nia takes investigations bhopal-ujjain train ied blast case,neutral
takes custody 3 accused bhopal police,neutral
merit claims tampered with; allegations wild baseless:,neutral
navjot singh sidhu sworn cabinet minister govt,neutral
greeted cm captain amarinder singh,neutral
capt amarinder singh takes oath 26th chief minister watch live:,neutral
british dhc bruce bucknell institute entrepreneurs head manoj das discussing skill devt ne,neutral
akhilesh meet newly elected sp mlas today,neutral
decide new legislative party leader future course action. also,neutral
22 support,neutral
cm prove majority assembly today.,neutral
smooth affair today,neutral
man took neighbour court pet dogs bark night-- judge,neutral
regimes changes. bullying police officers not.,neutral
returned warm welcome,neutral
boss india's largest cautions waiving,neutral
laws cannot replace trust compassion,neutral
amit chaudhuri hard give experience pleasurable pain.,neutral
subir bhaumik cast shadow india's ties,neutral
shashank manohar quits how!,neutral
boss quit,neutral
caution loan waivers,neutral
arson film sets,neutral
more. also epaper.,neutral
govt seems slipped budget2017.,neutral
govt seems slipped budget2017.,neutral
rohith's buddy's autopsy caught distrust,neutral
rape-accused leader gayatri prajapati nabbed --after roaming delhi,neutral
gurgaon bengal.,neutral
municipal held april 22: state election commission,neutral
manohar sworn chief minister,neutral
cm demands conducting mcd polls via ballot paper place evms,neutral
sc refuses stop becoming cm,neutral
calls floor test.,neutral
finance minister given additional charge ministry rashtrapati bhavan,neutral
shri arun jaitley shall assigned charge ministry defence,neutral
addition existing portfolios,neutral
accepted resignation shri manohar parrikar council ministers immediate,neutral
finmin arun jaitley given additional charge defence ministry following manohar parikkar's resignation: rashtrapati bhav,neutral
limits cash withdrawals today,neutral
parrikar resigns defence minister,neutral
sworn chief minister tomorrow.,neutral
hindu undercurrent led surge. story feb.,neutral
raj bhavan denies reports calling party form government.,neutral
governor asks congress cm okram ibobi singh resign process formation next govt started.,neutral
walks; leaders bow 'nayak'. story,neutral
mandate,neutral
see new highlights pm speech bjp hq,neutral
oil prices hit three-month low u.s. rig count climbs,neutral
assam lawmaker wants national body save,neutral
200000 people turned bolpur famed,neutral
hardest interview life,neutral
says bid enter,neutral
here's bsp theory 71% population voted bjp.,neutral
people want handouts,neutral
want says victory rally.,neutral
modi says people want handouts,neutral
malala's oxford entry,neutral
reverse polarisation more. special epaper link.,neutral
print edition today,neutral
look epaper special link.,neutral
match referee umpires went book,neutral
says,neutral
bjp claims voters risen,neutral
strengthened sense belonging among calcutta's,neutral
hiring people task edge.,neutral
consolidation independent 2nd countrywide political entity.,neutral
7days today: bjp's expanding footprint,neutral
taking gatka,neutral
brit-bashing,neutral
hiring blind employees. more.,neutral
u.s. attorney preet bharara fired refusing quit. here:,neutral
yogi adityanath keshav prasad maurya,neutral
know names possibly next cm video:,neutral
time modi's reforms.,neutral
piyush srivastava looks stunning victory,neutral
black mark report card?,neutral
became demonetised notes,neutral
victory may bad news,neutral
mukul kesavan bcci curious case versus steve smith.,neutral
magic combined organisational strength brought back 1-party system.,neutral
modi,neutral
dynasties demonetised,neutral
numbers say,neutral
more. also epaper.,neutral
15 years,neutral
bjp captures record show.,neutral
congress wins 77 seats 117-member assembly,neutral
1 short two-thirds majority.,neutral
bjp (13 seats) fails get majority congress emerges single largest party bagging 17 seats 40-member house.,neutral
congratulate shri. narendra modi bjp victory uttar pradesh uttarakhand,neutral
l congratulate people,neutral
respect accept verdict: aimim chief,neutral
l reaches raj bhavan tender resignation cm,neutral
cm laxmikant parsekar tenders resignation. lost seeandidate dayanand sopte see,neutral
want quit fighting type election: irom sharmila losing maiden election (ani),neutral
| understand state ohf mind ohf ji right nohw. hence,neutral
dohn't want toh cohmment ohn it: amit shah oh,neutral
| chief press conference begin shortly. stay tuned.,neutral
gets majority 117-member wins 59 seats,neutral
leading 18 seats.,neutral
bjp heads landslide win samajwadis concede defeat mayawati wants fresh polls using paper votes.,neutral
update: manhattan attorney preet bharara asked resign along obama-era u.s. attorneys - doj.,neutral
jharkhand body upgrade pitch test.,neutral
manipur assembly election result live: congress ahead 6 seats,neutral
accept people's mandate,neutral
says sp leader shivpal yadav,neutral
l uttar pradesh (leads/trends) 373/403 264 70 27 others 12,neutral
jharkhand body upgrade pitch test.,neutral
become epicentre industry bihar.,neutral
upright cop son arrested.,neutral
forecast wet dol (sunday) dry (monday).,neutral
army chief's words ring pellet-hit boy's ears.,neutral
(leads/trends) 05/70 bjp: 3 cong: others: 0,neutral
(leads/trends) 26/117: bjp/sad: 3,neutral
cong: 17,neutral
aap: 6,neutral
others: 0,neutral
uttar pradesh (leads/trends) 103/for03 55 26 18 others,neutral
foreign policy must rooted ethics,neutral
sunanda datta-ray says lines visit,neutral
get latest fastest updates throughout day here:,neutral
facing arrest warrant,neutral
high court judge plays card.,neutral
117 acquitted,neutral
13 held guilty murder.,neutral
ready long winners named.,neutral
13 guilty murder,neutral
laddoos winners,neutral
1st warrant judge,neutral
more. also epaper.,neutral
india's production grew 2.7% january.,neutral
govt says reliance tendered apologies using prime minister's picture ads without permission.,neutral
supreme court issues arrest warrant get high court judge face case.,neutral
broke ranks bodies east,neutral
again.,neutral
winners awards telegraph's - advantage 2017.,neutral
amit roy tour,neutral
bengal tops --in women children.,neutral
india's action charity trigger spat administration.,neutral
assam,neutral
militants opt poaching fund outfit.,neutral
south korea's constitutional court upholds president park's impeachment,neutral
plan cap fees,neutral
private put expansion hold.,neutral
3 publishers close suit photocopying,neutral
akhilesh keeps options open,neutral
akhilesh 'aunt',neutral
publishers lose photocopiers,neutral
bengal bill scares pervert schools,neutral
more. also epaper.,neutral
old street directory,neutral
shopping directory,neutral
rolled one.,neutral
got bred local pig variety.,neutral
flash - ghouse mohammad khan,neutral
mastermind module arrested police,neutral
puts forth searching questions liquor baron disclosure assets court.,neutral
supreme court rejects age plea skip jail.,neutral
nia take encounter,neutral
mp cases: rajnath.,neutral
fresh fir filed jnu alleging misbehaviour students. students accused assault,neutral
earlier,neutral
summoned,neutral
jammu kashmir: 2-3 terrorists holed house,neutral
firing underway,neutral
re-polling underway 8 assembly constituencies went polls 1st phase march,neutral
meghalaya got bred local pig variety.,neutral
racketeers backed politicians prevent legal govt licensees.,neutral
rural planned counter azadi call.,neutral
india tap,neutral
supreme court caution stealing saris,neutral
please!,neutral
terrorist lucknow: make statement,neutral
mp incidents,neutral
amit roy maneck dalal launched international.,neutral
indian medical body moots handling successful trials tamil nadu.,neutral
record haul booze,neutral
drugs despite,neutral
suspect attack nabbed,neutral
police jump gun claiming hand train blast?,neutral
2nd phase begins; cm okram ibobi casts vote,neutral
abp news exclusive: arms,neutral
ammunition explosive material recovered lucknow operation ends video:,neutral
indian politicians still need lucky charm -- campaign bus.,neutral
captain's knock,neutral
turf,neutral
says,neutral
editorial: mayor cannot trusted,neutral
india could gain partnership says kp nayar.,neutral
polling underway 40 assembly seats spread across 7 districts seventh final phase,neutral
anti-terror operation lucknow's outskirts ends,neutral
1 terrorist killed; reports terrorists holed false: adg,neutral
indian wants police cover,neutral
citing outsider inflow open campus.,neutral
rahul says afraid,neutral
wants cisf presence,neutral
life term prof saibaba. more. epaper.,neutral
one deprived benefits lack benefits continue alternate means identification:,neutral
new mother challenged change date exchanging notes.,neutral
sept18 terror attack,neutral
army blocks key highway. civilians suffering.,neutral
1 rupee increase mocks dignified-living plea,neutral
says,neutral
destroyed,neutral
govt sparks traffic chaos plans grand gate,neutral
ruchir joshi calcutta's destroyed vandals decide future.,neutral
bengal law singles may keep investors -- critical cases.,neutral
jitters pervert healthcare bengal,neutral
city palaces,neutral
dhoni fan's tenacity,neutral
more. also epaper.,neutral
meant 'potato factory' thriving reality bengal farmers chain.,neutral
court asks report fracas,neutral
puts question mark video.,neutral
former president renders unqualified unconditional apology supreme court.,neutral
supreme court wants know exchange notes stopped march 31 deadline.,neutral
case: exempts centre filing status report proceedings international tribunal.,neutral
supreme court told people allowed deposit notes till mar31 promised,neutral
asks govt,neutral
explain.,neutral
notes entering system via calcutta business district.,neutral
team come minimal side-effects.,neutral
process social change seldom linear pretty,neutral
says manini chatterjee.,neutral
unofficial ban dubbed movies challenged,neutral
food dissent tradition,neutral
violence,neutral
space debate dissent continues shrink.,neutral
another 'go-back' shooting us,neutral
academic siege,neutral
menu judges,neutral
more. also epaper.,neutral
policeman,neutral
two militants killed encounter lasted nearly 12 hours.,neutral
spring,neutral
must varsity,neutral
story 100-yr-old treasure streetsmart bengal (,neutral
married maoist swati sengupta,neutral
actually live honesty integrity embraced,neutral
tells,neutral
could meet saltwater next time,neutral
old street directory astounding detailing.,neutral
rallying cry become thing behold celebrate season.,neutral
prime minister made man beat,neutral
7days: rallying cry students,neutral
varanasi,neutral
crocs more.,neutral
mukul kesavan attack means.,neutral
flames singe events colleges.,neutral
rahul modi trade barbs,neutral
farmers get lucky,neutral
leftist became minority voice,neutral
private fear plan monitor functioning give local leaders death grip.,neutral
govt decided merge industries departments.,neutral
centre hiked jobs scheme by... (and rupee).,neutral
trump administration resists economics visas indian companies.,neutral
us visa worries,neutral
bengal private schools fix,neutral
focus msme,neutral
wage hike,neutral
more. also epaper.,neutral
punjab,neutral
jk resume work system river.,neutral
69% polling till 1pm,neutral
3 gardens make mark us meet.,neutral
govt's latest: school kids.,neutral
23 years,neutral
increase ordered workers.,neutral
caution site inroads mayor (who also minister housing environment.),neutral
fear law's provisions may force private shun critical cases.,neutral
perspective strife.,neutral
karnataka body decided boycott awards function.,neutral
break russia,neutral
opens entertainment tv market,neutral
top bureaucrat innocent,neutral
framed politicians,neutral
ias officers insist.,neutral
law check private hospitals,neutral
takes aol instant messanger,neutral
supreme court gives govt chance oppose judge appointment 'national security'.,neutral
china cautions visit arunachal pradesh.,neutral
tension visit,neutral
pill schools,neutral
sc collegium accepts govt thorn,neutral
more. also epaper.,neutral
happened security agencies argued need tagging,neutral
fears plan set rates,neutral
blasts office,neutral
injured,neutral
fracas overbilling,neutral
bengal drafts bill check bills.,neutral
room india indian,neutral
says president mukherjee.,neutral
notes indian,neutral
muddle,neutral
controlling more. also epaper.,neutral
4/the pilot project green transportation across national capital region next service introduced,neutral
rare species says hello century.,neutral
top make pay cash transactions branches.,neutral
bengal detectives get religious nab leader accused,neutral
pulled negligence bengal cm orders party meddle.,neutral
development means filling also means death,neutral
rock fossils clue earth.,neutral
india would well abolish says,neutral
junior home minister admits made comments without seen video.,neutral
govt made look benign: use revised (and lower) base comparison.,neutral
hole's armour,neutral
key minister comments freely,neutral
modi's bug,neutral
more. also epaper,neutral
jaitley says likely pick coming quarters.,neutral
fm jaitley says q3 data substantially impacted economy's resilience remonetisation helped.,neutral
blaze puts spotlight grand pieces history lurk lanes.,neutral
kanwal sibal could victim disruptive thinking.,neutral
effect: batsman gets booed scoring century.,neutral
gunbattle felled father.,neutral
defensive cries media trial.,neutral
delhi worried silence,neutral
midst incendiary wish,neutral
teachers said stand.,neutral
mystery effect data.,neutral
mystery data,neutral
teachers back worry silence,neutral
more. also epaper.,neutral
gdp grew 7% quarter,neutral
full year projected 7.1%.,neutral
breaking: government forecasts 2016/17 growth 7.1 percent,neutral
breaking: indias december quarter gdp 7 percent (reuters forecast 6.4 percent),neutral
growth 8 core sector slows 3.4 pc january compared 5.7 pc year-ago month.,neutral
ashok v desai formula tackling banks.,neutral
crpf getting take planted,neutral
'nationalist' cub threatens cut finger,neutral
courage,neutral
cowardice; season buds thorns,neutral
more. also epaper.,neutral
57.36% turnout fifth phase voting ends large peacefully 51 assembly seats: ceo venkatesh,neutral
arrests woman director hong kong-based firm rs 1478 crore case registered post,neutral
abvp takes tricolour march 180ft long flag ramjas,neutral
principal rajendra prasad says heart bleeds v,neutral
begins 51 assembly constituencies spread across 11 districts. eyes,neutral
jp yadav rebranding,neutral
backlash hails 'true patriot'.,neutral
kp nayar governors us states say,neutral
message governors us states,neutral
modi criticised,neutral
stem important,neutral
more. also epaper.,neutral
'control' part go,neutral
says,neutral
offered help,neutral
formidable madame calcutta's runs business.,neutral
pushing 86,neutral
physicist still table full,neutral
says prasun chaudhuri.,neutral
resistance trumpland nothing citizenry yet match.,neutral
pushing team use twitter tool.,neutral
7days: modi's rule twitter,neutral
big boss calcutta's science giving,neutral
more.,neutral
bihar cm cites siltation threat barrages national waterway.,neutral
day left-arm turners,neutral
took aol instant messanger money more.,neutral
playing du colleges.,neutral
question america,neutral
big brother academia,neutral
day,neutral
more. also epaper.,neutral
suspect 2002 attack case calcutta arrested gaya: bihar police.,neutral
today: congress vp address rallies gonda,neutral
sultanpur bahraich,neutral
today: pm address rally imphal,neutral
american consider hero.,neutral
live money,neutral
that's living,neutral
tells,neutral
dreams one still alive,neutral
finds sunanda k datta-ray.,neutral
du push,neutral
tests autonomy waters.,neutral
techie killed --and american took bullets aimed another.,neutral
indian techie shot us,neutral
call affordable dialysis,neutral
stephen's tests autonomy,neutral
more. also epaper.,neutral
bihar exam body's boss,neutral
nephews held question-paper scam.,neutral
maharashtra,neutral
savours civic win congress loss.,neutral
twist case,neutral
angst authors,neutral
bjp flies wings,neutral
more. also epaper.,neutral
results live: leads 93 seats offers resignation,neutral
aap govt moves sc setting 5-judge constitution bench decide appeal hc verdict holding lg delhi's administ,neutral
12-15% turnout till 10 phase-iv.,neutral
telecom operator acquire business telenor india seven circles holds spectrum.,neutral
statement terrorist initiated incident shopian,neutral
jk attached,neutral
militant attack kashmir's shopian district,neutral
6 injured,neutral
civic poll counting begin 10 today; eyes result,neutral
sekhar raha letting go past,neutral
nation 70 must begin new life.,neutral
soumitra das listens kirtans asks set rules.,neutral
swapan dasgupta must assess basis national self-interest.,neutral
citizens petition govt make nursing homes come clean,neutral
ugc proposes 20% pay hike college teachers.,neutral
guess happened said 'adopted son',neutral
hit splurge freebies,neutral
founders admit gmv vanity,neutral
profit sanity.,neutral
modi adopted son,neutral
snaps,neutral
check hospitals,neutral
pay hike plan,neutral
more. also epaper.,neutral
standoff left abvp blocks entrance maurice nagar ps. stones eggs shoes thrown ps side. many hurt,neutral
pitched battles progress du abvp disrupts ramjas march maurice nagar ps,neutral
economic blockade impact process,neutral
arrangements made ensure free fair election: cec (f,neutral
du's ramjas college cancels event protests invite speakers.,neutral
7 new species found,neutral
govt sets menu item limit wedding,neutral
india pushes universities accept 3yr graduates courses.,neutral
india invokes emergency clause end pricing.,neutral
reliance's promises free voice calls roaming 1 year... cheap,neutral
kp nayar tensions crept ties,neutral
receiving end,neutral
crowns india's,neutral
extends offer mobile battle,neutral
finds indian trump,neutral
troubled life ends more. also epaper.,neutral
writes tn assembly secretary no-confidence motion speaker dhanapal.,neutral
bmc,neutral
9 civic bodies state go polls tuesday,neutral
general known sharp questions trump's new top security adviser,neutral
garg rapped post,neutral
experts say wrong blaming ganga siltation.,neutral
even $2.17m,neutral
within budget,neutral
sanjiv goenka tells,neutral
allow barrages name says,neutral
amit roy looking campus abroad.,neutral
graveyard barb,neutral
hits advertisement.,neutral
asses star battle,neutral
fest sans pak voice,neutral
beyond brexit,neutral
more. also epaper.,neutral
registers case meat exporter graft case; names former chief ap singh also.,neutral
governor asks shurhozelie liezitsu form government; swearing-in feb22.,neutral
surit doss forget dynamic mobile,neutral
dr kunal sarkar cartels ripping patients,neutral
tapping self-help group,neutral
harvests 1st crop,neutral
eaglenest sanctuary,neutral
could dethrone top draw.,neutral
bihar extension impacts privacy rights,neutral
says,neutral
lessons school.,neutral
exclusive jnu fir marks aisa leadership,neutral
serious charges absent varsity press releases appear plaint htt,neutral
manini chatterjee failed live promise.,neutral
bengal orphanage suspected selling babies couples us,neutral
europe.,neutral
top officer speaks innocent victims suffer.,neutral
ips officer frame-up,neutral
modi's call orphans trafficked,neutral
more. also epaper.,neutral
goenka's surprise:smith lead pune,neutral
palaniswami's victory (and dhoti survived),neutral
studies sprout,neutral
more. also epaper.,neutral
murali's initiative goes jaffna,neutral
prasun chaudhuri (dying?) art carving,neutral
imagine paying rs500 -- 1863.,neutral
polling underway 69 assembly seats spread across 12 districts phase-iii,neutral
malik sajad,neutral
artist line control.,neutral
sonia sarkar nationalist studies sprouting across campuses.,neutral
importance fastening waistband revealed wins trust vote.,neutral
comes prey,neutral
india's protected forests planned,neutral
scientists find.,neutral
part,neutral
versus,neutral
flash: supreme court's order,neutral
fir registered minister gang rape sexual harassment,neutral
trust vote 122-11.,neutral
edappadi wins vote confidence 122 votes,neutral
11 against. earlier:,neutral
palaniswami wins trust vote 122 mlas voting govt chaotic day. earlier;,neutral
chaos call secret vote.,neutral
opposition creates ruckus trust vote,neutral
house adjourned till 3pm.,neutral
live: ruckus assembly 'secret ballot' demand,neutral
mla sits speak's chair angst,neutral
can't risk slightest smile today.,neutral
ram guha money criminals got india.,neutral
delhi airport drops glitches,neutral
big fail.,neutral
legal eagles back call probing suicide note.,neutral
delhi high court orders cop shield willing drivers; tells strikers deal companies.,neutral
india still keen buy westinghouse reactors despite toshiba meltdown,neutral
members camp meet assembly speaker p dhanapal,neutral
day ahead confidence vote.,neutral
idea wrong,neutral
says,neutral
rbi chief sees v growth rate.,neutral
fake exit poll results circulated using abp news' brand name. want clarify aired exit piss,neutral
samsung chief lee arrested south korean corruption probe deepens,neutral
may find tough control govt jail.,neutral
jp yadav finds us-versus-them undercurrent,neutral
india's foreign secretary visit next week 'frank' talks.,neutral
kp nayar party revolt knocked nominee labour secretary post.,neutral
floor test saturday.,neutral
idea wrong,neutral
says,neutral
bajaj calls bad idea,neutral
palani court rules more. also epaper.,neutral
sworn-in chief minister,neutral
jnu vc clarifies: ugc gazette wont applied retrospectively. existing mphil students admitted phd goodbye,neutral
31-member cabinet sworn-in 4.30pm: raj bhavan.,neutral
5-judge constitution bench sit may decide pleas relating aspects triple 2/2,neutral
sc frame issues mar30 regarding triple nikah halala consideration.1/2,neutral
less cricketers,neutral
also making centuries,neutral
says isro official annadurai,neutral
nadu governor invites edappadi k form government earliest.,neutral
premier calcutta ransacked death,neutral
,neutral
arrests yet.,neutral
latest lacked economic philosophy,neutral
says sl rao.,neutral
dipankar dasgupta pitfalls,neutral
india mulls auditor check misuse,neutral
bureaucrats face action drinking alcohol -- anywhere world.,neutral
'slaps' memorial mean.,neutral
going back back jail,neutral
instals nephew proxy,neutral
fielded nephew,neutral
virat kohli,neutral
beyond bihar border,neutral
more. also epaper.,neutral
cabinet approves merger five subsidiaries state bank india state-owned lender: finance minister arun jaitle,neutral
foreign tourists e-visas get free cards arrival.,neutral
turnout till 5 pm 68 per cent,neutral
says,neutral
india's jan 2017 rise 4.32% $22.11bn -- imports 10.70%,neutral
widening trade deficit $9.84bn.,neutral
urban growth threatens kidneys -- world's largest waste recycling system.,neutral
kp nayar exit could bad india.,neutral
stirrings cold war,neutral
scenes drama,neutral
india's air pollution,neutral
more. also epaper.,neutral
e local functionary legislature party leader,neutral
live: police given direction evacuate mlas kuvathur,neutral
dgp likely take final call.,neutral
meeting governor ends. stakes claim form government: jaya tv.,neutral
kim jong nam,neutral
estranged half-brother leader kim jong un,neutral
killed airport women poisoned needles.,neutral
takes aerobatic display inaugural,neutral
centre allows prosecute former principal secretary delhi chief minister arvind kejriwal,neutral
graft case,neutral
bjp urges governor vidyasagar rao take decision basis numbers well credibility.,neutral
governor vidayasagar rao meet new legislature party leader edappadi k palaniswami others 5.40pm.,neutral
india caps prices -- rs7,neutral
260 bare metal rs29,neutral
600 drug eluting-- crackdown wild markups.,neutral
sasikala expels scores rebels including minister k pandiarajan senior leader c ponnaiyan,neutral
aiadmk expels supreme court ruling knocks cm race.,neutral
aiadmk expels supreme court ruling knocks cm race.,neutral
supreme court restores bangalore trial court verdict holding others corruption case.,neutral
breaking: supreme court convicts disproportionate assets case,neutral
mettur legislator semmalai joins cm camp.,neutral
trump national security adviser flynn resigns controversy russian contacts,neutral
mayawati plays divide-and-woo home turf. upelections,neutral
could miss flight bangalore,neutral
ashok desai accidental new book tirthankar roy anand v. swamy.,neutral
noon,neutral
supreme court decided future rival,neutral
patna boy got play tabla.,neutral
tehmina janjua 1st woman foreign secretary.,neutral
tamil nadu waits,neutral
indian heft pope,neutral
modi,neutral
pakistan's 1st woman foreign secy,neutral
more. also epaper.,neutral
eases 3.17 per cent january 3.41 per cent december.,neutral
7-judge sc bench hear plea madras hc justice order staying transfer. earlier:,neutral
justice fails appear apex court face contempt charges.,neutral
non-teaching staff call end jnu stir,neutral
vc says law take course occupation adblock doesnt end despi,neutral
calcutta hc judge c karnan fails appear sc connection suo motu contempt proceedings.,neutral
bjp worker stabbed death local temple festivities mukkattukara kerala's district,neutral
likely hear pil swearing-in today,neutral
delhi airlift blockade lifted.,neutral
use track preventing track deaths,neutral
tells state.,neutral
bonhomie strikes chord ground.,neutral
india's spike 3 initiatives,neutral
amit roy clash,neutral
men friends across border,neutral
says.,neutral
races hots,neutral
plays woman wronged.,neutral
britain becoming xenophobic hostile,neutral
high commissioner dominic asquith insists.,neutral
scientists calcutta tracing building blocks space,neutral
says prasun chaudhuri.,neutral
lost passwords,neutral
trouble google play more.,neutral
moral outrage cannot guide things get messy,neutral
says manini chatterjee.,neutral
almost overnight,neutral
become crowd-puller.,neutral
crowds flock rowling-morgan clash,neutral
cash-swap case,neutral
more. also epaper.,neutral
chidambaram opposition,neutral
jaitley finance minister,neutral
more.,neutral
7 days: assam vies taste buds,neutral
grilled,neutral
more.,neutral
comparing 2015 2017.,neutral
graduated captain,neutral
mukul kesavan state fourth estate.,neutral
tn,neutral
running patience,neutral
governor's letter leaked,neutral
gets crowds.,neutral
question: banking correspondents coerced switching old notes?,neutral
death currency,neutral
patience,neutral
boss shunted,neutral
more. also epaper.,neutral
another mp joins camp,neutral
frets waits governor's call.,neutral
minister,neutral
mps join camp; frets tends flock.,neutral
63% voter turnout phase 1,neutral
veteran leader party spokesperson joins camp.,neutral
sasikala seeks meeting governor,neutral
3 switch selvam's side.,neutral
hundreds immigrants arrested 'routine' u.s. enforcement surge,neutral
today,neutral
greatness means winning says sunanda k dattaray.,neutral
1st phase assembly elections begins. 73 constituencies,neutral
20 million voters.,neutral
polls 2017: polling first phase begins,neutral
appeals people vote,neutral
resort hosting 120-odd lawmakers camp.,neutral
survivor riots simple message voters.,neutral
france's group buys brand birlas.,neutral
mamata's dole,neutral
theatre,neutral
riot refugee's resolve more. also epaper.,neutral
50k dole budget migrant workers hit,neutral
india's industrial production contracts 0.4% dec 2016 decline 0.9% dec 2015.,neutral
court directs bsf allow trooper tej bahadur's wife meet,neutral
passenger opens chute aircraft taxiing mumbai airport; 1 injured.,neutral
former minister ka senkottaiyan replaces madusudanan presidium chairman,neutral
govt appoints directors ten indian institutes management.,neutral
state bank india q3 profit doubles rs 2,neutral
610 crore rs 1,neutral
115 crore period year ago.,neutral
setback trump,neutral
u.s. judges reject travel ban,neutral
bahu makes demand.,neutral
shattered firozabad's industry.,neutral
mom lost teen kids fire same%2c old%2c boring shit let lightly,neutral
again.,neutral
lawmakers jump ship,neutral
memorial gets list,neutral
governor ponders.,neutral
eyes governor,neutral
note crunch glass-bangles,neutral
ansals let lightly (again),neutral
more. also epaper.,neutral
gen secy calls governor ch vidyasagar rao,neutral
stakes claim form government tamil nadu,neutral
vk pays homage jaya's memorial; places sealed cover,neutral
presumably mlas' support list,neutral
memorial.,neutral
'good things happen,neutral
' says tn cm meeting governor ch vidyasagar rao.,neutral
held detailed discussions governor happening tamil nadu,neutral
says,neutral
cong boycott pm parliament raincoat remark; coordinate parties,neutral
says,neutral
opposition disrupts demand apology,neutral
watch top 10 news day video:,neutral
patience,neutral
test politics.,neutral
enough! says supreme court ends 38yr legal battle project.,neutral
tamil nadu,neutral
numbers,neutral
claims masses. decides?,neutral
match versus gut feeling modi's dig supreme court acts more. also epaper.,neutral
changes stance accommodative neutral.,neutral
keeps key unchanged-- repo 6.25%,neutral
marginal standing facility bank rate 6.75%.,neutral
supreme court asks justice karnan explain face proceedings.,neutral
return lake next winter?,neutral
jatavs base pitch muslims,neutral
bsp's keeping rivals edgy.,neutral
heartland lab.,neutral
crpf's commandos return unit.,neutral
scientists saved orbiter death eclipse.,neutral
kp nayar engagement gulf deepened.,neutral
3 ds -- (doctor),neutral
dog drinks -- stood pm reply parliament.,neutral
suddenly,neutral
mutiny: versus sasikala.,neutral
telegraph published today article entitled french envoy bets former colony - bonjour,neutral
new era amity : h,neutral
bengal's advocate-general jayanta mitra resigns difference opinion state government.,neutral
enforcement directorate chief karnal singh gets fixed tenure years.,neutral
commandos went,neutral
commandos get homesick,neutral
jewish nobel little stars,neutral
more. also epaper.,neutral
pil filed seeking restrain swearing-in chief minister tomorrow.,neutral
facebook,neutral
google,neutral
others launch drive fake news france,neutral
supreme court orders attachment rs 39,neutral
000 crore property pune.,neutral
supreme court grants bail scam accused estranged wife former union minister matang sinh.,neutral
shield child,neutral
javadekar backs restrictive research entry,neutral
student stir intensify- strike today,neutral
indian hold promise battle,neutral
may changing attitude coalition partners,neutral
says manini chatterjee.,neutral
powers drive become chief minister.,neutral
review shows holes india's govt-funded,neutral
gets license raid -- without citing grounds.,neutral
shades law change,neutral
rises,neutral
holes govt health cover,neutral
more. also epaper.,neutral
new experiences exciting times ahead second innings,neutral
mukul kesavan ought (and will) win,neutral
sachin tendulkar 2nd innings,neutral
3 ds lead greatness,neutral
more.,neutral
nachnis dying unsung,neutral
art form.,neutral
irfan habib seeing past eyes present,neutral
mixing folklore history.,neutral
sonia sarkar jig-gigs key tool run,neutral
calcutta's learning... chinese.,neutral
voters villages want permanent india.,neutral
7 days: calcutta's learning,neutral
nachnis fighting rights more.,neutral
village cries bridge,neutral
mukul kesavan 3 ds,neutral
more. also epaper.,neutral
judge blocks trump's ban --effective nationwide,neutral
promised denied helicopter,neutral
soldier trekked snow take mother's body home.,neutral
australia,neutral
us clash immigration; puts india hold.,neutral
soldier's painful journey,neutral
bonds political funding,neutral
trump immigration,neutral
more. also epaper.,neutral
follow us dm/ mail ttwebonlinefeed release 3 aggregators site press releases,neutral
rich get skewered,neutral
honesty hug bottom rung -- mystery persists missing taxpayers.,neutral
relief front small firms hit,neutral
ahead elections,neutral
finds nothing sell voters.,neutral
thought made transparent?,neutral
history around,neutral
says,neutral
demitronisation relief small firms,neutral
honesty hug well-heeled,neutral
more. also epaper.,neutral
double digit controlled; sluggish growth replaced high growth; war launched:,neutral
moved discretionary based administration policy based administration:,neutral
watch live stream fm shri budget speech 2017-18 link,neutral
pm reaches parliament,neutral
cabinet meeting begins.,neutral
fm departing north block parliament house,neutral
present,neutral
indian govt draws goat parallel case.,neutral
breaking: go ahead scheduled,neutral
say sources,neutral
clear right now. speaker decide....,neutral
calcutta's menace born -- eating pavements footpaths.,neutral
grabbing footpaths good business everyone (except pedestrians).,neutral
strike decodes draft order.,neutral
1st time,neutral
union include railway budget. today,neutral
11am.,neutral
confusion replies ceo.,neutral
due sudden drop visibility blr,neutral
fro flights affected. result consequential delays expected.,neutral
watch union budget 2017 live abp news 11:00 onwards,neutral
trump picks 49yr-old judge lifetime job supreme court us.,neutral
bjp could face backlash.,neutral
govt admits economy take hit,neutral
us gives scare,neutral
law officers job,neutral
confessions,neutral
more. also epaper.,neutral
us gives scare,neutral
law officers job,neutral
confessions,neutral
more. also epaper.,neutral
full expected month two: arvind subramanian.,neutral
headline inflation measured consumer price index (cpi) remained control third successive financial year:,neutral
agriculture sector grow 4.1 per cent current year 1.2 per cent 2015-16:,neutral
growth rate industrial sector estimated moderate 5.2% 2016-17 7.4% 2015-16:,neutral
india's growth rate constant market prices 2016-17 seen 7.1%,neutral
finance minister arun jaitley tables lok sabha,neutral
live pranab mukherjee address parliament 11am,neutral
country's first conviction: minister sentenced 7 years rigorous imprisonment.,neutral
economic survey tabled parliament shortly. know economic survey:,neutral
sibal datar spike bcci wish,neutral
president trump fires top government lawyer sally yates defiance immigration order,neutral
fm table today,neutral
trump's order parallel citizenship bill.,neutral
prabhat patnaik monumental,neutral
farmers dumping crop.,neutral
supreme court ropes former top auditor run,neutral
one suggested names icc meeting.,neutral
pakistan pressure ban,neutral
auditors helm,neutral
madam more. also epaper.,neutral
limits cash withdrawals bank accounts atms - restoration status quo ante,neutral
outcry,neutral
u.s. loosens curb re-entry green card holders,neutral
five soldiers machhil attain martyrdom; detailed statement attached,neutral
dept crackdown hoarders; issues 87 notices,neutral
attaches 42 assets worth crores new,neutral
payments bank offer 4.5% deposits rs25000,neutral
5% rs 25000-50000,neutral
5.5% rs 50000-100000.,neutral
supreme court shoots govt bid put sports ministry bureaucrat panel run,neutral
historian ram guha,neutral
idfc official vikram limaye,neutral
former captain diana edulji others panel run,neutral
supreme court names former cag head 4-member panel administrators run 1/3,neutral
court summons cm suspended bjp mp accused criminal defamation plea,neutral
amulya patnaik appointed new delhi police commissioner. patnaik 1985 agmut cadre ips officer.,neutral
