tweet,sentiment
unhappi dog like though,negative
talk driver goingh said love go new york sinc trump probabl,negative
anybodi know rand' like fall dollar? got money need chang r keep get stronger unhappi,negative
miss go gig liverpool unhappi,negative
isnt new riverdal tonight ? unhappi,negative
a*di guy pop asia translat prob go around au unhappi,negative
who' chair sit in? find out. everyon know now. shame pu,negative
like jitteri caffein make sad,negative
area' list unhappi think go libdem anyway,negative
want fun plan weekend unhappi,negative
notic me. unhappi what?,negative
ahhhhh! recogn logan!!! cinemax show bad track record get cancel unhappi,negative
errr dude.... gone unhappi ask leagu memeb check guy go,negative
sad,negative
would harvey go prison? unhappi,negative
miss cri seasid area.,negative
becoz depend promot wast hardwork team,negative
thought save cri,negative
major waffl crave right sad,negative
cant speak japanes ::(,negative
peopl stuff like unhappi,negative
pleas stop confin anim zoo unhappi,negative
feel like shoyould tell get fuck social media byout also feel realli mean unhappi silenc love yoyou hope yoyour okay,negative
miss huhu busi unhappi,negative
extend family. 12 ppl.ahh want show oh girl dorki play game got delet unhappi,negative
unhappi,negative
jami pleas reset cga grandfin server... administr respond unhappi,negative
noooooooo gonna miss buffet unhappi take care ain!!!!!!!!!!!!!!!!!,negative
wish could vote unhappi,negative
instant messag jealou okay unhappi never mind haha bruno wait final first,negative
enlist pleas turn like unhappi,negative
unhappi come peopl like children where' state intervent,negative
ouchhhhh unhappi,negative
help... want stop tweeting. feel endless suffer pain. tri deactiv mani times... save me... unhappi,negative
ask,negative
applic kana kanji funtime! sadli,negative
look like io 11 due kill unhappi,negative
yeah updat 16.04,negative
froze times. went 16.10,negative
froze mid install. wait 3hr pull plug cri,negative
shaandaar,negative
zabardast,negative
anoth atbb way ! wish srk sir start sign good movi unhappi,negative
want jabe cri,negative
sociopath full raid gear sad,negative
say hi sunshin ? unhappi,negative
feel bad ahaha unhappi,negative
get harder harder stay unhappi,negative
face look bloat unhappi babi get well soon,negative
fuck. tri chang set still india. unhappi,negative
talk driver goingh said love go new york sinc trump probabl,negative
let' forget also gabriel tenma white' birthday today!i miss unhappi,negative
alway taken grant eversinc unhappi,negative
ah alright,negative
don%27t know saw comment yet,negative
camera shoot,negative
flip scr,negative
miss louis' tweet unhappi,negative
koala die thirst us unhappi,negative
okay shut now. instant messag mad lot peopl flaw opinion mental health ( mine) show unhappi,negative
pamura isa moment,negative
want explod like grenad point peopl die me. sad,negative
yg sent mcd. want see hold trophi unhappi anyway,negative
realli want one icon jimin stripe turtleneck shirt unhappi,negative
want spoon cant go unhappi honestli feel like messi break unhappi,negative
make sad unhappi look unhappi went seaworld,negative
yg sent mcd. want see hold trophi unhappi anyway,negative
miss rocki post unhappi,negative
hey toni,negative
oh unhappi could pleas tell littl issue? im follow youd prefer dm. amanda,negative
love mason miss mason unhappi,negative
cold mother crusher right now. near end april. sad,negative
don%27t talk anymor like use unhappi,negative
yg sent mcd. want see hold trophi unhappi anyway,negative
miss bike unhappi,negative
miss big brother unhappi,negative
6 day camp haiss miss lot unhappi,negative
rain hard unhappi,negative
bore kandowiandg ando plaand today makiandg eveand bore unhappi,negative
oh god lauri penni unhappi,negative
say hi mekisha? unhappi,negative
never draw unhappi,negative
cleantha,negative
visual studio instal - 89% .. bsod come suddenli unhappi,negative
want make waffl unhappi,negative
sad unhappi,negative
cri muh feel,negative
look like someth ignor xd kart race when? unhappi,negative
ate jenna block what? unhappi,negative
bed comfort want get unhappi,negative
store still use?,negative
sincer hope mani priceless antiqu destroyed. reg,negative
astaga unhappi /?,negative
want puppi unhappi,negative
work unhappi see tomorrow!!,negative
happi weed day without anymor unhappi,negative
favourit lipstick hilang cri,negative
time fli,negative
can't believ year next year unhappi becom old hahahah :v,negative
new twitter repli view confused... like capitalis repli peopl not? unhappi,negative
whaddup. cri,negative
unhappi everi time laugh ass,negative
who' sell armi bomb ver 2??? meet sad,negative
yeesh unhappi fairli warm here.,negative
easter flown unhappi readi give home luxuri like brand cereal,negative
ohnoo unhappi unhappi hope recuper sooner!!,negative
back unhappi,negative
give chanc west server unhappi,negative
go yesterday unhappi,negative
agree. issu would paid somehow. can't see number ad up. sad,negative
want drink cigarett unhappi,negative
oh minc unhappi,negative
manifesto,negative
nick? might deliv time demand it. stori life -,negative
okay accept way unhappi,negative
peopl abus anim unhappi loyal,negative
actual cri type tweet can't take anymore.. applicablehulog applic knock unhappi,negative
imagin win next time unhappi unhappi,negative
unhappi,negative
need cue someth would make smile....i'l waiting...:(,negative
yg sent mcd. want see hold trophi unhappi anyway,negative
yg sent mcd. want see hold trophi unhappi anyway,negative
noseble get outta hand unhappi,negative
perfectli happi singl .. see happi coupl :(kiss thefashionicon,negative
dude want sleep unhappi,negative
feel fuck shit today unhappi,negative
wont abl stream tonight sorri guy unhappi,negative
face swap cat dog realli upset unhappi,negative
system recogn space last name 2nd time unabl check forc wait unnecessari line unhappi,negative
still wait unhappi,negative
- thank ton,negative
rocks. next question - astro unhappi ?,negative
fault,negative
custom argentina fill paperwork unhappi,negative
tri fix chorist dress hem came undon tape fabric tape put wrong even ruin unhappi,negative
small fishi die unhappi,negative
nice outsid stuck school day unhappi,negative
edm pleaseeeeeeee unhappi,negative
oh god unhappi next time mishutuuu,negative
say hi julia ??please cri,negative
bbi unhappi emot,negative
serious thought coldplay go band like depech mode u2,negative
kept go unhappi,negative
poor babi unhappi hate peopl,negative
unhappi strong today jfjfjkf,negative
need unicorn frappuccino stat. found limit timee! unhappi much longer?,negative
back unhappi,negative
unhappi sorri hear this.....,negative
won't. probabl phil seen yet unhappi,negative
yuri know unhappi second snsd miss,negative
campervan ticket expensive? unhappi,negative
canberra land-lock capital. unhappi,negative
much? cant seem deathmatch unhappi,negative
.agata babi unhappi broke mail. read letter can't thank enough. best,negative
unhappi,negative
is! haha want look like v unhappi,negative
unhappi look dead,negative
puta know sorri enough pero sorri padin unhappi,negative
mannn,negative
want go m' game unhappi,negative
unhappi feel bore,negative
wish could sleep earli unhappi,negative
hope start get 1gb data per day tonight!! unhappi,negative
koala die thirst us unhappi,negative
want see happi sad,negative
told bugger hung up! wane access pc. phone someon like gran,negative
brace hurt unhappi,negative
ohh welcom clxsslc chanyeol oppa! call richard? kalau jadi sayang gimana? unhappi,negative
don%27t talk anymor like use unhappi,negative
claaaaaaaaaaaaass !,negative
pity! unhappi beautiful! thank answer!,negative
sciatica. monument pain arse. unhappi,negative
escal quickli,negative
abort mission nice day though x,negative
- thank ton,negative
rocks. next question - astro unhappi ?,negative
back unhappi,negative
stream tonight! throat kill me. unhappi,negative
too...i miss hgv go past hous though. nice look build - initial,negative
say unhappi,negative
summer' school' vocabulari unhappi need air. pleas tell,negative
bae' unhappi,negative
wanna get haircut don%27t know good place unhappi,negative
feel kind empti w/o youngja venue.. unhappi,negative
back unhappi,negative
yeah,negative
think that' go true,negative
can't leav us unhappi,negative
yesterday felt like friday unhappi,negative
[pleas rt] buy blink taehyung headband,negative
get 900 retweet 900 likes. help :(un,negative
ye instant messag sad cri,negative
face swap cat dog realli upset unhappi,negative
nice! realli nice stuff there! mostli black dress get away june wed though unhappi,negative
miss unhappi,negative
beyond sad unhappi,negative
goodnight princess,negative
love fun friend,negative
yg sent mcd. want see hold trophi unhappi anyway,negative
someth realli wrong. spend day nake beach hot sunshine. work cold king' lynn sad,negative
punish time jb' team! unhappi,negative
aw goodnight angel! love lot hope go best tiam lot fun!! wonho' alreadi,negative
realli amount load section unhappi ride netherton meet darbi end ?,negative
q2 mh healthcar professional. much want help scare death might make situat,negative
got msg! oop unhappi,negative
chillin~ bit quiet tonight tough luck unhappi you??,negative
bet media' one-sid view tim tam surprisingli alt-right roar extrem droll fad unhappi,negative
hair crisp unhappi,negative
coupl unhappi,negative
fuck don%27t unhappi,negative
go ca juli,negative
reunion august unhappi,negative
road traffic sign section theori revis myth unhappi,negative
unhappi sorri pizza arriv mushroom despit request. could pleas get touch vi,negative
kabut unhappi,negative
last thing bought sweet unhappi,negative
wish could stay bed day listen rain sad,negative
want tell fellow comm student want think kind suck-up... unhappi,negative
notic me? unhappi,negative
go away unhappi,negative
alli unhappi can't make poem cute,negative
ehh cant dm unhappi,negative
beauti ladi full fun bodi confidence. ..,negative
italian easier spanish unhappi,negative
find difficult say unhappi,negative
3 day night sinc mama went back provinc alreadi miss unhappi,negative
want cri unhappi,negative
love got7 god bore unhappi,negative
can't continu right light shitti f swear sorri sad,negative
let' dinneeeer pleas unhappi,negative
lost one import quizzz unhappi,negative
want mutual bad unhappi,negative
keep look thing bought yesterday dream unhappi,negative
hurt see sad unhappi understand this. kill,negative
kil,negative
hate park jisung much sad,negative
onlin crush come meet-up without snapchat filter unhappi,negative
hate mom ask go no? bc want stay home miss much school alreadi unhappi,negative
happi birthday katrika miss though unhappi miss group haih anyway,negative
blast okay. love you!,negative
miss dog unhappi,negative
yg sent mcd. want see hold trophi unhappi anyway,negative
digit monster want work blackpink make happen pl unhappi,negative
though,negative
miss boy unhappi start work local boy nervou colleg friend,negative
classmat alvarez realli see around school anymor unhappi,negative
ugh miss babi cri,negative
anyon need vent unhappi,negative
hard notic me? haay unhappi,negative
cant deathmatch piss unhappi,negative
go notic yous? unhappi,negative
miss bedroom unhappi,negative
pleas take rest needw love much :(i hope feel better soon sunshine!,negative
oh,negative
unhappi,negative
miss babi unhappi,negative
day sinc promot end alreadi miss much unhappi,negative
miss unhappi,negative
miss jihoon sad,negative
one cat yang manja sangat someon took unhappi,negative
tire there' noth great combo unhappi,negative
tweet made cry!! cri,negative
back coconut hair unhappi,negative
pleas return jacket unhappi,negative
would call rous midnightremind time(s) roommat unhappi unhappi unhappi suck,negative
feel bad,negative
mob australia,negative
hope everyth goe right unhappi,negative
day sinc promot end alreadi miss much unhappi,negative
hungri unhappi time buy food,negative
set alarm 9am snooz 12 unhappi,negative
sad stori unhappi,negative
koala die thirst us unhappi,negative
hey screenshot sainyo . hmm tumag sana us . stay uu . im alway fr uu matter . luv uu mat,negative
look awesom annett,negative
can't make unhappi thank head though. pleas take photos!,negative
narank 1 ako bco yoyou. pleas congratyoul even alreadi late? unhappi,negative
can't unhappi,negative
relat unhappi,negative
unhappi,negative
offlin unhappi,negative
heeeeey notic unhappi,negative
want hang unhappi,negative
talk girl behind jin unhappi,negative
need cheer,negative
dog famili 18 year put tomorrow unhappi,negative
molli 1. wish could hair unhappi 2. cutest michael girl milli phone 3. haiiiiiir lip 4. friend5. yes6. -,negative
even unhappi *hugs*,negative
build llvm backend,negative
realli need build unhappi,negative
can't access school email web browser unhappi yet much homework subject,negative
oh sad unhappi goodluck!,negative
ouch elena eremina' foot slip,negative
fall mess unhappi,negative
donni unhappi,negative
rude unhappi,negative
oh god same! attend lesson togeth sometim kid hahah,negative
everi time meredith flashback derek shepherd can't hold back tear unhappi,negative
whew! can't ass unhappi,negative
round ass cri,negative
unhappi saw somebodi said hair fell bighit tri figur,negative
koh,negative
tolong bantu sampaikan keluhan armi ke dong. mani complaint sinc day 1 ticket unhappi,negative
keep wake middl night sick shit. unhappi,negative
cring hard :(that fall shame- look realli good point...,negative
man 2hr sinc vlive...it nearli sydney ppl... unhappi goe quick appreci everi second!!,negative
hi ale,negative
mobil signal suck unhappi what' full postcod happening? keen help si,negative
suck unhappi,negative
rusty.. play game sinc like 10. kept die crocodil part cri,negative
realli realli need right unhappi,negative
hey guy could help retweet this? heard legitim realli need vpn account rig,negative
god koala,negative
feel bad unhappi 89 other,negative
tweet made cry!! cri,negative
could write paragraph xdshame theoret imposs real life unhappi,negative
thank roshhh miss everyon too. love youuu,negative
sweeti know feel unhappi,negative
onlin crush come meet-up without snapchat filter unhappi,negative
.the person chose shut fuck up: unhappi,negative
sadli yes. sinc expect continu lose support drop bomb unhappi go exp,negative
hope littl beaand andot overworkiandg gettiandg least rest unhappi,negative
could whatev,negative
so? sad,negative
dub watch pokemon unhappi,negative
die thirst us unhappi,negative
youngja fansign 04/10/17 constantli massag back. clearli someth wrong pretend,negative
but... use purpl flowercrown display pictur unhappi,negative
still cant unhappi,negative
well that' terribl unhappi,negative
sorri piss /3 unhappi,negative
woke 4:17,negative
joke unhappi,negative
right! sir rob love tortur us unhappi,negative
salari remind weekend,negative
alway know come fuck clue goe unhappi,negative
feel sick today unhappi,negative
wish can't sad,negative
birthday tomorrow babi unhappi,negative
slow unhappi,negative
super unhappi,negative
trash other posse behind boost ego,negative
career. unhappi,negative
finish gym,negative
chopsuey unhappi laugh ass humbl feed alway bomb!,negative
still possible! unhappi,negative
whaaaaaaaat!!! unhappi,negative
load toys. sweep hand puppet bastard lost squeak! unhappi,negative
damn.... there peopl sincer want attend bh birthday parti bc peopl tri fun make ca,negative
aegyo lost unhappi,negative
also pleas send prayer sympathi favorit ball dress fit boob cri,negative
miss snsd. miss girl unhappi,negative
parent challenging. cannot control give worst output children word,negative
ngomel cri,negative
jonni poor leg make sad unhappi hope okay,negative
hope ok,negative
poor mous unhappi,negative
okay surviv :,negative
yeah! sight read pretti good high school,negative
bit rusti now! unhappi,negative
self: buy that.also me: furri unhappi,negative
damn.... there peopl sincer want attend bh birthday parti bc peopl tri fun make ca,negative
love youu much unhappi thank,negative
fun,negative
damn.... there peopl sincer want attend bh birthday parti bc peopl tri fun make ca,negative
upset abus kid get unhappi 3,negative
oo cri // happy3yearsbraceunit,negative
exactli thinking.. unhappi,negative
scare unhappi mean. heck decid laundri 7:30 pm? wrong me. mention dark is. fml,negative
sunnysid well unhappi,negative
y'all want choke what'd do? unhappi (,negative
whole japan tour ahead them.. one quit brutal alreadi tire bodies. boy unhappi,negative
ahhh well chuf,negative
even get easter egg year! unhappi xx,negative
someon buy tasbih pls? one unhappi,negative
clay hannah - love deserv endgam unhappi,negative
pleas talk nct instant messag lone need fangirl okay cri,negative
sad fuck unhappi,negative
pleas follow . tri get follow long time unhappi .,negative
realli enjoy horrizion zero dawn idea play next unhappi,negative
damn.... there peopl sincer want attend bh birthday parti bc peopl tri fun make ca,negative
good convers unhappi,negative
annoyingli space variabl width version c64 font that' avail internet wi,negative
like song debyout younhappi syouggest yoyou jyoust one song realli love,negative
ador,negative
jackson unhappi youngja silenc aww,negative
trop retard sad,negative
rather sailor uranu chibiusa that everyon say unhappi rip,negative
right mcconnel well. unfortun,negative
seem sold govern time ago. unhappi,negative
wish dog knew much hype snap chat unhappi,negative
peopl intensionli don%27t even pleas someon unhappi,negative
sad unhappi,negative
damn.... there peopl sincer want attend bh birthday parti bc peopl tri fun make ca,negative
pain goodby onesthat never said never explain cri unhappi :/,negative
miss bmf sad,negative
got disappear half way too? unhappi everybodi want lazi eue,negative
+i choic cancel it. unhappi,negative
oh sadli wont watch right forbid see unhappi,negative
koala die thirst us unhappi,negative
r.i.p cellphon unhappi,negative
pic? unhappi,negative
yeah unhappi,negative
miss anymor unhappi,negative
okay tf color starbuck thing social media unhappi,negative
damn.... there peopl sincer want attend bh birthday parti bc peopl tri fun make ca,negative
well that' good unhappi,negative
oh boo,negative
mine inbox unhappi,negative
keep unhappi,negative
absorb go get laugh get 2000 votes. unhappi,negative
hi ishwar! that' experi want unhappi call detail sort out! - roshan,negative
know unhappi,negative
strong hard unhappi xxx,negative
lost two streak two favorit peopl silenc unhappi good night,negative
relat much unhappi,negative
joy get back,negative
can't own. (see there? ),negative
brush lng tell other applic applicableg-iinot applicablert lng sila wors them. unhappi,negative
usual speedboat behind get river unhappi,negative
omg see drink alcohol haha glad fun guy ! wish,negative
happen time! unhappi,negative
0 motiv studi unhappi,negative
happi birthday sweet sweet girl! hope best day ever! love miss much unhappi,negative
nmd r2' ugli unhappi,negative
honey unhappi,negative
philippines? unhappi,negative
want abl get time know peopl year go unhappi,negative
unhappi friendzone. damn sad,negative
cri much,negative
mess. went bed feel numb aw unhappi,negative
[pleas rt] buy blink taehyung headband,negative
get 900 retweet 900 likes. help :(un,negative
email hope get today,negative
arriv unhappi here' hope tomorrow,negative
haha mate good love debt wish center,negative
wowwow cute unhappi wantt,negative
suck unhappi,negative
instant messag get sad unhappi,negative
wow unhappi peopl mean,negative
damn.... there peopl sincer want attend bh birthday parti bc peopl tri fun make ca,negative
talk driver goingh said love go new york sinc trump probabl,negative
love hort unhappi,negative
golli gosh. simpli dread havoc must wreak subsurface? black salv,negative
autograph book readi,negative
sign garri barlow yet sad,negative
thank roshhh miss everyon too. love youuu,negative
pleas meeeee follow almost year unhappi,negative
happen unhappi,negative
true! khilado kuch unhappi,negative
realiz havent eaten rice maghapon finish 3 pack spici seafood noodl + extra big chilimansi :(acid attack right,negative
post-show blue hit hard. unhappi,negative
readi poster - comput get,negative
good morn unhappi,negative
wht sort thing (can't use word person it)can caus suffer th sad,negative
want kiss nose tell love sad,negative
stay 3 hour phone ad bubbyyyyyyi miss unhappi,negative
girl unhappi that' why. wa ropiwa 1. sandton unnecessarili expensive2. tri salon braam.,negative
actual look forward see theori around person vote correct unhappi,negative
bring mb man unhappi,negative
sad report robin egg mom found yard storm taken life support. poor thing frozen unhappi,negative
back unhappi,negative
slight buzi kasi besh unhappi,negative
late work break news love ladi clean house... cri togeth unhappi,negative
stop got rid toy surpris bottom unhappi,negative
tell unhappi,negative
cant find stripe shirt unhappi instant messag wear one say favorit thing? luca middl,negative
guy pleas help retweet unhappi,negative
there' alway shit like this. there' alway peopl less deserv get ticket,negative
win giveaway etc unhappi,negative
truuuu!! si grim reaper sunni huhu grabe love stori nila unhappi,negative
caught cold. unhappi seem got tire expected....,negative
shame,negative
shame busi :(stop pay giant corpor food need.... wake peopl plea,negative
miss babi unhappi,negative
holi shit! 40 page script open scene man steel krypton got compressed.i wish could least,negative
late night,negative
face swap cat dog realli upset unhappi,negative
fail unhappi .g hehe,negative
miss boo much unhappi,negative
need car unhappi car unhappi poor unhappi,negative
wish could attend unhappi,negative
ikr. would trauma ware unhappi,negative
4/20 today,negative
lit unhappi,negative
life unfair? unhappi,negative
biblic lectur coming. notif soon. tomorrow,negative
fact.,negative
glad care peopl think anymor wish still look best everyday like use sad pick,negative
muz u,negative
sure prob. ilabyu,negative
lucki slave wish unhappi,negative
instant messag still hope unhappi,negative
fuck unhappi,negative
tak ambik wed packag caus poor unhappi ambik aromaterapi massag je hajxjsjsj. hehe see uuuu jwa,negative
koala die thirst us unhappi,negative
unhappi let' fight kid,negative
cassandra cain. unhappi sure want watch batbuffy. batwoman would interesting.,negative
half time load,negative
half time crash unhappi embarass i',negative
right don%27t see peopl shit like,negative
miss hoseok unhappi,negative
left month hinhua ler unhappi need gambateh wink,negative
fish killer go press younhappi hoe today good person,negative
love beth much unhappi,negative
princ baekhyun.....throw dungeon pleas deserv see beauti face unhappi,negative
family. aw go. sorri hear. unhappi,negative
face swap cat dog realli upset unhappi,negative
honey unhappi,negative
unhappi pizza taiwan! like swift,negative
flavor dream,negative
can't :(tello,negative
swear walk past haha,negative
get chanc say hi unhappi,negative
miss quacktopia! unhappi,negative
die thirst us unhappi,negative
goodnight love beauti boy unhappi,negative
avail u.k.? unhappi,negative
ail sure knew make great network! fox go downhil wi,negative
peng damit unhappi,negative
sorri unhappi,negative
koala die thirst us unhappi,negative
hungri unhappi,negative
final next week unhappi wish luck x,negative
miss temper brennan seeley booth much unhappi,negative
miss quacktopia! unhappi,negative
said d2 larg sd d2 run newer version mac os miss play unhappi hd woul,negative
follow mee plss unhappi,negative
talk driver goingh said love go new york sinc trump probabl,negative
baby old twitter unhappi,negative
congratyoul harry!!!!! sinc fifa 13!!!! miss yoyour younbox video unhappi,negative
can't wait see film karl! wish would bu,negative
cram read unhappi,negative
job search got none so:(buthedon got abund,negative
day sinc promot end alreadi miss much unhappi,negative
hello get cyber bulli someth unhappi,negative
call center nice game 4/20 unhappi,negative
be rip,negative
follow unhappi,negative
attend cosmic latt saturday give selu shipper kasi selu month qaqo unhappi,negative
babi unhappi,negative
absorb go get laugh get 2000 votes. unhappi,negative
friendli fire wing tour unhappi,negative
back hurt sad,negative
type medic shorthand abbrevi use work,negative
dame comput decid crash unhappi i...,negative
excus don%27t see nama unhappi,negative
damn.... there peopl sincer want attend bh birthday parti bc peopl tri fun make ca,negative
that' shock evil unhappi,negative
zac farro back way heheh sad jeremi unhappi,negative
maa ki kuss tumhari. take bullshit loser.,negative
thought mountain dew australia caffein littl energi drink can caffein never sleep unhappi,negative
hope littl beaand andot overworkiandg gettiandg least rest unhappi,negative
base unver ajalah minaha unhappi,negative
damn.... there peopl sincer want attend bh birthday parti bc peopl tri fun make ca,negative
someon contact jelpi issu rn? unhappi,negative
arisun town hall pretti terribl servic rude staff. went icg' fryer broken unhappi,negative
damn.... there peopl sincer want attend bh birthday parti bc peopl tri fun make ca,negative
powerpoint't mi hazirladiniz post'u unhappi,negative
yeah! sight read pretti good high school,negative
bit rusti now! unhappi,negative
pure evil peopl unhappi,negative
poor babi unhappi hate peopl,negative
great thing sad unhappi,negative
hair iand suandlight versu ando light waandt chaandg duandando waandt go darker bloandder sad pleas help (po,negative
hi ashish! tri call number got respons unhappi pleas share anoth suitabl time alternate.. cont1,negative
kant broke girl love expos broke niggar much? where' team spirit? unhappi,negative
want unhappi look yummi hehehe.,negative
think pretti enough unhappi,negative
koala die thirst us unhappi,negative
warm sketch fave,negative
go add bazza,negative
can't,negative
want wish marissa happi birthday keep ignor sad,negative
what' wrong like anim unhappi,negative
someon build hous (4) cant unhappi cant believ alreadi done????,negative
tulip favorit unhappi,negative
omg sad say actual rememb this! unhappi happen??,negative
cri get vm soon wooo,negative
unhappi 4c struggl valid?,negative
77 ? old leyland,negative
love unhappi,negative
pure evil peopl unhappi,negative
sound famili,negative
jimin yoongi unhappi,negative
chin leo cri,negative
slight buzi kasi besh unhappi,negative
rip te 100k experi cri,negative
pleas read break heart unhappi,negative
mager unhappi,negative
peng damit unhappi,negative
jimin yoongi unhappi,negative
bapak tom cruise.,negative
absorb go get laugh get 2000 votes. unhappi,negative
watch kid produc 101 perform chew gum omoo poor kid bless soul unhappi,negative
definit arm unhappi,negative
mom leav today go town alreadi miss unhappi,negative
can't own. (see there? ),negative
onlin crush come meet-up without snapchat filter unhappi,negative
would never forget you!!,negative
fuckin' headach everyday unhappi,negative
jyoust hyoug,negative
hyoug longer 10 secs. hyoug even don%27t want unhappi,negative
saddest part day everyday ryan leav 5:30 unhappi,negative
say work unhappi total made day though,negative
jimin doesnt follow yet unhappi,negative
know time retweet wait dm long time unhappi,negative
need moodboost juseyo unhappi,negative
miss unhappi,negative
wth 4/20 happen easter holiday one best day leed unhappi,negative
hakyeon turn 27 soon oh god still babi unhappi,negative
gray outsid today unhappi,negative
order car yesterday,negative
dealer said load car return due disabl lose sad,negative
gotta keep tri quit work unhappi pick please! give,negative
definit arm unhappi,negative
liter see thing back stage,negative
girl front,negative
definit arm unhappi,negative
get morn hassl unhappi,negative
mom know struggl drystreak unhappi,negative
play fm long time. realli should. unhappi,negative
someon mess unhappi available**,negative
miss babi unhappi,negative
yesterday' faci cute! 30+ :(today' faci old eeyer,negative
ye jenniessi?,negative
preciou realli miss unhappi,negative
louis_tomlinson follow please? unhappi,negative
wait u unhappi,negative
make sad. unhappi friend like,negative
like see post love wri,negative
wait unhappi,negative
u4v9rr wish note gentleman' name unhappi find,negative
pleas commend him. h,negative
5/6 time week leh sad ye close damn fuck open much better,negative
one sell vhope banner what? sad,negative
irl come meet boy much deserv unhappi,negative
might set whole place fire.,negative
tri sad ye unhappi,negative
goodmorning!! parent take kid lunch today- school-report card! wor,negative
yeah sad,negative
stream later day (night stream) sinc go take care internet contract,negative
sorri guy unhappi,negative
true unhappi,negative
help unhappi earli birthday gift huhu,negative
definit arm unhappi,negative
pleas look scare full tenc lauren' face tryin reach camila' hand,negative
babi unhappi (bett,negative
aww eunji didnt see win today sad congratul winner !!!!,negative
mine take iphone. switch back contract up... year half unhappi,negative
know.. realli want rank rise lot tmr' episod see mani tweet him.. unhappi,negative
hitch ride final unhappi,negative
white genocid thing. figment imagination. your victim noth disinformation.,negative
one direct (band) what go unhappi,negative
bad can't watch unhappi cake cute look delici,negative
definit arm unhappi,negative
give ahn minhyuk juseyoooo unhappi,negative
sorri unhappi need sex time,negative
definit arm unhappi,negative
want say hi you.,negative
jimin yoongi unhappi,negative
seem cost abut 40k year? pay half full educ get treat,negative
definit arm unhappi,negative
come miami sad,negative
tw: assaultactu horrifi mani friend mine women talk sexual assault past. found anoth unhappi,negative
heart unhappi,negative
soph pleas don%27t win unhappi jk.. good luck think draw good poster,negative
sad,negative
unfortun,negative
realli feel lamp unhappi,negative
sadli unhappi,negative
last kiss unhappi,negative
whimper me?,negative
damn.... there peopl sincer want attend bh birthday parti bc peopl tri fun make ca,negative
streaminuteg 45 minut understand thing still.. unhappi,negative
difficult get least chanc unhappi,negative
reason last.fm unlink spotifi miss like month scrobbl notic unhappi,negative
take season 9,negative
definit arm unhappi,negative
definit arm unhappi,negative
park area pari mark green googl map,negative
realiti patch dusti dirt unhappi,negative
ill work second come unhappi,negative
still take quarter billboard chart x,negative
damn.... there peopl sincer want attend bh birthday parti bc peopl tri fun make ca,negative
guy pleas help tri smoke lettuc earlier salad ruin unhappi,negative
someon pl gift xayah use pi plssss? unhappi,negative
instant messag still bore unhappi,negative
jimin yoongi unhappi,negative
heart hurts. sad hate peopl,negative
see edg creep unhappi,negative
organicthey'l shoehorn inbut plot charact developmentmcu netflix leswhat support,negative
suddenli miss ate unhappi,negative
biggest problem paper book storag unhappi,negative
havent earli school sinc last semest unhappi,negative
pierc like bitch unhappi,negative
think that' one hottest part bodi,negative
wow amaz countri unhappi,negative
definit arm unhappi,negative
want harry' phonecas sad,negative
work 7 morn unhappi,negative
jungkook look like give biggest warmest hug unhappi,negative
ah baba idea tori olorun. may never victim case,negative
psa: rememb ask artist draw you. say thing writer appar commissi,negative
want give everyth make happi see smile unhappi,negative
miss jami boy sick unhappi,negative
one direct (band) one who' give up? unhappi,negative
damn ifi ate unhappi,negative
whaaattt,negative
rt save guy' life,negative
nooo hair color pretti,negative
koala die thirst us unhappi,negative
definit arm unhappi,negative
where' justin miss unhappi,negative
someon bring breakfast work unhappi,negative
that grim unhappi,negative
oh noooo babi unhappi,negative
tire unhappi,negative
miss levi unhappi,negative
left headphon home unhappi km,negative
wish meet oa unhappi,negative
year ago today last time sakho play us unhappi,negative
would sustain fame unhappi,negative
miss unhappi,negative
ich ned unhappi,negative
onlin crush come meet-up without snapchat filter unhappi,negative
far worst day 2017 sinc januari 8th unhappi cri cri .,negative
note self: dont get attach cri,negative
mine send stuff unhappi,negative
definit arm unhappi,negative
roc boyz sad,negative
love can%27t ars don%27t know peopl keep say unhappi,negative
celtic bruin today unhappi least sale pitch sox,negative
honestli think tri get rid make mockeri town wont admit it. unhappi,negative
nooo hair color pretti,negative
aseek,negative
bantay? unhappi,negative
tri get touch number appear down! unhappi,negative
need help guy cri,negative
fish killer go press younhappi hoe today good person,negative
need lesson learn start convers peopl keep chat unhappi,negative
hack unhappi,negative
damn,negative
till later! unhappi,negative
let hope vip good deed. want watch . done thi,negative
sometim night feel scare vulner cri,negative
realli want dye go lighter,negative
come get remind email month unhappi,negative
wowwow cute unhappi wantt,negative
[pleas rt] buy blink taehyung headband,negative
get 900 retweet 900 likes. help :(un,negative
younhappi keep jyoust,negative
damn avail unhappi,negative
$10 also free postage. wish seller yanan yeo one too. unhappi,negative
kray denial normal bi say,negative
unhappi unfollow mani peopl ugh,negative
neg pit unhappi,negative
end soon aah unhappi,negative
definit arm unhappi,negative
damn.... there peopl sincer want attend bh birthday parti bc peopl tri fun make ca,negative
faltan russel noodl unhappi,negative
yeah unhappi thank much angel,negative
miss jihoon sad,negative
lost: jacksonvil,negative
2010 week 11,negative
24-20 unhappi,negative
hope littl beaand andot overworkiandg gettiandg least rest unhappi,negative
guess who' get unicorn frappuccino sold unhappi,negative
one direct (band) one who' give up? unhappi,negative
come back calli gabbi ghost unhappi love,negative
unhappi oh man..,negative
kind feel like sunburight right sad someon pleas make nobbi thing glass slip,negative
guess who' get unicorn frappuccino sold unhappi,negative
would realli like coandsol versioand got updat makr like steam versioand. =(,negative
hi! tri call number got respons unhappi pleas share anoth suitabl time altern number.. cont1,negative
sooooo feel like friday today unhappi,negative
definit arm unhappi,negative
miss talk yoyoy yoyou younhappi yoyou alway still talk,negative
pictur make sad unhappi,negative
can't dog live forev unhappi,negative
understand look sad,negative
boyfriend mad cute unhappi,negative
miss minmin cri,negative
good morn nightmar still wonder maddi hate me. begin day unhappi,negative
pake unhappi,negative
miss london alreadi unhappi,negative
jyoustinbieb pleas follow daianeryoufato tri long unhappi love much baby! xx (april 20,negative
2017 08:45am),negative
deep scratch ;_;all paint gone see bare metal. need fix avoid get rust car soon unhappi,negative
go batangas? sad,negative
miss unhappi,negative
absorb go get laugh get 2000 votes. unhappi,negative
wasnt meant sound ano sad,negative
damn.... there peopl sincer want attend bh birthday parti bc peopl tri fun make ca,negative
one year ago today unhappi,negative
song alway one fave unhappi,negative
talk driver goingh said love go new york sinc trump probabl,negative
fuck get follow unhappi ratio amaz,negative
mom pleas stop make cooki,negative
like 90 calori per piec unhappi,negative
miss 7/27 costum unhappi,negative
delet tweet,negative
need differ pin tweet unhappi,negative
[think tfp soundwav forev trap void realm] unhappi,negative
deserv better . hope okay unhappi,negative
mane amaz unhappi,negative
dammit effect lineart show nice twitter unhappi,negative
like long while?! want back put good mood want,negative
get pork katsudon tokyo diner! tho egg unhappi,negative
anyon els ass hole unhappi,negative
anniversari josh' death unhappi,negative
sorri havent check tweet unhappi you!,negative
aww unhappi coeurl,negative
oh unhappi,negative
like video,negative
puppi deserv better unhappi,negative
husband famili histori mafia know stori sad,negative
wtf canada 2017 still 1700s. never support,negative
buy anyth support canada,negative
suuuuuuuuss scare cri,negative
one tabl last night told look like grace ballerina glide tables- anoth told look like flash dancer unhappi,negative
seem want drop account wuhyungwon unhappi,negative
ask. two special issu line up. unhappi,negative
got rest,negative
man. : (,negative
anyon 7 adapt 7 earbud borrow day? left mine car unhappi,negative
stay sa unhappi,negative
preacher...... unhappi,negative
umma cri,negative
miss alreadi unhappi,negative
well thank stope unhappi,negative
why? like blond hair? unhappi,negative
3. that' lot cheaper easier make own. schemat need special cabl come easy. unhappi,negative
pozuelo (formerli swans) suso (liverpool ac),negative
look good current clubs. shame never cut pl unhappi,negative
gorbachev done w/o fear. thought bold enough implement vision damp squib unhappi,negative
wuut seriously?,negative
got pen today man cri,negative
process frustrat enough,negative
got 3 year longer unhappi,negative
roc boyz sad,negative
ravel morrison unhappi,negative
super scari unhappi,negative
same. unhappi got 12h stream come bday 8 hours. still sleeping.,negative
talk driver goingh said love go new york sinc trump probabl,negative
ps4 mate,negative
got aksi 2nd part cp never complet sinc return invest drop laugh loud unhappi,negative
left unspoken,negative
buri aliv scream head cri,negative
dont laugh unhappi meani base,negative
sorri make book drive yesterday get outta work unhappi,negative
yoongi come back unhappi,negative
noooo 6.45 ;_; class time unhappi,negative
yg sent mcd. want see hold trophi unhappi anyway,negative
call duration: sex: 01:47:36 sex: 00:00:19 cri,negative
jimin yoongi unhappi,negative
fuck right unhappi,negative
definit arm unhappi,negative
last day camp tomorrow,negative
much fun absolut love kids!! want soon unhappi,negative
koala die thirst us unhappi,negative
think would drive mad synth robot turn up. unhappi,negative
don%27t want go camp unhappi,negative
pick one unhappi,negative
lonely. unhappi,negative
hi! tri call number got respons unhappi pleas share anoth suitabl time altern number for.. cont1,negative
miss friend unhappi,negative
one left? see unhappi,negative
applicablengarag applic unhappi ill find wonu pictur soon alxmdkcsnx,negative
pleas answer request. unhappi,negative
koala die thirst us unhappi,negative
pain thing ever feel someon can't .. unhappi,negative
one offer poor old ladi seat unhappi,negative
lexxxxxi unhappi your nice instant messag realli eek,negative
better pen pencil?dafaqcomoni want good drawer unhappi,negative
may unhappi .g,negative
thank that! littl thing like realli help sleep start hit drink coffe energi drink unhappi,negative
miss alreadi unhappi,negative
definit arm unhappi,negative
oh god heck sorry! one favorit well unhappi,negative
scout photobomb bluebel photo sad,negative
crap. haili there. school game make middleburg time unhappi,negative
still sign - small area ( garden ) would obviou sad quit eye,negative
sign.,negative
knee similar colour leni henry' unhappi,negative
okey unhappi,negative
much pain. eye hurt unhappi,negative
buffalo unhappi,negative
hard imagin anyon robin unhappi still excit nonetheless,negative
least 80 cad like unhappi (90 cad quebec taxes),negative
ye... miss unhappi,negative
22 old unhappi,negative
rl? serius?,negative
feel aw today unhappi want go internship,negative
may one worker properli compens unhappi,negative
love peopl messag w long messag beauti find joon like unhappi ye agre keep go,negative
today great unhappi,negative
use month' worth laugharn weekend sad (no wi-fi small carmarthenshir town,negative
let alon free!),negative
today 4-20 hitler' birthday unhappi,negative
jungkook look like give biggest warmest hug unhappi,negative
youngja look sad video unhappi,negative
babi unhappi,negative
check out... excit backup singer way backup unhappi,negative
first round exit 15 minut follow 45 tech cri unhappi,negative
puppi deserv better unhappi,negative
resolv sooo slow laptop,negative
think ever edit long video unhappi go tri anoth edit softwar,negative
hate throw unhappi,negative
nani lie unconsci,negative
never mind khushi,negative
know readi say goodby unhappi,negative
w,negative
:^) hello,negative
beat two favourit anyway stop care match,negative
sob. unhappi,negative
feel like 'onli environ disabl people' argument actual exclud mani disabl peopl,negative
jimin yoongi unhappi,negative
baaaper unhappi,negative
roc boyz sad,negative
roc boyz sad,negative
,negative
last night dream move japan happen see you! deni friendli request. unhappi,negative
preciou realli miss unhappi,negative
oh unhappi like?! still shops?,negative
aando uandhappi googl day read meandu agaiand said hoax,negative
thank unhappi need certif sign god,negative
hi mahima! share concern unhappi pleas dm us contact detail get touch detailed.. cont1,negative
talk tattoo make want bb8 tattoo broke make unhappi,negative
never want finish desper housew life unhappi,negative
surpris least amount follow whole cast sad lol,negative
dear attende,negative
jealou unhappi pleas go see 18:40 - green room sat!,negative
talk driver goingh said love go new york sinc trump probabl,negative
ok do! never problem old ticket app,negative
new one seem bit unstabl unhappi,negative
love,negative
custom mean can't send food abroad unhappi hope birthday dream come true,negative
freebet sport except total mket handbal,negative
basketbal etc theyr restrict.threw,negative
ikr!! unhappi oki welcom sam,negative
speech-to-text doesnt understand accent irish name unhappi,negative
jimin yoongi unhappi,negative
rumor go around video perform youtub alreadi deleted..,negative
wrote 30 tweet still notic cri,negative
damn.... there peopl sincer want attend bh birthday parti bc peopl tri fun make ca,negative
why? unhappi,negative
definit arm unhappi,negative
post much lately? school unhappi,negative
u guy notic unhappi,negative
koala die thirst us unhappi,negative
sorri tire stream. get sleep tri fun tomorrow. feel tonight guys.,negative
saw. repli unhappi,negative
piss cri 3,negative
boo))):,negative
be jup unhappi,negative
andi unhappi,negative
lage unhappi,negative
wake 4:30 tomorrow body' gotten head start wake 4:30 everi day week unhappi,negative
wish someon cuddl right unhappi,negative
hi juli,negative
sorri see tweet unhappi pleas could dm address details? look,negative
tri stay posit can't help jealou princess mia' life. cuddl eat unhappi,negative
russel phone 10% possibl chanc would notic me? unhappi,negative
away next thursday unhappi one after!,negative
peac sit read book work,negative
watchman come threaten,negative
assum im outsid,negative
oh shiiiiid noooooor unhappi,negative
oh well never like clay anyway unhappi,negative
unhappi :/ unhappi feel sick,negative
okay lang friend promis meant broken =( hahahaha,negative
even care unhappi,negative
one year ago today unhappi,negative
miss whole lot unhappi,negative
know feel,negative
view gone done 100 monthli unhappi,negative
mane amaz unhappi,negative
senior snap start get senti aw unhappi,negative
instant messag still hope unhappi,negative
damn.... there peopl sincer want attend bh birthday parti bc peopl tri fun make ca,negative
unhappi sure,negative
one fave unhappi tie get vimeo guy still watch x,negative
dang guess plan ruin unhappi,negative
koala die thirst us unhappi,negative
unhappi there'l 1 silver-that'd him!,negative
red velvet unhappi,negative
puppi deserv better unhappi,negative
che critiques. unhappi,negative
feel shit today unhappi,negative
beauti,negative
face swap cat dog realli upset unhappi,negative
miss rain unhappi,negative
jimin yoongi unhappi,negative
realli soft spoken unhappi,negative
playmfs: need moodboost juseyo unhappi jily_jelli,negative
koala die thirst us unhappi,negative
pake 3 unhappi,negative
preciou realli miss unhappi,negative
bell gone daddi days. work work work unhappi,negative
damn that' unfortun unhappi,negative
well that' weekend view plan changed! unhappi,negative
damn.... there peopl sincer want attend bh birthday parti bc peopl tri fun make ca,negative
absorb go get laugh get 2000 votes. unhappi,negative
got doubt summer happiness. zcc? unhappi,negative
mmmmm guess get much act work days? much time hand unhappi,negative
wish could say gang daniel' picture. unhappi rantoul twp high,negative
oh andi unhappi,negative
front us.,negative
talk driver goingh said love go new york sinc trump probabl,negative
sooooo sleepi unhappi,negative
must feel like shit men stare barrel bong spend kid' milk money unhappi,negative
alright. look like back chore behind scenes. page hit drop 1k daili visit post. unhappi,negative
hi! tri call number got respons unhappi pleas share anoth suitabl time altern number us to.. cont1,negative
long time chat sad,negative
organicthey'l shoehorn inbut plot charact developmentmcu netflix leswhat support,negative
miss unhappi,negative
koala die thirst us unhappi,negative
2ne1 reunit unhappi,negative
bring back ginger curl =(,negative
talk driver goingh said love go new york sinc trump probabl,negative
3 3 3 pleas unhappi,negative
gave pass like think never unhappi,negative
work much better unhappi,negative
hi tharakaram! that' experi want unhappi pleas dm us number get this.. cont1,negative
damn touching. unhappi,negative
puppi deserv better unhappi,negative
want cuddl someon littl back trace thing put sleep unhappi,negative
mean voic changed? unhappi,negative
night sad real life cant sleep unhappi,negative
ohh normal feel sick drink like 3-4 cup coffe,negative
mayb coffe unhappi,negative
miss cri,negative
honestli colleg make want curl ball cri 3 day straight unhappi,negative
huhu lucki unhappi,negative
wear u? unhappi,negative
im one day instant messag like,negative
damn... sucks! unhappi,negative
tri reset everyth,negative
still strict,negative
can't fix soon delay tomorrow unhappi,negative
know realli upset me? stranger internet satisfi entertain provid,negative
hi! tri call number got respons unhappi pleas share anoth suitabl time altern number.. cont1,negative
want meet bad unhappi,negative
want pleas unhappi,negative
memoriam alea starbridg unhappi beauti voic never forgotten.,negative
hawhaw cri,negative
dat? unhappi,negative
pleas read unhappi,negative
miss much unhappi,negative
sorry. one bad egg embarrass rest. unhappi,negative
want adult today.. birthday unhappi,negative
miss temper brennan seeley booth much unhappi,negative
june 5 - june 16 unhappi,negative
[think tfp soundwav forev trap void realm] unhappi,negative
get well realli soon jack unhappi,negative
32- love daughter cri,negative
iiiii would like boook ! fuck unhappi,negative
tire pretend fall unhappi,negative
way,negative
although littl late sad,negative
pictur unhappi,negative
wut total miss bday unhappi happi belat birthday sweetheart,negative
hope great,negative
love waaaaay babi unhappi sweetest ador littl angel,negative
glad,negative
koala die thirst us unhappi,negative
year haha unhappi,negative
guy realli seriou hope don%27t judg unhappi,negative
keep kenyan complain,negative
.i can't believ fix yet,negative
can't believ custom servic goe,negative
aw younhappi miss,negative
aww tri cheer unhappi,negative
famou sa facebook,negative
realiti alon lone unhappi,negative
sorri stream yesterday,negative
cold unhappi see feel today!,negative
wtf?! where' bore show that' on?! happen?? happen close week. unhappi,negative
back matemtica unhappi,negative
yg sent mcd. want see hold trophi unhappi anyway,negative
im hungri unhappi,negative
can't draw nake women cri,negative
hi ashish! updat regard concern number switch unhappi pleas share anoth suitabl time.. cont1,negative
u blackmail unhappi,negative
au alisha unhappi imagin thing could,negative
jongin ask member whether eaten felt wrong ate without unhappi,negative
instant messag cramp sad,negative
hate lose onlin friend unhappi cruel peopl deactiv unhappi,negative
guy pleas help retweet unhappi,negative
pretti much twitter realli work sad,negative
appropri one unhappi,negative
:'(( well,negative
least case yet complet broken tho,negative
yours? unhappi,negative
nope unhappi,negative
miss temper brennan seeley booth much unhappi,negative
don%27t surpris see cri today,negative
instant messag lot pain school doesnt allow pain med unhappi,negative
oh jeez. even tri take crack expect build bad,negative
ha unhappi,negative
r.i.p victoria wood heaven know miser unhappi,negative
fun night! sorri miss last night unhappi realli need sync calendar,negative
notic me? unhappi,negative
unhappi,negative
what crazi walk door everi administr + night.,negative
yet parent invest child' emot educ take child school holiday earli that' un,negative
yg sent mcd. want see hold trophi unhappi anyway,negative
want orient unhappi,negative
unhappi,negative
yg sent mcd. want see hold trophi unhappi anyway,negative
wish knock lang talaga new school year good cooper groupmat pleas unhappi,negative
miss much unhappi,negative
unhappi,negative
hi instant messag friend friend lang,negative
hindi close friend? unhappi,negative
inspir aspects: fashion,positive
fit,positive
beauti personality. :)kiss thefashionicon,positive
apka apna awam ka channel franklin tv aam admi product pleas visit like share :)fb page :...,positive
beauti album greatest unsung guitar geniu time - met great backstag,positive
good luck rich ride great project sunday. donate?,positive
omg he... kissed... cri joy,positive
happi anniv ming papi!!!!! love love happi,positive
thank happi,positive
c'mon tweep,positive
join vote singer! spread word. :d,positive
thank great review! smile,positive
yay anoth art raffle! everyth need know pictur :d,positive
hello hope visit luxor amaz citi egypt plea check,positive
got vive tracker offic intern,positive
went work.don't get excit,positive
,positive
take look favourites.io happi,positive
go back school music! think time happi,positive
sixth spot applic team! higher pa! :)kiss thefashionicon,positive
thank top influenc commun last week happi,positive
share love: thank top new follow week happi want this?,positive
retweet tweet want includ nhc scrapbook!! make someth usern,positive
happi 420 happi pass followers!,positive
want good vibes? watch youtub tv100 applic free happi,positive
great work love place! thank havin,positive
noth ever seems. look bad today,positive
bless tomorrow happi keep faith stir day!,positive
mmmmmmmm love naughti wive smile,positive
deserv vacat happi,positive
never known hard last day resist temptat enter polit debat social media happi stood firm far,positive
summer salad inspir bbq smile,positive
hey thank top new follow week! much appreci happi want ?,positive
post offer websit happi,positive
thank top new follow - great week happi,positive
prefer sharm - enjoy happi gouna 20km away also quit nice - honestli anywher away crazi cairo,positive
sixth spot applic team! higher pa! :)kiss thefashionicon,positive
hey thank top new follow week! much appreci happi,positive
thank recent follow. much appreci happi,positive
thank lala.. much need happi,positive
thank connect passion - hope like tweet happi,positive
hey,positive
keep smile happi,positive
said yesterday... happi,positive
love blogger love us much happi thank amaz review perfect glass h,positive
way make sens crazi edg case idea share revenu offens,positive
rather,positive
gentl remind tp guidelin happi pleas read spread. thank you. happi kiss thefashionicon,positive
keep,positive
cheeki :d,positive
smile true. someon recognis contribut fashion,positive
might dress bit better.,positive
sound like lot fun :d like,positive
oh,positive
jin spot everland today. nice see break us tour happi,positive
noth religi it. call sexism. think need spell stand,positive
go back school music! think time happi,positive
there one thing want chang . last name happi aldubonli,positive
welcom brother happi,positive
thank recent follow happi connect happi great thursday.,positive
sone cant stream genie!y stream ty genie! still share geni ids. want,positive
dm us happi,positive
spend time dog anim great help relax de-stress. great idea happi,positive
new video happi hope like ithappi,positive
got interview poppin happi $$$$$,positive
love tweetability! like reach opportunity! could hit us email happi,positive
thank recent follow happi connect happi great thursday.,positive
uss,positive
dm half nake pictur happi,positive
evet happi,positive
well,positive
hope last long least get enjoy weekend. happi birthday happi,positive
excit event next week bangalore! come happi,positive
want win pet chick happi simpli follow retweet chanc win! winner select sunday 23rd. go,positive
top retweet week,positive
thank happi,positive
dope!! that' cool word. final hip young milleni memer smile,positive
2nd cousin vlad !!!!! mayb that messag hockey g,positive
thank recent follow happi connect happi great thursday. (want this?,positive
earlier happi,positive
win weekend late gift,positive
ok? :d,positive
final got jinyoung wipe jaebum preciou son block world wit,positive
question 18! make sure use tweet repli happi,positive
credit also goe ik happi,positive
accounts:them get rekt! :d,positive
hey thank top new follow week! much appreci happi,positive
le vider happi,positive
clauditt,positive
friend egg,positive
congratul david! well done mr v! welcom jessica! happi,positive
tri new hacks?! **tri dumb life hack 17**,positive
keep tweet team. higher! thank efforts. :)kiss thefashionicon,positive
happi boy brighten day happi,positive
huge thank within social work care sectors! keep great work happi,positive
lunchtim flinthook! game much person :d,positive
minist pmln happi like student never studi exam luckili exam got delayed. still ha,positive
:d mom bit tire,positive
climax shot happi,positive
miss petit happi thursday happi look forward weekend?,positive
rt quot name calligraphi happi tri best make pretty!! non mutuals/mutu (ifb) fl,positive
mutual: let' talk more!me: sure!mutual: happi me:,positive
got th add sim ant possibl thank happi,positive
want friend washington,positive
get dog. :d,positive
congrat winner :d eyounji well girl,positive
notice? kill rss / bjp worker anoth southern state? cm dismantl xtian infra munnar?,positive
hi pleas rt pin post happi,positive
video definit 30 minut episod longer.,positive
would love win gorgeou nail polish :d! cute,positive
jae celebr sheena easton triumphant open night 42nd street west end! happi,positive
happi belat birthday :)anoth duet amaal much need,positive
titti fantastic. kissi kissi,positive
pl rt[nct fic] love song,positive
goodeven happi,positive
minist pmln happi like student never studi exam luckili exam got delayed. still ha,positive
thank retweet week. much appreci happi want,positive
=thumbnail uhc= best render ever :dand fav appreci brosopinio ?,positive
thank notifi us! updat add-on plan accordingli happi,positive
cool! happi surround full recovery.,positive
nice morn work today. love atmospher,positive
friendli servic,positive
wifi,positive
comfort london fog.,positive
happi,positive
great day everyon happi,positive
kiera' quest: awaken (kiera' quest book 1),positive
vote wolf' bite greenlight yet? happi help us get wolfi pig steam!,positive
go back school music! think time happi,positive
new thesi anoth genius.sir,positive
love repli you. :d get lost .,positive
birthday anoth hour,positive
happi birthday hoe! good day,positive
love guess happi,positive
hard see best friend anoth girl happi,positive
offer still go happi,positive
can't someon worst deserv best :)kiss thefashionicon,positive
demit gocoh game real cri joy,positive
found use sewabl led holder happi,positive
select 14 award-win laura taylor romanc ebook,positive
excit thing come futur happi thing go great,positive
guy entertain insightful... one reason realli enjoy lpl lot season :d,positive
that sound like superbooth happi,positive
want learn choreo ugli bodi say cri joy,positive
share love top engag commun member week! much appreci happi,positive
hi kyli,positive
look forward visiting! pick great day,positive
sun shine happi,positive
ok. pleas read repli this....,positive
right here.aren't happi [x]???no. still 'condition',positive
fla member offic go cebu tomorrow silenc godbless piss mga ant angkol! happi,positive
everi like ill post answer smile,positive
mayb band definit collab! hi name philip happi,positive
lego_group: legothursday jokersquad_swg legolandwindsor sound like lot fun! happi,positive
friend would like brand new strapback hat 14.99,positive
ye smile,positive
mata_tytan: almightytanner: good even everyon happi join twitter parti tonight. offici tagline:tann,positive
first attempt bird photography. :-)passer domesticus. surprising. wink,positive
peopl don%27t know alway think quiet. peopl know me. wish :)kiss thefashionicon,positive
love p!,positive
rt: good even everyon happi join twitter parti tonight. offici tagline:tann welcomebackph tmi,positive
oh ye happi,positive
hey robert rolih thank follow! coastal live mean you? repli photo :d,positive
ever australia! :d love vids. lovo youtub :d,positive
open lot!rt like would laaaaaverli :d .xxenjoy,positive
word never miss articl happi,positive
tweet hit 1000 get rian hold sticker too!!! click tweet sm,positive
bill nye answer scienc question twitter | wire,positive
today? happi,positive
readi next fire light session - keen earli bird alreadi smile,positive
go kisses!!... know it..,positive
get 70rt giveaway 5 minecraft account origin account randomli peopl retw,positive
hi mr. yen! sign new york day? great role model happi,positive
cut one kitchen experi happi,positive
wow made js compressor actual check scope variabl existing. turn issu happi linter may use happi,positive
week marilyn pop get' dirti happi cum see!,positive
loool mad avoid today :d,positive
welcom thoma happi kim,positive
look happi,positive
play year,positive
super impress got music mojo back! thank much happi,positive
watch mayward fam!,positive
think same. know cute happi,positive
sone cant stream genie!y stream ty genie! still share geni ids. want,positive
dm us happi,positive
mythbuster/20 happi,positive
aha okay go rough night happi,positive
compani photoshoot fabul photograph happi look determin (concret shoes) get,positive
perfect,positive
work beautifully. redesign import page suit whole applic would mak,positive
hey,positive
great day today happi,positive
come volunt abbeydal pictur house! next wednesday...,positive
farnel fursday isn%27t happi meet tax pound happi,positive
here' one roll 'poundland' film! (a store sell product 140.) here' dx,positive
thank recent follow happi connect happi great thursday.,positive
thank :d,positive
love them! get some? smile,positive
open lot!rt like would laaaaaverli :d .xxenjoy,positive
spend night talk belov ???perfect.i love man! happi,positive
.i winner donat giveaway,positive
answer yoyour steam trade link ill send right away :d,positive
recent follow. much appreci happi want this?,positive
think probabl beyond repair sound tea etiquett happi,positive
.- layout- btob happi,positive
still look one happi,positive
sydney tomorrow,positive
byron 3 week,positive
hobart 7 weeks. lot look forward happi,positive
hit,positive
new job start weeks! :d,positive
peopl internet ass annoy here' posit you. love art!!! :d pretty!!,positive
best commun gather come up! full,positive
here' part happi,positive
mutual: let' talk more!me: sure!mutual: happi me:,positive
happi birthday megan happi,positive
wander around,positive
pop store,positive
owner told (a article) smile,positive
see one? happi transit piec // chiffon dress,positive
sixth spot applic team! higher pa! :)kiss thefashionicon,positive
thank crew happi,positive
littl video made love life,positive
minut yoongi~watch 'til end free cooki happi,positive
let know like one happi,positive
know realli love lot?not support comment,positive
also support other!,positive
happi,positive
hey,positive
keep smile happi,positive
noth could better happi,positive
inspir cri joy,positive
instant messag fine yoo,positive
thank happi,positive
day! better way spend sunni day drink shore happi,positive
suppos wait happi,positive
aww hate got sponsor,positive
childish commando happi,positive
definit look :/ gave tri anyway happi,positive
one backward cap,positive
please! :d| kenbi,positive
bless first day april happi,positive
helloo :d (keep_smiling_y),positive
contribut ( post tumblr ago cri joy ),positive
happi birthday chopin style - piano improvis,positive
ye,positive
problem affect webmail itself. access email applic work fine happi ^mkl,positive
best happi,positive
now? happi,positive
enter win 1 box highli anticip books! 6 book box! open int happi,positive
congratul world happi,positive
helloo :d mr drippi (callmeergan),positive
good cri joy love much,positive
wow awesom gog! thank happi,positive
anybodi need motion design anim help? avail happi,positive
yes!!! neil gaiman life! :d,positive
last event chapter 1,positive
invit 24 peopl propos vision future. jom happi,positive
exaseetli what' happen tn politisees. get bjp tn. game different.,positive
see,positive
don%27t know doesnt seem fair me..two one happi,positive
helloo :d braids! (keyrazygirl15),positive
thank mama bear! ang ganda mo happi,positive
okay,positive
realli out. happi,positive
helloo :d kesh (mzkeshnj),positive
used. stat care motiv happi,positive
kind jealou laugh ny fault work hard happi,positive
appreci recent retweet great thursday happi,positive
stay ? go ? nobodi know happi,positive
helloo :d mack. (macktimus),positive
ladies! - tell yoyoy play golf. wyoyoyoud make yoyoy want play? top 3 reason yoyoy play? heyjyoyoyoude66info,positive
thank week,positive
much appreci happi,positive
nearli done now! thank everyon join hope see time next thursday happi,positive
oh feel 10 gem :d,positive
helloo :d chammi (shamirakay),positive
good luck rich ride great project sunday. donate?,positive
friend. smile,positive
rt: almightytanner: good even everyon happi join twitter parti tonight. offici tagline:tann welcomeb,positive
amaz stuff!!! thansk happi birth control - gamma ray (1972),positive
note sir,positive
bu bangsar head awan besar. good day happi,positive
thank recent follow happi connect happi great thursday. want,positive
helloo :d best damn avocado (batsyy_),positive
let agre put brain knee cri joy,positive
wish smile,positive
everyon get punch :d,positive
welcom germani then. author welcom countri though! happi,positive
better oldschool cri joy rs3 equal aid 3,positive
noth could better happi,positive
pleas beauti princess help,positive
give littl happi,positive
alway run space phone,positive
thank kpop cri joy,positive
one one allah eas problem . lot thank cri joy,positive
thank share happi,positive
noth could better happi,positive
hope ok happi chart look bad moment depend tide direct,positive
keep,positive
soon :' need much cri joy {} need kaswa :',positive
laksa make okaay cri joy need laksa,positive
helloo :d car fox (ror925),positive
thank connect passion - hope like tweet happi,positive
mutual: let' talk more!me: sure!mutual: happi me:,positive
want good vibes? watch youtub tv100 applic free happi,positive
tara,positive
hi,positive
all! roy dahildahil,positive
co-found moder tonight tweetchat. happi,positive
sone cant stream genie!y stream ty genie! still share geni ids. want,positive
dm us happi,positive
enjoy happi,positive
happi thursday loves!! happi,positive
good morn peadi,positive
need direct coffe feed starbuck happi,positive
better check,positive
thank recent follow happi connect happi great thursday. want,positive
ummm announc new show buffalo! ask opener! happi,positive
world big. big problem worri take world. much smile happi,positive
friday confer us go dinner favourit smile,positive
follow saga diari year' worth saga pen :)tc,positive
im done tri take men serious happi,positive
top high valu member week happi,positive
okay happi,positive
littl fans. - happi,positive
here' full art glyph keeper mummi token. interest hit ebay tonig,positive
seokjini went everland today~ guess forgot idol,positive
good happi,positive
welcom happi,positive
say read book today,positive
tell read book today. knowledg power. knowledg growth. kee,positive
game move camera happi,positive
veronic jughead! happi,positive
oh god rain live cri joy stop omg wanna cuddl,positive
hehe take care andi friend happi,positive
vocal coach ig post:,positive
hold frown use new applic - made team! happi,positive
love ben sleep get watch programm want netflix without interrupt !!!! happi,positive
thank happi,positive
noth could better happi,positive
thank crew happi,positive
someon ask how life? smile repli,positive
she fine :)kiss thefashionicon,positive
yeaaaah! alpha invit well receiv happi,positive
good luck swampi happi,positive
feel bad - buy new book get engross new world happi,positive
may go away happi,positive
april realli realli bloody. proud boy cri joy,positive
smile today? never forget smile happi,positive
happi,positive
gott happi,positive
noth could better happi,positive
guys. read least. cri joy,positive
hope loui get time want come back fresh happi happi,positive
ye that! happi,positive
famfrit peopl happi,positive
,positive
er,positive
sloth great? good un-unthink picture? dug mysel,positive
thank much appreci happi magic,positive
way home happi happi si noah sa skyranch,positive
thank recent follow happi connect happi great thursday. want,positive
made video improv line work youtub,positive
thing like happi,positive
client work rt favorit happi,positive
everyth choic happi,positive
awesome! make good nurs maid,positive
huh? happi,positive
thank recent follow happi connect happi great thursday.,positive
thank top engag commun member week happi - tri,positive
thank recent follow happi connect happi great thursday.,positive
funni happi,positive
1st day ja entertainment' marathi film savita damodar paranjp big fan story. final get,positive
good day hey. happi,positive
mutual: let' talk more!me: sure!mutual: happi me:,positive
surround posit happi,positive
still live!,positive
gst brain child modiji happi perfect!,positive
also make beauti art (mi biggest inspo) sale anyon interest happi,positive
thank recent follow happi connect happi great thursday. want,positive
thank up-vot us ph happi,positive
good,positive
might cost $3 month!!!! happi,positive
great see buddi nicest dude world. keep kill brother happi,positive
bronchiti love happi,positive
thank recent follow happi connect happi great thursday. want,positive
20% knight day jewelleri end sunday-whi pick someth nice,positive
bank job,positive
come soon screen near you.,positive
157 day go happi,positive
go go meet andrew lunch back :30,positive
upstair right happi,positive
also sign session qian liu jare wright last perform onegin? share,positive
happi birthday,positive
bram stoker. can't wait show bronz soon. happi,positive
tweet meant articl happi,positive
send peopl bunni pic,positive
let know happi,positive
thank top engag commun member week happi (want ?,positive
aspir develop near krakw excel opportunity. even pay intern happi,positive
thank chop,positive
arriv back littl tipper lorri smile,positive
prepar inspired! happi,positive
readi now! one 9 week old chocol femal puppi harlow x sterling! happi girl sweetheart a...,positive
said see concerns. assur sir hinduism stay dharma,positive
super can't wait happi,positive
notic anyth unusual? happi birthday love frooty! happi,positive
rose come him! realli enthusiast :-d use much may! :-)~~~,positive
thank follow happi help busi anyway pleas get touch,positive
thank recent follow happi connect happi great thursday.,positive
.a scan tumblr happi,positive
new upcom hero revealed! wukong,positive
dragon more! omg :d,positive
never happen happi,positive
awesom recommend jess! listen,positive
thank b happi,positive
congratul,positive
got messag happi,positive
that' kaki tane amazing! foyound place germani import it! :d,positive
break first practic exam happi,positive
made dinner two tonight happi,positive
share love top engag commun member week! much appreci happi,positive
know exactli talk happi,positive
thank recent follow happi connect happi great thursday. want ?,positive
shihaaaa help bishi hunttt equal ^ equal ),positive
puzzl piec [64]rt like next pleas :){20 rt,positive
30 likes?} hehe,positive
drop follow twitch happi,positive
mani cool game updat releas today. happi,positive
terribl live world address anticip critic thought first? happi,positive
said,positive
chage best singto. pleas,positive
cheer new administr team. happi,positive
seem like black lingeri pictur happi,positive
thank top engag commun member week happi want,positive
good morning! hope slept well~ happi,positive
never happen happi,positive
lot game month? :d,positive
everyth anyth day,positive
book car servic sward tommorow :d,positive
thank feedback! it' start phase,positive
figur happi,positive
pop request assassin shower gel? happi,positive
mutual: let' talk more!me: sure!mutual: happi me:,positive
look forward this. come see us! booth go right center field. happi,positive
thank lot,positive
check happi,positive
well fun. thank stop give shit tonight fella :d much love. feelsgoodman,positive
kill cri joy,positive
see next tweet! 5 differ thing keep calm,positive
list want happi,positive
thank recent follow,positive
much appreci happi want ?,positive
peopl write joke religion online.*joke**just joke guy,positive
offenc :)** want hurt anyone.,positive
thank recent follow happi connect happi great thursday. want,positive
yet! mayb year happi,positive
hey thank top new follow week! much appreci happi want ?,positive
jack finn harri cri joy,positive
think understand much stream would mean happi even make-do,positive
would awesome.,positive
stress mariana,positive
beetl done join wall-,positive
mini campervan happi,positive
stat day arrived. 1 new follow unfollow happi via,positive
didnt save happi go re-color,positive
share love: thank top new follow week happi,positive
thank recent follow happi connect happi great thursday. want,positive
consid ask came from. :d,positive
thank notic greet : jossetted'hermanni,positive
thank recent follow. much appreci happi (want magical!,positive
thank much friend smile xx,positive
worship spoil happi,positive
stat day arrived. 1 new follow unfollow happi via,positive
superstar thank much kind words! look forward see soon buddi smile,positive
new second home come soon! :d,positive
use like neighbour,positive
put password wi-fi :)kiss thefashionicon,positive
still syour ? :d,positive
thank recent follow. much appreci happi want ?,positive
hi cham,positive
updat batch 1 armi bomb v2? happi,positive
happi 27 million keep happi 71 million close anoth 100m,positive
photoblogged! happi re-us old locat,positive
mutual: let' talk more!me: sure!mutual: happi me:,positive
new video!stream montag - final unbox spectrum knife :)hope like it! here:,positive
minah start cri fan yura hyeri make laugh cheer up.. can't cri joy,positive
stat week arrived. 1 new follow unfollow happi via,positive
readi 420 happi,positive
fat ass girl fat fetish760 hot video onlin,positive
thank recent follow. much appreci happi - sent,positive
said silenc morgan freeman' voic happi,positive
thank happi,positive
eat steak well done pleas unfollow happi,positive
how quintli trial happi ?,positive
life about. enjoy happi,positive
stat week arrived. 1 new follow unfollow happi via,positive
lip though,positive
exaseetli what' happen tn politisees. get bjp tn. game different.,positive
see,positive
crazi easter! donkey insane! serious crazi haha!,positive
morning. coffe time happi,positive
thank recent follow. much appreci happi want ?,positive
thank recent follow. much appreci happi want,positive
would love guest podcast sometime!!! 15 minut smile interested???,positive
kissward tagline:tweet us pan :)noonecanstop kissward,positive
thank crew happi,positive
love six pack much,positive
protect layer fat :)kiss thefashionicon,positive
share love: thank top new follow week happi,positive
share love - high valu member week happi,positive
look could kill......... smile,positive
station check. happi sure combin 0xx-xxx-x938 0xx-9,positive
noth move faster girl untag ugli pictur :)kiss thefashionicon,positive
too. smile,positive
great happi,positive
happi 10th wed anniversari aishwarya rai-abhishek bachchan happi,positive
swanmen set up! pablo wait news happen happi,positive
thank up-vot us ph happi,positive
hiii. . gentleman command (bryannousaurus) happi,positive
thank recent follow happi connect happi great thursday.,positive
joo okay happi,positive
close anim 3i post second part soon! happi,positive
don%27t spam way,positive
repli tweets?? like follow do.....thi pointless,positive
thank recent follow. much appreci happi want ?,positive
hiii. . reec (reeceboast) happi,positive
alay give iphone7 dollar birthdaydo normal abeg,positive
thank recent follow. much appreci happi get,positive
superstar thank much kind words! look forward see soon buddi smile,positive
naeem bokhari says... mian gone !! cute nb happi ns ugli evil.,positive
that' insane! good luck that! took yesterday afternoon. :d,positive
told late oliv juice? :d,positive
updat text video intro draw line tool paint tool sai. happi,positive
- thank top engag commun member week happi grow follow,positive
.thank happi,positive
hate peopl steal idea,positive
think :)kiss thefashionicon,positive
given custom consol bundl giveaway! happi tweet follow enter! end,positive
give one everi student myswlf happi,positive
mention it! :d,positive
episod two cri joy,positive
surpris use adblocker! happi,positive
want say thank follow,positive
realli appreci it. hope brilliant day happi,positive
happi 4/20 :)i'm drug free never smoke weed before.,positive
mutual: let' talk more!me: sure!mutual: happi me:,positive
block christensen.anoth notch belt. happi,positive
91% favour unelect jeremi corbyn happi,positive
best advic blogging. happi,positive
teaser come today 4pm!stori,positive
music direct favourit,positive
aw bcc pride prom kind want go happi,positive
school taught us anyth,positive
text without look :)kiss thefashionicon,positive
good morn messag never fail make smile happi,positive
thank recent follow. much appreci happi want,positive
sap also use,positive
shoutout donation. look like stream stanley parabl later happi,positive
unfollow bye happi,positive
thank 2k like banner project happi,positive
hi :d retweet follow!!!,positive
? news ? :d,positive
effort pay off... happi,positive
pressur happi,positive
happi bday midawgdarnizl love long time happi thank best friend forev attempt travel road,positive
fri thu? go friday show :d,positive
think want go school suddenkyfeel good happi,positive
don%27t :)),positive
tonight 7pm,positive
treati could provid security/ tech cultur develop happi,positive
thank recent follow happi connect happi great thursday. get,positive
goodi spotted! :d,positive
anoth great day westhoughton,positive
deliv conserv messag strong stabl leadership. happi,positive
morn happi,positive
south issu,positive
go see what' speak peopl live near see use happi,positive
tri bank sleep week happi doubt abl sleep friday saturday night,positive
understand....i silli shit like make friend smile happi,positive
well,positive
guess good thing bring right foreground put right face,positive
thank recent follow. much appreci happi want,positive
know think? look except new mum,positive
tum still like 20yr on. happi,positive
prime minster pakistan ? nawaz sharif hahahahah happi sorryuncl,positive
sure happi,positive
agreed! feel like skip mani css/design fundamentals. spend next coupl,positive
hey thank top new follow week! much appreci happi,positive
random twitch happi,positive
good morn everi one,positive
order ever want eat website.may great day happi,positive
thank recent follow. much appreci happi get,positive
would great trick happi,positive
omg happy!! new video bigbang babi happi,positive
happi birthday ! happi hope good one,positive
one happi,positive
totoo po? waaahhh may heart!!! heart everywher happi love,positive
good morn everi one,positive
order ever want eat website.may great day happi,positive
thank much sir happi pleas watch film call happi,positive
thanks! happi,positive
happi hope,positive
real sub here' link video happi,positive
open sentenc happi,positive
rt 50 ffs-rt pin tweet!!-b patient -legiiiiiiit-no save account happi,positive
thank top engag commun member week happi want ?,positive
jem dark star orianna splash assist alex! :d done lot splash updat,positive
check as:,positive
gippi grewal onlin twitter 3 pm,positive
type ask anyth like happi aa jao,positive
hi guys! :)we'r look bartenders/mixologist work us upcom event. dm us,positive
thank recent follow happi connect happi great thursday.,positive
thank recent follow happi connect happi great thursday.,positive
physic 80 formula memor ha.ha.ha happi,positive
grate mom give birth abort cri joy,positive
thank recent follow happi connect happi great thursday.,positive
nail it!!!!! brought tear eye,positive
got goosebump,positive
beauti set,positive
perfect dress,positive
total,positive
ah awesome! pixel art stuff chance? happi,positive
share love top engag commun member week! much appreci happi,positive
pleas,positive
please! watch afl anzac game tuesday! big tradit love sport! happi,positive
anoth day! good morning!! april 20,positive
2017 07:00am!! kamusta? forget eat breakfast guys! happi,positive
yess cri joy,positive
home run !!!! ye charli game happi,positive
say vuca,positive
say tuna happi,positive
thank recent follow happi connect happi great thursday. (want this? free!,positive
? happi,positive
good morn everi one,positive
order ever want eat website.may great day happi,positive
happi 16th birthday bff! may 15 half take place happi great birt,positive
thank happi,positive
thank recent follow happi connect happi great thursday. want,positive
good morn everi one,positive
order ever want eat website.may great day happi,positive
nice,positive
congratul you. happi,positive
,positive
none cri joy,positive
thank recent follow happi connect happi great thursday. want ?,positive
here' brutal respect suit... enjoy happi contrast appreci mo,positive
champion,positive
let know! :-)(i'm champion!!!!!)eld lenor a. artisministries...,positive
great song happi favourti member? x,positive
thank recent follow happi connect happi (want this? free!,positive
charg experi muna happi,positive
superstar thank much kind words! look forward see soon buddi smile,positive
.thank much rt,positive
groovi thursday! happi,positive
stat day arrived. new follow unfollow happi via,positive
melbourn pleas happi,positive
thank recent follow happi connect happi great thursday. get,positive
thank recent follow happi connect happi great thursday.,positive
would great trick happi,positive
goal today happi i%27m go accomplish,positive
kid versu legend cri joy,positive
happi birthday nimesh!!! happi,positive
good morn,positive
mike. bless you. happi,positive
thank happi,positive
facial happi,positive
keep awak happi,positive
hello everyon,positive
great thursday! look forward read tweet happi want ?,positive
josi,positive
val reggi screentim riverdal half bad happi,positive
thank recent follow happi connect happi great thursday. want,positive
nation bitbucket unfriend day save $2 smile,positive
share love: thank top new follow week happi,positive
mutual: let' talk more!me: sure!mutual: happi me:,positive
hi carlo! okay nmn. howdy? happi,positive
chibi though!!' :d,positive
wait jail break happi,positive
rt 13 ffs-it' much free-legit-fre follow first get quicker-b patient g,positive
hi guy,positive
great thursday! look forward read tweet happi (want this? free!,positive
man happi,positive
chub bun easter! happi easter! name almond! :d,positive
pork pie happi,positive
chub bun easter! happi easter! name almond! :d,positive
thank much smile,positive
gener support integr part happi thank like!!,positive
go smile,positive
naeem bokhari says... mian gone !! cute nb happi ns ugli evil.,positive
thank top engag commun member week happi - sent,positive
abc news got ahold ask could use second come video transgend special f,positive
thank share happi,positive
thank recent follow happi connect happi great thursday. want,positive
still bedroom scare go happi,positive
amaz work :d,positive
thank recent follow,positive
much appreci happi want,positive
hi ! want speak busi partnership. happi,positive
thank recent follow happi connect happi great thursday.,positive
thank much willow! help ring birthday amaz stream last night :d,positive
anoth great song listen. good! may well like happi,positive
follow happi,positive
a7atein one 'a7a' enough ({}) :d,positive
tats! question happi,positive
anoth great song listen. good! may well like happi,positive
ooh,positive
can't wait reveal qa's. happi,positive
soup sandwich slow cook pork,positive
love lunch menu sure please! smile,positive
awww yeah :d,positive
sad life must,positive
get 70k,positive
still rich - tri get life,positive
instead money,positive
say :d,positive
hello everyon,positive
great thursday! look forward read tweet happi want,positive
happi birthday good day happi,positive
thank recent follow happi connect happi great thursday.,positive
hey,positive
get profession one,positive
would great trick happi,positive
that' say end video like,positive
give like happi choice! :d,positive
thank happi,positive
read hope someth great happen smile,positive
thank recent follow happi connect happi great thursday.,positive
rt indirect happi,positive
client work rt favorit happi,positive
want follow back? tweet will. happi,positive
websit sinc long happi,positive
friendli remind enjoy movi televis show without trash anoth happi,positive
help made sent starter p1q3. open suggest improv happi,positive
hello 1372 follow - thank much following! love read tweet happi want ?,positive
thank recent follow happi connect happi great thursday.,positive
thank top engag commun member week happi want this?,positive
happi 420 everyon happi,positive
happi birthday cyoutest/fyounniest l know :')have good day coreo boreo,positive
congrats! :d,positive
mmmm... blood enemies... happi,positive
thank recent follow happi connect happi great thursday. want ?,positive
know vearey moving. twisty! aare,positive
tell us happi,positive
share love: thank top new follow week happi want,positive
seokjini went everland today~ guess forgot idol,positive
good happi,positive
beauti day happi,positive
congrat :d,positive
sone cant stream genie!y stream ty genie! still share geni ids. want,positive
dm us happi,positive
25x25? go first happi,positive
ticket avail 401 festiv run 2017,positive
find sign,positive
happi thursday*,positive
shit short :)*thank friend maddi,positive
road destin . drive hope find place like stay,positive
lost,positive
thank retweet week. much appreci happi want this? free!,positive
first happi,positive
good luck happi,positive
update: got :d,positive
thank smile much better today thank message.,positive
real time happi,positive
mani thank,positive
anne! happi,positive
say read book today,positive
tell read book today. knowledg power. knowledg growth. kee,positive
lolo bin fuck mental screenshot :d haha,positive
text doing? happi got issue!,positive
hey thank top new follow week! much appreci happi,positive
hi han,positive
follow dm us abl assist you. chri happi,positive
thank recent follow happi connect happi great thursday. want ?,positive
awesome-- two fill-in week happi,positive
maayo didn%27t ang lahat happi let give space time happi,positive
notice? kill rss / bjp worker anoth southern state? cm dismantl xtian infra munnar?,positive
typingcur,positive
class hall mission heroic dungeon surpris :d,positive
surround posit happi,positive
pretti happi,positive
moral ground verdict favor pti happi becoz 5 judg clearli mention pm is...,positive
avi man :)phone made like alway wink,positive
share love: thank top new follow week happi,positive
tonight 7pm,positive
playoff rematch complete! feel good go world :d,positive
im get one smile smile smile smile,positive
spose pay accomod nice haha? go stay somewher anyway? happi,positive
littl bit overdramat death happi,positive
great hear joanna! happi pleas good experience.,positive
think go check even though hear good ue4 believ might cool tr,positive
link seventeen' yokohama concert english sub :)ddl:,positive
thank,positive
can't wait actual see copi smile,positive
thank crew happi,positive
thank recent follow happi connect happi great thursday. want,positive
sup guys? :d,positive
fact parrot minecraft come soon!! :d,positive
thank recent follow happi connect happi great thursday.,positive
made dinner two tonight happi,positive
happi see closer con five so. lol :d,positive
tutori michel grundstein distinguish inform knowledge.. start 15pm. happi,positive
thank recent follow happi connect happi great thursday.,positive
look good blue happi,positive
thank recent follow happi connect happi great thursday.,positive
jyoust reminder... thank happi,positive
bodi hear everyth mind says. kind,positive
posit love alway happi,positive
rubi rehom time month old love forev home. pl alway consid rescu,positive
3 littl ones.. wish best happi sound like fun group,positive
naila raheem follow twitter!,positive
thank recent follow happi connect happi great thursday. want ?,positive
stat week arrived. 1 new follow unfollow happi via,positive
thank recent follow happi connect happi great thursday. get,positive
love pretti girl call pretti like bitch tf happi let' friend,positive
thank recent follow happi connect happi great thursday. get free?,positive
thank recent follow happi connect happi great thursday.,positive
thank follow! happi,positive
everi time think skin get better,positive
prove wrong matter day happi fuck life happi )),positive
pm ? :d,positive
seen email. good :d,positive
releas 3rd episod program everyone! sure check happi,positive
think instant messag meant stay singl fix people' relationship entir life smile,positive
never readi actual happi idhuellam dialogu ku dhan othu varum..,positive
ye,positive
main reason drink total selfless :d,positive
yep go back school becom editor hopefully. can't wait! sister realli believ skill happi,positive
thank top engag commun member week happi want,positive
current stand outsid shard bag full empti bottl came work tom today happi,positive
good even happi,positive
goal 2017: becom apart lose 50 lbsstart youtub happi,positive
thank recent follow happi connect happi great thursday. want,positive
thank crew happi,positive
mummi,positive
look big become!,positive
thank recent follow happi connect happi great thursday.,positive
thank recent follow happi connect happi great thursday.,positive
second that! thank spin. much appreciated. happi,positive
make feel listen problem,positive
mag refer kana rin sakanila nice game,positive
would great trick happi,positive
wow,positive
look awesome! id love see vn like :d,positive
morn,positive
jamie. passion + persever equal two not-so-secret ingredi secret sauc success happi,positive
hi kn fans! happi,positive
bought 523 litr fridge. appli cold storag licens bhayand west :d,positive
thank top engag commun member week happi want,positive
2000th tweet like say love donghyuck :d,positive
japanes direction :d,positive
remember- vocab knowledg worth 75% grade! announc winner tomorrow morn 10am! happi 15 purchase! happi,positive
good luck! vote smile,positive
19 day school left happi,positive
pictures? alway enjoy swanki hair happi,positive
class realli bore happi rt one!! mutual non mutual pl let flop ;-;,positive
give away souvenir 5 lucki winners!to enter: follow + rtroll winner 48 hold,positive
watch word happi,positive
thank recent follow happi connect happi great thursday. want ?,positive
nice gif happi,positive
share love:thank top new follow week happi want,positive
think better happi,positive
inde,positive
suspect one would get happi,positive
one fleet sole seeharg domestise hydro toro see,positive
trade ? happi yeah want ?,positive
get 150!!,positive
new twitter acc. happi,positive
share love - high valu member week happi (insight,positive
soon make art happi,positive
would great trick happi,positive
thank recent follow happi connect happi great thursday.,positive
.noth chang date .. april 28 make,positive
delma hanvil offici connect twitter! thank follow. pleas ever let go! happi,positive
13 reason producers: care youth mental health :)13rw producers: *show young audienc graphic rape suicid,positive
fun funny.... book warn kindl night happi,positive
that' what' important! happi that' tri remember.,positive
congrat 3m follow instagram! happi,positive
gourmet chocol special reserv special occasions. plain mm,positive
spe,positive
sixth spot applic team! higher pa! :)kiss thefashionicon,positive
guy make japanes greninja' waveguid come well? happi,positive
thank recent follow happi connect happi great thursday.,positive
thank recent follow,positive
much appreci happi want,positive
sister cyril came school happi,positive
join us saturday celebr earth plant seedings! head fb page information. happi,positive
final got jinyoung wipe jaebum preciou son block world wit,positive
love cri joy,positive
kind like layout happi,positive
new twitter account piss idea maja salvador follow applic guy happi,positive
thank recent follow,positive
much appreci happi (want magical!,positive
congratul impress happi,positive
client work rt favorit happi,positive
thank recent follow happi connect happi great thursday. want,positive
go way keem? minaun? that' good one extrem drive today smile,positive
realli must go see power ranger again. smile,positive
mayb,positive
mayb,positive
know :d,positive
broadcast say fli away remind earli happi,positive
great night! hope enjoy strip club happi thx photo,positive
right serious need decent butterfli tattoo design,positive
anyon got design could find one would grate :d,positive
thank recent follow. much appreci happi want ?,positive
thank recent follow happi connect happi great thursday.,positive
good even happi,positive
alway knew woyould like one better :d hahaha.,positive
sure do! happi,positive
ye would meddl cloud smile,positive
gamer follow train!follow meretweet thisfollow retweetedgain activ follow happi 450,positive
thank share iri photo. realli appreci smile,positive
rt 13 ffs-it' much free-legit-fre follow first get quicker-b patient g,positive
myth good team,positive
genix deserv much myth! open eye commun want,positive
hellooo.. happi satans-daught (taylynnox),positive
mutual: let' talk more!me: sure!mutual: happi me:,positive
hellooo.. happi lil strait (daddyy_rat),positive
also attract liza soberano? happi,positive
pfft- cri joy oh.. hope year oldu'r okay,positive
papa bird? hope year oldu mind? want stay year old,positive
hellooo.. happi kyle davi (rebelbyacause),positive
opera nirjhor long claim first one :d /rosi,positive
miss open educ seminar palestin happi,positive
stat day arrived. 1 new follow unfollow happi via,positive
wow! friend dara share hubby!!! look terrific. :)order -,positive
annapurna studio product no.29 floor tomorrow. heat go turn heat happi can't expr,positive
new amazingphil video today? happi,positive
veronic jughead! happi,positive
cpl swallow gone house. heard whilst fli drone.. happi,positive
want good vibes? watch youtub tv100 applic free happi,positive
80 far collect 150+! happi new gin menu come soon well!,positive
would great trick happi,positive
don%27t know look cool cri joy,positive
hellooo.. happi pussi (creepz_x),positive
snapchat happi,positive
enjoy smile h.e.r.,positive
rt hate cri joy,positive
die evil raven! :d,positive
never give thing make smile happi,positive
stat day arrived. 1 new follow unfollow happi via,positive
haha thank fansnim! happi,positive
took full drink uber; guess could say instant messag pretti wild. tuesday never forget happi,positive
cute pictur though :d,positive
play part rais fund :,positive
ohh yeah sausag pancak happi x,positive
especi peopl low patienc level happi,positive
onlin shop timmeee. anyon got good site suggestions? happi,positive
realli labour support actual quit glad happi mean much claim 2009 fuck,positive
issa throwback. happi,positive
ouuuuu..... right jewels! :d,positive
inspir everyon miss jone happi,positive
feel,positive
got favorit boot cut jean rosh runs. girl safe today. bless 4/20 smile,positive
uncheck new arriv happi,positive
avi man :)phone made like alway wink,positive
hellooo happi ross chaplin (masoncooper4),positive
write fiction. pr knob write sentenc fragment ipad next shoreditch hous piss,positive
love this!,positive
instant messag perfectli fine :d fellow ken,positive
displayport hdmi turn back screen o/ 5 day get dual pc stream setup sort (lol) :d,positive
pip sing let snow cri joy,positive
let eat cake! :d :p,positive
nah over-r happi x,positive
may draw conclus deviat level either direct therapi prevent,positive
matter,positive
long cool,positive
like happi,positive
teaser come today 4pm!stori,positive
music direct favourit,positive
hey everyon harri pancak mapl syrup breakfast . great way start day happi miss,positive
cheer :d,positive
thank recent follow. much appreci happi want,positive
thank share iri photo. realli appreci smile,positive
hey thank top high valu member last week,positive
great,positive
sorri peopl make live happi,positive
check beauti news everi singl day,positive
realli uplift inspir,positive
plu want win merc c63 silenc sooo! happi,positive
pleas let meet taehyung hik cri joy realli hope could win.thi first cover,positive
year old comment new ladylik videos. trust me. troll,positive
killin time say hey! :d,positive
celebr hitler' birthday! =d,positive
deliv manag onlin custom journey keynot autodesk partner event. incred event,positive
there'r time shcj do/did someth dissapoint ot6,positive
there'r time shinhwa do/did someth,positive
well..human. that',positive
new video today happi,positive
merri christma everyon happi,positive
big love ann cox happi,positive
new happi,positive
hellooo happi jackatkinson (jackat13),positive
thank recent follow. much appreci happi get,positive
thank recent follow,positive
much appreci happi want,positive
thank me!! :d,positive
hellooo happi xbox adhatt (xboxmadhatter),positive
rocksoc still going? begin smile,positive
wow whattay decis parti celebr :d,positive
free market tops!!! real human right sound great,positive
thank articles. b,positive
hahaa second best alway happi,positive
hellooo happi kt bear (ffabear),positive
superstar thank much kind words! look forward see soon buddi smile,positive
yes... kind funni creepi time happi,positive
minist pmln happi like student never studi exam luckili exam got delayed. still ha,positive
send dm postcod check local stores. look forward repli happi - nathan 2/2,positive
petrona blue/green isnt far away billi monger blue/green. thought happi,positive
test sweet dish sweet lover lip :)marvore magpasikatonshowtim,positive
de tonight don%27t realli care cri joy,positive
fun welcom back taping! first day happi mainit. pawisan. dirty. realli miss,positive
oh american cultist :d,positive
hi stefan :)i pretti confid isol case would glad help it.could dm,positive
hellooo happi pixelsavag (pixel_savage_yo),positive
feel way life get everyday posit mood! happi,positive
life reflect way think. chang way think,positive
chang whole life happi,positive
kid/par friendli space like please.,positive
would great trick happi,positive
va astept la acest eveniment! :)next events:,positive
thank recent follow happi connect happi great thursday.,positive
.listen beauti video si,positive
mutual: let' talk more!me: sure!mutual: happi me:,positive
happi birthday cri joy yoyour cool hope yoyour day goe super good,positive
hellooo happi cjay (cjay_100),positive
that sooooooooooooo sick!!!! xd thank much make kin!! love it! :d,positive
would great trick happi,positive
think final figur tattoo get august :d,positive
excit ball start smile babi minor b absolut love watch play,positive
play photo editor happi,positive
thank you! happi,positive
hellooo happi bluey (xblueys),positive
love much rui-chan smile smile,positive
hellooo happi xbox adhatt (xboxmadhatter),positive
mine isn't. back jeremi 100% pleas say happi,positive
dedic song,positive
thank brother,positive
stay cool,positive
keep love deepika,positive
ban ja hero :d,positive
made new logotyp realli fun work follow want keep updat,positive
shut,positive
ever thank j hunt,positive
alway there. love happi,positive
dispo 3lan happi,positive
laugh loud cutee happi,positive
thank recent follow happi connect happi great thursday. want ?,positive
thank recent follow happi connect happi great thursday.,positive
would great trick happi,positive
sir ash ketchum princess may. happi,positive
guy got exo back 2013. also first bia kpop. honest miss much. happi birthd,positive
thank recent follow happi connect happi great thursday.,positive
hi yolandi,positive
thank much follow us! love know think floor rang happi,positive
that' law natur happi,positive
thank happi,positive
get rover :dthey doubl sided! check shipping: worldwide!,positive
prettier 1.0 end. releas 1.2.0 fix anoth batch edg case happi,positive
thank recent follow. much appreci happi want this?,positive
.thank much rt,positive
groovi thursday! happi,positive
alway welcom thank sa treat sa susunod ako happi,positive
happi,positive
slayin_bodi go live...pleas tune in...thank happi,positive
made day! great stori happi,positive
happi,positive
thank recent follow happi connect happi great thursday.,positive
maybe? definitely! happi also,positive
tri front door,positive
may open happi,positive
thank follow,positive
great week!! happi,positive
haha! would love work train compani :d great dream come true!,positive
dumb popular entertain import issue.,positive
hey thank top new follow week! much appreci happi,positive
swear sometim cool break mutual happi,positive
........yeah sure happi,positive
go five below. get decent protect case that' cute 5 buck happi got mi,positive
hey thank top new follow week! much appreci happi want ?,positive
thank high valu member week,positive
much appreci happi,positive
love lay meadow flower listen mellow' music ...a great way relax smile,positive
go burst data cri joy,positive
thank recent follow happi connect happi great thursday. want,positive
thank recent follow. much appreci happi want ?,positive
say keep it. happi,positive
case miss,positive
releas new video game genres.rt super appreci happi,positive
thank recent follow happi connect happi great thursday.,positive
dude,positive
freak chapter one piece!! definit good one! :d,positive
want good vibes? watch youtub tv100 applic free happi,positive
worri happi,positive
nitpick,positive
know. happi,positive
hype real happi,positive
fl design done inspir fl hopyou love,positive
bambam talk tonight :d,positive
favorit hobbi find neg posit thing happi,positive
hey thank top new follow week! much appreci happi want ?,positive
ah,positive
sorri that. alway ask us follow dm happi,positive
charg driver happi wait sun 10 minutes! ten!,positive
win draw free download celebr us. develop,positive
true,positive
pinch free? qualiti fm smile,positive
csgobounti giveaway - 1 random key. 25 retweet,positive
random winner :d retweet like abl win happi,positive
thank recent follow happi connect happi great wednesday.,positive
welcom happi,positive
make great point,positive
realli like happi,positive
superstar thank much kind words! look forward see soon buddi smile,positive
player kill you. player rank would show up. happi,positive
true! u wast day social media read websites. hand,positive
idea say almo,positive
love much want kindli stroke peni :d,positive
thank,positive
give tri happi,positive
would say quit lot...but hey,positive
that' europ,positive
rather uk,positive
it? smile britain co,positive
yo thank 15,positive
515 subscribers!!!! :dthe continues!,positive
thank recent follow happi connect happi great thursday. want,positive
last retweet happi,positive
hello everyon,positive
great thursday! look forward read tweet happi want,positive
apr. 26th beach house! dinner+music+ parti oldi goldi happi buffet / bbq 40tlbeer- wein10tl raki12.5tl h,positive
select among top 20 social media blog,positive
woot! smile,positive
thank recent follow happi connect happi great thursday.,positive
want $25 million offer 24. smile,positive
give away random rt! chanc win 10usd itun gp gift card! winner select minut happi,positive
share love: thank top new follow week happi get,positive
thank recent follow happi connect happi great thursday. get free?,positive
thank recent follow happi connect happi great thursday. want,positive
thank top engag commun member week happi (want this? free!,positive
beauti score night!! hope get happi,positive
happi,positive
haha! good tweet mate happi heard big boy account! king shit happensould say happi chanc shit happen,positive
thank recent follow happi connect happi great thursday. want this?,positive
appreci sentiment that. happi,positive
younger. softer. cri joy,positive
happi mani day,positive
month year bond happi famili mcliss starmu,positive
thank recent follow happi connect happi great thursday.,positive
happi happi,positive
yes! subtitl happi,positive
thank recent follow happi connect happi great wednesday. want,positive
co,positive
thank recent follow happi connect happi great thursday. get,positive
thank recent follow happi connect happi great thursday.,positive
thank you! happi,positive
would great trick happi,positive
thank recent follow. much appreci happi want ?,positive
thank recent follow happi connect happi great thursday. want,positive
[bot] perfect happi,positive
retweet us? kaway kaway famili :)mcliss starmusicifwefallinlov,positive
breweri uk too.... smile,positive
thank recent follow happi connect happi great thursday. want this?,positive
thank recent follow happi connect happi great thursday.,positive
sinc decemb hair stop snap off! made massiv difference! get,positive
happi,positive
love happi,positive
would great trick happi,positive
like legal sweater ..more design avail,positive
great groov tune .. think rewind,positive
mr king excit work student today! check cool classroom shape! lot math happi,positive
$es_f $spi bull relentless happi setup like today,positive
thank recent follow happi connect happi great thursday.,positive
thank recent follow happi connect happi great thursday. want,positive
thank recent follow happi connect happi great thursday. want,positive
know problem still exist :d,positive
thank recent follow happi connect happi great thursday. get,positive
- top engag member week happi,positive
ngam week left cadet pilot exam cri joy,positive
great! welcom josh happi ^adam,positive
sixth spot applic team! higher pa! :)kiss thefashionicon,positive
pak pm surviv remov scare,neutral
court order probe corrupt charge.,neutral
suprem court quash crimin complaint cricket allegedli depict magazin cover.,neutral
art living' fight back yamuna floodplain damag,neutral
livid.,neutral
fcra slap ngo lobbying...but part govt campaign?,neutral
doctor,neutral
pharma compani oppos name,neutral
bicycl cm asked. offic learnt ground realiti -- dip river.,neutral
2017. make law ban mha sit draft.,neutral
rival govt unit act sex-determin tests.,neutral
haryana peasant demand justic right cattl trade.,neutral
school calcutta (and elsewhere) stun imposit plan.,neutral
renam place,neutral
oooh! shame,neutral
trauma... drive without red,neutral
flash light. (and pay parking).,neutral
learn live without flash red light.,neutral
bjp leader dock,neutral
lose light,neutral
name game,neutral
more. also epaper.,neutral
uk parliament vote 522 13 favour earli nation,neutral
april 19 1906: nobel laureat pierr curi run horse-drawn wagon near pont neuf,neutral
pari,neutral
kill,neutral
india end cultur siren cars.,neutral
may 1,neutral
vehicles: gadkari.,neutral
car pm,neutral
ministers: transport minist nitin gadkari cabinet meet.,neutral
44 fear kill bu fall river ton nerwa area district: police.,neutral
bsf dismiss constabl tej bahadur yadav servic court inquiry. bad qualiti food alleg base,neutral
jawan tej bahadur yadav,neutral
took social media complain bad food,neutral
dismiss servic inquiry.,neutral
u.s. review lift sanction iran: tillerson,neutral
huge haul milk-boost hormon calcutta.,neutral
good news seem thrive valmiki reserve.,neutral
sushil modi list properti chain.,neutral
3 queen take centrestage.,neutral
peek fir leader case.,neutral
spurn mom,neutral
babi calcutta died.,neutral
india may make illeg social messag platform share person data.,neutral
extradit could take ages.,neutral
march 20. plu 15 days. equals...,neutral
kp nayar discredit militari justic system help case.,neutral
sharad want gujarat cm arrest tri push make meat commun issue.,neutral
man shout wife famili court. walk out.,neutral
overburden say may abl hold colleg teacher year.,neutral
presid back move make mandatori class x.,neutral
nationalist trend spreads-- tighten rule shield local job (and keep indians).,neutral
visa 'selfie' cbse' plan,neutral
bless,neutral
cloud more. also epaper.,neutral
scotland yard arrest london,neutral
court grant bail.,neutral
liquor baron declar proclaim offend,neutral
extradit warrant: scotland yard.,neutral
british prime minist theresa may say want hold earli elect june 8: reuter,neutral
quot bbc,neutral
suprem court seek govt' respons plea frame nation polici promot,neutral
jk: school colleg shut clash,neutral
demand presidenti rule,neutral
beetl grip litchi crop,neutral
suprem court ask govt explain need pre-censorship.,neutral
us nsa h.r. arriv today; hold talk nsa,neutral
shun water beaches.,neutral
lost kerala bypol,neutral
keep promis 'good qualiti,neutral
,neutral
-- blame stipend crisi face 4000 scholars?,neutral
middleman (or conman) nephew tap bribe elect commiss officials.,neutral
air india enforc fine unruli passeng,neutral
top law advisor back use human shield,neutral
veteran gener see breach.,neutral
arrest conman bribe charg nephew churn politics.,neutral
cloak debat draupadi' robes.,neutral
draupadi campus erupt,neutral
polit,neutral
more. also epaper.,neutral
cbi book 12 leader case.,neutral
suprem court summon boss,neutral
order sale slice.,neutral
sc summon home secretari west bengal,neutral
,neutral
karnataka,neutral
tamil nadu,neutral
bihar jharkhand nice tri fill polic vacanci,neutral
manini chatterje write still indict india.,neutral
want paper trail elections.,neutral
govt set panel studi servic condit paramilitari forces.,neutral
amit roy potboiler.,neutral
muslim bodi lay code conduct divorc,neutral
ban,neutral
modi' call ensur justic women face evil customs.,neutral
pm' pitch sister,neutral
board' stand potboiler. more. also epaper.,neutral
alway meet man visit eastern india.,neutral
secessionist next generation.,neutral
7days: secessionist,neutral
tete-a-tet former presid,neutral
die languag,neutral
more.,neutral
farooq abdullah win seat -- 4% total votes.,neutral
govt probe yet video army.,neutral
learn follow rule,neutral
fund poor student dri up.,neutral
panchayat parliament seem boss amit shah' goal.,neutral
pm may hang,neutral
not.,neutral
pm hang,neutral
lotu garden dream,neutral
cash lock jnu student more. also epaper.,neutral
7 coach meerut-lucknow rajya rani express derail near rampur,neutral
uttar pradesh video:,neutral
count vote lok sabha constitu begins.,neutral
calcutta get mom accept calf.,neutral
stress dress code,neutral
mecca issu pictur cards.,neutral
secur border put risk trade.,neutral
nation bodi meet,neutral
readi stage 2019.,neutral
6 featur extend stay,neutral
bsp boss avers join forc non-bjp parties.,neutral
armi fire alleg tactic,neutral
untold love stori ayesha mukherjee.,neutral
vile tactic valley,neutral
love stori,neutral
giraff spurn calf,neutral
gandhi champaran,neutral
more. also epaper.,neutral
man seen tie armi jeep video jk identifi,neutral
unit involv pti,neutral
quot offici,neutral
3 arrest connect men poll day budgam april 9: police.,neutral
hijack indian dhow al-kausar releas,neutral
good show pale next 329% jump imports.,neutral
transpar look india' ranking? start bottom.,neutral
stop (and loot) express coin.,neutral
state renam road duck ban top court step till summer break.,neutral
research seat hit regul tighten rule guides.,neutral
lost deposit rajouri garden stronghold.,neutral
bengal trinamool vote share goe,neutral
surg runner-up slot.,neutral
3 men die tri save friend,neutral
result mean others.,neutral
half full,neutral
half empti cloud research,neutral
breather highway booz,neutral
more. also epaper.,neutral
set court home,neutral
justic ask chief justic india,neutral
bench appear him.,neutral
dargah trust volunt sc clear 908sq metre.,neutral
presid clear piec support legisl relat,neutral
by-polls: retain kanthi dakshin,neutral
retain assembl seat,neutral
7% voter turnout kashmir' re-pol,neutral
need know elect commission' 'open challenge' hack,neutral
foreign journalist north korea gather 'big event' amid tension,neutral
rehears more. guwahati epaper.,neutral
cop dug healer buri aliv practis,neutral
bihar set rs25lakh fee skip subsidis education.,neutral
visit retrac trip.,neutral
may show,neutral
suprem court chicken decid,neutral
(but fail govt' birthplac test.,neutral
10 year,neutral
rs 42 crore need repair damag floodplain event.,neutral
tri hack india' elect commiss challeng all.,neutral
never want cow becom burden farmer,neutral
pawar point out.,neutral
bounti savarkar yamuna damag bill,neutral
sita' birthplac,neutral
more. also epaper.,neutral
20 ia offic includ princip secretari inform navneet sehgal,neutral
transfer 1st major shuffl,neutral
centr move suprem court verdict lift shield.,neutral
crusad plead save,neutral
sangh put show strength,neutral
india,neutral
look beyond defenc visit.,neutral
murder pune activist fuel fear reviv upa claus law.,neutral
tear father 3 kill stones.,neutral
sukanta chaudhuri mean indian,neutral
scrap pension yojana. cycl track may also broken,neutral
say sourc,neutral
subir bhaumik worri calcutta,neutral
guwahati.,neutral
even benchmark pro-poor leader seem,neutral
offer india consular access,neutral
pak term access,neutral
model modi,neutral
activist kill,neutral
more. also epaper.,neutral
defenc partnership,neutral
preliminari enquiri health minist alleg money laundering.,neutral
menu dinner: prais praise.,neutral
bodi pull either,neutral
chain wrong drugs. senior doctor check. death. delhi.,neutral
men said cop found carcass car boot...,neutral
bypol put off-- rule combine' request.,neutral
admiss defeat kashmir,neutral
tougher road law,neutral
leander mahesh get away,neutral
more. also epaper.,neutral
pm australian pm templ,neutral
pak court sentenc death spying.,neutral
lok sabha adjourn 3rd time till 1.50pm opposit uproar leader tarun vijay' remark continues.,neutral
cong forc adjourn pre-noon session alleg misus ed cbi opposit chief ministers.,neutral
(or,neutral
bore friends).,neutral
taker mamata' torsa plan.,neutral
govt mull give power award teachers.,neutral
see hope comments.,neutral
girl rear monkey,neutral
all.,neutral
fewer pollut,neutral
paddi field could blame.,neutral
8 kill elect violenc,neutral
record low turnout.,neutral
road safeti crusad fight bid bypass order highway,neutral
badli equip surgeri,neutral
panic deaths. india' top hospital.,neutral
kill death girl all. more. also epaper.,neutral
indian navi ship respond piraci attack foreign merchant vessel gulf aden,neutral
need know 2017 across eight state video:,neutral
3 kill,neutral
sever injur mob storm poll booths; low 3.3 % turnout till 11,neutral
mukul kesavan justifi even though control machineri state.,neutral
,neutral
peopl go back economi,neutral
number show.,neutral
support activ violent...against law: ram madhav.,neutral
india chang,neutral
re-inv,neutral
ram madhav tell,neutral
3 quaint dig budget (or even less).,neutral
full interview insid 7 days.,neutral
calcutta' suddenli cannot enough mother' dish --but outsourc outlets.,neutral
baromet patriot,neutral
ram madhav tell wide-rang interview.,neutral
7 days: qa ram madhav,neutral
road economi,neutral
home-cook food,neutral
more.,neutral
tackl less wheat,neutral
mango,neutral
chicken; puls,neutral
veggi,neutral
mutton,neutral
govt go milit 'utmost harshness',neutral
ram madhav tell,neutral
5640 less 155 world,neutral
opt,neutral
modi promis earli deal. but...,neutral
modi take plung,neutral
raje' stock-hom syndrom,neutral
strategi,neutral
more. also epaper.,neutral
andhra govt turn museum.,neutral
privat airlin follow revok fli ban sena',neutral
man arrest truck death suspect carri attack.,neutral
22 agreement sign,neutral
water pact remain elus india,neutral
vijayvargiya dare arrest leaders.,neutral
theme villag sanctuary?,neutral
reservoir financi deal,neutral
work option get back,neutral
sunanda k datta-ray polit etho must fault racist attack students.,neutral
lawmak tick 3 boxes: supremacist,neutral
upper-cast,neutral
hindi-belt party.,neutral
modi' gestur bjp' spot,neutral
air india lift no-fli ban mp,neutral
more. also epaper.,neutral
stone-pelt miss mehbooba' brother get message.,neutral
tale prime minist,neutral
told gst.,neutral
modi test water letter,neutral
land delhi,neutral
untold stori pranab mukherje nix plan unseat her.,neutral
close shave passeng plane delhi airport.,neutral
sushma forgot racism sermon: modi,neutral
mm cri racism oz probe indian attack,neutral
suprem court ask 6 state explain vigilant banned.,neutral
perfectli happi player got,neutral
sanjiv goenka tell,neutral
bengal fix bars: pay repair,neutral
let take hit?,neutral
sword-wield process left gaping.,neutral
5 kid orphaned: parent brand hack death.,neutral
air india tighten secur mumbai pune threaten stall airline' oper there.,neutral
rbi keep polici rate unchang 6.25%.,neutral
sena' apologis parliament,neutral
say sorri man assaulted.,neutral
china lodg protest india' ambassador vijay gokhal visit arunach pradesh: foreign ministry.,neutral
chang word limit rti queries; applic reject ground contain 500,neutral
kp nayar narendra modi satisfi policy.,neutral
court' limit 500m leav water hole (and dry).,neutral
vote pattern show cofound,neutral
wife split coo,neutral
stretch highway (to save bars?).,neutral
riddl 'formerly' tag collection.,neutral
mysteri art,neutral
road,neutral
500m more. also epaper.,neutral
trump repeal obama-era broadband rules.,neutral
high court order govt waiv drought-hit farmers.,neutral
india' old tie continu nurtur,neutral
say kanwal sibal.,neutral
bengal look way chang classif bypass order.,neutral
sc ban,neutral
worri unsold stocks.,neutral
up: hold 1st cabinet meet today,neutral
big decis expect,neutral
trump sign repeal u.s. broadband privaci rule,neutral
initi help gener shield sundarbans.,neutral
india plan deport refugees.,neutral
educ rank throw surprises.,neutral
attack,neutral
envoy upset silenc,neutral
african envoy upset,neutral
best colleg varsiti,neutral
ill-fit dentur,neutral
more. also epaper.,neutral
know safeti featur watch special interview dr. ajay bhushan pandey,neutral
ceo today 7,neutral
mohanda pai back murthi coo pay hike.,neutral
somali grab indian 11 crew members.,neutral
corrected. thanks.,neutral
poll data show still rule roost,neutral
big story: african envoy slam indian govt condemn gr noida attack enough; say visibl,neutral
suffici measur,neutral
mcd polls: releas second list 127 candid,neutral
daddi dearest,neutral
groom season dawn madhya pradesh,neutral
sc hear petit challeng bombay hc order beef ban,neutral
keep eye hous,neutral
fix iphon storag issu more.,neutral
india readi manipul human embryos.,neutral
virul go india' cultur (and census),neutral
say manini chatterjee.,neutral
son chief minist reveal polit ambition.,neutral
privat doctor face punishment?,neutral
go wave transpar,neutral
india' opaqu law,neutral
bengal wishlist,neutral
virul more. also epaper.,neutral
timeline.,neutral
diari item,neutral
religi atheist,neutral
balagarh die art,neutral
gener gener,neutral
indign remain well-f,neutral
write sonia sarkar.,neutral
reason celebr uncelebr,neutral
sing song sullied.,neutral
,neutral
carcass found home govt doctor drugs.,neutral
7 days: kashmiri indign,neutral
begum jaan,neutral
vanish boatmak,neutral
more. also epaper.,neutral
happen restaur along highway ban bars.,neutral
flutter trial rais fresh scare accuracy.,neutral
bypass highway ban,neutral
trial rais rig fear,neutral
killer hang,neutral
more. also epaper.,neutral
sena lawmak oppos harsher step assault public servants.,neutral
delhi polic arrest md ajay chandra develop project despit get fund investors.,neutral
ed find leader chhagan bhujbal' connect shell compani conduct raid,neutral
convoy attack parimpora-panthachowk bypass polic,neutral
thing get cheaper costlier april 1,neutral
saha' preference: one-day t20,neutral
ram guha find outstand shivshankar menon' book choices.,neutral
theatr festiv got muffled.,neutral
case cost ngo contract soup kitchens.,neutral
win friend influenc people. cows.,neutral
first time 3 decad,neutral
rate fall 8%.,neutral
scientist build case bite,neutral
contact.,neutral
india' suprem court shut highway booz hatch.,neutral
becam aveng mercy.,neutral
gujarat turn aveng,neutral
price slash,neutral
case bat more. also epaper.,neutral
8 core sector slow 1% feb 2017 9.4% feb 2016.,neutral
govt cut rate scheme marginally.,neutral
two indian kidnap south sudan releas,neutral
justic face suprem court,neutral
get week repli case.,neutral
india use tackl insurgents.,neutral
india readi $5bn credit line backup.,neutral
relief yet seller,neutral
new tv channel' bedroom journal trial.,neutral
india rush put fire.,neutral
7 indian scrap tag handbaggage.,neutral
suprem court may hear key case summer break.,neutral
apex court put work first,neutral
hotel fire calcutta,neutral
bedroom journal trial,neutral
more. also epaper.,neutral
ngt punch hole delhi fuel suppli chain ban old tankers.,neutral
z-plu cover uttar pradesh chief minist,neutral
singl idea opposit clean say,neutral
make built westward ho! calcutta estate. read,neutral
stamp tag fliers' hand baggag 7 major april 1.,neutral
52 injur jabalpur-delhi train derail near half train carri delay.,neutral
latest attack african student threaten india' intens diplomat outreach contin,neutral
first group local came forward yesterday cake card african victim racist mob violenc,neutral
drive check errors.,neutral
ugc extend fund scheme,neutral
eight coach derail near station uttar pradesh,neutral
nine injured: cpro north central railway.,neutral
sc hear variou petit constitut legitimaci today,neutral
protestor began tri rescu trap,neutral
bring share issue?,neutral
day sell 96000 truck buse,neutral
670000 bike,neutral
16000 car 40000 autos.,neutral
824000 new vehicl trash,neutral
home truth,neutral
dhaka talk chines more. also epaper.,neutral
music legend receiv diploma medal stockholm next day,neutral
nashri tunnel: pm inaugur india' longest road tunnel video:,neutral
toshiba approv chapter 11 file nuclear unit westinghouse: nikkei,neutral
epic migrat campaign end slaughter pit stop.,neutral
abha narain lambah mission restor capitol complex,neutral
way tackl world' say prabhat patnaik.,neutral
fear outrag among student delhi,neutral
varsiti,neutral
mood commun,neutral
hijab stand radicalisation.,neutral
milit wing welcom ask speak,neutral
3 shot dead protestor tri rescu,neutral
visit prime minist,neutral
spell endures.,neutral
perch peak,neutral
african hunt noida,neutral
kabali' spell,neutral
more. also epaper.,neutral
mighti albatross carri missil torpedo,neutral
depth charg sonobuoys.ps note 'msl-torp' get releas,neutral
go pace decommissioing. poignant moment in/ air arm - give send true war hors,neutral
attack five arrest,neutral
cm assur imparti probe,neutral
ashok v desai note yet say word whether achiev goals.,neutral
govt look get sena mp list.,neutral
suprem court said welfar scheme proof.,neutral
india' forc want 20 mp name shame antics.,neutral
44 day extrem that' predict,neutral
heat wave come,neutral
handl bulli,neutral
welfar,neutral
more. also epaper.,neutral
7-judg bench set hear plea challeng right possible:,neutral
govt,neutral
howev,neutral
cannot stop use scheme like open bank account,neutral
say,neutral
govern cannot make mandatori extend benefit welfar schemes:,neutral
manini chatterje adopt yore.,neutral
life dark corner becom magic villag got 1st year.,neutral
gave mp bu board flight...a 'goodwill',neutral
ignor shape indians' attitud toward,neutral
diplomat worri choic chief minister.,neutral
mp sushmita dev' plea keep take wing online.,neutral
bjp' flag campaign,neutral
modi' comment.,neutral
envoy worri india tax sanitari napkin,neutral
clue,neutral
more. also epaper.,neutral
iconoclasm carnat expon move beyond artifici boundaries.,neutral
matthew hayden,neutral
india versu australia holyfield versu tyson,neutral
puritan critic damn,neutral
effect figur show that.,neutral
mean mathew hayden.,neutral
sajeda momin cm logic mileston death,neutral
electil dysfunct (among losers),neutral
case elector reforms.,neutral
self-belief kept top game.,neutral
despit edg,neutral
can't defend digit asset,neutral
tm krishna took beyond fix format,neutral
venu audiences.,neutral
7days: cricket' common princ,neutral
adityanath' rise,neutral
calcutta' timekeep,neutral
more.,neutral
tick-tock brotherhood keep calcutta' old running.,neutral
4000 punjab cop spent night prevent fill breach wall,neutral
cash reward like doctor follow correct protocol.,neutral
india tri seal,neutral
man equat great leap backward talk ask mukul kesavan.,neutral
centr overrid bengal,neutral
set 1 800,neutral
000 seat across 3400 colleges.,neutral
kp nayar failur repeal wake-up call him.,neutral
wake-up call trump,neutral
progress great leap backward,neutral
electil dysfunct,neutral
more. also epaper.,neutral
develop,neutral
appeas none polici govt,neutral
say chief minist yogi,neutral
delhi cm put trial crimin defam case file union minist arun jaitley matter.,neutral
femal cop take selfi guard acid attack victim hospit,neutral
suspend,neutral
sunanda datta-ray journey light,neutral
modi govt consult talk,neutral
car sale recov region -- bar east,neutral
shashank manohar stay chairman till june meet.,neutral
bengal,neutral
made trek 2km fetch water,neutral
industrialist ask question,neutral
,neutral
share bugbear.,neutral
list may good idea.,neutral
india' list,neutral
quiz industri,neutral
common bugbear india more. also epaper.,neutral
ed issu notic violat provis tune rs 73 crore ipl.,neutral
vistara join pervert airlin call list assault air india manag mp,neutral
suprem court ask poll panel secur need test,neutral
petition wants.,neutral
assault air india manag,neutral
mp put no-fli list pervert airlin well.,neutral
twitter explor premium version 11 year free servic,neutral
india' go 6 months.,neutral
administr name cricket body.,neutral
govt drop plan slip pseudo,neutral
1st round talk held,neutral
without hawks.,neutral
lucknow,neutral
fame conform.,neutral
lucknow' fall,neutral
gun bjp,neutral
govt duck call vote verifi,neutral
more. also epaper.,neutral
unruli behaviour violenc aviat network regrettable. incid investig appropri,neutral
7 arrest attack case; polic see link.,neutral
update: british polic arrest seven probe attack,neutral
7 arrest attack probe.,neutral
british polic probe background terrorist.,neutral
bombay high court direct protest resid resum duti immedi,neutral
swapan dasgupta elect dash hope would weaken.,neutral
peopl want buy bulk govt,neutral
take home to...wel,neutral
nitish stupid.,neutral
ministri,neutral
keep 36 portfolio himself.,neutral
bihar meet,neutral
ask questions-- get spend 6 hour cop (but answers).,neutral
40,neutral
000 join 4500 alreadi assaults.,neutral
despair research seat slashed.,neutral
7 car crush tanker carri molten tar.,neutral
govt slip secreci claus companies.,neutral
attack westminst,neutral
cash cloak parti,neutral
molten tar wipe famili,neutral
more. also epaper.,neutral
live: british polic say casualti,neutral
includ polic attack near uk parliament; cannot confirm number.,neutral
today doubl annual contract india cricket rs crore,neutral
rs 1 crore rs 50 lakh respectiv,neutral
tn farmer skull protest delhi,neutral
cm ban paan,neutral
chew govt offic,neutral
hospit,neutral
school,neutral
colleg --for healthi,neutral
ugli high-ris take grand structur ignor,neutral
bungalow razed.,neutral
committe constitut ministri recommend citi taxi allow run app base platforms.,neutral
chief minist ban paan masala,neutral
gutka,neutral
polythen govern offic,neutral
order ban,neutral
draft challeng high court order case,neutral
bureaucrat wonder.,neutral
84% cut research seat,neutral
elit centr (includ intake.,neutral
crude 'architecture' take world' citi build,neutral
crude build take citi world icon build,neutral
anti-romeo squad start lucknow video:,neutral
effigi burn jnu strike 84% research seat cut affirm action junk,neutral
kp nayar,neutral
way europ lie,neutral
step,neutral
bihar tell govt reject idea.,neutral
slash research seat,neutral
key europ,neutral
revisit,neutral
more. also epaper.,neutral
sc issu notic centr,neutral
elect commiss plea seek scrap benefit given,neutral
one year younger one year elder,neutral
govt propos limit rs lakh rs 3 lakh propos,neutral
suprem court say final hear disput case juli 11.,neutral
suprem court say auction aambi valley project money paid others.,neutral
suprem court take record 'unqualifi apology' tender bengal counsel,neutral
dismiss plea withdrawn.,neutral
suprem court term 'unfortunate' ground cite bengal govt plea hc order ask cbi take case,neutral
suprem court refus stay cbi probe sting sever leader allegedli caught camera take money.,neutral
visit today 1st time take oath cm,neutral
inh sikhaiye!!! msi request teach rope politics..,neutral
patna zoo sell nest box,neutral
patna' tire machine.,neutral
protein australian venom may help victim recov faster.,neutral
choic cm give jitters.,neutral
bjp rush shake upper-cast tag.,neutral
villag,neutral
headmast find truant kid harvest crop.,neutral
,neutral
agre teach ropes?,neutral
tutor kid rope harvest,neutral
telecom giant born,neutral
more. also epaper.,neutral
britain trigger brexit march 29:,neutral
govt merg bharatiya mahila bank greater servic outreach,neutral
high court grant stay crimin proceed minist case file mla mohua moitra.,neutral
agit delay 15 days. troubl soon come..,neutral
bsp leader shot dead late last night,neutral
murder larg,neutral
4000 migrat 2015 shield capital.,neutral
65 year,neutral
bengal unit final get full-tim chief.,neutral
,neutral
minist,neutral
project india test,neutral
haryana' call march sieg parliament.,neutral
yogi vow work all.,neutral
bjp certain get away anyth,neutral
say manini chatterjee.,neutral
mass bunk,neutral
order weekli trainees.,neutral
fan see futur pm.,neutral
yogi pm,neutral
sunday holiday recruit,neutral
moon. more. also epaper.,neutral
give trial run month,neutral
say,neutral
tell give 2-month trial run. also disagre vote,neutral
centr mobilis 247 compani (about 24,neutral
700 personnel) paramilitari forc haryana,neutral
delhi uttar pradesh view,neutral
govern okay 33% reserv women state job,neutral
yogendra yadav futur india get wrong,neutral
more.,neutral
take eye,neutral
parti led can't seem look beyond famili top posts.,neutral
7 days: bjp' 'good dynast parti,neutral
bengali get local,neutral
more.,neutral
set take oath cm today,neutral
sworn deputi cm,neutral
bjp see stamp miss choice.,neutral
bjp sold develop -- sprang hawk.,neutral
former captain michael john clark strength team,neutral
leadership more.,neutral
bjp govt faces.,neutral
graveyard echo choic chief minister.,neutral
bjp stun ugc letter forgeri,neutral
doctor split bengal bill.,neutral
also epaper.,neutral
yogi sworn chief minist sunday afternoon.,neutral
yogi adityanath arriv venu meet mla amid talk name chief minist,neutral
'shocked' hc order handov cbi,neutral
vow move suprem court.,neutral
retain tv innings.,neutral
whatev india offer biggest issu,neutral
calcutta hc send case cbi.,neutral
went meet,neutral
rahul met hc give cbi,neutral
dig amartya,neutral
more. also epaper.,neutral
hrd stop fund research social exclus,neutral
report,neutral
oath take new cm take place 5 pm sunday: keshav prasad maurya,neutral
hc direct conclud preliminari inquiri within 72 hour regist fir,neutral
required.,neutral
calcutta high court order probe sting operation.,neutral
seriou concern regard india captain 's shoulder injuri,neutral
say,neutral
cloud state boss keshav maurya' chanc becom chief minister.,neutral
like elect cm: sourc,neutral
india urg talk,neutral
zoo mark,neutral
100,neutral
000 villag taught googl design,neutral
recip skills.,neutral
hc scrap plea jnu norms. seat cut,neutral
100 per cent viva follow,neutral
surpris resign boss manohar,neutral
back squar one.,neutral
happen promis fund,neutral
sudden blaze destroy bungalow.,neutral
bengal traffic cop pen paper.,neutral
leav weaken travel ban order muslim,neutral
kp nayar says.,neutral
fund fear research,neutral
hot,neutral
death 1st solo trip more. also epaper.,neutral
newli elect mla meet lucknow mar 18.,neutral
new delhi: health minist brief media live:,neutral
protect tampering/manipulation: elect commiss,neutral
elabor system place prevent misus evms: elect commiss,neutral
nia take investig bhopal-ujjain train i blast case,neutral
take custodi 3 accus bhopal polic,neutral
merit claim tamper with; alleg wild baseless:,neutral
navjot singh sidhu sworn cabinet minist govt,neutral
greet cm captain amarind singh,neutral
capt amarind singh take oath 26th chief minist watch live:,neutral
british dhc bruce bucknel institut entrepreneur head manoj da discuss skill devt ne,neutral
akhilesh meet newli elect sp mla today,neutral
decid new legisl parti leader futur cours action. also,neutral
22 support,neutral
cm prove major assembl today.,neutral
smooth affair today,neutral
man took neighbour court pet dog bark night-- judg,neutral
regim changes. bulli polic offic not.,neutral
return warm welcom,neutral
boss india' largest caution waiv,neutral
law cannot replac trust compass,neutral
amit chaudhuri hard give experi pleasur pain.,neutral
subir bhaumik cast shadow india' tie,neutral
shashank manohar quit how!,neutral
boss quit,neutral
caution loan waiver,neutral
arson film set,neutral
more. also epaper.,neutral
govt seem slip budget2017.,neutral
govt seem slip budget2017.,neutral
rohith' buddy' autopsi caught distrust,neutral
rape-accus leader gayatri prajapati nab --after roam delhi,neutral
gurgaon bengal.,neutral
municip held april 22: state elect commiss,neutral
manohar sworn chief minist,neutral
cm demand conduct mcd poll via ballot paper place evm,neutral
sc refus stop becom cm,neutral
call floor test.,neutral
financ minist given addit charg ministri rashtrapati bhavan,neutral
shri arun jaitley shall assign charg ministri defenc,neutral
addit exist portfolio,neutral
accept resign shri manohar parrikar council minist immedi,neutral
finmin arun jaitley given addit charg defenc ministri follow manohar parikkar' resignation: rashtrapati bhav,neutral
limit cash withdraw today,neutral
parrikar resign defenc minist,neutral
sworn chief minist tomorrow.,neutral
hindu undercurr led surge. stori feb.,neutral
raj bhavan deni report call parti form government.,neutral
governor ask congress cm okram ibobi singh resign process format next govt started.,neutral
walks; leader bow 'nayak'. stori,neutral
mandat,neutral
see new highlight pm speech bjp hq,neutral
oil price hit three-month low u.s. rig count climb,neutral
assam lawmak want nation bodi save,neutral
200000 peopl turn bolpur fame,neutral
hardest interview life,neutral
say bid enter,neutral
here' bsp theori 71% popul vote bjp.,neutral
peopl want handout,neutral
want say victori rally.,neutral
modi say peopl want handout,neutral
malala' oxford entri,neutral
revers polaris more. special epap link.,neutral
print edit today,neutral
look epap special link.,neutral
match refere umpir went book,neutral
say,neutral
bjp claim voter risen,neutral
strengthen sens belong among calcutta',neutral
hire peopl task edge.,neutral
consolid independ 2nd countrywid polit entity.,neutral
7day today: bjp' expand footprint,neutral
take gatka,neutral
brit-bash,neutral
hire blind employees. more.,neutral
u.s. attorney preet bharara fire refus quit. here:,neutral
yogi adityanath keshav prasad maurya,neutral
know name possibl next cm video:,neutral
time modi' reforms.,neutral
piyush srivastava look stun victori,neutral
black mark report card?,neutral
becam demonetis note,neutral
victori may bad news,neutral
mukul kesavan bcci curiou case versu steve smith.,neutral
magic combin organis strength brought back 1-parti system.,neutral
modi,neutral
dynasti demonetis,neutral
number say,neutral
more. also epaper.,neutral
15 year,neutral
bjp captur record show.,neutral
congress win 77 seat 117-member assembl,neutral
1 short two-third majority.,neutral
bjp (13 seats) fail get major congress emerg singl largest parti bag 17 seat 40-member house.,neutral
congratul shri. narendra modi bjp victori uttar pradesh uttarakhand,neutral
l congratul peopl,neutral
respect accept verdict: aimim chief,neutral
l reach raj bhavan tender resign cm,neutral
cm laxmik parsekar tender resignation. lost seeandid dayanand sopt see,neutral
want quit fight type election: irom sharmila lose maiden elect (ani),neutral
| understand state ohf mind ohf ji right nohw. henc,neutral
dohn't want toh cohmment ohn it: amit shah oh,neutral
| chief press confer begin shortly. stay tuned.,neutral
get major 117-member win 59 seat,neutral
lead 18 seats.,neutral
bjp head landslid win samajwadi conced defeat mayawati want fresh poll use paper votes.,neutral
update: manhattan attorney preet bharara ask resign along obama-era u.s. attorney - doj.,neutral
jharkhand bodi upgrad pitch test.,neutral
manipur assembl elect result live: congress ahead 6 seat,neutral
accept people' mandat,neutral
say sp leader shivpal yadav,neutral
l uttar pradesh (leads/trends) 373/403 264 70 27 other 12,neutral
jharkhand bodi upgrad pitch test.,neutral
becom epicentr industri bihar.,neutral
upright cop son arrested.,neutral
forecast wet dol (sunday) dri (monday).,neutral
armi chief' word ring pellet-hit boy' ears.,neutral
(leads/trends) 05/70 bjp: 3 cong: others: 0,neutral
(leads/trends) 26/117: bjp/sad: 3,neutral
cong: 17,neutral
aap: 6,neutral
others: 0,neutral
uttar pradesh (leads/trends) 103/for03 55 26 18 other,neutral
foreign polici must root ethic,neutral
sunanda datta-ray say line visit,neutral
get latest fastest updat throughout day here:,neutral
face arrest warrant,neutral
high court judg play card.,neutral
117 acquit,neutral
13 held guilti murder.,neutral
readi long winner named.,neutral
13 guilti murder,neutral
laddoo winner,neutral
1st warrant judg,neutral
more. also epaper.,neutral
india' product grew 2.7% january.,neutral
govt say relianc tender apolog use prime minister' pictur ad without permission.,neutral
suprem court issu arrest warrant get high court judg face case.,neutral
broke rank bodi east,neutral
again.,neutral
winner award telegraph' - advantag 2017.,neutral
amit roy tour,neutral
bengal top --in women children.,neutral
india' action chariti trigger spat administration.,neutral
assam,neutral
milit opt poach fund outfit.,neutral
south korea' constitut court uphold presid park' impeach,neutral
plan cap fee,neutral
privat put expans hold.,neutral
3 publish close suit photocopi,neutral
akhilesh keep option open,neutral
akhilesh 'aunt',neutral
publish lose photocopi,neutral
bengal bill scare pervert school,neutral
more. also epaper.,neutral
old street directori,neutral
shop directori,neutral
roll one.,neutral
got bred local pig variety.,neutral
flash - ghous mohammad khan,neutral
mastermind modul arrest polic,neutral
put forth search question liquor baron disclosur asset court.,neutral
suprem court reject age plea skip jail.,neutral
nia take encount,neutral
mp cases: rajnath.,neutral
fresh fir file jnu alleg misbehaviour students. student accus assault,neutral
earlier,neutral
summon,neutral
jammu kashmir: 2-3 terrorist hole hous,neutral
fire underway,neutral
re-pol underway 8 assembl constitu went poll 1st phase march,neutral
meghalaya got bred local pig variety.,neutral
racket back politician prevent legal govt licensees.,neutral
rural plan counter azadi call.,neutral
india tap,neutral
suprem court caution steal sari,neutral
please!,neutral
terrorist lucknow: make statement,neutral
mp incid,neutral
amit roy maneck dalal launch international.,neutral
indian medic bodi moot handl success trial tamil nadu.,neutral
record haul booz,neutral
drug despit,neutral
suspect attack nab,neutral
polic jump gun claim hand train blast?,neutral
2nd phase begins; cm okram ibobi cast vote,neutral
abp news exclusive: arm,neutral
ammunit explos materi recov lucknow oper end video:,neutral
indian politician still need lucki charm -- campaign bus.,neutral
captain' knock,neutral
turf,neutral
say,neutral
editorial: mayor cannot trust,neutral
india could gain partnership say kp nayar.,neutral
poll underway 40 assembl seat spread across 7 district seventh final phase,neutral
anti-terror oper lucknow' outskirt end,neutral
1 terrorist killed; report terrorist hole false: adg,neutral
indian want polic cover,neutral
cite outsid inflow open campus.,neutral
rahul say afraid,neutral
want cisf presenc,neutral
life term prof saibaba. more. epaper.,neutral
one depriv benefit lack benefit continu altern mean identification:,neutral
new mother challeng chang date exchang notes.,neutral
sept18 terror attack,neutral
armi block key highway. civilian suffering.,neutral
1 rupe increas mock dignified-liv plea,neutral
say,neutral
destroy,neutral
govt spark traffic chao plan grand gate,neutral
ruchir joshi calcutta' destroy vandal decid future.,neutral
bengal law singl may keep investor -- critic cases.,neutral
jitter pervert healthcar bengal,neutral
citi palac,neutral
dhoni fan' tenac,neutral
more. also epaper.,neutral
meant 'potato factory' thrive realiti bengal farmer chain.,neutral
court ask report fraca,neutral
put question mark video.,neutral
former presid render unqualifi uncondit apolog suprem court.,neutral
suprem court want know exchang note stop march 31 deadline.,neutral
case: exempt centr file statu report proceed intern tribunal.,neutral
suprem court told peopl allow deposit note till mar31 promis,neutral
ask govt,neutral
explain.,neutral
note enter system via calcutta busi district.,neutral
team come minim side-effects.,neutral
process social chang seldom linear pretti,neutral
say manini chatterjee.,neutral
unoffici ban dub movi challeng,neutral
food dissent tradit,neutral
violenc,neutral
space debat dissent continu shrink.,neutral
anoth 'go-back' shoot us,neutral
academ sieg,neutral
menu judg,neutral
more. also epaper.,neutral
policeman,neutral
two milit kill encount last nearli 12 hours.,neutral
spring,neutral
must varsiti,neutral
stori 100-yr-old treasur streetsmart bengal (,neutral
marri maoist swati sengupta,neutral
actual live honesti integr embrac,neutral
tell,neutral
could meet saltwat next time,neutral
old street directori astound detailing.,neutral
ralli cri becom thing behold celebr season.,neutral
prime minist made man beat,neutral
7days: ralli cri student,neutral
varanasi,neutral
croc more.,neutral
mukul kesavan attack means.,neutral
flame sing event colleges.,neutral
rahul modi trade barb,neutral
farmer get lucki,neutral
leftist becam minor voic,neutral
privat fear plan monitor function give local leader death grip.,neutral
govt decid merg industri departments.,neutral
centr hike job scheme by... (and rupee).,neutral
trump administr resist econom visa indian companies.,neutral
us visa worri,neutral
bengal privat school fix,neutral
focu msme,neutral
wage hike,neutral
more. also epaper.,neutral
punjab,neutral
jk resum work system river.,neutral
69% poll till 1pm,neutral
3 garden make mark us meet.,neutral
govt' latest: school kids.,neutral
23 year,neutral
increas order workers.,neutral
caution site inroad mayor (who also minist hous environment.),neutral
fear law' provis may forc privat shun critic cases.,neutral
perspect strife.,neutral
karnataka bodi decid boycott award function.,neutral
break russia,neutral
open entertain tv market,neutral
top bureaucrat innoc,neutral
frame politician,neutral
ia offic insist.,neutral
law check privat hospit,neutral
take aol instant messang,neutral
suprem court give govt chanc oppos judg appoint 'nation security'.,neutral
china caution visit arunach pradesh.,neutral
tension visit,neutral
pill school,neutral
sc collegium accept govt thorn,neutral
more. also epaper.,neutral
happen secur agenc argu need tag,neutral
fear plan set rate,neutral
blast offic,neutral
injur,neutral
fraca overbil,neutral
bengal draft bill check bills.,neutral
room india indian,neutral
say presid mukherjee.,neutral
note indian,neutral
muddl,neutral
control more. also epaper.,neutral
4/the pilot project green transport across nation capit region next servic introduc,neutral
rare speci say hello century.,neutral
top make pay cash transact branches.,neutral
bengal detect get religi nab leader accus,neutral
pull neglig bengal cm order parti meddle.,neutral
develop mean fill also mean death,neutral
rock fossil clue earth.,neutral
india would well abolish say,neutral
junior home minist admit made comment without seen video.,neutral
govt made look benign: use revis (and lower) base comparison.,neutral
hole' armour,neutral
key minist comment freeli,neutral
modi' bug,neutral
more. also epap,neutral
jaitley say like pick come quarters.,neutral
fm jaitley say q3 data substanti impact economy' resili remonetis helped.,neutral
blaze put spotlight grand piec histori lurk lanes.,neutral
kanwal sibal could victim disrupt thinking.,neutral
effect: batsman get boo score century.,neutral
gunbattl fell father.,neutral
defens cri media trial.,neutral
delhi worri silenc,neutral
midst incendiari wish,neutral
teacher said stand.,neutral
mysteri effect data.,neutral
mysteri data,neutral
teacher back worri silenc,neutral
more. also epaper.,neutral
gdp grew 7% quarter,neutral
full year project 7.1%.,neutral
breaking: govern forecast 2016/17 growth 7.1 percent,neutral
breaking: india decemb quarter gdp 7 percent (reuter forecast 6.4 percent),neutral
growth 8 core sector slow 3.4 pc januari compar 5.7 pc year-ago month.,neutral
ashok v desai formula tackl banks.,neutral
crpf get take plant,neutral
'nationalist' cub threaten cut finger,neutral
courag,neutral
cowardice; season bud thorn,neutral
more. also epaper.,neutral
57.36% turnout fifth phase vote end larg peac 51 assembl seats: ceo venkatesh,neutral
arrest woman director hong kong-bas firm rs 1478 crore case regist post,neutral
abvp take tricolour march 180ft long flag ramja,neutral
princip rajendra prasad say heart bleed v,neutral
begin 51 assembl constitu spread across 11 districts. eye,neutral
jp yadav rebrand,neutral
backlash hail 'true patriot'.,neutral
kp nayar governor us state say,neutral
messag governor us state,neutral
modi criticis,neutral
stem import,neutral
more. also epaper.,neutral
'control' part go,neutral
say,neutral
offer help,neutral
formid madam calcutta' run business.,neutral
push 86,neutral
physicist still tabl full,neutral
say prasun chaudhuri.,neutral
resist trumpland noth citizenri yet match.,neutral
push team use twitter tool.,neutral
7days: modi' rule twitter,neutral
big boss calcutta' scienc give,neutral
more.,neutral
bihar cm cite siltat threat barrag nation waterway.,neutral
day left-arm turner,neutral
took aol instant messang money more.,neutral
play du colleges.,neutral
question america,neutral
big brother academia,neutral
day,neutral
more. also epaper.,neutral
suspect 2002 attack case calcutta arrest gaya: bihar police.,neutral
today: congress vp address ralli gonda,neutral
sultanpur bahraich,neutral
today: pm address ralli imphal,neutral
american consid hero.,neutral
live money,neutral
that' live,neutral
tell,neutral
dream one still aliv,neutral
find sunanda k datta-ray.,neutral
du push,neutral
test autonomi waters.,neutral
techi kill --and american took bullet aim another.,neutral
indian techi shot us,neutral
call afford dialysi,neutral
stephen' test autonomi,neutral
more. also epaper.,neutral
bihar exam body' boss,neutral
nephew held question-pap scam.,neutral
maharashtra,neutral
savour civic win congress loss.,neutral
twist case,neutral
angst author,neutral
bjp fli wing,neutral
more. also epaper.,neutral
result live: lead 93 seat offer resign,neutral
aap govt move sc set 5-judg constitut bench decid appeal hc verdict hold lg delhi' administ,neutral
12-15% turnout till 10 phase-iv.,neutral
telecom oper acquir busi telenor india seven circl hold spectrum.,neutral
statement terrorist initi incid shopian,neutral
jk attach,neutral
milit attack kashmir' shopian district,neutral
6 injur,neutral
civic poll count begin 10 today; eye result,neutral
sekhar raha let go past,neutral
nation 70 must begin new life.,neutral
soumitra da listen kirtan ask set rules.,neutral
swapan dasgupta must assess basi nation self-interest.,neutral
citizen petit govt make nurs home come clean,neutral
ugc propos 20% pay hike colleg teachers.,neutral
guess happen said 'adopt son',neutral
hit splurg freebi,neutral
founder admit gmv vaniti,neutral
profit sanity.,neutral
modi adopt son,neutral
snap,neutral
check hospit,neutral
pay hike plan,neutral
more. also epaper.,neutral
standoff left abvp block entranc mauric nagar ps. stone egg shoe thrown ps side. mani hurt,neutral
pitch battl progress du abvp disrupt ramja march mauric nagar ps,neutral
econom blockad impact process,neutral
arrang made ensur free fair election: cec (f,neutral
du' ramja colleg cancel event protest invit speakers.,neutral
7 new speci found,neutral
govt set menu item limit wed,neutral
india push univers accept 3yr graduat courses.,neutral
india invok emerg claus end pricing.,neutral
reliance' promis free voic call roam 1 year... cheap,neutral
kp nayar tension crept tie,neutral
receiv end,neutral
crown india',neutral
extend offer mobil battl,neutral
find indian trump,neutral
troubl life end more. also epaper.,neutral
write tn assembl secretari no-confid motion speaker dhanapal.,neutral
bmc,neutral
9 civic bodi state go poll tuesday,neutral
gener known sharp question trump' new top secur advis,neutral
garg rap post,neutral
expert say wrong blame ganga siltation.,neutral
even $2.17m,neutral
within budget,neutral
sanjiv goenka tell,neutral
allow barrag name say,neutral
amit roy look campu abroad.,neutral
graveyard barb,neutral
hit advertisement.,neutral
ass star battl,neutral
fest san pak voic,neutral
beyond brexit,neutral
more. also epaper.,neutral
regist case meat export graft case; name former chief ap singh also.,neutral
governor ask shurhozeli liezitsu form government; swearing-in feb22.,neutral
surit doss forget dynam mobil,neutral
dr kunal sarkar cartel rip patient,neutral
tap self-help group,neutral
harvest 1st crop,neutral
eaglenest sanctuari,neutral
could dethron top draw.,neutral
bihar extens impact privaci right,neutral
say,neutral
lesson school.,neutral
exclus jnu fir mark aisa leadership,neutral
seriou charg absent varsiti press releas appear plaint htt,neutral
manini chatterje fail live promise.,neutral
bengal orphanag suspect sell babi coupl us,neutral
europe.,neutral
top offic speak innoc victim suffer.,neutral
ip offic frame-up,neutral
modi' call orphan traffick,neutral
more. also epaper.,neutral
goenka' surprise:smith lead pune,neutral
palaniswami' victori (and dhoti survived),neutral
studi sprout,neutral
more. also epaper.,neutral
murali' initi goe jaffna,neutral
prasun chaudhuri (dying?) art carv,neutral
imagin pay rs500 -- 1863.,neutral
poll underway 69 assembl seat spread across 12 district phase-iii,neutral
malik sajad,neutral
artist line control.,neutral
sonia sarkar nationalist studi sprout across campuses.,neutral
import fasten waistband reveal win trust vote.,neutral
come prey,neutral
india' protect forest plan,neutral
scientist find.,neutral
part,neutral
versu,neutral
flash: suprem court' order,neutral
fir regist minist gang rape sexual harass,neutral
trust vote 122-11.,neutral
edappadi win vote confid 122 vote,neutral
11 against. earlier:,neutral
palaniswami win trust vote 122 mla vote govt chaotic day. earlier;,neutral
chao call secret vote.,neutral
opposit creat rucku trust vote,neutral
hous adjourn till 3pm.,neutral
live: rucku assembl 'secret ballot' demand,neutral
mla sit speak' chair angst,neutral
can't risk slightest smile today.,neutral
ram guha money crimin got india.,neutral
delhi airport drop glitch,neutral
big fail.,neutral
legal eagl back call probe suicid note.,neutral
delhi high court order cop shield will drivers; tell striker deal companies.,neutral
india still keen buy westinghous reactor despit toshiba meltdown,neutral
member camp meet assembl speaker p dhanap,neutral
day ahead confid vote.,neutral
idea wrong,neutral
say,neutral
rbi chief see v growth rate.,neutral
fake exit poll result circul use abp news' brand name. want clarifi air exit piss,neutral
samsung chief lee arrest south korean corrupt probe deepen,neutral
may find tough control govt jail.,neutral
jp yadav find us-versus-them undercurr,neutral
india' foreign secretari visit next week 'frank' talks.,neutral
kp nayar parti revolt knock nomine labour secretari post.,neutral
floor test saturday.,neutral
idea wrong,neutral
say,neutral
bajaj call bad idea,neutral
palani court rule more. also epaper.,neutral
sworn-in chief minist,neutral
jnu vc clarifies: ugc gazett wont appli retrospectively. exist mphil student admit phd goodby,neutral
31-member cabinet sworn-in 4.30pm: raj bhavan.,neutral
5-judg constitut bench sit may decid plea relat aspect tripl 2/2,neutral
sc frame issu mar30 regard tripl nikah halala consideration.1/2,neutral
less cricket,neutral
also make centuri,neutral
say isro offici annadurai,neutral
nadu governor invit edappadi k form govern earliest.,neutral
premier calcutta ransack death,neutral
,neutral
arrest yet.,neutral
latest lack econom philosophi,neutral
say sl rao.,neutral
dipankar dasgupta pitfal,neutral
india mull auditor check misus,neutral
bureaucrat face action drink alcohol -- anywher world.,neutral
'slaps' memori mean.,neutral
go back back jail,neutral
instal nephew proxi,neutral
field nephew,neutral
virat kohli,neutral
beyond bihar border,neutral
more. also epaper.,neutral
cabinet approv merger five subsidiari state bank india state-own lender: financ minist arun jaitl,neutral
foreign tourist e-visa get free card arrival.,neutral
turnout till 5 pm 68 per cent,neutral
say,neutral
india' jan 2017 rise 4.32% $22.11bn -- import 10.70%,neutral
widen trade deficit $9.84bn.,neutral
urban growth threaten kidney -- world' largest wast recycl system.,neutral
kp nayar exit could bad india.,neutral
stir cold war,neutral
scene drama,neutral
india' air pollut,neutral
more. also epaper.,neutral
e local functionari legislatur parti leader,neutral
live: polic given direct evacu mla kuvathur,neutral
dgp like take final call.,neutral
meet governor ends. stake claim form government: jaya tv.,neutral
kim jong nam,neutral
estrang half-broth leader kim jong un,neutral
kill airport women poison needles.,neutral
take aerobat display inaugur,neutral
centr allow prosecut former princip secretari delhi chief minist arvind kejriw,neutral
graft case,neutral
bjp urg governor vidyasagar rao take decis basi number well credibility.,neutral
governor vidayasagar rao meet new legislatur parti leader edappadi k palaniswami other 5.40pm.,neutral
india cap price -- rs7,neutral
260 bare metal rs29,neutral
600 drug eluting-- crackdown wild markups.,neutral
sasikala expel score rebel includ minist k pandiarajan senior leader c ponnaiyan,neutral
aiadmk expel suprem court rule knock cm race.,neutral
aiadmk expel suprem court rule knock cm race.,neutral
suprem court restor bangalor trial court verdict hold other corrupt case.,neutral
breaking: suprem court convict disproportion asset case,neutral
mettur legisl semmalai join cm camp.,neutral
trump nation secur advis flynn resign controversi russian contact,neutral
mayawati play divide-and-woo home turf. upelect,neutral
could miss flight bangalor,neutral
ashok desai accident new book tirthankar roy anand v. swamy.,neutral
noon,neutral
suprem court decid futur rival,neutral
patna boy got play tabla.,neutral
tehmina janjua 1st woman foreign secretary.,neutral
tamil nadu wait,neutral
indian heft pope,neutral
modi,neutral
pakistan' 1st woman foreign seci,neutral
more. also epaper.,neutral
eas 3.17 per cent januari 3.41 per cent december.,neutral
7-judg sc bench hear plea madra hc justic order stay transfer. earlier:,neutral
justic fail appear apex court face contempt charges.,neutral
non-teach staff call end jnu stir,neutral
vc say law take cours occup adblock doesnt end despi,neutral
calcutta hc judg c karnan fail appear sc connect suo motu contempt proceedings.,neutral
bjp worker stab death local templ festiv mukkattukara kerala' district,neutral
like hear pil swearing-in today,neutral
delhi airlift blockad lifted.,neutral
use track prevent track death,neutral
tell state.,neutral
bonhomi strike chord ground.,neutral
india' spike 3 initi,neutral
amit roy clash,neutral
men friend across border,neutral
says.,neutral
race hot,neutral
play woman wronged.,neutral
britain becom xenophob hostil,neutral
high commission domin asquith insists.,neutral
scientist calcutta trace build block space,neutral
say prasun chaudhuri.,neutral
lost password,neutral
troubl googl play more.,neutral
moral outrag cannot guid thing get messi,neutral
say manini chatterjee.,neutral
almost overnight,neutral
becom crowd-puller.,neutral
crowd flock rowling-morgan clash,neutral
cash-swap case,neutral
more. also epaper.,neutral
chidambaram opposit,neutral
jaitley financ minist,neutral
more.,neutral
7 days: assam vie tast bud,neutral
grill,neutral
more.,neutral
compar 2015 2017.,neutral
graduat captain,neutral
mukul kesavan state fourth estate.,neutral
tn,neutral
run patienc,neutral
governor' letter leak,neutral
get crowds.,neutral
question: bank correspond coerc switch old notes?,neutral
death currenc,neutral
patienc,neutral
boss shunt,neutral
more. also epaper.,neutral
anoth mp join camp,neutral
fret wait governor' call.,neutral
minist,neutral
mp join camp; fret tend flock.,neutral
63% voter turnout phase 1,neutral
veteran leader parti spokesperson join camp.,neutral
sasikala seek meet governor,neutral
3 switch selvam' side.,neutral
hundr immigr arrest 'routine' u.s. enforc surg,neutral
today,neutral
great mean win say sunanda k dattaray.,neutral
1st phase assembl elect begins. 73 constitu,neutral
20 million voters.,neutral
poll 2017: poll first phase begin,neutral
appeal peopl vote,neutral
resort host 120-odd lawmak camp.,neutral
survivor riot simpl messag voters.,neutral
france' group buy brand birlas.,neutral
mamata' dole,neutral
theatr,neutral
riot refugee' resolv more. also epaper.,neutral
50k dole budget migrant worker hit,neutral
india' industri product contract 0.4% dec 2016 declin 0.9% dec 2015.,neutral
court direct bsf allow trooper tej bahadur' wife meet,neutral
passeng open chute aircraft taxi mumbai airport; 1 injured.,neutral
former minist ka senkottaiyan replac madusudanan presidium chairman,neutral
govt appoint director ten indian institut management.,neutral
state bank india q3 profit doubl rs 2,neutral
610 crore rs 1,neutral
115 crore period year ago.,neutral
setback trump,neutral
u.s. judg reject travel ban,neutral
bahu make demand.,neutral
shatter firozabad' industry.,neutral
mom lost teen kid fire same%2c old%2c bore shit let lightli,neutral
again.,neutral
lawmak jump ship,neutral
memori get list,neutral
governor ponders.,neutral
eye governor,neutral
note crunch glass-bangl,neutral
ansal let lightli (again),neutral
more. also epaper.,neutral
gen seci call governor ch vidyasagar rao,neutral
stake claim form govern tamil nadu,neutral
vk pay homag jaya' memorial; place seal cover,neutral
presum mlas' support list,neutral
memorial.,neutral
'good thing happen,neutral
' say tn cm meet governor ch vidyasagar rao.,neutral
held detail discuss governor happen tamil nadu,neutral
say,neutral
cong boycott pm parliament raincoat remark; coordin parti,neutral
say,neutral
opposit disrupt demand apolog,neutral
watch top 10 news day video:,neutral
patienc,neutral
test politics.,neutral
enough! say suprem court end 38yr legal battl project.,neutral
tamil nadu,neutral
number,neutral
claim masses. decides?,neutral
match versu gut feel modi' dig suprem court act more. also epaper.,neutral
chang stanc accommod neutral.,neutral
keep key unchanged-- repo 6.25%,neutral
margin stand facil bank rate 6.75%.,neutral
suprem court ask justic karnan explain face proceedings.,neutral
return lake next winter?,neutral
jatav base pitch muslim,neutral
bsp' keep rival edgy.,neutral
heartland lab.,neutral
crpf' commando return unit.,neutral
scientist save orbit death eclipse.,neutral
kp nayar engag gulf deepened.,neutral
3 ds -- (doctor),neutral
dog drink -- stood pm repli parliament.,neutral
suddenli,neutral
mutiny: versu sasikala.,neutral
telegraph publish today articl entitl french envoy bet former coloni - bonjour,neutral
new era amiti : h,neutral
bengal' advocate-gener jayanta mitra resign differ opinion state government.,neutral
enforc director chief karnal singh get fix tenur years.,neutral
commando went,neutral
commando get homesick,neutral
jewish nobel littl star,neutral
more. also epaper.,neutral
pil file seek restrain swearing-in chief minist tomorrow.,neutral
facebook,neutral
googl,neutral
other launch drive fake news franc,neutral
suprem court order attach rs 39,neutral
000 crore properti pune.,neutral
suprem court grant bail scam accus estrang wife former union minist matang sinh.,neutral
shield child,neutral
javadekar back restrict research entri,neutral
student stir intensify- strike today,neutral
indian hold promis battl,neutral
may chang attitud coalit partner,neutral
say manini chatterjee.,neutral
power drive becom chief minister.,neutral
review show hole india' govt-fund,neutral
get licens raid -- without cite grounds.,neutral
shade law chang,neutral
rise,neutral
hole govt health cover,neutral
more. also epaper.,neutral
new experi excit time ahead second inning,neutral
mukul kesavan ought (and will) win,neutral
sachin tendulkar 2nd inning,neutral
3 ds lead great,neutral
more.,neutral
nachni die unsung,neutral
art form.,neutral
irfan habib see past eye present,neutral
mix folklor history.,neutral
sonia sarkar jig-gig key tool run,neutral
calcutta' learning... chinese.,neutral
voter villag want perman india.,neutral
7 days: calcutta' learn,neutral
nachni fight right more.,neutral
villag cri bridg,neutral
mukul kesavan 3 ds,neutral
more. also epaper.,neutral
judg block trump' ban --effect nationwid,neutral
promis deni helicopt,neutral
soldier trek snow take mother' bodi home.,neutral
australia,neutral
us clash immigration; put india hold.,neutral
soldier' pain journey,neutral
bond polit fund,neutral
trump immigr,neutral
more. also epaper.,neutral
follow us dm/ mail ttwebonlinefe releas 3 aggreg site press releas,neutral
rich get skewer,neutral
honesti hug bottom rung -- mysteri persist miss taxpayers.,neutral
relief front small firm hit,neutral
ahead elect,neutral
find noth sell voters.,neutral
thought made transparent?,neutral
histori around,neutral
say,neutral
demitronis relief small firm,neutral
honesti hug well-heel,neutral
more. also epaper.,neutral
doubl digit controlled; sluggish growth replac high growth; war launched:,neutral
move discretionari base administr polici base administration:,neutral
watch live stream fm shri budget speech 2017-18 link,neutral
pm reach parliament,neutral
cabinet meet begins.,neutral
fm depart north block parliament hous,neutral
present,neutral
indian govt draw goat parallel case.,neutral
breaking: go ahead schedul,neutral
say sourc,neutral
clear right now. speaker decide....,neutral
calcutta' menac born -- eat pavement footpaths.,neutral
grab footpath good busi everyon (except pedestrians).,neutral
strike decod draft order.,neutral
1st time,neutral
union includ railway budget. today,neutral
11am.,neutral
confus repli ceo.,neutral
due sudden drop visibl blr,neutral
fro flight affected. result consequenti delay expected.,neutral
watch union budget 2017 live abp news 11:00 onward,neutral
trump pick 49yr-old judg lifetim job suprem court us.,neutral
bjp could face backlash.,neutral
govt admit economi take hit,neutral
us give scare,neutral
law offic job,neutral
confess,neutral
more. also epaper.,neutral
us give scare,neutral
law offic job,neutral
confess,neutral
more. also epaper.,neutral
full expect month two: arvind subramanian.,neutral
headlin inflat measur consum price index (cpi) remain control third success financi year:,neutral
agricultur sector grow 4.1 per cent current year 1.2 per cent 2015-16:,neutral
growth rate industri sector estim moder 5.2% 2016-17 7.4% 2015-16:,neutral
india' growth rate constant market price 2016-17 seen 7.1%,neutral
financ minist arun jaitley tabl lok sabha,neutral
live pranab mukherje address parliament 11am,neutral
country' first conviction: minist sentenc 7 year rigor imprisonment.,neutral
econom survey tabl parliament shortly. know econom survey:,neutral
sibal datar spike bcci wish,neutral
presid trump fire top govern lawyer salli yate defianc immigr order,neutral
fm tabl today,neutral
trump' order parallel citizenship bill.,neutral
prabhat patnaik monument,neutral
farmer dump crop.,neutral
suprem court rope former top auditor run,neutral
one suggest name icc meeting.,neutral
pakistan pressur ban,neutral
auditor helm,neutral
madam more. also epaper.,neutral
limit cash withdraw bank account atm - restor statu quo ant,neutral
outcri,neutral
u.s. loosen curb re-entri green card holder,neutral
five soldier machhil attain martyrdom; detail statement attach,neutral
dept crackdown hoarders; issu 87 notic,neutral
attach 42 asset worth crore new,neutral
payment bank offer 4.5% deposit rs25000,neutral
5% rs 25000-50000,neutral
5.5% rs 50000-100000.,neutral
suprem court shoot govt bid put sport ministri bureaucrat panel run,neutral
historian ram guha,neutral
idfc offici vikram limay,neutral
former captain diana edulji other panel run,neutral
suprem court name former cag head 4-member panel administr run 1/3,neutral
court summon cm suspend bjp mp accus crimin defam plea,neutral
amulya patnaik appoint new delhi polic commissioner. patnaik 1985 agmut cadr ip officer.,neutral
