tweet,sentiment
how unhappi some dog like it though,negative
talk to my over driver about where im goingh said hed love to go to new york too but sinc trump it probabl not,negative
doe anybodi know if the rand like to fall against the dollar i got some money i need to chang into r but it keep get stronger unhappi,negative
i miss go to gig in liverpool unhappi,negative
there isnt a new riverdal tonight unhappi,negative
it that adi guy from pop asia and then the translat so theyll prob go with them around au unhappi,negative
who that chair your sit in is thi how i find out everyon know now youv shame me in pu,negative
dont like how jitteri caffein make me sad,negative
my area not on the list unhappi think ill go libdem anyway,negative
i want fun plan thi weekend unhappi,negative
when can you notic me unhappi what,negative
ahhhhh you recogn logan cinemax show have a bad track record for get cancel unhappi,negative
errr dude theyr gone unhappi ask other leagu memeb to check the guy are go,negative
not you again sad,negative
whi would harvey be go to prison unhappi,negative
miss in cri seasid area,negative
becoz if we will depend on your promot it wast of hardwork to all team who,negative
i thought youll save me cri,negative
major waffl crave right now sad,negative
cant speak japanes,negative
how can peopl do stuff like thi unhappi,negative
pleas just stop confin anim in zoo unhappi,negative
feel like i shoyould be tell you to get the fuck out social media byout also feel realli mean becaus unhappi silenc love yoyou hope yoyour okay,negative
i miss you huhu so busi unhappi,negative
it wa extend famili 12 pplahh want to show a oh my girl be dorki while play a game but it got delet unhappi,negative
dont do that unhappi,negative
jami can you pleas reset the cga grandfin server no administr are respond unhappi,negative
noooooooo you gonna miss the buffet unhappi take care ain,negative
i wish i could vote for you unhappi,negative
instant messag so jealou okay unhappi but never mind haha bruno can wait final first,negative
when im enlist can pleas turn up like thi unhappi,negative
unhappi how come peopl like thi have children where the state intervent,negative
ouchhhhh unhappi,negative
help i want to stop tweet all i feel is endless suffer and pain i tri to deactiv myself mani time save me unhappi,negative
for those ask,negative
the applic is kana kanji funtim sadli,negative
it look like io 11 is due to kill it unhappi,negative
yeah did updat to 1604,negative
it froze a few time then went to 1610,negative
froze mid instal wait 3hr hed to pull plug cri,negative
shaandaar,negative
zabardast,negative
anoth atbb on it way i wish srk sir start sign good movi unhappi,negative
i want jabe cri,negative
sociopath full raid gear sad,negative
when will you say hi sunshin unhappi,negative
i feel bad for do that ahaha unhappi,negative
it get harder and harder to stay unhappi,negative
hi face look bloat unhappi babi get well soon,negative
fuck tri chang my set but still in india unhappi,negative
talk to my over driver about where im goingh said hed love to go to new york too but sinc trump it probabl not,negative
let not forget that it also gabriel tenma white birthday todayi miss unhappi,negative
whi am i alway taken for grant eversinc unhappi,negative
ah alright,negative
i don27t know if you saw my comment yet,negative
but what camera you shoot with,negative
doe it have flip out scr,negative
i miss loui tweet unhappi,negative
koala are die of thirst and it all becaus of us unhappi,negative
okay ill shut up now instant messag just mad that lot of peopl will now have a veri flaw opinion on mental health on mine becaus of thi show unhappi,negative
pamura isa becaus in thi veri moment,negative
i want to explod like a grenad to the point where peopl will die with me sad,negative
yg should have sent them to mcd i want to see them hold the trophi unhappi anyway,negative
i realli want one of those icon jimin stripe turtleneck shirt unhappi,negative
i want a spoon but i cant go unhappi honestli feel like a messi break up unhappi,negative
make me so sad unhappi they look so unhappi when i went to seaworld,negative
yg should have sent them to mcd i want to see them hold the trophi unhappi anyway,negative
i miss rocki post unhappi,negative
hey toni,negative
oh no unhappi could you pleas tell me a littl more about your issu im follow if youd prefer to dm amanda,negative
i love mason and miss mason unhappi,negative
cold as a mother crusher right now near the end of april sad,negative
we don27t talk anymor like we use to do unhappi,negative
yg should have sent them to mcd i want to see them hold the trophi unhappi anyway,negative
miss bike unhappi,negative
i miss big brother unhappi,negative
6 day in camp haiss miss you a lot unhappi,negative
it rain so hard unhappi,negative
am bore and kandowiandg i have ando plaand for today is makiandg me eveand more bore unhappi,negative
oh my god not lauri penni unhappi,negative
can you say hi mekisha unhappi,negative
i should never draw again unhappi,negative
cleantha,negative
visual studio instal 89 bsod come suddenli unhappi,negative
i want to make waffl unhappi,negative
so sad unhappi,negative
cri muh feel,negative
look like someth i will ignor xd kart race when unhappi,negative
did ate jenna just block me or what unhappi,negative
my bed is so comfort i dont want to get up unhappi,negative
is that store still in use if so,negative
i sincer hope not too mani priceless antiqu were destroy reg,negative
astaga unhappi,negative
i want a puppi now unhappi,negative
have to work unhappi but ill see you tomorrow,negative
happi weed day without them is not the same anymor unhappi,negative
my favourit lipstick hilang cri,negative
time just fli,negative
cant believ he will be year for next year unhappi were becom old hahahah v,negative
the new twitter repli view ha me confus like do i capitalis my repli to peopl or not unhappi,negative
whaddup me too cri,negative
unhappi everi time laugh my ass off,negative
who sell an armi bomb ver 2 meet up on sad,negative
yeesh unhappi it fairli warm here,negative
easter ha flown unhappi im not readi to give up home luxuri like brand cereal,negative
ohnoo unhappi unhappi hope it recuper sooner,negative
her back unhappi,negative
give me a chanc in west server unhappi,negative
but you were go to do it yesterday unhappi,negative
i agre my issu would be that it all ha to be paid for somehow i just cant see the number ad up sad,negative
i want to drink with cigarett unhappi,negative
oh minc unhappi,negative
the manifesto,negative
nick might he deliv when the time demand it stori of hi life,negative
it okay ive accept you the way you are unhappi,negative
whi do peopl abus anim unhappi theyr so loyal,negative
im actual cri while type thi tweet i just cant take it anymor not applicablehulog not applic knock out d unhappi,negative
imagin if he win next time too unhappi unhappi,negative
same unhappi,negative
i need cue someth that would make me smileil be wait,negative
yg should have sent them to mcd i want to see them hold the trophi unhappi anyway,negative
yg should have sent them to mcd i want to see them hold the trophi unhappi anyway,negative
these noseble are get outta hand unhappi,negative
i am perfectli happi be singl until i see a happi coupl kiss thefashionicon,negative
dude i just want more sleep unhappi,negative
feel so fuck shit today unhappi,negative
wont be abl to stream tonight im sorri guy unhappi,negative
i face swap a cat with a dog and it realli upset unhappi,negative
your system doe not recogn space in last name so for 2nd time unabl to check in forc to wait in unnecessari line unhappi,negative
still wait unhappi,negative
thank you ton,negative
rock next question where is my astro unhappi,negative
it wa not your fault,negative
but the custom of argentina that fill you with paperwork unhappi,negative
i tri fix my chorist dress hem that came undon by tape it with fabric tape but i put it on wrong and it even more ruin unhappi,negative
small fishi die unhappi,negative
it too nice outsid to be stuck in school all day unhappi,negative
edm pleaseeeeeeee unhappi,negative
oh my god unhappi next time mishutuuu,negative
can you say hi julia please cri,negative
bbi unhappi your emot,negative
i serious thought that coldplay wa go to be band like depech mode or u2,negative
just kept go unhappi,negative
poor babi unhappi i hate peopl,negative
unhappi i have to be strong today jfjfjkf,negative
i need a unicorn frappuccino stat i just found out they are limit time unhappi how much longer,negative
her back unhappi,negative
unhappi sorri to hear thi,negative
i wont if i do it probabl for phil but he hasnt seen me yet unhappi,negative
yuri wa here and i didnt know it unhappi the second snsd i miss,negative
whi are your campervan ticket so expens unhappi,negative
canberra is a landlock capit unhappi,negative
how much i cant seem to deathmatch you unhappi,negative
agata babi unhappi it broke in the mail but i read your letter cant thank you enough you are the best,negative
same unhappi,negative
she is haha but i want to look like v unhappi,negative
unhappi they look dead,negative
puta i know sorri isnt enough pero sorri padin unhappi,negative
mannn,negative
i want to go to an ms game unhappi,negative
unhappi feel bore,negative
i wish i could sleep earli unhappi,negative
i just hope i start get the 1gb data per day from tonight unhappi,negative
koala are die of thirst and it all becaus of us unhappi,negative
i want to see you happi sad,negative
i just told them to bugger off and hung up they wane access to my pc if they phone someon like my gran,negative
my brace hurt unhappi,negative
ohh welcom to clxsslc chanyeol oppa or should i call you with richard kalau jadi sayang gimana unhappi,negative
we don27t talk anymor like we use to do unhappi,negative
claaaaaaaaaaaaass,negative
what a piti unhappi those were beauti but thank you for your answer,negative
sciatica what a monument pain in the ars unhappi,negative
thi escal quickli,negative
im abort mission now have a nice day though x,negative
thank you ton,negative
rock next question where is my astro unhappi,negative
her back unhappi,negative
no stream tonight throat is kill me unhappi,negative
me tooi wont miss the hgv go past our hous though it wa a nice look build had initial,negative
dont say that unhappi,negative
summer not in our school vocabulari unhappi we need air pleas tell,negative
bae not here unhappi,negative
wanna get a haircut but i don27t know a good place unhappi,negative
it feel kind of empti wo youngja at the venu unhappi,negative
her back unhappi,negative
yeah,negative
i think that go to be true,negative
he cant leav us unhappi,negative
yesterday felt like friday unhappi,negative
pleas rt hell buy me a blink taehyung headband,negative
if i get 900 retweet and 900 like help me un,negative
ye instant messag sad cri,negative
i face swap a cat with a dog and it realli upset unhappi,negative
nice some realli nice stuff there mostli black dress which i wont get away with for a june wed though unhappi,negative
i miss you unhappi,negative
beyond sad unhappi,negative
goodnight princess,negative
i love you have fun with your friend,negative
yg should have sent them to mcd i want to see them hold the trophi unhappi anyway,negative
someth is realli wrong i should be spend my day nake on a beach in the hot sunshin not work in the cold in king lynn sad,negative
punish time for jb team unhappi,negative
aw goodnight angel i love you lot and i hope your go to have the best tiam and a lot of fun wonho alreadi am,negative
not realli an amount just load of section unhappi ill ride up to to netherton now meet me at darbi end,negative
q2 im not an mh healthcar profession as much as i want to help im scare to death i might make the situat,negative
got a msg oop not you unhappi,negative
just chillin it a bit quiet tonight on my tough luck unhappi what about you,negative
i bet the media onesid view of tim tam surprisingli wa the altright roar extrem droll fad unhappi,negative
my hair is not as crisp unhappi,negative
a coupl more unhappi,negative
what the fuck don27t unhappi,negative
go to ca in juli,negative
our reunion is in august unhappi,negative
the road and traffic sign section of theori revis is such a myth unhappi,negative
unhappi were sorri your pizza arriv with mushroom despit your request could you pleas get in touch vi,negative
your a kabut unhappi,negative
last to thing ive bought from you no sweet unhappi,negative
wish i could stay in bed all day and listen to the rain sad,negative
i dont want to tell fellow comm student becaus i dont want them to think im some kind of suckup unhappi,negative
when will you notic me unhappi,negative
go away unhappi,negative
alli unhappi i cant make a poem about be cute,negative
ehh i cant dm you unhappi,negative
to beauti ladi and so full of fun and bodi confid then on the s,negative
whi is italian easier than spanish unhappi,negative
i find it so difficult to say no to him unhappi,negative
it onli been 3 day and to night sinc mama went back to the provinc but i alreadi miss her unhappi,negative
i want to cri unhappi,negative
i love got7 but god i am bore unhappi,negative
i cant continu thi right now becaus the light is shitti as f i swear sorri sad,negative
let have dinneeeer pleas unhappi,negative
i lost one import quizzz unhappi,negative
i want to be mutual with you so bad unhappi,negative
keep look for the thing i bought yesterday in my dream unhappi,negative
it hurt me to see him so sad unhappi you dont understand i have to do thi if i dont kill you,negative
hell kil,negative
i hate park jisung so much sad,negative
when your onlin crush come to the meetup without their snapchat filter unhappi,negative
i hate when my mom ask so you go or no bc then i want to stay home but i miss too much school alreadi unhappi,negative
happi birthday katrika i miss you though unhappi miss have you in our group and all haih anyway,negative
have a blast okay love you,negative
i miss my dog too unhappi,negative
yg should have sent them to mcd i want to see them hold the trophi unhappi anyway,negative
digit monster want to work with blackpink make it happen pl unhappi,negative
thi is so me though,negative
i miss my boy unhappi i have start work with my own local boy but they are veri nervou colleg friend,negative
we were classmat for alvarez but i dont realli see you around school anymor unhappi,negative
ugh i miss my babi cri,negative
if anyon need me ill be on my vent unhappi,negative
whi is it so hard for you to notic me haay unhappi,negative
i cant deathmatch you piss off unhappi,negative
when are you go to notic you unhappi,negative
and i miss my bedroom too unhappi,negative
pleas take all the rest you needw love you so so much i hope you feel better soon sunshin,negative
oh,negative
same unhappi,negative
i miss my babi unhappi,negative
it onli been a few day sinc their promot end but im alreadi miss her so much unhappi,negative
i miss them unhappi,negative
i miss jihoon sad,negative
my onli one cat yang manja sangat and now someon ha took him unhappi,negative
not tire and there noth to do great combo unhappi,negative
and thi tweet made me cri cri,negative
back to coconut hair unhappi,negative
pleas return the jacket unhappi,negative
who would you call when you are rous in midnightremind me of the time they were roommat unhappi unhappi unhappi you suck,negative
i feel so bad,negative
and all the mob in australia,negative
i just hope everyth goe right from now on unhappi,negative
it onli been a few day sinc their promot end but im alreadi miss her so much unhappi,negative
hungri unhappi but no time to buy food,negative
how can i set an alarm for 9am and snooz it until 12 unhappi,negative
sad stori unhappi,negative
koala are die of thirst and it all becaus of us unhappi,negative
hey screenshot sainyo hmm tumag sana us stay what uu are im alway here fr uu no matter what luv uu so mat,negative
look awesom annett,negative
but i cant make it unhappi thank for the head up though pleas take photo,negative
narank 1 ako bco of yoyou can you pleas congratyoul me even if it alreadi late unhappi,negative
it cant be over unhappi,negative
relat unhappi,negative
how about me unhappi,negative
offlin unhappi,negative
heeeeey notic me unhappi,negative
i want to hang out with them unhappi,negative
he wa talk with the girl behind jin unhappi,negative
i need cheer up,negative
my dog who my famili have had for 18 year is be put down tomorrow unhappi,negative
molli 1 i wish i could have her hair unhappi 2 cutest michael girl milli on the phone 3 haiiiiiir and your lip 4 friend5 yes6,negative
even me unhappi hug,negative
im a build a llvm backend so,negative
i realli need to build it unhappi,negative
i cant access my school email from ani web browser unhappi yet i have so much homework for all my subject on there,negative
oh sad unhappi goodluck,negative
ouch elena eremina foot slip,negative
that fall wa a mess unhappi,negative
donni unhappi,negative
your so rude unhappi,negative
oh my god same we should attend on some lesson togeth sometim just kid hahah,negative
everi time meredith ha flashback of derek shepherd i cant hold back the tear unhappi,negative
whew cant ass myself unhappi,negative
but i no have round ass cri,negative
unhappi i saw somebodi said hi hair fell out and bighit tri to figur it out,negative
koh,negative
tolong bantu sampaikan keluhan armi ke dong too mani complaint here and there sinc day 1 of ticket unhappi,negative
i keep wake up in the middl of the night sick as shit unhappi,negative
i cring so hard that fall wa such a shame she had been look realli good until that point,negative
man it been about 2hr sinc their vliveit nearli over for sydney ppl unhappi goe so quick so appreci everi second,negative
hi ale,negative
have no mobil signal suck unhappi what the full postcod for where thi is happen were keen to help si,negative
that suck unhappi,negative
im rusti havent play thi game sinc i wa like 10 just kept die at that crocodil part cri,negative
i realli realli need them right now unhappi,negative
hey guy could you help me by retweet thi ive heard wa legitim and i realli need a vpn account rig,negative
god not the koala,negative
feel bad unhappi with 89 other,negative
and thi tweet made me cri cri,negative
i could write paragraph about it xdshame it theoret imposs in real life unhappi,negative
thank you roshhh i miss you and everyon too love youuu more,negative
me too sweeti i know how you feel unhappi,negative
when your onlin crush come to the meetup without their snapchat filter unhappi,negative
the person who chose shut the fuck up unhappi,negative
sadli ye sinc he wa expect to continu lose support befor drop bomb unhappi go up when exp,negative
i hope thi littl beaand is andot overworkiandg himself and gettiandg at least some rest unhappi,negative
he could be whatev,negative
so sad,negative
but the dub is what i watch for pokemon unhappi,negative
are die of thirst and it all becaus of us unhappi,negative
youngja dure fansign on 041017 constantli massag hi back clearli someth wrong but pretend he wa not,negative
but you use a purpl flowercrown in your display pictur unhappi,negative
i still cant unhappi,negative
well that terribl unhappi,negative
sorri piss off 3 unhappi,negative
i woke up at 417,negative
im a joke unhappi,negative
so right sir rob love to tortur us unhappi,negative
my salari remind me of the weekend,negative
i alway know when it come but have no fuck clue how it goe unhappi,negative
i feel so sick today unhappi,negative
i wish but i cant sad,negative
it my birthday tomorrow babi unhappi,negative
im slow unhappi,negative
super unhappi,negative
trash other and have a posse behind you boost your ego,negative
but not your career unhappi,negative
i just finish gym,negative
had chopsuey befor that unhappi laugh my ass off humbl feed are alway the bomb,negative
still not possibl unhappi,negative
whaaaaaaaat you and unhappi,negative
you had load of toy all i had wa a sweep hand puppet and the bastard lost it squeak unhappi,negative
thi is damn there peopl who sincer want to attend bh birthday parti but bc of those peopl who tri for fun make them ca,negative
i should do aegyo becaus i lost unhappi,negative
also pleas send prayer and sympathi becaus my favorit ball dress doesnt fit my boob cri,negative
i miss snsd i miss my girl unhappi,negative
be a parent is veri challeng if we cannot control ourselv well give the worst output to the children in other word,negative
ngomel cri,negative
jonni you and your poor leg make me so sad unhappi hope your okay,negative
hope he ok,negative
poor mous unhappi,negative
no it okay she surviv,negative
yeah my sight read wa pretti good in high school,negative
but im a bit rusti now unhappi,negative
me to self dont buy thatalso me but im a furri unhappi,negative
thi is damn there peopl who sincer want to attend bh birthday parti but bc of those peopl who tri for fun make them ca,negative
i love youu so much unhappi thank you,negative
and have fun,negative
thi is damn there peopl who sincer want to attend bh birthday parti but bc of those peopl who tri for fun make them ca,negative
so upset the abus these kid get unhappi 3,negative
oo cri happy3yearsbraceunit,negative
exactli same in wa think unhappi,negative
im scare unhappi i mean whi the heck did i decid to do laundri at 730 pm what is wrong with me did i mention how dark it is fml,negative
sunnysid as well unhappi,negative
yall want me to choke whatd i do unhappi,negative
they have a whole japan tour ahead of them one that will be quit brutal on their alreadi tire bodi boy unhappi,negative
ahhh id be well chuf,negative
didnt even get an easter egg thi year unhappi xx,negative
can someon buy me a tasbih pl i dont have one unhappi,negative
clay and hannah they were so in love they deserv to be endgam unhappi,negative
pleas talk to me about nct instant messag lone i need to fangirl onc in a while okay cri,negative
thi is so sad what the fuck unhappi,negative
pleas follow me i have been tri to get your follow for a long time unhappi,negative
i realli enjoy horrizion zero dawn but no idea what to play next unhappi,negative
thi is damn there peopl who sincer want to attend bh birthday parti but bc of those peopl who tri for fun make them ca,negative
no more good convers here unhappi,negative
annoyingli the space in the variabl width version of the c64 font that avail on the internet are wi,negative
i dont like their song after debyout younhappi so i can syouggest yoyou jyoust one song i realli love,negative
it ador you,negative
jackson unhappi then youngja silenc aww,negative
trop retard sad,negative
id rather be sailor uranu but chibiusa but if that everyon say i am unhappi rip,negative
and your right about mcconnel as well unfortun,negative
we seem to have sold our govern some time ago unhappi,negative
i wish my dog knew how much i hype them up on snap chat unhappi,negative
some peopl you intensionli they don27t even they pleas someon unhappi,negative
veri sad unhappi,negative
thi is damn there peopl who sincer want to attend bh birthday parti but bc of those peopl who tri for fun make them ca,negative
the most pain goodby are the onesthat are never said and never explain cri unhappi,negative
i miss bmf sad,negative
your got to disappear half way too unhappi everybodi want to be lazi eue,negative
i have no choic but to cancel it unhappi,negative
oh sadli i wont watch her right now theyr forbid me to see her unhappi,negative
koala are die of thirst and it all becaus of us unhappi,negative
rip cellphon unhappi,negative
and on the pic unhappi,negative
yeah unhappi,negative
dont miss you anymor unhappi,negative
okay what tf is thi color starbuck thing all over social media unhappi,negative
thi is damn there peopl who sincer want to attend bh birthday parti but bc of those peopl who tri for fun make them ca,negative
well that not good unhappi,negative
oh boo,negative
mine isnt in my inbox unhappi,negative
didnt keep it unhappi,negative
i onli just absorb that im not go to get to laugh when he get 2000 vote unhappi,negative
hi ishwar that not the experi we want you to have unhappi we will call you for more detail and sort it out roshan,negative
we all know unhappi,negative
ill be as strong as i can but it hard unhappi xxx,negative
i lost two streak and it from my two favorit peopl silenc unhappi good night,negative
i can relat to thi so so much unhappi,negative
joy we should get him back,negative
i cant do it all on my own see what i did there,negative
and theyll brush it off lng tell other not applic not applicablegiinot applicablert lng sila and that other had it wors than them unhappi,negative
usual a speedboat behind ani we get here on the river unhappi,negative
omg i see whi you dont drink alcohol haha so glad your have fun all you guy wish i,negative
thi happen all the time unhappi,negative
0 motiv to studi unhappi,negative
happi birthday sweet sweet girl i hope you have the best day ever love and miss you so much unhappi,negative
nmd r2 so ugli unhappi,negative
my honey unhappi,negative
philippin unhappi,negative
i want to but i wouldnt be abl to get time off for it and dont know peopl in my year to go with unhappi,negative
unhappi friendzon damn sad,negative
i cri so much,negative
i wa a mess i went to bed feel numb it wa aw unhappi,negative
pleas rt hell buy me a blink taehyung headband,negative
if i get 900 retweet and 900 like help me un,negative
the email i wa hope id get today,negative
didnt arriv unhappi here hope tomorrow it doe,negative
haha mate it all good i love a debt i just wish the center,negative
wowwow these are all so cute unhappi i wantt,negative
that suck unhappi,negative
instant messag get sad unhappi,negative
wow unhappi peopl are so mean,negative
thi is damn there peopl who sincer want to attend bh birthday parti but bc of those peopl who tri for fun make them ca,negative
talk to my over driver about where im goingh said hed love to go to new york too but sinc trump it probabl not,negative
i love them with all my hort unhappi,negative
golli gosh thi is simpli dread what havoc must be wreak subsurfac black salv wont,negative
autograph book at the readi,negative
no sign of garri barlow yet sad,negative
thank you roshhh i miss you and everyon too love youuu more,negative
pleas meeeee you have follow me for almost to year now unhappi,negative
what happen unhappi,negative
true khilado kuch unhappi,negative
realiz i havent eaten rice maghapon becaus i finish 3 pack of spici seafood noodl to extra big chilimansi acid attack right now,negative
postshow blue are hit hard unhappi,negative
all readi for it poster when my comput get,negative
good morn unhappi,negative
wht sort of thing cant use word person for itcan caus such suffer to th sad,negative
i want to kiss hi nose and tell him i love him sad,negative
i stay 3 hour on the phone with ad my bubbyyyyyyi i miss her unhappi,negative
no girl unhappi that whi wa ropiwa 1 sandton is unnecessarili expensive2 tri salon in braam,negative
i wa actual look forward to see if your theori around hi person vote wa correct unhappi,negative
who to bring to mb man unhappi,negative
i am sad to report that the robin egg my mom found in the yard after a storm ha been taken off life support poor thing is too frozen unhappi,negative
her back unhappi,negative
slight buzi kasi besh unhappi,negative
when your late to work becaus you had to break the news to the love ladi who clean the hous cri togeth unhappi,negative
they stop have them when they got rid of the toy surpris at the bottom unhappi,negative
tell me unhappi whi,negative
i cant find my stripe shirt unhappi so instant messag wear the one that say what is your favorit thing with luca in the middl,negative
guy pleas help me retweet unhappi,negative
there alway shit like thi there alway peopl who are less deserv get ticket,negative
and win giveaway etc unhappi,negative
truuuu si grim reaper and sunni huhu grabe love stori nila unhappi,negative
i caught a cold unhappi it seem ive got tire than i expect,negative
shame,negative
shame busi stop pay giant corpor for food you just dont need wake up peopl plea,negative
i miss my babi unhappi,negative
holi shit 40 page script of the open scene of man of steel on krypton got compressedi wish i could at least,negative
late night,negative
i face swap a cat with a dog and it realli upset unhappi,negative
fail unhappi g hehe,negative
i miss my boo so much unhappi,negative
i need a car unhappi but no car unhappi poor me unhappi,negative
i wish i could attend it too unhappi,negative
ikr i would have trauma if i ware him unhappi,negative
420 today,negative
but it wasnt lit at all unhappi,negative
whi is life so unfair unhappi,negative
the biblic lectur are come more notif soon tomorrow,negative
in fact,negative
im so glad i dont care what peopl think anymor but i wish i still look my best everyday like i use too sad i just pick,negative
muz u more,negative
sure no prob ilabyu too,negative
such a lucki slave i wish thi wa me unhappi,negative
instant messag still hope unhappi,negative
fuck unhappi,negative
i tak ambik wed packag caus i is poor unhappi i ambik aromaterapi massag je hajxjsjsj hehe see uuuu jwa,negative
koala are die of thirst and it all becaus of us unhappi,negative
unhappi let fight all those kid,negative
it not cassandra cain unhappi not sure i want to watch batbuffi batwoman would have been more interest,negative
half of the time it doesnt load,negative
the other half of the time it crash unhappi it embarass when i,negative
right i don27t see how peopl can just do shit like thi,negative
i miss hoseok unhappi,negative
left few month in hinhua ler unhappi i need to gambateh wink,negative
a fish killer go to be press younhappi i the hoe of today you were a good person,negative
she love beth so much unhappi,negative
princ baekhyunthrow me into the dungeon pleas i dont deserv to see your beauti face unhappi,negative
they are famili it aw when they go sorri to hear unhappi,negative
i face swap a cat with a dog and it realli upset unhappi,negative
my honey unhappi,negative
we all do unhappi pizza in taiwan it like a swift,negative
flavor dream,negative
cant tello,negative
swear i just walk past haha,negative
didnt get a chanc to say hi unhappi,negative
i miss quacktopia unhappi,negative
are die of thirst and it all becaus of us unhappi,negative
goodnight i love these beauti boy unhappi,negative
whi no avail in the uk unhappi,negative
ail sure knew how to make a great network fox is go downhil wi,negative
peng damit unhappi,negative
im sorri unhappi,negative
koala are die of thirst and it all becaus of us unhappi,negative
im hungri unhappi,negative
final are next week unhappi wish me luck x,negative
i miss temper brennan and seeley booth so much unhappi,negative
i miss quacktopia unhappi,negative
i said d2 larg becaus sd d2 doesnt run on newer version of mac os and i miss play it unhappi hd woul,negative
follow mee plss unhappi,negative
talk to my over driver about where im goingh said hed love to go to new york too but sinc trump it probabl not,negative
baby old twitter unhappi,negative
congratyoul harri been with you sinc fifa 13 miss yoyour younbox video unhappi,negative
cant wait to see you in that film karl i wish you would be here were im bu,negative
cram read unhappi,negative
im job search and got none sobuthedon i got in abund,negative
it onli been a few day sinc their promot end but im alreadi miss her so much unhappi,negative
hello i am get cyber bulli by do someth about it unhappi,negative
call center nice game 420 unhappi,negative
be rip,negative
follow me too unhappi,negative
ill be attend cosmic latt on saturday and ill give these out to selu shipper kasi selu month qaqo unhappi,negative
babi unhappi,negative
i onli just absorb that im not go to get to laugh when he get 2000 vote unhappi,negative
friendli fire to wing tour unhappi,negative
my back hurt sad,negative
type up all the medic shorthand abbrevi we use for work,negative
and the dame comput decid to crash unhappi now i,negative
excus me i don27t see my nama unhappi,negative
thi is damn there peopl who sincer want to attend bh birthday parti but bc of those peopl who tri for fun make them ca,negative
that shock and evil unhappi,negative
zac farro is back by the way heheh so sad jeremi is not unhappi,negative
maa ki kuss tumhari now take thi bullshit you loser,negative
i thought mountain dew in australia had no caffein and it wa the littl energi drink can were caffein i will never sleep again unhappi,negative
i hope thi littl beaand is andot overworkiandg himself and gettiandg at least some rest unhappi,negative
base unver ajalah minaha unhappi,negative
thi is damn there peopl who sincer want to attend bh birthday parti but bc of those peopl who tri for fun make them ca,negative
ha someon contact jelpi about the issu rn unhappi,negative
arisun at town hall ha pretti terribl servic and rude staff we onli went there becaus icg fryer wa broken unhappi,negative
thi is damn there peopl who sincer want to attend bh birthday parti but bc of those peopl who tri for fun make them ca,negative
powerpointt mi hazirladiniz postu unhappi,negative
yeah my sight read wa pretti good in high school,negative
but im a bit rusti now unhappi,negative
onli pure evil peopl unhappi,negative
poor babi unhappi i hate peopl,negative
what a great thing to be sad about unhappi,negative
so my hair iand suandlight versu ando light but i waandt to chaandg it and i duandando if i waandt to go darker or bloandder sad pleas help po,negative
hi ashish we tri to call your number but got no respons unhappi pleas share anoth suitabl time and an altern cont1,negative
kant whi do broke girl love expos broke niggar so much where the team spirit unhappi,negative
but i want unhappi that look so yummi heheh,negative
dont think im pretti enough unhappi,negative
koala are die of thirst and it all becaus of us unhappi,negative
did some warm up sketch of some of my fave,negative
i wa go to add bazza,negative
but i cant,negative
i just want to wish marissa a happi birthday but she keep ignor me sad,negative
what wrong with you whi dont you like anim unhappi,negative
someon build hous on 4 i cant do it unhappi cant believ thi hasnt alreadi been done,negative
tulip are my favorit unhappi,negative
omg im sad to say that i actual dont rememb thi unhappi when did thi happen,negative
cri were get vm soon wooo,negative
unhappi my 4c struggl is not valid,negative
77 old leyland,negative
love it unhappi,negative
onli pure evil peopl unhappi,negative
sound famili,negative
thi is jimin to yoongi unhappi,negative
chin up leo cri,negative
slight buzi kasi besh unhappi,negative
rip te 100k experi cri,negative
pleas read thi break my heart unhappi,negative
mager unhappi,negative
peng damit unhappi,negative
thi is jimin to yoongi unhappi,negative
bapak tom cruis,negative
i onli just absorb that im not go to get to laugh when he get 2000 vote unhappi,negative
i just watch thi kid from produc 101 who perform chew gum omoo poor kid bless hi soul unhappi,negative
definit my arm unhappi,negative
my mom leav today to go out of town and i alreadi miss her unhappi,negative
i cant do it all on my own see what i did there,negative
when your onlin crush come to the meetup without their snapchat filter unhappi,negative
and i would never forget about you,negative
fuckin headach everyday unhappi,negative
jyoust hyoug me,negative
hyoug me longer than 10 sec hyoug me even when i don27t want you to unhappi,negative
the saddest part of my day everyday is when ryan ha to leav at 530 am unhappi,negative
what did he say im at work unhappi total made my day though,negative
jimin doesnt follow me yet unhappi,negative
i dont know where i wa at thi time but i have retweet now and ive been wait the dm for a long time unhappi,negative
need moodboost juseyo unhappi,negative
i miss you too unhappi,negative
wth whi did 420 have to happen dure the easter holiday it one of the best day in leed unhappi,negative
hakyeon turn 27 soon oh my god no he still a babi unhappi,negative
it gray outsid today unhappi,negative
i order car yesterday,negative
dealer said load of car were return due to disabl lose them sad,negative
gotta keep tri befor i have to quit to work unhappi pick me pleas give,negative
definit my arm unhappi,negative
i liter couldnt see a thing when they were at the back of the stage,negative
the girl in front of me wa,negative
definit my arm unhappi,negative
get up thi morn wa a hassl unhappi,negative
my mom know the struggl of thi drystreak im on unhappi,negative
havent play fm in a long time i realli should unhappi,negative
someon mess up unhappi avail,negative
i miss my babi unhappi,negative
yesterday faci so cute but he 30 today faci is old eeyer,negative
ye jenniessi,negative
so preciou i realli miss him unhappi,negative
louistomlinson follow me pleas unhappi,negative
i wait for u unhappi,negative
that make me sad unhappi i wasnt friend with her like you,negative
but i like see her post and love her wri,negative
i wait for you unhappi,negative
u4v9rr i wish i had note the gentleman name unhappi but if you find out who he is,negative
pleas do commend him h,negative
i do it for 56 time a week leh sad and ye close is damn fuck open so much better,negative
no one is sell vhope banner what sad,negative
all my irl are come at me becaus i meet the boy too much and i dont deserv ani of it unhappi,negative
you might set the whole place on fire,negative
ill tri sad and ye i am unhappi,negative
goodmorn my parent are take kid for lunch today they are off schoolreport card im wor,negative
yeah sad,negative
stream later in the day night stream sinc i have to go and take care of the internet contract,negative
sorri guy unhappi,negative
true unhappi,negative
help me too unhappi as an earli birthday gift huhu,negative
definit my arm unhappi,negative
just pleas look at how scare and full of tenc lauren face is after tryin reach camila hand,negative
babi unhappi bett,negative
aww eunji didnt see win today sad but congratul to winner,negative
you can have mine and ill take the iphon im switch back when my contract is up in a year and a half unhappi,negative
i know i realli want hi rank to rise a lot dure tmr episod but see how mani tweet about him unhappi,negative
hitch ride for final unhappi,negative
white genocid is not a thing it figment of your imagin your a victim of noth but disinform,negative
one direct band what go on unhappi,negative
too bad i cant watch it unhappi that cake is cute and look delici,negative
definit my arm unhappi,negative
give me my own ahn minhyuk juseyoooo unhappi,negative
sorri unhappi i just need sex for the time be,negative
definit my arm unhappi,negative
want to say hi to you,negative
thi is jimin to yoongi unhappi,negative
it seem they cost abut 40k a year im pay half that for my full educ and dont get treat,negative
definit my arm unhappi,negative
come to miami sad,negative
tw s assaultactu horrifi how mani friend of mine women i talk to have been sexual assault in past just found out anoth unhappi,negative
my heart unhappi,negative
soph pleas don27t win again unhappi jk good luck i think you will draw a good poster,negative
sad i dont,negative
unfortun,negative
i realli feel for that lamp unhappi,negative
sadli im not unhappi,negative
last kiss unhappi,negative
whi are you whimper at me,negative
thi is damn there peopl who sincer want to attend bh birthday parti but bc of those peopl who tri for fun make them ca,negative
been streaminuteg for 45 minut not understand a thing and still unhappi,negative
whi is it so difficult for me to get at least a chanc unhappi,negative
for some reason lastfm unlink from spotifi and i miss like a month of scrobbl befor i notic unhappi,negative
onli take season 9 off,negative
definit my arm unhappi,negative
definit my arm unhappi,negative
all of the park area in pari are mark as green on googl map,negative
but in realiti theyr just patch of dusti dirt unhappi,negative
ill be at work just a second come on unhappi,negative
and he still take over a quarter of the billboard chart while x is,negative
thi is damn there peopl who sincer want to attend bh birthday parti but bc of those peopl who tri for fun make them ca,negative
guy pleas help i tri to smoke some lettuc earlier but now my salad is ruin unhappi,negative
can someon pl gift me xayah use pi plssss unhappi,negative
instant messag still bore unhappi,negative
thi is jimin to yoongi unhappi,negative
my heart hurt sad i hate peopl,negative
can just see the edg creep in unhappi,negative
it not organictheyl shoehorn it inbut plot charact developmentmcu netflix ha leswhat support,negative
i suddenli miss you ate unhappi,negative
biggest problem for paper book is storag unhappi,negative
i havent been thi earli to school sinc last semest unhappi,negative
pierc like a bitch unhappi,negative
i think that one of the hottest part of your bodi,negative
wow thi is amaz but i wont be in the countri unhappi,negative
definit my arm unhappi,negative
i want harri phonecas sad,negative
work at 7 thi morn unhappi,negative
jungkook look like he give the biggest and warmest hug unhappi,negative
ah baba no idea tori olorun may i never be a victim of such case,negative
psa rememb thi when you ask artist to draw for you id say the same thing for writer but appar commissi,negative
i want to give him everyth that make him happi just to see thi smile unhappi,negative
i miss jami boy and were both sick unhappi,negative
what if the one direct band itself is the one who give up unhappi,negative
damn ifi ate unhappi,negative
whaaattt,negative
dont rt to save a guy life,negative
nooo your hair color is pretti,negative
koala are die of thirst and it all becaus of us unhappi,negative
definit my arm unhappi,negative
where justin i miss him unhappi,negative
someon should bring me breakfast to work unhappi,negative
that grim unhappi,negative
oh noooo babi unhappi,negative
im so tire unhappi,negative
i miss you levi unhappi,negative
i left my headphon at home unhappi km,negative
i wish i wa meet oa again unhappi,negative
a year ago today is the last time sakho play for us unhappi,negative
they would have sustain their fame if they did unhappi,negative
i miss him unhappi,negative
ich will ned unhappi,negative
when your onlin crush come to the meetup without their snapchat filter unhappi,negative
thi is by far my worst day of 2017 sinc januari 8th unhappi cri cri,negative
note to self dont get to attach cri,negative
mine hasnt been send stuff unhappi,negative
definit my arm unhappi,negative
roc boyz sad,negative
i love you but i can27t be ars i don27t know whi peopl keep say it unhappi,negative
no celtic or bruin today unhappi at least sale is pitch for the sox,negative
i honestli think that their just tri to get rid of me and make a mockeri out of me in my town becaus i just wont admit it unhappi,negative
nooo your hair color is pretti,negative
aseek,negative
bantay unhappi,negative
tri to get in touch with but their number appear to be down unhappi,negative
need your help guy cri,negative
a fish killer go to be press younhappi i the hoe of today you were a good person,negative
i need lesson to learn how to start convers with peopl and keep chat with them unhappi,negative
who hack me unhappi,negative
damn you both,negative
i wont be on till later unhappi,negative
let hope a vip doe thi good deed i want to watch thi too they shouldnt have done thi,negative
sometim at night i feel scare and vulner cri,negative
if you realli want to dye it dont go lighter,negative
how come i didnt get a remind email thi month unhappi,negative
wowwow these are all so cute unhappi i wantt,negative
pleas rt hell buy me a blink taehyung headband,negative
if i get 900 retweet and 900 like help me un,negative
younhappi ill keep it jyoust for you,negative
damn it isnt avail here unhappi,negative
it 10 but also free postag i wish the seller had yanan and yeo one too unhappi,negative
don kray denial of normal bi say,negative
same unhappi ive unfollow so mani peopl ugh,negative
it such a neg pit of unhappi,negative
it end soon aah unhappi,negative
definit my arm unhappi,negative
thi is damn there peopl who sincer want to attend bh birthday parti but bc of those peopl who tri for fun make them ca,negative
faltan russel whi noodl unhappi,negative
yeah i am unhappi thank you so much my angel,negative
i miss jihoon sad,negative
we lost at jacksonvil,negative
2010 week 11,negative
2420 unhappi,negative
i hope thi littl beaand is andot overworkiandg himself and gettiandg at least some rest unhappi,negative
guess who not get a unicorn frappuccino becaus theyr sold out unhappi,negative
what if the one direct band itself is the one who give up unhappi,negative
come back calli gabbi d ghost unhappi i love you both,negative
unhappi oh man,negative
it kind of feel like a sunburight now right now sad someon pleas make the nobbi thing on glass not slip,negative
guess who not get a unicorn frappuccino becaus theyr sold out unhappi,negative
would realli like it if the coandsol versioand and got the updat to makr it like the steam versioand,negative
hi we tri to call your number but got no respons unhappi pleas share anoth suitabl time and an altern number cont1,negative
sooooo feel like a friday today unhappi,negative
definit my arm unhappi,negative
i miss talk to yoyoy who are yoyou younhappi yoyou can alway still talk to me,negative
thi pictur make me sad unhappi,negative
whi cant dog just live forev unhappi,negative
i understand that look sad,negative
my boyfriend mad cute unhappi,negative
i miss minmin cri,negative
good morn i had a nightmar and im still wonder whi maddi hate me thi is onli the begin of the day unhappi,negative
pake unhappi,negative
i miss london alreadi unhappi,negative
jyoustinbieb can you pleas follow me on daianeryoufato ive been tri for too long unhappi i love you so much babi xx april 20,negative
2017 at 0845am,negative
deep scratch all the paint is gone you see the bare metal so it need to be fix to avoid get a rust car soon unhappi,negative
when will you go here in batanga sad,negative
i miss you more unhappi,negative
i onli just absorb that im not go to get to laugh when he get 2000 vote unhappi,negative
thi wasnt meant to sound ano sad,negative
thi is damn there peopl who sincer want to attend bh birthday parti but bc of those peopl who tri for fun make them ca,negative
one year ago today unhappi,negative
thi song will alway be one of my fave unhappi,negative
talk to my over driver about where im goingh said hed love to go to new york too but sinc trump it probabl not,negative
fuck get me follow unhappi my ratio is amaz,negative
mom pleas stop make cooki,negative
theyr like 90 calori per piec unhappi,negative
i miss the 727 costum unhappi,negative
whi did she delet the tweet,negative
now i need a differ pin tweet unhappi,negative
think about how tfp soundwav is forev trap in the void realm unhappi,negative
you deserv better hope youll be okay unhappi,negative
mane ha been amaz unhappi,negative
dammit the effect of the lineart doesnt show so nice on twitter unhappi,negative
but like how long is a while i didnt want him to be back but he put me in such a good mood so i dont want him,negative
we can get pork katsudon at tokyo diner tho it doesnt have egg in it unhappi,negative
befor anyon els we ass hole unhappi,negative
the anniversari of josh death unhappi,negative
so sorri i havent been check my tweet unhappi we are all here for you,negative
aww unhappi im on coeurl,negative
oh no unhappi,negative
i like a video,negative
my puppi deserv all better unhappi,negative
my husband ha a famili histori with the mafia too but he doesnt know the stori sad,negative
wtf canada 2017 and you are still in the 1700 i will never support,negative
buy or do anyth that support canada until,negative
suuuuuuuuss scare cri,negative
one tabl last night told me i look like a grace ballerina glide through tabl then anoth told me i look like a flash dancer unhappi,negative
seem i want to drop thi account to wuhyungwon unhappi,negative
dont ask two special issu line up unhappi,negative
you got to rest,negative
man,negative
doe anyon have a 7 adapt or 7 earbud i can borrow for the day left mine in my car unhappi,negative
im stay here in sa unhappi,negative
preacher unhappi,negative
umma whi you do thi cri,negative
i miss it alreadi unhappi,negative
well thank for stope by unhappi,negative
whi you dont like blond hair unhappi,negative
3 that a lot cheaper and easier than make your own my schemat need special cabl that doesnt come easi unhappi,negative
pozuelo formerli of swan and suso liverpool now ac,negative
both look so so good at there current club shame they never cut it in the pl unhappi,negative
gorbachev done wo fear thought bold enough to implement hi vision on damp squib unhappi,negative
wuut serious,negative
who got to pen today man cri,negative
as if thi process hasnt been frustrat enough,negative
it just got 3 year longer unhappi,negative
roc boyz sad,negative
ravel morrison unhappi,negative
that is super scari unhappi,negative
same unhappi i got a 12h stream come up for my bday in 8 hour and im still not sleep,negative
talk to my over driver about where im goingh said hed love to go to new york too but sinc trump it probabl not,negative
ps4 mate,negative
got to aksi 2nd part and have a cp for him but have never complet it sinc return on invest drop laugh out loud unhappi,negative
we left it all unspoken,negative
we buri it aliv and now it scream in my head cri,negative
dont laugh unhappi meani base,negative
sorri i didnt make it to the book drive yesterday couldnt get outta work unhappi,negative
yoongi come back unhappi,negative
noooo in here is 645 i have class at that time unhappi,negative
yg should have sent them to mcd i want to see them hold the trophi unhappi anyway,negative
call durat befor sex 014736 after sex 000019 cri,negative
thi is jimin to yoongi unhappi,negative
im all fuck up right now unhappi,negative
definit my arm unhappi,negative
last day of the camp tomorrow,negative
it been so much fun and i absolut love the kid dont want it to be over so soon unhappi,negative
koala are die of thirst and it all becaus of us unhappi,negative
think it would drive me mad onc the synth and other robot turn up unhappi,negative
now i don27t want to go camp unhappi,negative
can i onli pick one unhappi,negative
but im lone unhappi,negative
hi we tri to call your number but got no respons unhappi pleas share anoth suitabl time and an altern number for cont1,negative
miss my friend unhappi,negative
the one on the left i couldnt see it unhappi,negative
not applicablengarag not applic thi unhappi ill find more wonu pictur soon alxmdkcsnx,negative
pleas answer request unhappi,negative
koala are die of thirst and it all becaus of us unhappi,negative
most pain thing ever is have feel for someon you cant be with unhappi,negative
no one is offer thi poor old ladi a seat unhappi,negative
lexxxxxi unhappi your too nice to me instant messag realli not eek,negative
whi am i better at pen then pencildafaqcomoni just want to be a good drawer unhappi,negative
may unhappi g,negative
thank for that littl thing like that realli help when sleep start hit and you dont drink coffe or energi drink unhappi,negative
i miss them alreadi unhappi,negative
definit my arm unhappi,negative
oh my god what the heck im so sorri thi wa one of my favorit as well unhappi,negative
scout photobomb my bluebel photo sad,negative
crap haili wont be there she ha a school game and wont make it to middleburg in time unhappi,negative
still no sign it a veri small area garden and it would be veri obviou sad quit a few eye now,negative
but no sign,negative
my knee is similar colour to leni henri unhappi,negative
okey unhappi,negative
in so much pain my eye hurt unhappi,negative
dont be buffalo unhappi,negative
it hard to imagin anyon but robin unhappi but still excit nonetheless,negative
at least it not 80 cad like here unhappi 90 cad with quebec tax,negative
ye i will miss you unhappi,negative
22 is old unhappi,negative
rl seriu,negative
i feel so aw today unhappi i dont want to go to my internship,negative
so i may be one of those worker who are not properli compens unhappi,negative
i love when peopl or messag me w long messag about how beauti they find joon like unhappi ye i agre keep go,negative
today hasnt been great unhappi,negative
use up a month worth at laugharn weekend sad no wifi in small carmarthenshir town,negative
let alon for free,negative
today is 420 which is hitler birthday unhappi,negative
jungkook look like he give the biggest and warmest hug unhappi,negative
youngja look so sad in the video unhappi,negative
babi unhappi,negative
ill check that out i wa excit about the backup singer but they were way too backup unhappi,negative
first round exit in 15 minut follow by 45 of tech cri unhappi,negative
my puppi deserv all better unhappi,negative
resolv is sooo slow on my laptop,negative
i dont think ill be ever to edit long video here unhappi ill go tri anoth edit softwar,negative
i hate throw up unhappi,negative
as nani in lie unconsci,negative
never mind khushi,negative
i know im not readi to say goodby unhappi so,negative
w,negative
hello,negative
he not beat the two favourit here anyway so ill stop care about thi match,negative
sob unhappi,negative
i feel like the onli environ disabl peopl argument actual exclud mani disabl peopl,negative
thi is jimin to yoongi unhappi,negative
baaaper unhappi,negative
roc boyz sad,negative
roc boyz sad,negative
so,negative
last night i had a dream in which i move to japan and just so happen to see you you deni my friendli request unhappi,negative
so preciou i realli miss him unhappi,negative
oh no unhappi what are you like is it still in shop,negative
aando uandhappi i googl it the other day to read the meandu agaiand and it said it wa a hoax,negative
thank you unhappi i need a certif sign from god,negative
hi mahima we share your concern unhappi pleas dm us your contact detail so that we can get in touch for a detail cont1,negative
talk about tattoo just make me want my bb8 tattoo more and more but im so broke it make me unhappi,negative
never want to finish desper housew what will i do with my life unhappi,negative
not surpris that i have the least amount of follow out of the whole cast sad lol,negative
dear attende,negative
im veri jealou of you all unhappi pleas go see 1840 green room on sat,negative
talk to my over driver about where im goingh said hed love to go to new york too but sinc trump it probabl not,negative
ok will do i never had ani problem with the old ticket app,negative
the new one just seem a bit unstabl unhappi,negative
wed love to,negative
but custom mean we cant send food abroad unhappi we do hope your other birthday dream come true,negative
freebet ani sport except total mket on handbal,negative
basketbal etc theyr all restrictthrew,negative
ikr unhappi oki welcom sam,negative
speechtotext doesnt understand my accent or irish name unhappi,negative
thi is jimin to yoongi unhappi,negative
there are some rumor go around and video of hi perform on youtub have alreadi been delet,negative
ive just wrote 30 tweet about but still didnt notic me cri,negative
thi is damn there peopl who sincer want to attend bh birthday parti but bc of those peopl who tri for fun make them ca,negative
but whi unhappi,negative
definit my arm unhappi,negative
you dont post much late school unhappi,negative
u guy are not notic me unhappi,negative
koala are die of thirst and it all becaus of us unhappi,negative
sorri for be tire on stream will get some sleep and tri be more fun tomorrow just wasnt feel it tonight guy not,negative
just now i saw but you did not repli unhappi,negative
how to be you piss off cri 3,negative
my boo,negative
how about me be jup unhappi,negative
andi unhappi,negative
lage unhappi,negative
i have to wake up at 430 tomorrow so my bodi gotten a head start by wake up at 430 everi day thi week unhappi,negative
wish i had someon to cuddl me right now unhappi,negative
hi juli,negative
im so sorri to see your tweet unhappi pleas could you dm your address detail i will look i,negative
im tri to stay posit but i cant help be jealou of princess mia life all she doe is cuddl and eat unhappi,negative
russel my phone is just 10 is there a possibl or a chanc that you would notic me unhappi,negative
am away next thursday unhappi the one after,negative
peac sit here read my book after work,negative
watchman come and threaten me,negative
assum im outsid becaus of my,negative
oh shiiiiid noooooor unhappi,negative
oh well never like clay anyway unhappi,negative
unhappi unhappi feel sick,negative
okay lang friend promis meant to be broken hahahaha,negative
do you even care at all unhappi,negative
one year ago today unhappi,negative
i miss you a whole lot unhappi,negative
i know how you feel,negative
my view have gone done by about 100 monthli unhappi,negative
mane ha been amaz unhappi,negative
senior snap are start to get so senti aw unhappi,negative
instant messag still hope unhappi,negative
thi is damn there peopl who sincer want to attend bh birthday parti but bc of those peopl who tri for fun make them ca,negative
unhappi sure,negative
one of my fave too unhappi im tie to get it up on vimeo so you guy can still watch it x,negative
dang guess my plan are ruin unhappi,negative
koala are die of thirst and it all becaus of us unhappi,negative
unhappi but if therel be 1 silverthatd be him,negative
red velvet too unhappi,negative
my puppi deserv all better unhappi,negative
che no critiqu unhappi,negative
feel so shit today unhappi,negative
beauti,negative
i face swap a cat with a dog and it realli upset unhappi,negative
miss the rain unhappi,negative
thi is jimin to yoongi unhappi,negative
im just realli soft spoken unhappi,negative
playmf need moodboost juseyo unhappi jilyjelli,negative
koala are die of thirst and it all becaus of us unhappi,negative
pake 3 unhappi,negative
so preciou i realli miss him unhappi,negative
bell gone to daddi for to day work work work for me unhappi,negative
damn that unfortun for them unhappi,negative
well that my weekend view plan chang unhappi,negative
thi is damn there peopl who sincer want to attend bh birthday parti but bc of those peopl who tri for fun make them ca,negative
i onli just absorb that im not go to get to laugh when he get 2000 vote unhappi,negative
when i got doubt about my summer happi whi zcc unhappi,negative
mmmmm i guess your not get much act work these day you have too much time on your hand unhappi,negative
i wish i could say the gang all here but daniel not in thi pictur unhappi rantoul twp high,negative
oh no andi unhappi,negative
thi is what we have in front of us,negative
talk to my over driver about where im goingh said hed love to go to new york too but sinc trump it probabl not,negative
im sooooo sleepi unhappi,negative
must feel like shit when men can stare down the barrel of a bong as they spend their kid milk money unhappi,negative
alright look like back to chore behind the scene my page hit drop to 1k daili when i dont visit and post unhappi,negative
hi we tri to call your number but got no respons unhappi pleas share anoth suitabl time and an altern number for us to cont1,negative
long time no chat sad,negative
it not organictheyl shoehorn it inbut plot charact developmentmcu netflix ha leswhat support,negative
miss you unhappi,negative
koala are die of thirst and it all becaus of us unhappi,negative
when will 2ne1 reunit unhappi,negative
bring back the ginger curl,negative
talk to my over driver about where im goingh said hed love to go to new york too but sinc trump it probabl not,negative
3 3 3 pleas unhappi,negative
and he gave me hi pass so like i think a while is never unhappi,negative
i work so much better there unhappi,negative
hi tharakaram that not the experi we want you to have unhappi pleas dm us your number so that we can get thi cont1,negative
thi is so damn touch unhappi,negative
my puppi deserv all better unhappi,negative
i want to be cuddl up have someon do that littl back trace thing to put me to sleep unhappi,negative
you mean your voic chang unhappi,negative
those night your sad in real life and cant sleep unhappi,negative
ohh normal i feel sick when i drink like 34 cup of coffe,negative
mayb coffe is not for you unhappi,negative
i miss you cri,negative
honestli colleg make me want to curl up into a ball and cri for 3 day straight unhappi,negative
huhu so lucki unhappi,negative
wear are u unhappi,negative
im just have one of those day where instant messag like,negative
damn thi just suck unhappi,negative
ive tri reset everyth,negative
still strict,negative
if i cant fix it soon ill have to delay them until tomorrow unhappi,negative
you know what realli upset me when a stranger on the internet isnt satisfi with the entertain i provid him for,negative
hi we tri to call your number but got no respons unhappi pleas share anoth suitabl time and an altern number cont1,negative
i want to meet you both so bad unhappi,negative
me want pleas unhappi,negative
in memoriam of alea starbridg unhappi your beauti voic will never be forgotten,negative
hawhaw cri,negative
what dat unhappi,negative
pleas read unhappi,negative
i miss him so much unhappi,negative
sorri one bad egg ha to embarrass the rest unhappi,negative
i dont want to adult today it my birthday unhappi,negative
i miss temper brennan and seeley booth so much unhappi,negative
june 5 june 16 unhappi,negative
think about how tfp soundwav is forev trap in the void realm unhappi,negative
get well realli soon jack unhappi,negative
32 for the love of a daughter cri,negative
iiiii would like a boook fuck off unhappi,negative
im so tire of pretend im not fall for you unhappi,negative
on the way,negative
although ill be a littl late sad,negative
more than just a pictur unhappi,negative
wut i total miss your bday unhappi happi belat birthday sweetheart,negative
i hope it wa great,negative
i love you waaaaay more babi unhappi your the sweetest and most ador littl angel,negative
im so glad i have you,negative
koala are die of thirst and it all becaus of us unhappi,negative
it been a year haha unhappi,negative
guy thi is realli seriou and i hope you don27t judg me unhappi,negative
shouldnt keep kenyan complain on,negative
i cant believ thi hasnt been fix yet,negative
and i cant believ custom servic just goe,negative
aw younhappi i miss you too,negative
aww i wa tri to cheer you up unhappi,negative
famou sa facebook,negative
but in realiti alon and lone unhappi,negative
sorri for no stream yesterday,negative
i have a cold unhappi well see how i feel today,negative
wtf where the what is thi bore show that on when did thi happen thi is what happen when i close all week unhappi,negative
back at it again with the matemtica unhappi,negative
yg should have sent them to mcd i want to see them hold the trophi unhappi anyway,negative
im hungri unhappi,negative
i cant draw nake women cri,negative
hi ashish weve an updat regard your concern but your number wa switch off unhappi pleas share anoth suitabl time cont1,negative
u blackmail me unhappi,negative
whi am i not in au with alisha unhappi imagin the thing we could be do,negative
when jongin ask each member whether they have eaten and felt so wrong becaus they ate without him unhappi,negative
instant messag cramp sad,negative
i hate lose onlin friend unhappi it cruel when peopl deactiv unhappi,negative
guy pleas help me retweet unhappi,negative
pretti much onli the twitter and it doesnt realli work out for me sad,negative
the onli appropri one i have unhappi,negative
well,negative
at least in my case it ha not yet complet broken tho,negative
but how about your unhappi,negative
nope unhappi,negative
i miss temper brennan and seeley booth so much unhappi,negative
don27t be surpris if you see me cri today,negative
instant messag in a lot of pain and the school doesnt allow my to have my pain med unhappi,negative
oh jeez i didnt even tri take a crack at it becaus i expect the build to be so bad,negative
ha unhappi,negative
rip victoria wood heaven know were miser now unhappi,negative
that wa a fun night sorri i miss last night unhappi we realli need to sync our calendar with and,negative
when will you notic me unhappi,negative
same unhappi,negative
what crazi is when i walk through them door everi administr her wa there that night so whi are her a,negative
and yet if parent invest in child emot educ by take child out of school on holiday earli that un,negative
yg should have sent them to mcd i want to see them hold the trophi unhappi anyway,negative
i want more orient unhappi,negative
unhappi they not,negative
yg should have sent them to mcd i want to see them hold the trophi unhappi anyway,negative
wish knock out lang talaga for the new school year are good and cooper groupmat pleas unhappi,negative
i miss so much unhappi,negative
same unhappi,negative
hi instant messag your friend friend lang,negative
hindi close friend unhappi,negative
an inspir in all aspect fashion,positive
fit,positive
beauti and person kiss thefashionicon,positive
apka apna awam ka channel franklin tv aam admi product pleas visit or like share fb page,positive
beauti album from the greatest unsung guitar geniu of our time and ive met the great backstag,positive
good luck to rich ride for great project in thi sunday can you donat,positive
omg he kiss him cri with joy,positive
happi anniv ming and papi love love happi,positive
thank happi,positive
cmon tweep,positive
join vote for the singer do spread the word d,positive
thank for the great review smile,positive
yay anoth art raffl everyth you need to know is in the pictur d,positive
hello i hope you visit luxor it amaz citi in egypt plea check,positive
we got a vive tracker in the offic and our intern,positive
went to workdont get too excit,positive
thi isnt,positive
take a look at favouritesio you can do thi and more happi,positive
go back to school for music i think i will in time happi,positive
sixth spot not applic team higher pa kiss thefashionicon,positive
thank for be top influenc in my commun last week happi,positive
share the love thank for be top new follow thi week happi want thi,positive
retweet thi tweet if you want your to be includ in the nhc scrapbook ill be make someth out of all of the usern,positive
happi 420 happi pass it to your follow,positive
who want some good vibe watch thi on youtub or tv100 applic now for free happi,positive
great to work with you too such a love place thank you for havin,positive
noth is ever as it seem what look bad today,positive
will be a bless tomorrow happi keep your faith stir up each day,positive
mmmmmmmm love naughti wive smile,positive
you deserv a vacat happi,positive
never known how hard it is until last to day how to resist temptat to enter polit debat on social media happi stood firm so far,positive
some summer salad inspir for the bbq smile,positive
hey thank for be top new follow thi week much appreci happi want thi,positive
you should post thi offer on thi websit happi,positive
thank for be top new follow have a great week happi,positive
i prefer it to sharm enjoy it happi gouna 20km away is also quit nice honestli anywher away from crazi cairo is,positive
sixth spot not applic team higher pa kiss thefashionicon,positive
hey thank for be top new follow thi week much appreci happi,positive
thank for the recent follow much appreci happi,positive
thank lala much need happi,positive
thank for connect we are passion about hope you like our tweet happi,positive
hey,positive
keep smile happi,positive
said it yesterday happi,positive
we love that our blogger love us so much happi thank you for such an amaz review the perfect glass h,positive
onli way to make sens of those crazi edg case is the idea of share revenu wa offens,positive
rather,positive
gentl remind on our tp guidelin happi pleas read and spread thank you happi kiss thefashionicon,positive
keep be you,positive
cheeki d,positive
smile so true for someon who wa be recognis for her contribut to fashion,positive
she might have dress a bit better,positive
sound like a lot of fun d i like it,positive
oh,positive
jin wa spot at everland today nice to see them have a break after the us tour happi,positive
there wa noth religi in it is call out sexism i dont think i need to spell out my stand,positive
go back to school for music i think i will in time happi,positive
there onli one thing i want to chang about you your last name happi aldubonli,positive
welcom brother happi,positive
thank for the recent follow happi to connect happi have a great thursday,positive
sone who cant stream at geniey can stream for ty at geni we are still share some geni id if you want it,positive
dm us happi s,positive
spend time with dog or other anim is great at help you to relax and destress great idea happi,positive
my new video for happi i hope you like ithappi,positive
got thi interview poppin happi,positive
love your tweetabl wed like to reach out to with an opportun could you hit us with your email happi,positive
thank for the recent follow happi to connect happi have a great thursday,positive
uss,positive
ill dm you half nake pictur happi,positive
evet happi,positive
well,positive
i hope it doesnt last too long and you at least get to enjoy the weekend and happi birthday again happi,positive
excit about event next week in bangalor come happi,positive
want to win a pet chick happi simpli follow retweet for your chanc to win winner will be select sunday 23rd go,positive
top retweet thi week,positive
thank you happi,positive
dope that a cool word final down with the hip young milleni memer smile,positive
2nd cousin vlad mayb that a messag from the hockey g,positive
thank for the recent follow happi to connect happi have a great thursday want thi,positive
earlier happi,positive
just win at weekend and it will be a late gift,positive
ok d,positive
we final got jinyoung to wipe it for jaebum himself but their preciou son block it for the world to wit it,positive
here is question 18 make sure to use in all your tweet repli happi,positive
and thi credit also goe to ik happi,positive
my other accountsthem both or get rekt d,positive
hey thank for be top new follow thi week much appreci happi,positive
le vider happi,positive
clauditt,positive
my friend is such an egg,positive
congratul david well done mr v welcom jessica happi,positive
have you tri these new hack tri dumb life hack 17,positive
keep tweet team higher thank you for the effort kiss thefashionicon,positive
here are some veri happi boy to brighten up your day happi,positive
a huge thank you to all the within the social work care sector keep up the great work happi,positive
lunchtim with flinthook thi game ha so much person d,positive
minist of pmln are happi like those student who never studi for exam luckili exam got delay theyll still ha,positive
d when mom is a bit tire,positive
what we did after the climax shot happi,positive
miss petit happi thursday happi look forward to the weekend,positive
rt quot with your name for a calligraphi of it happi ill tri my best to make it pretti non mutualsmutu ifb fl,positive
mutual let talk morem for suremutu happi me,positive
i got th will add sim ant as a possibl thank happi,positive
if you want a friend in washington,positive
get a dog d,positive
congrat winner d and it eyounji you did well my girl,positive
did you notic there is no kill of rss bjp worker in anoth southern state cm is dismantl xtian infra in munnar,positive
hi pleas rt my pin post happi,positive
the video will definit be a 30 minut episod if not longer,positive
i would love to win these gorgeou nail polish d arent they cute,positive
jae celebr with sheena easton after the triumphant open night of 42nd street in the west end happi,positive
happi belat birthday anoth duet of you and amaal is much need,positive
your titti are fantast kissi kissi,positive
pl rtnct fic love song,positive
goodeven happi,positive
minist of pmln are happi like those student who never studi for exam luckili exam got delay theyll still ha,positive
thank for the retweet thi week much appreci happi want thi,positive
thumbnail uhc thi is my best render ever dand fav are appreci brosopinio,positive
thank again for notifi us we have updat our addon plan accordingli happi,positive
veri cool happi surround you for a full recoveri,positive
a nice morn work from today love atmospher,positive
friendli servic,positive
wifi,positive
comfort london fog,positive
i just did happi,positive
have a great day everyon happi,positive
kiera quest awaken kiera quest book 1,positive
have you vote for the wolf bite on greenlight yet happi help us get wolfi pig on steam,positive
go back to school for music i think i will in time happi,positive
here is a new thesi by anoth geniussir,positive
we love to have repli by you d now get lost,positive
your birthday isnt for anoth for hour for me,positive
but happi birthday hoe have a good day,positive
i love you i guess happi,positive
it hard to see your best friend with anoth girl happi,positive
the offer still go happi,positive
if you cant be there for someon at their worst then you dont deserv to be there at their best kiss thefashionicon,positive
demit the gocoh game is real cri with joy,positive
found use for the sewabl led holder happi,positive
select from 14 awardwin laura taylor romanc ebook,positive
so excit for the thing come in the futur happi thing are go great,positive
you guy are entertain and insight and one of the reason i have been realli enjoy lpl a lot more thi season d,positive
that how it sound like at superbooth happi,positive
i want to learn the choreo but my ugli bodi say no cri with joy,positive
share the love your top engag commun member thi week much appreci happi,positive
hi kyli,positive
look forward to you visit youv pick a great day too,positive
the sun is shine happi,positive
ok just pleas read the repli on thi,positive
thi right herear you happi you dont have xno becaus im still here in thi condit with no i,positive
to all fla member and offic who are go to cebu tomorrow silenc godbless piss off mga ant and angkol happi,positive
for everi like ill post an answer smile,positive
mayb not a band but we can definit collab hi my name is philip happi,positive
legogroup legothursday jokersquadswg legolandwindsor sound like you had lot of fun happi,positive
a friend who would like a brand new strapback hat onli 1499 at,positive
ye you had smile,positive
matatytan almightytann good even everyon happi join our twitter parti tonight offici taglinetann,positive
first attempt of bird photographi passer domesticu how surpris wink,positive
peopl who don27t know me alway think i am quiet peopl who do know me wish i wa kiss thefashionicon,positive
love you too p,positive
rt good even everyon happi join our twitter parti tonight offici taglinetann welcomebackph tmi,positive
oh ye happi,positive
hey robert rolih thank for the follow what doe coastal live mean to you repli with photo d,positive
have you ever been to australia d love your vid lovo on youtub d,positive
open up to you lotrt like would be laaaaaverli d xxenjoy,positive
in other word they never miss articl happi,positive
if the below tweet hit 1000 is get rian hold the sticker too click the below tweet sm,positive
bill nye answer scienc question from twitter wire,positive
how are you do today happi,positive
were readi for our next fire light session at we have a few keen earli bird here alreadi smile,positive
go kiss i know you can do it,positive
if thi get 70rt i will giveaway 5 minecraft account and an origin account randomli to peopl who retw,positive
hi mr yen will you be do ani sign in new york some day your a great role model happi,positive
it just a cut dure one of my kitchen experi happi,positive
wow i just made a js compressor that actual check scope variabl exist turn out i have a few issu happi linter may be use happi,positive
thi week marilyn pop by and get down and dirti happi cum see,positive
loool im mad avoid me today d,positive
your welcom thoma happi kim,positive
look at thi happi,positive
he didnt play for a year,positive
so im super impress he got hi music mojo back thank you so much happi,positive
watch thi mayward fam,positive
i wa think the same our i know is so cute happi,positive
sone who cant stream at geniey can stream for ty at geni we are still share some geni id if you want it,positive
dm us happi s,positive
mythbuster20 happi,positive
aha it okay she go to be on rough night happi,positive
compani photoshoot with our fabul photograph happi look at thi determin concret shoe to get,positive
perfect,positive
thi work out beauti if you redesign the import page to suit the whole applic would mak,positive
hey,positive
have a great day today happi,positive
come volunt at the abbeydal pictur hous next wednesday,positive
should have had farnel fursday isn27t it happi all meet up at tax and pound happi,positive
here one of my roll of poundland film a store that sell all product at 140 and here the dx d,positive
thank for the recent follow happi to connect happi have a great thursday,positive
thank d,positive
love them can i get some smile,positive
open up to you lotrt like would be laaaaaverli d xxenjoy,positive
spend my night talk to my belov perfecti love you man happi,positive
is the winner of the donat giveaway,positive
answer thi with yoyour steam trade link and ill send you right away d,positive
for the recent follow much appreci happi want thi,positive
i think im probabl beyond repair by the sound of tea etiquett happi,positive
layout btob happi,positive
i am if your still look for one happi,positive
sydney tomorrow,positive
byron in 3 week,positive
hobart in 7 week lot to look forward to happi,positive
i hit that,positive
new job start in to week d,positive
whi do peopl on the internet have to be such ass annoy here some posit for you i love your art d it so pretti,positive
the best commun gather come up were full,positive
but here how you can be a part of thi happi,positive
mutual let talk morem for suremutu happi me,positive
happi birthday megan happi,positive
just wander around,positive
pop into a store,positive
owner told me about it as in articl smile,positive
did you see thi one happi transit piec chiffon dress,positive
sixth spot not applic team higher pa kiss thefashionicon,positive
thank you crew happi,positive
a littl video i made for the love of my life,positive
minut yoongiwatch til the end for a free cooki happi,positive
just let is know when youd like one happi,positive
you know what i realli love about you lotnot onli do you support me in the comment,positive
you also support each other an,positive
i just did happi,positive
hey,positive
keep smile happi,positive
noth could be better happi,positive
so inspir cri with joy,positive
instant messag fine yoo,positive
thank you happi,positive
what a day what better way to spend thi sunni day than drink by the shore happi,positive
i suppos they are wait for you happi,positive
aww hate that i got sponsor,positive
how childish of you commando happi,positive
definit wasnt what i wa look for but gave it a tri anyway happi,positive
the one with backward cap,positive
pleas d kenbi,positive
bless your first day of april happi,positive
helloo d keepsmilingi,positive
my contribut to post on my tumblr a while ago cri with joy,positive
happi birthday in chopin style piano improvis,positive
ye,positive
the problem is onli affect webmail itself access email from other applic work fine happi mkl,positive
he the best happi,positive
where are you now happi,positive
enter to win 1 of to box of highli anticip book 6 book in each box open int happi,positive
congratul my world happi,positive
helloo d mr drippi callmeergan,positive
good cri with joy i love you so much,positive
wow awesom gog thank happi,positive
doe anybodi out there need ani motion design or anim help if so i am avail happi,positive
ye neil gaiman for life d,positive
as the last event for chapter 1,positive
weve invit 24 peopl to propos vision of the futur jom happi,positive
exaseetli what happen in tn politise thi is not to get bjp at all to tn game is differ again,positive
youll be see,positive
i don27t know doesnt seem fair to metwo against one happi,positive
helloo d braid keyrazygirl15,positive
thank you mama bear ang ganda mo happi,positive
okay,positive
now im realli out happi,positive
helloo d kesh mzkeshnj,positive
as in most use stat dont care about motiv happi,positive
kind of jealou with you all laugh but it ny fault for not work hard happi,positive
appreci your recent retweet have a great thursday happi,positive
should i stay should i go nobodi know happi,positive
helloo d mack macktimu,positive
ladi tell me whi yoyoy dont play golf what wyoyoyoud make yoyoy want to play top 3 reason yoyoy do play heyjyoyoyoude66info,positive
thank for the thi week,positive
much appreci happi,positive
nearli done now thank everyon for join and hope to see you same time next thursday happi,positive
oh that feel when you have 10 gem d,positive
helloo d chammi shamirakay,positive
good luck to rich ride for great project in thi sunday can you donat,positive
you too my friend smile,positive
rt almightytann good even everyon happi join our twitter parti tonight offici taglinetann welcomeb,positive
amaz stuff thansk for thi happi birth control gamma ray 1972,positive
note on thi sir,positive
the bu from bangsar head to awan besar have a good day happi,positive
thank for the recent follow happi to connect happi have a great thursday want thi,positive
helloo d best damn avocado batsyy,positive
let agre she put her brain on knee cri with joy,positive
wish you were here smile,positive
everyon from get punch d,positive
i welcom you to germani then i have no author to welcom you in the other countri though happi,positive
better be oldschool cri with joy rs3 equal aid 3,positive
noth could be better happi,positive
pleas thi beauti princess have your help,positive
give a littl for her happi,positive
alway run out of space on my phone,positive
thank you kpop cri with joy,positive
one by one allah eas my problem lot of thank to him cri with joy,positive
thank you for share happi,positive
noth could be better happi,positive
hope it should be ok happi chart dont look too bad at moment but depend on tide direct,positive
keep,positive
soon i need you so much cri with joy i need you kaswa,positive
onli laksa can make me okaay now cri with joy i need laksa,positive
helloo d car fox ror925,positive
thank for connect we are passion about hope you like our tweet happi,positive
mutual let talk morem for suremutu happi me,positive
who want some good vibe watch thi on youtub or tv100 applic now for free happi,positive
tara,positive
hi,positive
all im roy dahildahil,positive
cofound of and ill be moder tonight tweetchat happi,positive
sone who cant stream at geniey can stream for ty at geni we are still share some geni id if you want it,positive
dm us happi s,positive
enjoy happi,positive
happi thursday love happi,positive
good morn peadi,positive
you need a direct coffe feed to starbuck happi,positive
you better check thi out,positive
thank for the recent follow happi to connect happi have a great thursday want thi,positive
ummm announc a new show in buffalo he should ask to be an open happi,positive
the world is so big too big for our problem and worri to take over our world there is much to smile for happi,positive
friday after the confer some of us will go for dinner to favourit smile,positive
follow to a saga diari and a year worth of saga pen tc,positive
im done tri to take men serious happi,positive
for be top high valu member thi week happi,positive
okay happi,positive
littl fan happi,positive
here the full art for both glyph keeper and hi mummi token for those interest they will be hit ebay tonig,positive
seokjini went to everland today i guess he forgot that he an idol,positive
which is good for him happi,positive
welcom happi,positive
i wasnt say i read a book today,positive
i wa tell you to read a book today knowledg is power knowledg is growth kee,positive
in game you move him to camera happi,positive
veronic and jughead happi,positive
oh my god it rain where i live too cri with joy and stop omg i wanna cuddl him now,positive
hehe take care andi friend happi,positive
vocal coach ig post,positive
hold off the frown until youv use the new applic which is made by the same team happi,positive
i love it when ben sleep in becaus i get to watch all the programm i want on netflix without interrupt happi,positive
thank happi,positive
noth could be better happi,positive
thank you crew happi,positive
someon ask me how life i just smile and repli,positive
she fine kiss thefashionicon,positive
yeaaaah alpha invit well receiv happi,positive
good luck swampi happi,positive
what to do when you are feel bad buy a new book and get engross into a new world happi,positive
in may go away happi,positive
april is realli realli bloodi im so proud of our boy cri with joy,positive
have you smile today never forget to smile happi,positive
then and now happi,positive
gott happi,positive
noth could be better happi,positive
there you guy read it for onc at least cri with joy,positive
i hope loui get all the off time that he want and come back fresh and happi happi,positive
ye we can do that happi,positive
famfrit with and peopl happi,positive
but,positive
er,positive
sloth are great so it a good ununthink pictur have i dug mysel,positive
thank much appreci happi the magic of,positive
on our way home happi happi si noah sa skyranch,positive
thank for the recent follow happi to connect happi have a great thursday want thi,positive
thi is whi i made the video about improv your line work on youtub,positive
when you have to do thing like thi happi,positive
client work for rt and favorit happi,positive
everyth is a choic happi,positive
awesom make a good nurs maid,positive
huh happi,positive
thank for the recent follow happi to connect happi have a great thursday,positive
thank for be top engag commun member thi week happi tri thi too,positive
thank for the recent follow happi to connect happi have a great thursday,positive
funni happi,positive
1st day of ja entertain marathi film savita damodar paranjp have been a big fan of thi stori final get,positive
it been a good day hey happi,positive
mutual let talk morem for suremutu happi me,positive
surround yourself with posit happi,positive
still live,positive
and gst is the brain child of our modiji happi perfect,positive
she also make some of the most beauti art my biggest inspo all for sale if anyon is interest happi,positive
thank for the recent follow happi to connect happi have a great thursday want thi,positive
thank for upvot us on ph happi,positive
good,positive
that might have cost you 3 a month happi,positive
great to see you buddi nicest dude in the world keep kill it brother happi,positive
i have bronchiti i love that happi,positive
thank for the recent follow happi to connect happi have a great thursday want thi,positive
20 off all knight day jewelleri end thi sundaywhi not pick up someth nice for,positive
the bank job,positive
come soon to a screen near you,positive
157 day to go happi,positive
go to go meet andrew for lunch now but ill be back at to or to 30,positive
im upstair to the right happi,positive
were you also at our sign session with qian liu jare wright after the last perform of onegin share your,positive
happi birthday,positive
bram stoker cant wait to show you in bronz soon happi,positive
not in the tweet i ve meant the articl itself happi,positive
i send peopl bunni pic,positive
let me know if your up for that happi,positive
thank for be top engag commun member thi week happi want thi,positive
if your an aspir develop in or near krakw thi is an excel opportun they even pay their intern happi,positive
thank i didnt have to chop it myself,positive
arriv on the back of a littl tipper lorri smile,positive
prepar to be inspir happi,positive
readi now one 9 week old chocol femal puppi from harlow x sterl happi thi girl is a sweetheart and ha a,positive
again as i said i do see your concern but i assur you sir that hinduism will stay dharma and will no,positive
thi is just super cant wait happi,positive
notic anyth unusu happi birthday to the love frooti happi,positive
rose come to him he realli your enthusiast d use so much not so may,positive
thank for the follow happi if we can help your busi in anyway pleas get in touch,positive
thank for the recent follow happi to connect happi have a great thursday,positive
a scan for your tumblr happi,positive
new upcom hero reveal wukong,positive
dragon more omg d,positive
thi never happen with our happi,positive
awesom recommend jess listen to the,positive
thank b happi,positive
congratul,positive
youv got the messag happi,positive
that kaki no tane and it amaz foyound a place here in germani where you can import it d,positive
no break and a first practic exam happi,positive
made dinner for two tonight happi,positive
share the love your top engag commun member thi week much appreci happi,positive
you know exactli what im talk about happi,positive
thank for the recent follow happi to connect happi have a great thursday want thi,positive
shihaaaa help me on my bishi hunttt equal equal,positive
puzzl piec 64rt and like for the next pleas 20 rt,positive
30 like hehe,positive
drop you a follow on twitch happi,positive
so mani cool game and updat releas today happi,positive
isnt it terribl that we live in a world where we have to address anticip critic of our thought first happi,positive
that i said,positive
chage for the best for our singto pleas,positive
cheer up the new administr team happi,positive
seem you like my black lingeri pictur then happi,positive
thank for be top engag commun member thi week happi want thi,positive
good morn i hope you slept well happi,positive
thi never happen with our happi,positive
a lot of game thi month d,positive
me everyth and anyth these day,positive
how do we book the car servic for the sward tommorow d,positive
thank for your feedback it just the start phase,positive
there will be more figur happi,positive
can i pop in a request for assassin shower gel happi,positive
mutual let talk morem for suremutu happi me,positive
look forward to thi come out to see us our booth is go to be right in the center of the field happi,positive
thank a lot,positive
will check it happi,positive
well thi wa fun thank for stop by and give me shit tonight fella d much love feelsgoodman,positive
you kill me cri with joy,positive
see the next tweet i did about 5 differ thing while keep veri calm,positive
can list them if you want happi,positive
thank for the recent follow,positive
much appreci happi want thi,positive
how peopl write a joke on religion onlinejokejust joke guy,positive
no offenc dont want to hurt anyon all i,positive
thank for the recent follow happi to connect happi have a great thursday want thi,positive
not yet mayb thi year happi,positive
hey thank for be my top new follow thi week much appreci happi want thi,positive
jack and finn harri cri with joy,positive
i dont think youd understand how much a stream would mean happi even if it is veri makedo,positive
it would be awesom,positive
no stress mariana,positive
beetl done and join wall,positive
the mini and the campervan happi,positive
stat for the day have arriv 1 new follow and no unfollow happi via,positive
whi i didnt save it happi go to recolor again the,positive
share the love thank for be top new follow thi week happi,positive
thank for the recent follow happi to connect happi have a great thursday want it,positive
i consid ask where that came from d,positive
thank by ha notic of me greet jossettedhermanni,positive
thank for the recent follow much appreci happi want thi for it magic,positive
thank you so much my friend smile xx,positive
worship me and spoil me happi,positive
stat for the day have arriv 1 new follow and no unfollow happi via,positive
superstar thank so much for the kind word look forward to see you soon buddi smile,positive
new second home come soon d,positive
i use to like my neighbour,positive
until they put a password on their wifi kiss thefashionicon,positive
you still syour d,positive
thank for the recent follow much appreci happi want thi,positive
hi cham,positive
ani updat about the batch 1 of armi bomb v2 happi,positive
do happi we are at 27 million keep it up happi and we are at 71 million we are so close to have anoth 100m,positive
just photoblog happi reus old locat,positive
mutual let talk morem for suremutu happi me,positive
new videostream montag we final unbox a spectrum knife hope you like it here,positive
minah start cri becaus of the fan and yura hyeri make her laugh to cheer her up i cant cri with joy,positive
stat for the week have arriv 1 new follow and no unfollow happi via,positive
readi for 420 happi,positive
fat ass girl fat fetish760 hot video onlin,positive
thank for the recent follow much appreci happi i sent thi with,positive
and he said it silenc in morgan freeman voic happi,positive
thank you happi,positive
if you eat your steak well done pleas unfollow me happi,positive
how the quintli trial happi,positive
thi is what life is about enjoy happi,positive
stat for the week have arriv 1 new follow and no unfollow happi via,positive
lip though,positive
exaseetli what happen in tn politise thi is not to get bjp at all to tn game is differ again,positive
youll be see,positive
our crazi easter our donkey is insan serious crazi haha,positive
morn coffe time happi,positive
thank for the recent follow much appreci happi want thi,positive
thank for the recent follow much appreci happi want thi,positive
we would love to have you as a guest on podcast sometim onli 15 minut smile interest,positive
kissward taglinetweet with us pan noonecanstop kissward,positive
thank you crew happi,positive
i love my six pack so much,positive
i protect it with a layer of fat kiss thefashionicon,positive
share the love thank for be top new follow thi week happi,positive
share the love high valu member of thi week happi,positive
if look could kill smile,positive
or the station didnt check happi sure some combin of 0xxxxxx938 or 0xx9,positive
noth move faster than a girl untag herself from an ugli pictur kiss thefashionicon,positive
you too smile,positive
thi is great happi,positive
happi 10th wed anniversari aishwarya raiabhishek bachchan happi,positive
swanmen set up pablo is wait for more news to happen happi,positive
thank for upvot us on ph happi,positive
hiii gentleman command bryannousauru happi,positive
thank for the recent follow happi to connect happi have a great thursday,positive
joo okay happi,positive
close up of the anim 3i will post the second part soon happi,positive
we don27t spam him in ani way,positive
we just repli to hi tweet like all hi other follow dothi is pointless,positive
thank for the recent follow much appreci happi want thi,positive
hiii reec reeceboast happi,positive
alay give me iphone7 or dollar for my birthdaydo normal abeg,positive
thank for the recent follow much appreci happi get it,positive
superstar thank so much for the kind word look forward to see you soon buddi smile,positive
naeem bokhari say mian ha gone are so cute nb happi but ns is ugli evil,positive
that insan good luck for that i took it off yesterday afternoon d,positive
have i told you late that oliv juic d,positive
updat the text for my video intro by draw it with the line tool in paint tool sai happi,positive
thank for be top engag commun member thi week happi grow your follow with,positive
thank happi,positive
i hate peopl who steal my idea,positive
befor i think of them kiss thefashionicon,positive
ive been given a custom consol bundl to giveaway happi thi tweet be follow me to enter end,positive
and give one to everi student and myswlf happi,positive
dont mention it d,positive
episod two now cri with joy,positive
im surpris you dont use an adblock happi,positive
i just want to say thank you for follow me,positive
i realli appreci it hope you have a brilliant day happi,positive
happi 420 im drug free ive never smoke weed befor,positive
mutual let talk morem for suremutu happi me,positive
block by christensenanoth notch on the belt happi,positive
just over 91 in favour of the unelect jeremi corbyn happi,positive
best advic on blog happi,positive
teaser come out today at 4pmstori,positive
music and direct by of my favourit by,positive
aw bcc is have a pride prom and i kind of want to go happi,positive
if school ha taught us anyth,positive
it text without look kiss thefashionicon,positive
good morn messag never fail to make me smile happi,positive
thank for the recent follow much appreci happi want thi,positive
sap did you also use,positive
shoutout to for the donat look like im stream some stanley parabl later happi,positive
unfollow bye happi,positive
thank you for 2k like on my banner project happi,positive
hi d retweet for a follow,positive
news d,positive
when your effort pay off happi,positive
no pressur happi,positive
happi bday midawgdarnizl i love you a long time happi thank for be my best friend forev and attempt to travel on the road,positive
fri or thu im go to the friday show d,positive
i wa think about how i dont want to go to school and im suddenkyfeel good happi,positive
no i don27t,positive
tonight 7pm,positive
a treati could provid secur tech for cultur develop happi,positive
thank for the recent follow happi to connect happi have a great thursday get it,positive
more goodi spot d,positive
anoth great day out in westhoughton,positive
deliv the conserv messag of strong stabl leadership happi,positive
morn happi,positive
i had that down south and had no issu,positive
go to see what about and speak to peopl that live near to me and see what they use happi,positive
ive been tri to bank sleep all week happi i doubt ill be abl to sleep friday or saturday night,positive
i understandi do silli shit like that to make my friend smile happi,positive
well,positive
i guess it a good thing then to bring it right to the foreground and put it right in their face,positive
thank for the recent follow much appreci happi want thi,positive
you know what i think you look except for a new mum,positive
my tum is still like that 20yr on happi,positive
who is the prime minster of pakistan nawaz sharif hahahahah happi sorryuncl,positive
sure is happi,positive
agre i feel like ive skip too mani cssdesign fundament im spend the next coupl of,positive
hey thank for be top new follow thi week much appreci happi,positive
it will be at random on twitch happi,positive
good morn everi one,positive
order what ever you want to eat through our websitemay you all have a great day happi,positive
thank for the recent follow much appreci happi get thi,positive
that would be a great trick happi,positive
omg im so happi new video about ma bigbang babi happi,positive
happi birthday happi hope you have a good one,positive
becaus you are one happi,positive
totoo po waaahhh may heart heart everywher happi love it,positive
good morn everi one,positive
order what ever you want to eat through our websitemay you all have a great day happi,positive
thank you so much sir happi pleas watch the film and call me happi,positive
thank happi,positive
happi me too i hope,positive
they are real sub and here the link for the video happi,positive
open sentenc of happi,positive
rt for 50 ffsrt pin tweetb patient legiiiiiiitno save account happi,positive
thank for be top engag commun member thi week happi want thi,positive
jem did the dark star orianna splash with assist from alex d she done lot of splash updat,positive
check her as,positive
gippi grewal will be onlin on twitter at 3 pm,positive
just type and ask anyth you like happi aa jao for,positive
hi guy were look for to bartendersmixologist to work with us at an upcom event dm us,positive
thank for the recent follow happi to connect happi have a great thursday,positive
thank for the recent follow happi to connect happi have a great thursday,positive
physic will have 80 formula to memor hahaha happi,positive
im grate to my mom for give birth to me and not abort me cri with joy,positive
thank for the recent follow happi to connect happi have a great thursday,positive
you nail it brought tear to my eye,positive
i got goosebump,positive
beauti set,positive
the perfect dress,positive
and total of,positive
ah awesom pixel art stuff by ani chanc happi,positive
share the love your top engag commun member thi week much appreci happi,positive
pleas,positive
pleas watch the afl anzac game on tuesday it a veri big tradit here and youll love the sport happi,positive
anoth day good morn it april 20,positive
2017 at 0700am kamusta dont forget to eat your breakfast guy happi,positive
yess cri with joy,positive
home run and ye charli is at the game happi,positive
you say vuca,positive
i say tuna happi,positive
thank for the recent follow happi to connect happi have a great thursday want thi it free,positive
where happi,positive
good morn everi one,positive
order what ever you want to eat through our websitemay you all have a great day happi,positive
happi 16th birthday to my bff i may onli be 15 and a half but ill have you to take me place happi have a great birt,positive
thank you happi,positive
thank for the recent follow happi to connect happi have a great thursday want thi,positive
good morn everi one,positive
order what ever you want to eat through our websitemay you all have a great day happi,positive
nice,positive
congratul to both of you happi,positive
i had all and then most of you,positive
some and now none of you cri with joy,positive
thank for the recent follow happi to connect happi have a great thursday want thi,positive
here me be brutal respect in a suit enjoy happi contrast so you appreci mo,positive
if your a champion,positive
let me know im a championeld lenor a artisministri,positive
great song happi who are your favourti member x,positive
thank for the recent follow happi to connect happi want thi it free,positive
charg to experi muna happi,positive
superstar thank so much for the kind word look forward to see you soon buddi smile,positive
thank so much for the rt,positive
and have yourself a groovi thursday happi,positive
stat for the day have arriv to new follow and no unfollow happi via,positive
in melbourn pleas happi,positive
thank for the recent follow happi to connect happi have a great thursday get it,positive
thank for the recent follow happi to connect happi have a great thursday,positive
that would be a great trick happi,positive
i have a goal today happi i27m go to accomplish it,positive
kid versu legend cri with joy,positive
happi birthday nimesh happi,positive
good morn,positive
mike bless to you happi,positive
thank you happi,positive
facial happi,positive
ill keep you awak happi,positive
hello everyon,positive
have a great thursday look forward to read your tweet happi want thi,positive
if josi,positive
val and reggi had more screentim riverdal wouldnt be half as bad as it is happi,positive
thank for the recent follow happi to connect happi have a great thursday want thi,positive
nation bitbucket unfriend day to save 2 smile,positive
share the love thank for be top new follow thi week happi,positive
mutual let talk morem for suremutu happi me,positive
hi carlo im okay nmn howdi happi,positive
those chibi though d,positive
no im wait for jail break happi,positive
rt for 13 ffsit not much but theyr freelegitfre but follow me first to get them quickerb patient i will g,positive
hi guy,positive
have a great thursday look forward to read your tweet happi want thi it free,positive
you too man happi,positive
a chub bun becaus it easter happi easter hi name is almond d,positive
to pork pie happi,positive
a chub bun becaus it easter happi easter hi name is almond d,positive
thank you so much smile,positive
your gener support is an integr part of my happi thank you for the like,positive
there we go again smile,positive
naeem bokhari say mian ha gone are so cute nb happi but ns is ugli evil,positive
thank for be top engag commun member thi week happi i sent thi with,positive
abc news got ahold of me and ask if they could use a few second of my come out video for a transgend special thi f,positive
thank for share happi,positive
thank for the recent follow happi to connect happi have a great thursday want it,positive
im still in my bedroom and scare of go out happi,positive
amaz work d,positive
thank for the recent follow,positive
much appreci happi want it,positive
hi i want to speak to you about a busi partnership happi,positive
thank for the recent follow happi to connect happi have a great thursday,positive
thank you so much willow you help me ring in the birthday with that amaz stream last night d,positive
anoth great song have a listen it good you may well like it happi,positive
follow him happi,positive
a7atein becaus one a7a just isnt enough d,positive
tat i have question happi,positive
anoth great song have a listen it good you may well like it happi,positive
ooh,positive
cant wait for those reveal qa happi,positive
from soup and sandwich to slow cook pork,positive
our love lunch menu is sure to pleas smile,positive
awww yeah d,positive
what a sad life it must be,positive
get 70k,positive
and still not be rich tri get a life,positive
instead of just money,positive
id say d,positive
hello everyon,positive
have a great thursday look forward to read your tweet happi want thi,positive
happi birthday have a good day happi,positive
thank for the recent follow happi to connect happi have a great thursday,positive
hey,positive
you can get a profession one here,positive
that would be a great trick happi,positive
that whi i say at the end of my video if you like it,positive
give it a like happi it all about choic d,positive
thank you happi,positive
if you are read thi i hope someth great happen smile,positive
thank for the recent follow happi to connect happi have a great thursday,positive
rt for an indirect from and me happi,positive
client work for rt and favorit happi,positive
do you want me to follow you back if you do thi tweet and i will happi onli,positive
and the websit is down sinc long happi,positive
friendli remind that you can enjoy a movi or televis show without have to trash anoth happi,positive
with the help of made these sent starter for p1q3 open to suggest on how to improv happi,positive
hello 1372 follow thank you so much for follow will love to read your tweet happi want thi,positive
thank for the recent follow happi to connect happi have a great thursday,positive
thank for be top engag commun member thi week happi want thi,positive
happi 420 everyon happi,positive
happi birthday to the cyoutestfyounniest a d you l t i know have a good day coreo boreo,positive
congrat d,positive
mmmm the blood of my enemi happi,positive
thank for the recent follow happi to connect happi have a great thursday want thi,positive
i know vearey move and twisti and you aare are,positive
tell us about happi,positive
share the love thank for be top new follow thi week happi want it,positive
seokjini went to everland today i guess he forgot that he an idol,positive
which is good for him happi,positive
a beauti day happi,positive
congrat on your d,positive
sone who cant stream at geniey can stream for ty at geni we are still share some geni id if you want it,positive
dm us happi s,positive
25x25 i can go first happi,positive
ticket avail now for the 401 festiv of run 2017,positive
find out more and sign up at,positive
so happi it thursday,positive
or shit for short thank to my friend maddi over at,positive
im on a road with no destin im just drive with a hope to find some place i like and stay there,positive
im not lost,positive
thank for the retweet thi week much appreci happi want thi it free,positive
first happi,positive
good luck happi,positive
updat i got in d,positive
thank smile much better today and thank for the messag,positive
my real time happi,positive
mani thank,positive
ann happi,positive
i wasnt say i read a book today,positive
i wa tell you to read a book today knowledg is power knowledg is growth kee,positive
lolo bin are you fuck mental screenshot d haha,positive
what text are you do happi ive got the same issu,positive
hey thank for be top new follow thi week much appreci happi,positive
hi han,positive
if you follow and dm us we will be abl to assist you chri happi,positive
thank for the recent follow happi to connect happi have a great thursday want thi,positive
thi wa awesom ha two fillin thi week happi,positive
maayo didn27t ang lahat happi let give him a space and time happi,positive
did you notic there is no kill of rss bjp worker in anoth southern state cm is dismantl xtian infra in munnar,positive
typingcur,positive
class hall mission and heroic dungeon surpris d,positive
surround yourself with posit happi,positive
pretti happi,positive
on moral ground thi verdict is in favor of pti happi becoz to out of 5 judg clearli mention that our pm is,positive
avi for my man phone made like alway wink,positive
share the love thank for be top new follow thi week happi,positive
tonight 7pm,positive
playoff rematch complet feel good go to world again d,positive
im get one too smile smile smile smile,positive
spose you dont have to pay for accomod which is nice haha or are you go to stay somewher anyway happi,positive
a littl bit overdramat death happi,positive
thi is great to hear joanna happi were so pleas youv had a good experi,positive
i think im go to check out even though i hear it not as good as ue4 i believ it might be cool to tr,positive
here is the link for seventeen yokohama concert with english sub ddl,positive
thank,positive
i cant wait to actual see a copi smile,positive
thank you crew happi,positive
thank for the recent follow happi to connect happi have a great thursday want it,positive
sup guy d,positive
fact about parrot in minecraft come soon d,positive
thank for the recent follow happi to connect happi have a great thursday,positive
made dinner for two tonight happi,positive
same happi ill see closer to the con but it no more than five or so lol same d,positive
the tutori of michel grundstein distinguish inform from knowledg will start at 15pm be here happi,positive
thank for the recent follow happi to connect happi have a great thursday,positive
i look good in blue happi,positive
thank for the recent follow happi to connect happi have a great thursday,positive
jyoust a remind thank you for thi happi,positive
your bodi hear everyth your mind say be kind,positive
posit and love alway happi,positive
rubi wa rehom for time befor she wa for month old now love her forev home pl alway consid rescu when,positive
3 littl one wish you the best happi sound like a fun group,positive
naila raheem is now follow me on twitter,positive
thank for the recent follow happi to connect happi have a great thursday want thi,positive
stat for the week have arriv 1 new follow and no unfollow happi via,positive
thank for the recent follow happi to connect happi have a great thursday get thi,positive
i love it when pretti girl call me pretti like bitch tf you too happi let be friend,positive
thank for the recent follow happi to connect happi have a great thursday get free,positive
thank for the recent follow happi to connect happi have a great thursday,positive
thank for the follow happi,positive
everi time i think that my skin is get better,positive
it just prove me wrong in a matter of day happi fuck my life happi,positive
can you pm me d,positive
i had but i have just seen the email so good d,positive
releas my 3rd episod of program for everyon be sure to check it out happi,positive
i think instant messag meant to stay singl and fix peopl relationship my entir life smile,positive
we will be never readi actual happi idhuellam dialogu ku dhan othu varum,positive
ye,positive
thi is the main reason i drink total selfless d,positive
yep im go back to school to becom an editor hope cant wait your sister realli believ in my skill happi,positive
thank for be top engag commun member thi week happi want thi,positive
current stand outsid the shard with a bag full of empti bottl becaus i came to work with tom today happi,positive
good even happi,positive
goal of 2017 becom apart of with and lose 50 lbsstart youtub happi,positive
thank for the recent follow happi to connect happi have a great thursday want thi,positive
thank you crew happi,positive
mummi,positive
look how big ive becom,positive
thank for the recent follow happi to connect happi have a great thursday,positive
thank for the recent follow happi to connect happi have a great thursday,positive
i second that thank for the spin veri much appreci happi,positive
make them feel that you are there to listen to their problem,positive
and mag refer kana rin sakanila nice game,positive
that would be a great trick happi,positive
wow,positive
thi look awesom id love to see a vn like thi d,positive
morn,positive
jami passion persever equal two of the notsosecret ingredi in the secret sauc of success happi,positive
hi kn fan happi,positive
we bought a 523 litr fridg i am appli for cold storag licens in bhayand west d,positive
thank for be top engag commun member thi week happi want thi,positive
for my 2000th tweet id like to say i love donghyuck d,positive
im a japanes direction d,positive
rememb vocab knowledg is worth 75 of your grade will announc winner tomorrow morn at 10am happi 15 to purchas happi,positive
good luck you have my vote smile,positive
19 day of school left happi,positive
will you do befor and after pictur i alway enjoy your swanki hair happi,positive
in class and im realli bore so whi not happi rt for one mutual non mutual pl dont let me flop,positive
give away all these souvenir to 5 lucki winnersto enter follow rtroll winner in 48 hold on,positive
watch your word happi,positive
thank for the recent follow happi to connect happi have a great thursday want thi,positive
nice gif happi,positive
share the lovethank for be top new follow thi week happi want thi,positive
but i think youll do better than me happi,positive
inde,positive
and i suspect you will be one of the few who would get it happi,positive
one of our fleet is sole seeharg by domestise hydro toro see,positive
for trade happi what yeah want,positive
get thi to 150,positive
new twitter acc happi,positive
share the love high valu member of thi week happi insight by,positive
soon ill make art happi,positive
that would be a great trick happi,positive
thank for the recent follow happi to connect happi have a great thursday,positive
noth chang but the date april 28 make s,positive
delma hanvil it offici we are connect on twitter thank you for the follow pleas dont ever let it go happi,positive
13 reason whi produc we care about youth mental health 13rw produc show young audienc graphic rape and suicid s,positive
fun and funni thi book will warn up your kindl at night happi,positive
and that what import happi that what im tri to rememb,positive
congrat for 3m follow on instagram happi,positive
gourmet chocol are special and should be reserv for special occas plain mm,positive
not be spe,positive
sixth spot not applic team higher pa kiss thefashionicon,positive
can you guy make the japanes greninja and waveguid come as well happi,positive
thank for the recent follow happi to connect happi have a great thursday,positive
thank for the recent follow,positive
much appreci happi want thi,positive
sister cyril came to our school onc happi,positive
join us thi saturday to celebr our earth by plant seed head to our fb page for more inform happi,positive
we final got jinyoung to wipe it for jaebum himself but their preciou son block it for the world to wit it,positive
i love him cri with joy,positive
kind of like my layout happi,positive
new twitter account piss off no idea maja salvador is follow not applic guy happi,positive
thank for the recent follow,positive
much appreci happi want thi for it magic,positive
congratul veri impress happi,positive
client work for rt and favorit happi,positive
thank for the recent follow happi to connect happi have a great thursday want thi,positive
did you go all the way to keem have you been up minaun that a good one if you are into extrem drive today smile,positive
i realli must go see power ranger again smile,positive
mayb i do,positive
mayb i dont,positive
who know d,positive
broadcast say fli away remind him of earli happi,positive
great night hope you enjoy the strip club after happi thx for photo,positive
right i serious need a decent butterfli tattoo design,positive
if anyon ha got a design or could find me one i would be so grate to you d,positive
thank for the recent follow much appreci happi want thi,positive
thank for the recent follow happi to connect happi have a great thursday,positive
good even happi,positive
i alway knew you woyould like thi one better d hahaha,positive
sure do happi,positive
ye it would have if it hadnt been for those meddl cloud smile,positive
gamer follow trainfollow meretweet thisfollow all who retweetedgain activ follow happi 450,positive
thank for share my iri photo i realli appreci it smile,positive
rt for 13 ffsit not much but theyr freelegitfre but follow me first to get them quickerb patient i will g,positive
myth is a good team,positive
but genix deserv so much more than myth open your eye the commun want,positive
hellooo happi satansdaught taylynnox,positive
mutual let talk morem for suremutu happi me,positive
hellooo happi lil strait daddyyrat,positive
are you also attract to liza soberano happi,positive
pfft cri with joy oh i hope year oldur okay,positive
papa bird i hope year oldu dont mind becaus i want to stay with year old,positive
hellooo happi kyle davi rebelbyacaus,positive
opera nirjhor as long as they are not claim to be the first one d rosi,positive
will miss it but im on an open educ seminar in palestin happi,positive
stat for the day have arriv 1 new follow and no unfollow happi via,positive
wow my friend dara share thi from her hubbi he look terrif order your here,positive
annapurna studio product no29 on floor tomorrow in thi heat we are go to turn on the heat happi cant expr,positive
will there be a new amazingphil video today happi,positive
veronic and jughead happi,positive
cpl swallow just gone over the hous heard them whilst fli my drone happi,positive
who want some good vibe watch thi on youtub or tv100 applic now for free happi,positive
weve 80 so far in our collect of 150 happi new gin menu come soon as well,positive
that would be a great trick happi,positive
i don27t know he look so cool cri with joy,positive
hellooo happi pussi creepzx,positive
on snapchat happi,positive
enjoy smile her,positive
rt if you hate me cri with joy,positive
die evil raven d,positive
never give up on the thing that make you smile happi,positive
stat for the day have arriv 1 new follow and no unfollow happi via,positive
haha thank fansnim happi,positive
i took a full drink into my uber i guess you could say instant messag pretti wild these are the tuesday well never forget happi,positive
it a veri cute pictur though d,positive
play your part in rais fund for,positive
ohh yeah and we had sausag with our pancak happi x,positive
especi for peopl who have low patienc level happi,positive
onlin shop timmee anyon got good site suggest happi,positive
not realli i am a labour support and am actual quit glad happi i mean how much did he claim in 2009 fuck off,positive
issa throwback happi,positive
ouuuuu right in the jewel d,positive
your an inspir to everyon miss jone happi,positive
feel myself,positive
got on my favorit boot cut jean and rosh run no girl is safe today have a bless 420 all smile,positive
uncheck new arriv happi,positive
avi for my man phone made like alway wink,positive
hellooo happi ross chaplin masoncooper4,positive
i write fiction some pr knob who write sentenc fragment on an ipad next to the shoreditch hous piss off,positive
love thi,positive
instant messag perfectli fine d how about you fellow ken,positive
the displayport to hdmi turn up so we back on to screen o 5 day to get the dual pc stream setup sort lol d,positive
pip sing let it snow cri with joy,positive
let me eat that cake d p,positive
nah overr happi x,positive
you may draw your conclus from ani deviat from that level either in the direct of therapi or prevent,positive
doe not matter,positive
as long as she cool,positive
ill like her happi,positive
teaser come out today at 4pmstori,positive
music and direct by of my favourit by,positive
hey everyon me and harri have just had pancak and mapl syrup for breakfast great way to start the day happi miss you a,positive
cheer d,positive
thank for the recent follow much appreci happi want thi,positive
thank for share my iri photo i realli appreci it smile,positive
hey thank for be top high valu member of last week,positive
have a great,positive
im sorri but peopl have to make a live happi,positive
i check beauti news everi singl day,positive
it realli is uplift and inspir,positive
plu i want to win that merc c63 silenc sooo happi,positive
pleas let me meet taehyung hik cri with joy realli hope i could winthi is my first cover,positive
year old i am comment on all the new ladylik video trust me not a troll,positive
just me killin time to say hey d,positive
celebr hitler birthday d,positive
just deliv my manag the onlin custom journey keynot at the autodesk partner event incred event,positive
therer time we shcj dodid someth that dissapoint ot6,positive
therer time shinhwa dodid someth,positive
wellhuman that all i,positive
new video out today happi,positive
merri christma everyon happi,positive
big love for ann cox happi,positive
just a new happi,positive
hellooo happi jackatkinson jackat13,positive
thank for the recent follow much appreci happi get it,positive
thank for the recent follow,positive
much appreci happi want thi,positive
thank for have me d,positive
hellooo happi xbox adhatt xboxmadhatt,positive
is the rocksoc still go i wa there at the begin smile,positive
wow whattay decis both parti celebr d,positive
free market is top real human right sound great to me,positive
thank for your articl b,positive
hahaa im second best alway happi,positive
hellooo happi kt bear ffabear,positive
superstar thank so much for the kind word look forward to see you soon buddi smile,positive
ye kind of funni and creepi at the same time happi,positive
minist of pmln are happi like those student who never studi for exam luckili exam got delay theyll still ha,positive
if you can send me a dm with your postcod i can check a few of your local store look forward to your repli happi nathan 22,positive
petrona bluegreen isnt that far away from billi monger bluegreen just a thought happi,positive
i have test all sweet dish but they are not as sweet as my lover lip marvore magpasikatonshowtim,positive
ma de tonight i don27t realli care cri with joy,positive
had a fun welcom back to tape first day for happi mainit pawisan dirti i realli miss thi,positive
oh you american cultist d,positive
hi stefan i am pretti confid thi is isol case and i would be glad to help with itcould you dm me,positive
hellooo happi pixelsavag pixelsavageyo,positive
i feel that way about life and is what get me through everyday in a posit mood happi,positive
your life is a reflect of the way you think if you chang the way you think,positive
you chang your whole life happi,positive
more kidpar friendli space like thi pleas,positive
that would be a great trick happi,positive
va astept la acest eveni next event,positive
thank for the recent follow happi to connect happi have a great thursday,positive
listen to thi beauti video of her si,positive
mutual let talk morem for suremutu happi me,positive
happi birthday cri with joy yoyour so so cool and i hope yoyour day goe super good,positive
hellooo happi cjay cjay100,positive
that sooooooooooooo sick xd thank so much for make it kin i love it d,positive
that would be a great trick happi,positive
i think ive final figur out the tattoo im get in august d,positive
so excit for ball to start smile my babi is in minor b and i absolut love watch them play,positive
play with the photo editor happi,positive
thank you happi,positive
hellooo happi bluey xbluey,positive
i love you so much ruichan smile smile,positive
hellooo happi xbox adhatt xboxmadhatt,positive
mine isnt they back jeremi 100 im pleas to say happi,positive
i dedic thi song to,positive
thank brother,positive
stay cool,positive
keep love deepika,positive
ban ja hero d,positive
made new logotyp for realli fun to work on you should follow if you want to keep yourself updat,positive
shut up,positive
you dont ever have to thank me j hunt,positive
ill alway be there love you happi,positive
dispo 3lan happi,positive
laugh out loud so cutee happi,positive
thank for the recent follow happi to connect happi have a great thursday want thi,positive
thank for the recent follow happi to connect happi have a great thursday,positive
that would be a great trick happi,positive
sir ash ketchum and princess may happi,positive
thi guy got me into exo back in 2013 he wa also my veri first bia in kpop to be honest i miss him so much happi birthd,positive
thank for the recent follow happi to connect happi have a great thursday,positive
hi yolandi,positive
thank so much for follow us wed love to know what you think of our floor rang happi,positive
that the law of natur happi,positive
thank happi,positive
get your own rover dthey are doubl side check it out ship worldwid,positive
prettier 10 is not the end i just releas 120 that fix anoth batch of edg case happi,positive
thank for the recent follow much appreci happi want thi,positive
thank so much for the rt,positive
and have yourself a groovi thursday happi,positive
your alway welcom thank you sa treat sa susunod ako happi,positive
these are for happi,positive
slayinbodi go livepleas tune inthank you happi,positive
made my day great stori happi,positive
i will do happi,positive
thank for the recent follow happi to connect happi have a great thursday,positive
mayb definit happi also,positive
tri the front door,positive
it may be open happi,positive
thank for the follow,positive
have a great week happi,positive
haha i would love to work for a train compani d be a great dream come true,positive
dumb down of popular entertain is an import issu,positive
hey thank for be top new follow thi week much appreci happi,positive
i swear sometim it cool to break some mutual happi,positive
yeah sure happi,positive
go to five below you can get a decent protect case that cute for 5 buck happi it where i got mi,positive
hey thank for be top new follow thi week much appreci happi want thi,positive
thank for be high valu member thi week,positive
much appreci happi,positive
i love lay in a meadow of flower listen to mellow music a great way to relax smile,positive
not go to burst more data cri with joy,positive
thank for the recent follow happi to connect happi have a great thursday want thi,positive
thank for the recent follow much appreci happi want thi,positive
i say keep with it happi,positive
in case you miss it,positive
i releas a new video about game genresrt are super appreci happi,positive
thank for the recent follow happi to connect happi have a great thursday,positive
dude,positive
thi freak chapter of one piec it definit a good one d,positive
who want some good vibe watch thi on youtub or tv100 applic now for free happi,positive
no worri happi,positive
nitpick,positive
i know happi,positive
and the hype is real happi,positive
fl design done by me inspir from fl hopyou you all love it,positive
bambam talk the most tonight d,positive
my favorit hobbi is find the neg in a posit thing happi,positive
hey thank for be top new follow thi week much appreci happi want thi,positive
ah,positive
sorri about that you can alway ask us to follow you so you can dm you happi,positive
after that i wa charg becaus of the driver happi after wait in the sun for 10 minut ten,positive
to win draw for free download of for celebr with us develop by for,positive
true,positive
they pinch him on a free hi qualiti on fm smile,positive
csgobounti giveaway 1 random key 25 retweet,positive
random winner d retweet and like to be abl to win happi,positive
thank for the recent follow happi to connect happi have a great wednesday,positive
you are welcom happi,positive
thi make a great point,positive
i realli like happi,positive
superstar thank so much for the kind word look forward to see you soon buddi smile,positive
can you do that when player kill you then the player rank would show up happi,positive
true u can wast a day in social media and read websit on the other hand,positive
idea of say no to almo,positive
i love him so much i want to kindli stroke hi peni d,positive
thank,positive
ill give it a tri happi,positive
i would say quit a lotbut hey,positive
that europ,positive
rather than the uk,positive
isnt it smile britain co,positive
yo thank you for over 15,positive
515 subscrib dthe continu,positive
thank for the recent follow happi to connect happi have a great thursday want it,positive
last retweet about happi,positive
hello everyon,positive
have a great thursday look forward to read your tweet happi want thi,positive
apr 26th beach hous dinnermus parti with oldi goldi happi buffet bbq 40tlbeer wein10tl raki125tl h,positive
weve been select among the top 20 social media blog,positive
woot smile,positive
thank for the recent follow happi to connect happi have a great thursday,positive
i want 25 million and they were onli offer 24 smile,positive
give away random rt for a chanc to win a 10usd itun or gp gift card winner will be select in a few minut happi,positive
share the love thank for be top new follow thi week happi get it,positive
thank for the recent follow happi to connect happi have a great thursday get free,positive
thank for the recent follow happi to connect happi have a great thursday want thi,positive
thank for be top engag commun member thi week happi want thi it free,positive
what a beauti he score the other night hope we get him too happi,positive
and you were there happi,positive
haha veri good tweet mate happi heard your a big boy account the king shit happensould we say happi ani chanc of a shit happen,positive
thank for the recent follow happi to connect happi have a great thursday want thi,positive
i appreci the sentiment but i couldnt do that happi,positive
younger softer cri with joy,positive
happi mani day,positive
month and year of bond and happi famili mcliss starmu,positive
thank for the recent follow happi to connect happi have a great thursday,positive
im happi happi,positive
ye with subtitl onli happi,positive
thank for the recent follow happi to connect happi have a great wednesday want thi,positive
co,positive
thank for the recent follow happi to connect happi have a great thursday get it,positive
thank for the recent follow happi to connect happi have a great thursday,positive
thank you happi,positive
that would be a great trick happi,positive
thank for the recent follow much appreci happi want thi,positive
thank for the recent follow happi to connect happi have a great thursday want it,positive
bot im not perfect happi,positive
retweet if you are with us kaway kaway famili mcliss starmusicifwefallinlov,positive
we have a few breweri in the uk too smile,positive
thank for the recent follow happi to connect happi have a great thursday want thi,positive
thank for the recent follow happi to connect happi have a great thursday,positive
ive had it sinc decemb my hair stop snap off it made a massiv differ get the,positive
be happi,positive
love happi,positive
that would be a great trick happi,positive
do it like it legal sweater more design avail at,positive
great groov to thi tune by and think in rewind,positive
mr king is excit to work with student today check out thi cool classroom shape lot of math in here happi,positive
esf spi bull are just relentless happi some setup i like today,positive
thank for the recent follow happi to connect happi have a great thursday,positive
thank for the recent follow happi to connect happi have a great thursday want thi,positive
thank for the recent follow happi to connect happi have a great thursday want thi,positive
you know that the problem still exist d,positive
thank for the recent follow happi to connect happi have a great thursday get thi,positive
top engag member thi week happi,positive
ngam to week left for cadet pilot exam cri with joy,positive
great your welcom josh happi adam,positive
sixth spot not applic team higher pa kiss thefashionicon,positive
pak pm surviv remov scare,neutral
but court order further probe into corrupt charg,neutral
suprem court quash crimin complaint against cricket for allegedli depict himself as on magazin cover,neutral
art of live fight back over yamuna floodplain damag,neutral
livid,neutral
fcra slap on ngo for lobbyingbut wa it do so as part of govt campaign,neutral
whi doctor,neutral
pharma compani are oppos name on,neutral
whi a bicycl and not a cm ask hi offic learnt ground realiti and a dip in a river,neutral
it 2017 make law to ban and mha is sit on draft,neutral
rival govt unit to act against sexdetermin test,neutral
haryana peasant demand justic for right to cattl trade,neutral
whi school in calcutta and elsewher are stun by imposit plan,neutral
whi renam place in,neutral
oooh the shame,neutral
the trauma of drive without the red,neutral
flash light and pay for park,neutral
now have to learn to live without that flash red light,neutral
bjp leader in the dock,neutral
lose their light,neutral
name game,neutral
and more also in epap,neutral
uk parliament vote by 522 to 13 in favour of earli nation,neutral
april 19 1906 nobel laureat pierr curi wa run over by a horsedrawn wagon near the pont neuf,neutral
pari,neutral
and kill,neutral
india to end cultur of siren on car,neutral
from may 1,neutral
onli on vehicl gadkari,neutral
no from now on car of pm,neutral
minist transport minist nitin gadkari after cabinet meet,neutral
44 fear kill as bu fall into river ton in nerwa area of district polic,neutral
bsf dismiss constabl tej bahadur yadav from servic after a court of inquiri bad qualiti food alleg were base,neutral
jawan tej bahadur yadav,neutral
who took to social media complain of bad food,neutral
dismiss from servic after inquiri,neutral
us to review lift of sanction on iran tillerson,neutral
huge haul of milkboost hormon in calcutta,neutral
good news from it seem are thrive at valmiki reserv,neutral
in sushil modi list properti chain,neutral
3 queen take centrestag,neutral
a peek into fir against leader in case,neutral
spurn by mom,neutral
thi babi at calcutta ha die,neutral
india may make it illeg for social messag platform to share person data,neutral
whi extradit could take age,neutral
march 20 plu 15 day equal,neutral
kp nayar on whi discredit militari justic system will not help case,neutral
sharad want gujarat cm arrest for tri to push make meat a commun issu,neutral
man shout at wife in famili court and walk out,neutral
overburden say it may not be abl to hold for colleg teacher thi year,neutral
presid back move to make mandatori up to class x,neutral
nationalist trend spread tighten rule to shield local job and keep out indian,neutral
visa selfi by cbse plan,neutral
bless,neutral
cloud over and more also in epap,neutral
scotland yard arrest in london,neutral
but court grant him bail,neutral
liquor baron declar a proclaim offend,neutral
on extradit warrant scotland yard,neutral
british prime minist theresa may say she want to hold earli elect on june 8 reuter,neutral
quot bbc,neutral
suprem court seek govt respons on a plea to frame nation polici to promot and,neutral
jk school colleg shut down after clash,neutral
demand presidenti rule,neutral
beetl from grip litchi crop in,neutral
suprem court ask govt to explain whi need precensorship,neutral
us nsa hr to arriv in today to hold talk with nsa,neutral
whi you should shun water at beach,neutral
have lost kerala bypol,neutral
wont have to keep it promis of good qualiti,neutral
so,neutral
is and not to blame for stipend crisi face by 4000 scholar,neutral
the middleman or conman nephew tap to bribe elect commiss offici,neutral
can air india enforc fine on unruli passeng for,neutral
top law advisor back use of human shield,neutral
but some veteran gener see breach,neutral
arrest of a conman and bribe charg against nephew churn polit,neutral
how cloak debat in draupadi robe,neutral
draupadi and campus in erupt,neutral
polit,neutral
and more also in epap,neutral
cbi book 12 leader in case,neutral
suprem court summon boss,neutral
order sale of slice,neutral
sc summon home secretari of west bengal,neutral
up,neutral
karnataka,neutral
tamil nadu,neutral
bihar jharkhand for nice tri fill polic vacanci,neutral
manini chatterje on whi write are still an indict of india,neutral
whi want paper trail in elect,neutral
govt to set up panel to studi servic condit of paramilitari forc,neutral
amit roy on an potboil,neutral
muslim bodi lay down code of conduct dure divorc,neutral
but wont ban,neutral
modi call to ensur justic for women face evil custom,neutral
pm pitch for sister,neutral
board stand on an potboil and more also in epap,neutral
whi the alway meet thi man when he visit eastern india,neutral
secessionist in and the next gener,neutral
in 7day secessionist,neutral
teteatet with a former presid,neutral
a die languag,neutral
and more,neutral
farooq abdullah win seat with just 4 of total vote,neutral
no govt probe yet into video on by armi,neutral
as learn to follow rule,neutral
fund for poor student dri up,neutral
from panchayat to parliament seem to be boss amit shah goal,neutral
whi the pm may hang out,neutral
but you should not,neutral
a pm who hang out,neutral
lotu garden dream,neutral
cash lock on jnu student and more also in epap,neutral
7 coach of meerutlucknow rajya rani express derail near rampur,neutral
uttar pradesh video,neutral
count of vote for to lok sabha constitu begin,neutral
what calcutta is do to get mom to accept her calf,neutral
to stress dress code,neutral
mecca issu pictur card,neutral
secur on border put at risk by trade,neutral
with nation bodi meet,neutral
readi stage for 2019,neutral
6 featur of extend stay in,neutral
bsp boss is not avers to join forc with nonbjp parti,neutral
armi under fire after alleg tactic in,neutral
the untold love stori of and ayesha mukherje,neutral
vile tactic in valley,neutral
a love stori,neutral
a giraff spurn it calf,neutral
gandhi champaran,neutral
and more also in epap,neutral
man seen tie to armi jeep in video from jk identifi,neutral
while the unit involv wa pti,neutral
quot offici,neutral
3 arrest in connect with of men on poll day in budgam on april 9 polic,neutral
hijack indian dhow alkausar releas,neutral
good show by pale next to 329 jump in import,neutral
transpar in look for india rank start at the bottom,neutral
how to stop and loot a express with just a coin,neutral
state renam road to duck ban on but top court wont step in till after summer break,neutral
research seat at hit again as regul tighten rule for guid,neutral
how lost it deposit in rajouri garden stronghold,neutral
in bengal trinamool vote share goe up,neutral
but surg to runnerup slot,neutral
3 men die tri to save friend from on,neutral
what result mean for other,neutral
half full,neutral
half empti for cloud over research,neutral
breather for highway booz,neutral
and more also in epap,neutral
set up court at home,neutral
justic ask chief justic of india,neutral
bench to appear befor him,neutral
dargah trust volunt in sc to clear in 908sq metr,neutral
presid clear for piec of support legisl relat to,neutral
bypol retain kanthi dakshin,neutral
retain assembl seat,neutral
7 voter turnout in kashmir repol,neutral
all you need to know about elect commiss open challeng to hack,neutral
foreign journalist in north korea gather for big event amid tension,neutral
rehears for and more in our guwahati epap,neutral
cop dug out these to healer who were buri aliv for practis,neutral
bihar set rs25lakh fee for who skip after subsidis educ,neutral
a visit to retrac trip,neutral
whi may not show in,neutral
did the suprem court chicken out while decid on,neutral
how but not fail govt birthplac test,neutral
10 year,neutral
rs 42 crore need to repair damag to floodplain from event,neutral
tri hack india elect commiss challeng all,neutral
never want cow to becom a burden on farmer,neutral
pawar point out,neutral
bounti on savarkar on yamuna damag bill,neutral
sita birthplac,neutral
and more also in epap,neutral
20 ia offic in includ princip secretari inform navneet sehgal,neutral
transfer in 1st major shuffl by,neutral
centr move against suprem court verdict lift shield,neutral
crusad plead for save,neutral
sangh put up show of strength in,neutral
india,neutral
to look beyond defenc dure visit,neutral
murder of pune activist fuel fear against reviv upa claus in law,neutral
in few tear for father of 3 kill by stone,neutral
sukanta chaudhuri on and what it mean for indian,neutral
scrap pension yojana cycl track may also be broken,neutral
say sourc,neutral
subir bhaumik on whi in should worri calcutta,neutral
guwahati,neutral
even benchmark for propoor leader seem to be,neutral
how had offer india consular access to,neutral
pak term for access,neutral
model for modi,neutral
activist is kill,neutral
and more also in epap,neutral
defenc partnership,neutral
preliminari enquiri by against health minist for alleg money launder,neutral
menu at dinner prais for and more prais,neutral
whi bodi will not pull up either or,neutral
chain of wrong drug no senior doctor to check then death all thi at delhi,neutral
what to men said when cop found carcass in car boot,neutral
how bypol wa put off on rule combin request,neutral
admiss of defeat in kashmir,neutral
tougher road law,neutral
leander and mahesh get away,neutral
and more also in epap,neutral
pm and australian pm at templ,neutral
pak court sentenc to death for spi,neutral
lok sabha adjourn for 3rd time till 150pm as opposit uproar over leader tarun vijay remark continu,neutral
cong forc to adjourn in prenoon session over alleg misus of ed and cbi against opposit chief minist,neutral
the how and whi of or,neutral
how not to bore your friend,neutral
few taker in for mamata torsa plan,neutral
govt mull give power to award to teacher,neutral
some see hope in comment,neutral
not a girl rear by monkey,neutral
after all,neutral
fewer pollut,neutral
paddi field could be to blame,neutral
8 kill in elect violenc,neutral
record low turnout,neutral
road safeti crusad to fight bid to bypass order on highway,neutral
badli equip surgeri,neutral
panic and death at india top hospit,neutral
kill in death in not girl after all and more also in epap,neutral
indian navi ship respond to piraci attack on foreign merchant vessel in gulf of aden,neutral
all you need to know about 2017 across eight state video,neutral
3 kill,neutral
sever injur as mob storm poll booth low 33 turnout till 11 am,neutral
mukul kesavan on how justifi even though it control the machineri of the state,neutral
we,neutral
the peopl of are go back to a economi,neutral
number show,neutral
no support ani activ that is violentagainst the law ram madhav,neutral
india ha chang,neutral
the ha to reinvent itself,neutral
ram madhav tell,neutral
3 quaint dig for those on a budget or even less,neutral
full interview insid in 7 day,neutral
calcutta suddenli cannot have enough of mother dish but outsourc from outlet,neutral
there is no baromet for patriot,neutral
ram madhav tell in a widerang interview,neutral
in 7 day qa with ram madhav,neutral
road to economi,neutral
homecook food,neutral
and more,neutral
a to tackl less wheat,neutral
mango,neutral
chicken more puls,neutral
veggi,neutral
mutton,neutral
govt to go after milit with utmost harsh,neutral
ram madhav tell,neutral
5640 is less than 155 in world,neutral
as she opt for over,neutral
modi promis earli deal but,neutral
modi take plung,neutral
raje stockhom syndrom,neutral
strategi,neutral
and more also in epap,neutral
andhra govt to turn a into a museum,neutral
for privat airlin follow in revok fli ban on sena,neutral
man arrest over truck death suspect to have carri out attack,neutral
22 agreement sign,neutral
but water pact remain elus for india,neutral
vijayvargiya dare to arrest leader,neutral
theme villag on or a sanctuari,neutral
reservoir to financi deal,neutral
work on option to get back on,neutral
sunanda k dattaray on whi polit etho must be fault for the racist attack on student,neutral
how lawmak tick 3 box supremacist,neutral
uppercast,neutral
hindibelt parti,neutral
modi gestur for bjp spot,neutral
air india lift nofli ban on mp,neutral
and more also in epap,neutral
in stonepelt miss mehbooba brother but he get the messag,neutral
a tale of to prime minist,neutral
told by gst,neutral
modi had test water with letter to on,neutral
as land in delhi,neutral
an untold stori of how pranab mukherje nix plan to unseat her,neutral
close shave for passeng of and plane at delhi airport,neutral
what sushma forgot in racism sermon modi,neutral
mm too had cri racism while oz wa probe indian attack,neutral
suprem court ask 6 state to explain whi vigilant should not be ban,neutral
perfectli happi with the player weve got,neutral
sanjiv goenka tell,neutral
bengal in a fix over bar pay for repair,neutral
or let take a hit,neutral
how swordwield process left gape,neutral
5 kid orphan their parent were brand and hack to death,neutral
air india to tighten secur at mumbai pune as threaten to stall airlin oper there,neutral
rbi keep polici rate unchang at 625,neutral
sena apologis in parliament,neutral
but wont say sorri to man he had assault,neutral
china lodg protest with india ambassador in vijay gokhal over the visit to arunach pradesh foreign ministri,neutral
no chang in word limit in rti queri no applic will be reject onli on the ground of contain more than 500,neutral
kp nayar on whi narendra modi can be satisfi with hi polici,neutral
in court limit of 500m leav veri few water hole and is dri,neutral
vote pattern show cofound,neutral
wife were split over coo,neutral
what did for some stretch of highway to save bar,neutral
riddl over formerli tag on collect,neutral
mysteri over art,neutral
road,neutral
what 500m is in and more also in epap,neutral
trump repeal obamaera broadband rule,neutral
high court order govt to waiv of all droughthit farmer,neutral
india old tie with should continu to be nurtur,neutral
say kanwal sibal,neutral
bengal look at way to chang classif of to bypass order,neutral
after sc ban,neutral
worri about unsold stock,neutral
up to hold hi 1st cabinet meet today,neutral
big decis expect,neutral
trump sign repeal of us broadband privaci rule,neutral
a initi help gener shield in sundarban,neutral
india plan to deport refuge,neutral
educ rank throw up surpris,neutral
after attack,neutral
envoy upset by silenc of and,neutral
whi african envoy are upset,neutral
best colleg and varsiti,neutral
illfit dentur,neutral
and more also in epap,neutral
to know about the safeti featur of watch special interview with dr ajay bhushan pandey,neutral
ceo today at 7,neutral
mohanda pai back murthi against coo pay hike,neutral
somali grab indian with 11 crew member,neutral
correct thank,neutral
poll data show still rule the roost in,neutral
big stori african envoy slam indian govt for not condemn gr noida attack enough say no visibl,neutral
suffici measur,neutral
mcd poll releas second list of 127 candid,neutral
daddi dearest,neutral
groom season dawn in madhya pradesh,neutral
sc to hear petit challeng bombay hc order on beef ban,neutral
keep an eye on your hous,neutral
fix iphon storag issu and more in,neutral
whi india is not readi for manipul in human embryo,neutral
virul are go against india cultur and censu,neutral
say manini chatterje,neutral
son of chief minist reveal hi polit ambit,neutral
whi should onli privat doctor face punish,neutral
how is go against the wave of transpar in,neutral
india opaqu law,neutral
bengal wishlist,neutral
virul and more also in epap,neutral
the timelin,neutral
diari item,neutral
what do religi have against atheist and,neutral
at balagarh in the die art of,neutral
gener to gener,neutral
indign remain wellf,neutral
write sonia sarkar,neutral
a few reason to celebr the uncelebr,neutral
and sing the song of the sulli,neutral
in up,neutral
carcass found at home of govt doctor into drug,neutral
in 7 day kashmiri indign,neutral
begum jaan,neutral
vanish boatmak,neutral
and more also in epap,neutral
what happen to restaur along highway after ban on bar,neutral
flutter at trial rais fresh scare about accuraci,neutral
bypass highway ban,neutral
trial rais rig fear,neutral
killer to hang,neutral
and more also in epap,neutral
whi sena lawmak are oppos harsher step for those assault public servant,neutral
delhi polic ha arrest md ajay chandra for not develop a project despit get fund from investor,neutral
ed find leader chhagan bhujbal connect with shell compani after conduct raid in and,neutral
convoy attack on parimporapanthachowk bypass in polic,neutral
these are thing that will get cheaper costlier for you from april 1,neutral
saha prefer oneday t20,neutral
ram guha on what he find outstand about shivshankar menon book choic,neutral
how theatr festiv got muffl,neutral
in case for cost ngo a contract for soup kitchen,neutral
how to win friend and influenc peopl with cow,neutral
for first time in 3 decad,neutral
rate fall below 8,neutral
scientist build case for against bite,neutral
contact,neutral
india suprem court shut highway booz hatch,neutral
how becam a aveng with no merci,neutral
gujarat turn aveng,neutral
price slash,neutral
case for bat and more also in epap,neutral
8 core sector slow down to 1 in feb 2017 against 94 in feb 2016,neutral
govt cut rate on scheme margin,neutral
two indian kidnap in south sudan releas,neutral
justic face suprem court,neutral
get for week to repli in case,neutral
india use to tackl insurg,neutral
india readi 5bn credit line for as backup,neutral
no relief yet for seller in,neutral
in new tv channel bedroom journal on trial,neutral
india rush to put out fire,neutral
7 indian to scrap tag for handbaggag,neutral
suprem court may hear key case dure summer break,neutral
apex court put work first,neutral
hotel fire in calcutta,neutral
bedroom journal on trial,neutral
and more also in epap,neutral
ngt punch hole in delhi fuel suppli chain with ban on old tanker,neutral
zplu cover for uttar pradesh chief minist,neutral
not a singl idea from opposit on clean say,neutral
make in built in westward ho for calcutta estat read,neutral
no stamp tag of flier hand baggag at 7 major from april 1,neutral
52 injur as jabalpurdelhi train derail near half train carri on after delay,neutral
latest attack on african student threaten india most intens diplomat outreach to contin,neutral
the first group of local came forward yesterday with cake and card for african victim of racist mob violenc,neutral
who in drive to check error,neutral
ugc extend fund scheme for,neutral
eight coach of derail near station in uttar pradesh,neutral
nine injur cpro north central railway,neutral
sc to hear variou petit on the constitut legitimaci of today,neutral
when protestor in began tri to rescu trap,neutral
did just bring into the share issu,neutral
to day to sell 96000 truck buse,neutral
670000 bike,neutral
16000 car and 40000 auto,neutral
824000 new vehicl trash,neutral
home truth,neutral
dhaka talk chines and more also in epap,neutral
music legend will receiv hi diploma and medal in stockholm in the next few day,neutral
nashri tunnel pm to inaugur india longest road tunnel video,neutral
toshiba approv chapter 11 file for nuclear unit westinghous nikkei,neutral
on epic migrat campaign that end it slaughter in pit stop,neutral
abha narain lambah on her mission to restor capitol complex in,neutral
onli to way to tackl world say prabhat patnaik,neutral
fear and outrag among student from in delhi,neutral
in varsiti,neutral
mood is against commun,neutral
and hijab stand for not radicalis,neutral
milit wing welcom but ask him not to speak against,neutral
3 shot dead in as protestor tri to rescu,neutral
for thi visit prime minist,neutral
spell endur,neutral
perch on the peak,neutral
african hunt in noida,neutral
kabali spell,neutral
and more also in epap,neutral
thi mighti albatross carri missil torpedo,neutral
depth charg sonobuoysps note the msltorp get releas,neutral
go through pace of decommissio veri poignant moment for in air arm to give a send off to a true war hors,neutral
attack in five arrest,neutral
cm assur imparti probe,neutral
ashok v desai note that is yet to say a word on whether achiev it goal,neutral
govt look at get sena mp out of list,neutral
what suprem court said about welfar scheme and proof,neutral
india forc want 20 mp name and shame for antic,neutral
44 day of extrem that the predict for,neutral
heat wave come,neutral
handl bulli,neutral
and welfar,neutral
and more also in epap,neutral
a 7judg bench ha to be set up to hear the plea challeng but right now it is not possibl,neutral
govt,neutral
howev,neutral
cannot be stop from use in other scheme like open of bank account,neutral
say,neutral
govern cannot make mandatori for extend benefit of it welfar scheme,neutral
manini chatterje on how the is adopt all the of the of yore,neutral
life in a dark corner of ha becom magic after villag got their 1st thi year,neutral
when gave thi mp a bu all to himself to board flighta goodwil,neutral
ignor and shape indian attitud toward,neutral
some diplomat worri over choic of as chief minist,neutral
mp sushmita dev plea to keep out of take wing onlin,neutral
bjp flag campaign,neutral
and modi comment,neutral
envoy worri over india and tax sanitari napkin,neutral
clue,neutral
and more also in epap,neutral
the iconoclasm of carnat expon and how he is move beyond the the artifici boundari,neutral
for matthew hayden,neutral
india versu australia is holyfield versu tyson,neutral
puritan and critic be damn,neutral
is effect and hi figur show that,neutral
what mean to mathew hayden,neutral
sajeda momin on whi as cm is a logic mileston of the death of the,neutral
on electil dysfunct among loser,neutral
the case for and elector reform,neutral
how selfbelief ha kept him on top of the game,neutral
despit it it edg,neutral
cant defend it digit asset from,neutral
how tm krishna took beyond fix format,neutral
venu and audienc,neutral
in 7day cricket common princ,neutral
adityanath rise,neutral
calcutta timekeep,neutral
and more,neutral
the ticktock brotherhood that keep calcutta old run,neutral
how 4000 punjab cop spent night prevent by fill breach in wall with,neutral
cash reward like for doctor follow correct protocol,neutral
whi india is tri to seal with,neutral
can a man equat with the great leap backward talk of ask mukul kesavan,neutral
centr overrid bengal,neutral
set 1 for 800,neutral
000 seat across 3400 colleg,neutral
kp nayar on whi failur to repeal is a wakeup call for him,neutral
wakeup call for trump,neutral
progress or the great leap backward,neutral
electil dysfunct,neutral
and more also in epap,neutral
develop of all,neutral
appeas of none is the polici of my govt,neutral
say up chief minist yogi,neutral
delhi cm put on trial in a crimin defam case file against him by union minist arun jaitley in matter,neutral
up femal cop take selfi while guard acid attack victim in hospit,neutral
suspend,neutral
sunanda dattaray on the journey from light to,neutral
modi govt to consult on befor talk to,neutral
car sale recov from in all region bar east and,neutral
shashank manohar to stay on as chairman till june meet,neutral
in bengal,neutral
made to trek 2km to fetch water for,neutral
what industrialist did when ask them a question on,neutral
so,neutral
and share a bugbear,neutral
whi a list may not be a good idea,neutral
india list,neutral
quiz for industri,neutral
common bugbear for india and and more also in epap,neutral
ed issu notic to for violat of provis to the tune of rs 73 crore in ipl,neutral
vistara join for pervert airlin in call for list after assault on air india manag by mp,neutral
suprem court ask poll panel if secur of need to be test,neutral
as petition want,neutral
after assault on air india manag,neutral
mp put on nofli list by for pervert airlin as well,neutral
twitter explor premium version after 11 year as a free servic,neutral
india to go in 6 month,neutral
administr name for cricket bodi,neutral
govt drop plan to slip in pseudo,neutral
1st round of talk held,neutral
without hawk,neutral
in lucknow,neutral
the fame ha to conform,neutral
lucknow fall,neutral
gun for bjp,neutral
govt duck call for vote verifi,neutral
and more also in epap,neutral
unruli behaviour and violenc on our aviat network is regrett each such incid will be investig and appropri,neutral
7 arrest in attack case polic see link,neutral
updat british polic arrest seven in probe into attack on,neutral
7 arrest in attack probe,neutral
british polic probe background of terrorist,neutral
bombay high court direct protest resid in to resum duti immedi,neutral
swapan dasgupta on how elect have dash hope that would weaken,neutral
peopl want to buy in bulk from govt,neutral
take it home towel,neutral
nitish is not stupid,neutral
in up ministri,neutral
keep 36 portfolio for himself,neutral
in bihar meet,neutral
to ask question and get to spend 6 hour with cop but no answer,neutral
40,neutral
000 join the 4500 alreadi on in after assault,neutral
despair at after research seat are slash,neutral
7 in car crush under tanker carri molten tar,neutral
how govt slip in secreci claus over by compani,neutral
attack on westminst,neutral
cash cloak for parti,neutral
molten tar wipe out famili,neutral
and more also in epap,neutral
live british polic say there are casualti,neutral
includ polic in attack near uk parliament cannot confirm number,neutral
the today doubl annual contract of india cricket to rs to crore,neutral
rs 1 crore and rs 50 lakh respectiv,neutral
tn farmer in skull protest in delhi,neutral
up cm ban paan,neutral
chew in govt offic,neutral
hospit,neutral
school,neutral
colleg for a healthi,neutral
ugli highris are take over while grand structur are be ignor,neutral
bungalow raze,neutral
committe constitut by the ministri ha recommend that citi taxi should be allow to run on app base platform,neutral
chief minist ban paan masala,neutral
gutka,neutral
polythen in all govern offic in,neutral
ha just order a ban on all,neutral
who draft challeng to high court order in case,neutral
bureaucrat wonder,neutral
with 84 cut in research seat,neutral
most elit centr includ will have no intak,neutral
crude architectur is take over the world onli citi with for build by,neutral
crude build are take over the onli citi in the world with for icon build by,neutral
antiromeo squad start in lucknow video,neutral
effigi burn on jnu strike after 84 research seat cut and affirm action junk,neutral
kp nayar on whi,neutral
for the way to europ lie through,neutral
after step in,neutral
bihar to tell whi govt reject an idea,neutral
how slash research seat,neutral
whi is key to europ,neutral
revisit,neutral
and more also in epap,neutral
sc issu notic to centr,neutral
elect commiss on plea seek scrap of and other benefit given to,neutral
im one year younger to one year elder to in,neutral
govt propos limit of rs to lakh on down from rs 3 lakh as propos in,neutral
suprem court say final hear of disput case from juli 11,neutral
suprem court say it will auction aambi valley project if money is not paid by and other,neutral
suprem court take on record unqualifi apolog tender by bengal counsel,neutral
dismiss plea as withdrawn,neutral
suprem court term as unfortun the ground cite by bengal govt in it plea against hc order ask cbi to take over case,neutral
suprem court refus to stay cbi probe into sting in which sever leader were allegedli caught on camera take money,neutral
to visit today for the 1st time after take oath as up cm,neutral
inh sikhaiy msi request to teach rope of polit,neutral
patna zoo to sell nest box for,neutral
patna tire out machin,neutral
protein from an australian venom may help victim recov faster,neutral
whi choic of as cm is give up the jitter,neutral
bjp rush to shake off uppercast tag,neutral
in villag,neutral
headmast find truant kid harvest crop,neutral
so,neutral
ha agre to teach the rope,neutral
a tutor for kid rope in for harvest,neutral
a telecom giant is born,neutral
and more also in epap,neutral
britain to trigger brexit on march 29,neutral
govt to merg bharatiya mahila bank with for greater servic outreach to,neutral
high court grant stay on crimin proceed against minist in case file by mla mohua moitra,neutral
the agit is delay by 15 day the troubl will soon come,neutral
bsp leader shot dead late last night,neutral
murder at larg,neutral
4000 migrat in 2015 to shield their capit,neutral
after 65 year,neutral
bengal unit of final get a fulltim chief,neutral
no,neutral
minist,neutral
there is no project from india to test on the,neutral
haryana have call off march to and sieg of parliament,neutral
yogi vow to work for all,neutral
after the bjp is certain it can get away with anyth,neutral
say manini chatterje,neutral
after mass bunk,neutral
order a weekli for all traine,neutral
fan of see him as a futur pm,neutral
yogi as pm,neutral
sunday holiday for recruit,neutral
on the moon and more also in epap,neutral
give a trial run for to month,neutral
say,neutral
tell to give 2month trial run also disagre is a vote for,neutral
centr mobilis 247 compani about 24,neutral
700 personnel of paramilitari forc in haryana,neutral
delhi uttar pradesh in view of,neutral
govern okay 33 reserv for women in state job,neutral
yogendra yadav on the futur of india under whi get it wrong,neutral
and more,neutral
what doe it take to be a in the eye of the,neutral
parti led by cant seem to look beyond famili for top post,neutral
in 7 day the bjp good dynast parti,neutral
bengali get their local again,neutral
and more,neutral
set to take oath as up cm today,neutral
to be sworn in as deputi cm,neutral
bjp see stamp miss in choic,neutral
how bjp sold develop and then sprang a hawk,neutral
former captain michael john clark on strength of a team,neutral
leadership and more,neutral
in a bjp govt with face,neutral
the graveyard echo in choic as chief minist,neutral
bjp stun with ugc letter a forgeri,neutral
doctor split over bengal bill and more,neutral
also in epap,neutral
yogi to be sworn in as chief minist on sunday afternoon,neutral
yogi adityanath arriv at the venu of meet of mla amid talk that he will be name chief minist,neutral
shock by hc order on handov to cbi,neutral
vow to move suprem court,neutral
to retain tv inning,neutral
whatev india offer the biggest issu is,neutral
calcutta hc send case to cbi,neutral
how went to meet,neutral
how rahul met hc give to cbi,neutral
dig at amartya,neutral
and more also in epap,neutral
hrd to stop fund research on social exclus,neutral
report,neutral
the oath take of new up cm to take place at 5 pm on sunday keshav prasad maurya,neutral
hc direct to conclud preliminari inquiri within 72 hour and regist fir,neutral
if requir,neutral
calcutta high court order to probe sting oper,neutral
no seriou concern regard india captain s shoulder injuri,neutral
say,neutral
cloud over state boss keshav maurya chanc of becom chief minist,neutral
most like to be elect as up cm sourc,neutral
india urg to talk to,neutral
what zoo is do to mark,neutral
100,neutral
000 in villag are taught to googl design,neutral
recip skill,neutral
hc scrap plea against jnu norm seat cut,neutral
100 per cent viva to follow,neutral
after surpris resign by boss manohar,neutral
back to squar one,neutral
what happen to promis fund for,neutral
sudden blaze destroy bungalow,neutral
no some bengal traffic cop do the with pen and paper,neutral
leav out ha weaken travel ban order for muslim,neutral
kp nayar say,neutral
fund fear on research,neutral
too hot,neutral
death on 1st solo trip and more also in epap,neutral
newli elect mla to meet in lucknow on mar 18,neutral
new delhi health minist brief media on live,neutral
protect against tamperingmanipul elect commiss,neutral
elabor system in place to prevent misus of evm elect commiss,neutral
nia take over investig into bhopalujjain train i blast case,neutral
take custodi of 3 accus from bhopal polic,neutral
no merit in claim that can be tamper with such alleg are wild and baseless,neutral
navjot singh sidhu sworn in as a cabinet minist of govt,neutral
greet by cm captain amarind singh,neutral
capt amarind singh take oath as 26th chief minist of watch live,neutral
british dhc bruce bucknel with institut of entrepreneur head manoj da discuss skill devt in ne at,neutral
akhilesh to meet newli elect sp mla today,neutral
to decid on new legisl parti leader futur cours of action will also,neutral
with 22 in support,neutral
cm to prove major in assembl today,neutral
whi will be a smooth affair for today,neutral
when a man took hi neighbour to court over pet dog that bark at night and judg is a,neutral
regim chang bulli of polic offic doe not,neutral
how return to a warm welcom in,neutral
boss of india largest caution against waiv,neutral
law cannot replac the trust and compass between and,neutral
amit chaudhuri on and whi it is hard to give up the experi of pleasur pain,neutral
subir bhaumik on how ha cast a shadow over india tie with,neutral
shashank manohar quit and how,neutral
how boss quit,neutral
caution on loan waiver,neutral
arson on film set,neutral
and more also in epap,neutral
govt seem to have slip in an in budget2017,neutral
govt seem to have slip in an in budget2017,neutral
rohith buddi autopsi caught in distrust,neutral
rapeaccus leader gayatri prajapati nab after roam in delhi,neutral
gurgaon and bengal,neutral
municip in to be held on april 22 state elect commiss,neutral
manohar sworn in as chief minist of,neutral
cm demand conduct mcd poll via ballot paper in place of evm,neutral
sc refus to stop from becom cm,neutral
but call floor test,neutral
financ minist ha been given addit charg of ministri of rashtrapati bhavan,neutral
shri arun jaitley shall be assign the charg of the ministri of defenc,neutral
in addit to hi exist portfolio,neutral
ha accept the resign of shri manohar parrikar from the council of minist with immedi,neutral
finmin arun jaitley given addit charg of defenc ministri follow manohar parikkar resign rashtrapati bhav,neutral
no limit on cash withdraw from today,neutral
parrikar resign as defenc minist,neutral
to be sworn in as chief minist tomorrow,neutral
the hindu undercurr that led to surg my stori from feb,neutral
raj bhavan deni report of call ani parti to form the govern,neutral
governor ask congress cm okram ibobi singh to resign so that process of format of next govt can be start,neutral
walk leader bow befor the nayak my stori,neutral
in thi mandat,neutral
i see a new highlight of pm speech at bjp hq,neutral
oil price hit threemonth low as us rig count climb,neutral
assam lawmak want nation bodi to save the,neutral
200000 peopl turn up at in bolpur for it fame,neutral
hardest interview of my life,neutral
say of her bid to enter,neutral
here bsp theori on whi with 71 popul vote bjp,neutral
peopl dont want handout,neutral
they want say at victori ralli,neutral
modi say peopl dont want handout,neutral
malala oxford entri,neutral
revers polaris and more in special epap link,neutral
no print edit today,neutral
but the same look at epap at special link,neutral
match refere and umpir went by the book,neutral
say,neutral
after bjp claim voter have risen abov,neutral
how ha strengthen a sens of belong among calcutta,neutral
hire peopl for a task in which they have an edg,neutral
the consolid of independ 2nd countrywid polit entiti,neutral
in 7day today bjp expand footprint,neutral
take up gatka,neutral
britbash,neutral
hire blind employe and more,neutral
us attorney preet bharara is fire after refus to quit more here,neutral
yogi adityanath or keshav prasad maurya,neutral
know the name of who can possibl be next up cm video,neutral
time for modi reform,neutral
piyush srivastava look at the stun victori in,neutral
should be a black mark on report card,neutral
how becam demonetis note in,neutral
whi victori may be bad news for,neutral
mukul kesavan on bcci and the curiou case of versu steve smith,neutral
how magic combin with organis strength brought back 1parti system,neutral
how modi won up,neutral
dynasti demonetis,neutral
what the number say,neutral
and more also in epap,neutral
after 15 year,neutral
bjp captur in record show,neutral
congress win 77 seat in 117member assembl,neutral
1 short of twothird major,neutral
bjp 13 seat fail to get major in congress emerg singl largest parti bag 17 seat in 40member hous,neutral
i congratul shri narendra modi and the bjp on their victori in uttar pradesh uttarakhand,neutral
l congratul peopl of up,neutral
we respect and accept the verdict aimim chief,neutral
l reach raj bhavan in to tender resign as up cm,neutral
i cm laxmik parsekar tender resign he lost to seeandid dayanand sopt from see,neutral
i want to quit fight ani type of elect irom sharmila after lose her maiden elect in ani,neutral
i can understand the state ohf mind ohf ji right nohw henc,neutral
i dohnt want toh cohmment ohn it amit shah oh,neutral
chief press confer to begin shortli stay tune,neutral
get major in 117member win 59 seat,neutral
lead in 18 other seat,neutral
as bjp head for landslid win in samajwadi conced defeat but mayawati want fresh poll use paper vote,neutral
updat manhattan attorney preet bharara wa ask to resign along with other obamaera us attorney doj,neutral
what jharkhand bodi ha been do to upgrad pitch for test,neutral
manipur assembl elect result live congress ahead in 6 seat,neutral
we will accept the peopl mandat,neutral
say sp leader shivpal yadav,neutral
l uttar pradesh leadstrend 373403 264 70 27 other 12,neutral
what jharkhand bodi ha been do to upgrad pitch for test,neutral
how ha becom epicentr of industri in bihar,neutral
in upright cop ha hi son arrest,neutral
forecast for wet dol sunday and dri monday,neutral
armi chief word ring in pellethit boy ear,neutral
leadstrend 0570 bjp 3 cong to other 0,neutral
leadstrend 26117 bjpsad 3,neutral
cong 17,neutral
aap 6,neutral
other 0,neutral
uttar pradesh leadstrend 103for03 55 26 18 other for,neutral
foreign polici must be root in ethic,neutral
sunanda dattaray say as line up visit to,neutral
get all the latest fastest updat on throughout the day here,neutral
face arrest warrant,neutral
high court judg again play card,neutral
117 acquit,neutral
13 held guilti in murder,neutral
these will be readi long befor winner are name,neutral
13 guilti in murder,neutral
laddoo winner,neutral
1st warrant for judg,neutral
and more also in epap,neutral
india product grew by 27 in januari,neutral
govt say relianc and have tender apolog for use prime minist pictur in their ad without permiss,neutral
suprem court issu arrest warrant to get high court judg to face case,neutral
how broke rank with other bodi in east,neutral
again,neutral
winner of award at the telegraph advantag 2017,neutral
amit roy on tour in,neutral
bengal top again in of women and children,neutral
india action against chariti trigger spat with administr,neutral
in assam,neutral
milit opt for poach to fund outfit,neutral
south korea constitut court uphold presid park impeach,neutral
after plan to cap fee,neutral
privat put expans on hold,neutral
3 publish close suit against photocopi of,neutral
akhilesh keep option open on,neutral
akhilesh and hi aunt,neutral
publish lose to photocopi,neutral
bengal bill scare pervert school,neutral
and more also in epap,neutral
from old a street directori,neutral
and shop directori,neutral
roll into one,neutral
what got when it bred local pig with varieti,neutral
flash ghous mohammad khan,neutral
mastermind of modul of arrest by polic in,neutral
put forth search question to liquor baron on the disclosur of hi asset to the court,neutral
suprem court reject age plea to skip jail,neutral
nia to take over encount,neutral
mp case rajnath,neutral
fresh fir file by jnu alleg misbehaviour by student student accus of assault,neutral
earlier,neutral
have been summon by,neutral
jammu and kashmir 23 terrorist hole up in hous,neutral
fire underway,neutral
repol underway in 8 assembl constitu which went to poll in 1st phase on march for,neutral
what meghalaya got when it bred local pig with varieti,neutral
in racket back by politician prevent legal by govt license,neutral
rural plan in to counter azadi call,neutral
india to tap for,neutral
suprem court caution on not for steal sari,neutral
pleas,neutral
is terrorist in lucknow to make statement in on up,neutral
mp incid,neutral
amit roy on how maneck dalal launch intern,neutral
indian medic bodi moot for handl after success trial in tamil nadu,neutral
record haul of booz,neutral
drug dure despit,neutral
suspect in attack nab in,neutral
did polic jump the gun in claim hand in train blast,neutral
2nd phase begin cm okram ibobi cast hi vote,neutral
abp news exclus arm,neutral
ammunit and explos materi recov after lucknow oper end video,neutral
some indian politician still need thi lucki charm a campaign bu,neutral
it wa a captain knock,neutral
off the turf too,neutral
say,neutral
editori whi mayor cannot be trust with the,neutral
india could gain from a partnership with in the say kp nayar,neutral
poll underway in 40 assembl seat spread across 7 district in seventh and final phase of,neutral
antiterror oper in lucknow outskirt end,neutral
1 terrorist kill report of to terrorist hole up fals adg,neutral
indian want polic cover,neutral
cite outsid inflow open campu,neutral
rahul say afraid,neutral
want cisf presenc,neutral
life term for prof saibaba and more in epap,neutral
no one to be depriv of benefit for lack of benefit to continu with altern mean of identif,neutral
it wa a new mother who challeng chang in date for exchang note,neutral
after sept18 terror attack,neutral
armi block key highway and civilian are suffer,neutral
1 rupe increas in mock dignifiedliv plea,neutral
say,neutral
as is destroy,neutral
govt spark traffic chao with plan for grand gate in,neutral
ruchir joshi on how calcutta is be destroy as vandal decid the futur,neutral
bengal law that singl out may keep out investor and critic case,neutral
jitter for pervert healthcar in bengal,neutral
citi of no palac,neutral
a dhoni fan tenac,neutral
and more also in epap,neutral
what meant by potato factori is thrive realiti for bengal farmer in chain,neutral
court ask for report on fraca,neutral
but put question mark on video,neutral
former presid render unqualifi and uncondit apolog in the suprem court,neutral
suprem court want to know if exchang of note ha been stop befor march 31 deadlin,neutral
case exempt centr from file statu report befor it on proceed befor the intern tribun,neutral
suprem court is told that peopl not be allow to deposit note till mar31 as promis,neutral
ask govt,neutral
to explain,neutral
how note are enter system via calcutta busi district,neutral
thi team ha come up with a that ha minim sideeffect,neutral
the process of social chang is seldom linear or pretti,neutral
say manini chatterje,neutral
in unoffici ban on dub movi is challeng by,neutral
no food for dissent in thi tradit of,neutral
after violenc,neutral
space for debat and dissent continu to shrink,neutral
anoth goback shoot in us,neutral
academ sieg,neutral
a menu for judg,neutral
and more also in epap,neutral
policeman,neutral
two milit kill in encount in that last nearli 12 hour,neutral
if it spring,neutral
it must be a varsiti,neutral
my stori on a 100yrold treasur from streetsmart bengal,neutral
i marri a maoist by swati sengupta,neutral
if you dont actual live then honesti and integr wont be embrac,neutral
tell,neutral
whi you could meet a saltwat next time you are in the,neutral
an old street directori of had astound detail,neutral
the ralli cri of ha becom a thing to behold and celebr thi season,neutral
how prime minist made himself the man to beat in,neutral
in 7day on ralli cri of student,neutral
from varanasi,neutral
croc in and more,neutral
mukul kesavan on what the attack on mean,neutral
flame of sing event at other colleg,neutral
while rahul and modi trade barb in up,neutral
some farmer in get lucki with,neutral
leftist who becam minor voic,neutral
privat fear plan to monitor function will give local leader a death grip,neutral
whi govt decid to merg industri depart,neutral
how centr hike for job scheme by a and what you can do with a rupe,neutral
trump administr resist econom of and visa for indian compani,neutral
us visa worri,neutral
bengal privat school in a fix,neutral
focu on msme,neutral
a wage hike,neutral
and more also in epap,neutral
punjab,neutral
jk to resum work on on system river,neutral
69 poll till 1pm in,neutral
3 garden make a mark at us meet,neutral
govt latest no then no for school kid,neutral
after 23 year,neutral
increas order in for worker,neutral
caution on site inroad for mayor who is also minist of hous and environ,neutral
fear of law provis may forc in privat to shun critic case,neutral
a perspect on strife,neutral
whi karnataka bodi decid to boycott award function,neutral
after break with russia,neutral
open entertain tv market to,neutral
top bureaucrat is innoc,neutral
be frame by politician,neutral
ia offic insist,neutral
after law to check privat hospit,neutral
take aol instant messang at,neutral
suprem court give govt a chanc to oppos judg appoint on nation secur,neutral
china caution over visit to arunach pradesh,neutral
tension over visit,neutral
pill for school,neutral
sc collegium accept govt thorn,neutral
and more also in epap,neutral
what happen when secur agenc argu over need for tag,neutral
fear over plan to set rate for,neutral
blast at offic in,neutral
to injur,neutral
after fraca over overbil,neutral
bengal draft bill to check bill,neutral
there should be no room for in india for indian,neutral
say presid mukherje,neutral
note for indian,neutral
muddl,neutral
control and more also in epap,neutral
4the pilot project for green transport across nation capit region is the next such servic be introduc on,neutral
rare speci say hello after a centuri,neutral
top to make you pay for cash transact at branch,neutral
how bengal detect had to get religi to nab leader accus of,neutral
have pull up for neglig bengal cm order parti not to meddl,neutral
if develop mean fill up it also mean death of,neutral
rock fossil in have clue to on earth,neutral
india would do well to abolish the say,neutral
junior home minist admit he made comment on without have seen her video,neutral
how govt made look benign use revis and lower base for comparison,neutral
hole in armour,neutral
a key minist who comment freeli,neutral
modi bug,neutral
and more also in epap,neutral
jaitley say like to pick up further in come quarter,neutral
fm jaitley say q3 data substanti impact by economi resili remonetis help,neutral
a blaze put the spotlight on grand piec of histori that lurk in lane,neutral
kanwal sibal on whi could be a victim of disrupt think,neutral
the effect a batsman get boo for score a centuri,neutral
gunbattl that fell father,neutral
defens cri media trial,neutral
delhi worri over silenc of on,neutral
in midst of an incendiari wish from,neutral
what teacher at said about her stand,neutral
mysteri over effect in data,neutral
mysteri over data,neutral
teacher back worri over silenc,neutral
and more also in epap,neutral
gdp grew at 7 in quarter,neutral
full year project at 71,neutral
break govern forecast 201617 growth at 71 percent,neutral
break india decemb quarter gdp at 7 percent reuter forecast wa 64 percent,neutral
growth of 8 core sector slow to 34 pc in januari compar to 57 pc in the yearago month,neutral
ashok v desai on formula for tackl of bank,neutral
crpf get to take on plant by,neutral
a nationalist cub threaten to cut off finger of,neutral
on courag,neutral
and cowardic season of bud and thorn,neutral
and more also in epap,neutral
5736 turnout in fifth phase of vote end by larg peac in 51 assembl seat up ceo t venkatesh,neutral
arrest woman director of a hong kongbas firm in a rs 1478 crore case regist post,neutral
abvp take out tricolour march with 180ft long flag from ramja,neutral
princip rajendra prasad say hi heart bleed over v,neutral
begin in 51 assembl constitu spread across 11 district all eye on,neutral
jp yadav on rebrand of,neutral
backlash after hail as a true patriot,neutral
kp nayar on what governor of us state had to say about,neutral
messag from governor of us state,neutral
modi criticis,neutral
whi stem is import,neutral
and more also in epap,neutral
the control part in ha to go,neutral
say,neutral
how offer to help of,neutral
how the formid madam of calcutta run her busi,neutral
push 86,neutral
physicist still ha hi tabl full,neutral
say prasun chaudhuri,neutral
resist to in trumpland is noth citizenri can yet match,neutral
how is push hi team to use twitter as a tool,neutral
in 7day modi rule by twitter,neutral
big boss of calcutta and scienc of give,neutral
and more,neutral
bihar cm cite siltat threat of barrag on nation waterway,neutral
it wa the day of leftarm turner,neutral
and took aol instant messang at money in and more,neutral
how is play in du colleg,neutral
a question for america,neutral
big brother at academia,neutral
day,neutral
and more also in epap,neutral
suspect in 2002 attack case in calcutta arrest in gaya bihar polic,neutral
today congress vp to address ralli in gonda,neutral
sultanpur bahraich,neutral
today pm to address a ralli in imphal,neutral
american doe not consid himself a hero,neutral
if you live onli for money,neutral
then that no live at all,neutral
tell,neutral
dream of one are still aliv,neutral
find sunanda k dattaray,neutral
after du push,neutral
test autonomi water,neutral
how techi wa kill and an american took bullet aim at anoth,neutral
indian techi shot in us,neutral
call for afford dialysi,neutral
stephen test autonomi,neutral
and more also in epap,neutral
bihar exam bodi boss,neutral
nephew held in questionpap scam,neutral
in maharashtra,neutral
savour civic win and congress loss,neutral
twist in case,neutral
angst of author,neutral
bjp fli on wing,neutral
and more also in epap,neutral
result live lead with 93 seat in offer resign,neutral
aap govt move sc for set up 5judg constitut bench to decid the appeal on hc verdict hold lg as delhi administ,neutral
1215 turnout till 10 am in phaseiv,neutral
telecom oper will acquir the busi of telenor india in all seven circl where it hold spectrum,neutral
a statement on the terrorist initi incid at shopian,neutral
jk is attach,neutral
milit attack in kashmir shopian district,neutral
6 injur,neutral
civic poll count to begin at 10 am today all eye on result,neutral
sekhar raha on let go of the past,neutral
and whi a nation at 70 must begin a new life,neutral
soumitra da listen to kirtan ask whi should be set by rule,neutral
swapan dasgupta on whi must assess on the basi of nation selfinterest,neutral
citizen petit govt to make nurs home come clean on,neutral
ugc propos 20 pay hike for colleg teacher,neutral
guess what happen after said he is adopt son of,neutral
hit by splurg freebi,neutral
founder admit gmv is vaniti,neutral
profit is saniti,neutral
modi as adopt son,neutral
snap,neutral
check on hospit,neutral
pay hike plan,neutral
and more also in epap,neutral
standoff with left as abvp block entranc of mauric nagar ps stone egg shoe thrown from ps side mani hurt,neutral
pitch battl in progress in du as abvp disrupt ramja march to mauric nagar ps,neutral
econom blockad wont impact process,neutral
all arrang made to ensur free fair elect cec f,neutral
du ramja colleg cancel event after protest against invit for speaker,neutral
7 new speci of found in and some are,neutral
in govt set menu item limit on wed,neutral
india push univers to accept 3yr graduat for cours,neutral
india invok emerg claus to end in price,neutral
relianc promis free voic call roam for 1 year and with cheap,neutral
kp nayar on how tension have crept into tie over,neutral
after be at receiv end,neutral
crown india,neutral
extend offer in mobil battl,neutral
find indian trump,neutral
a troubl life end and more also in epap,neutral
write to tn assembl secretari for noconfid motion against speaker dhanap,neutral
bmc,neutral
9 other civic bodi in state to go to poll on tuesday,neutral
gener known for sharp question will be trump new top secur advis,neutral
garg rap for post,neutral
expert say wrong in blame on ganga for siltat,neutral
even at 217m,neutral
wa within budget,neutral
sanjiv goenka tell,neutral
wont allow barrag on in name of say,neutral
amit roy on whi and are look for campu abroad,neutral
after graveyard barb,neutral
hit at advertis,neutral
ass star in battl,neutral
fest san pak voic,neutral
beyond brexit,neutral
and more also in epap,neutral
regist case against meat export in a graft case name it former chief ap singh also,neutral
governor ask shurhozeli liezitsu to form govern swearingin on feb22,neutral
surit doss on what you should do if you forget dynam of your mobil,neutral
dr kunal sarkar on how cartel have been rip off patient in,neutral
tap selfhelp group,neutral
harvest 1st crop of,neutral
at eaglenest sanctuari,neutral
could dethron as top draw,neutral
bihar extens impact privaci right,neutral
say,neutral
lesson for from school,neutral
exclus jnu fir mark aisa leadership,neutral
seriou charg absent in varsiti press releas appear in plaint htt,neutral
manini chatterje on whi ha fail to live up to it promis,neutral
bengal orphanag suspect of sell babi to coupl from us,neutral
europ,neutral
top offic speak up against how innoc are victim suffer,neutral
ip offic on frameup,neutral
modi call for orphan traffick,neutral
and more also in epap,neutral
goenka surprisesmith to lead pune,neutral
palaniswami victori and how the dhoti surviv,neutral
studi sprout,neutral
and more also in epap,neutral
murali initi goe to jaffna,neutral
prasun chaudhuri on the die art of carv from,neutral
imagin pay a of rs500 in 1863,neutral
poll underway in 69 assembl seat spread across 12 district in phaseiii of,neutral
malik sajad,neutral
artist of the line of no control,neutral
sonia sarkar on how nationalist studi are sprout across campus,neutral
import of fasten with waistband reveal as win trust vote,neutral
when it come to prey,neutral
in india protect forest have it all plan out,neutral
scientist find,neutral
in thi part of up,neutral
it is versu,neutral
flash after suprem court order,neutral
fir regist against up minist over gang rape sexual harass,neutral
how won the trust vote 12211,neutral
edappadi win vote of confid in by 122 vote for,neutral
11 against earlier,neutral
palaniswami win trust vote in with 122 mla vote for hi govt after a chaotic day earlier,neutral
chao in over call for secret vote,neutral
opposit creat rucku in over trust vote,neutral
hous adjourn till 3pm,neutral
live rucku in assembl over secret ballot demand,neutral
mla sit on speak chair in angst,neutral
whi cant risk the slightest smile today,neutral
ram guha on how money and crimin got into in india,neutral
delhi airport drop after glitch,neutral
big fail,neutral
legal eagl back call for probe suicid note,neutral
delhi high court order cop shield for will driver tell striker to deal with compani,neutral
india still keen to buy westinghous reactor despit toshiba meltdown,neutral
member from camp meet assembl speaker p dhanap,neutral
a day ahead of confid vote,neutral
idea itself wrong,neutral
say on,neutral
rbi chief see v for growth rate,neutral
fake exit poll result are be circul use abp news brand name we want to clarifi that we havent air ani exit piss off,neutral
samsung chief lee arrest as south korean corrupt probe deepen,neutral
whi may find it tough to control govt from jail,neutral
jp yadav find an usversusthem undercurr in,neutral
india foreign secretari to visit next week for frank talk,neutral
kp nayar on how parti revolt knock out nomine for labour secretari post,neutral
floor test for on saturday,neutral
idea itself wrong,neutral
say on,neutral
bajaj call bad idea,neutral
palani in court rule on and more also in epap,neutral
swornin as chief minist of,neutral
jnu vc clarifi ugc gazett wont be appli retrospect exist mphil student will be admit to phd under goodby,neutral
31member cabinet to be swornin at 430pm raj bhavan,neutral
5judg constitut bench to sit in may to decid on plea relat to aspect of tripl 22,neutral
sc to frame issu on mar30 regard tripl nikah halala and in for it consideration12,neutral
were no less than cricket,neutral
were also make centuri,neutral
say isro offici m annadurai,neutral
nadu governor invit edappadi k to form govern at the earliest,neutral
premier calcutta ransack over death,neutral
ha it all,neutral
but no arrest yet,neutral
the latest lack an econom philosophi,neutral
say sl rao,neutral
dipankar dasgupta on and pitfal of,neutral
india mull auditor to check misus of,neutral
now bureaucrat face action for drink alcohol anywher in the world,neutral
what slap on memori mean,neutral
befor go back back to jail,neutral
instal nephew as proxi in,neutral
how field nephew,neutral
doe a virat kohli,neutral
beyond bihar border,neutral
and more also in epap,neutral
cabinet approv merger of five subsidiari of state bank of india with the stateown lender financ minist arun jaitl,neutral
foreign tourist with evisa to get free card on arriv,neutral
turnout till 5 pm 68 per cent,neutral
say,neutral
india jan 2017 rise 432 to 2211bn but import up 1070,neutral
widen trade deficit to 984bn,neutral
urban growth threaten kidney that are world largest wast recycl system,neutral
kp nayar on whi exit could be bad for india,neutral
stir of cold war,neutral
scene from drama,neutral
india air pollut,neutral
and more also in epap,neutral
who is e from local functionari to legislatur parti leader,neutral
live polic given direct to evacu mla from kuvathur,neutral
dgp like to take final call,neutral
meet with governor end he stake claim to form govern jaya tv,neutral
kim jong nam,neutral
estrang halfbroth of leader kim jong un,neutral
kill in airport by to women with poison needl,neutral
take off for aerobat display at inaugur,neutral
centr allow to prosecut former princip secretari of delhi chief minist arvind kejriw,neutral
in a graft case,neutral
bjp urg governor vidyasagar rao to take a decis on basi of number as well as credibl,neutral
governor vidayasagar rao to meet new legislatur parti leader edappadi k palaniswami and other at 540pm,neutral
india cap price rs7,neutral
260 for bare metal rs29,neutral
600 for drug elut in crackdown on wild markup,neutral
sasikala expel score of rebel includ minist k pandiarajan and senior leader c ponnaiyan from,neutral
aiadmk expel after suprem court rule knock out of cm race,neutral
aiadmk expel after suprem court rule knock out of cm race,neutral
suprem court restor bangalor trial court verdict hold and other in corrupt case,neutral
break suprem court convict in disproportion asset case,neutral
mettur legisl semmalai join cm camp,neutral
trump nation secur advis flynn resign in controversi over russian contact,neutral
mayawati play divideandwoo on home turf upelect,neutral
whi you could miss your flight out of bangalor,neutral
ashok desai on as an accident and a new book by tirthankar roy and anand v swami,neutral
by noon,neutral
suprem court will have decid futur of and her rival,neutral
how patna boy got to play the tabla,neutral
tehmina janjua to be 1st woman foreign secretari,neutral
tamil nadu wait,neutral
indian heft for pope,neutral
modi in up,neutral
pakistan 1st woman foreign seci,neutral
and more also in epap,neutral
eas to 317 per cent in januari from 341 per cent in decemb,neutral
7judg sc bench to hear plea of madra hc against justic order stay hi own transfer earlier,neutral
justic fail to appear befor apex court to face contempt charg,neutral
nonteach staff call for end to jnu stir,neutral
vc say law will take it cours if occup of adblock doesnt end despi,neutral
calcutta hc judg c s karnan fail to appear in sc in connect with suo motu contempt proceed,neutral
bjp worker stab to death dure local templ festiv at mukkattukara in kerala district,neutral
like to hear pil against swearingin today,neutral
delhi to airlift to if blockad is not lift,neutral
use to track for prevent track death,neutral
tell state,neutral
bonhomi between and strike a chord on the ground,neutral
india to spike 3 initi for,neutral
amit roy on the clash between and,neutral
some of it men have friend across border,neutral
say,neutral
as race hot up,neutral
play woman wrong,neutral
britain is not becom xenophob or hostil,neutral
high commission domin asquith insist,neutral
scientist in calcutta are trace the build block of in space,neutral
say prasun chaudhuri,neutral
lost password,neutral
troubl with googl play and more in,neutral
moral outrag cannot be the guid when thing get messi,neutral
say manini chatterje,neutral
almost overnight,neutral
ha becom a crowdpul,neutral
crowd flock to rowlingmorgan clash,neutral
cashswap case,neutral
and more also in epap,neutral
chidambaram on be in the opposit,neutral
jaitley as a financ minist,neutral
and more,neutral
in 7 day assam vie for tast bud,neutral
is grill,neutral
and more,neutral
compar 2015 with 2017,neutral
how ha graduat from a captain into be a,neutral
mukul kesavan on the state of the fourth estat,neutral
in tn,neutral
is run out of patienc,neutral
a governor letter is leak,neutral
get the crowd,neutral
after a a question were bank correspond coerc into switch old note,neutral
death by currenc,neutral
patienc,neutral
boss is shunt,neutral
and more also in epap,neutral
anoth mp join camp,neutral
as fret and wait for governor call,neutral
minist,neutral
to mp join camp fret and tend to flock,neutral
63 voter turnout in phase 1 of,neutral
veteran leader and parti spokesperson join camp,neutral
sasikala seek meet with governor,neutral
3 switch to selvam side,neutral
hundr of immigr arrest in routin us enforc surg,neutral
in today,neutral
great mean win the say sunanda k dattaray,neutral
1st phase of assembl elect begin 73 constitu,neutral
over 20 million voter,neutral
poll 2017 poll for first phase begin,neutral
appeal peopl to vote,neutral
thi resort is host 120odd lawmak now in camp,neutral
thi survivor of riot ha a simpl messag for voter,neutral
franc group buy brand from birla,neutral
mamata dole,neutral
theatr,neutral
a riot refuge resolv and more also in epap,neutral
50k dole in budget for migrant worker hit by,neutral
india industri product contract 04 in dec 2016 against a declin of 09 in dec 2015,neutral
court direct bsf to allow trooper tej bahadur wife to meet him,neutral
passeng open an chute of aircraft that wa taxi at mumbai airport 1 injur,neutral
former minist ka senkottaiyan replac madusudanan as presidium chairman,neutral
govt appoint director of ten indian institut of manag,neutral
state bank of india q3 profit more than doubl to rs 2,neutral
610 crore as against rs 1,neutral
115 crore in the same period a year ago,neutral
in setback for trump,neutral
us judg reject travel ban,neutral
in a bahu make a demand,neutral
how shatter firozabad industri,neutral
mom who lost teen kid in fire same2c old2c bore shit as are let off lightli,neutral
again,neutral
in lawmak jump ship,neutral
a memori get a list,neutral
a governor ponder,neutral
all eye on a governor,neutral
note crunch and glassbangl,neutral
ansal let off lightli again,neutral
and more also in epap,neutral
gen seci call on governor ch vidyasagar rao,neutral
stake claim to form govern in tamil nadu,neutral
vk pay homag at jaya memori place a seal cover,neutral
presum mla support list,neutral
at the memori,neutral
good thing will happen,neutral
say tn cm after meet governor ch vidyasagar rao,neutral
held detail discuss with governor on what is happen in tamil nadu,neutral
say,neutral
cong to boycott pm in parliament over raincoat remark will coordin with other parti,neutral
say,neutral
opposit disrupt with demand for apolog from,neutral
watch top 10 news of the day video,neutral
after patienc,neutral
a test of polit,neutral
enough say suprem court and end 38yr legal battl over project,neutral
in tamil nadu,neutral
ha the number,neutral
claim he ha the mass who decid,neutral
match versu gut feel in modi dig at suprem court act on and more also in epap,neutral
chang stanc from accommod to neutral,neutral
keep key unchang repo at 625,neutral
margin stand facil and bank rate at 675,neutral
suprem court ask justic karnan to explain whi he should not face proceed,neutral
will return to lake next winter,neutral
with jatav as base and pitch for muslim,neutral
bsp is keep her rival edgi,neutral
on heartland lab,neutral
crpf commando return to their unit,neutral
how scientist save orbit from death by eclips,neutral
kp nayar on how the engag between and the gulf ha deepen,neutral
3 ds doctor,neutral
dog and drink stood out in pm repli in parliament,neutral
suddenli,neutral
a mutini it versu sasikala,neutral
the telegraph publish today an articl entitl french envoy bet on former coloni bonjour,neutral
new era of amiti h,neutral
bengal advocategener jayanta mitra resign over differ of opinion with state govern,neutral
enforc director chief karnal singh get a fix tenur of to year,neutral
whi commando went,neutral
when commando get homesick,neutral
jewish nobel for littl star,neutral
and more also in epap,neutral
pil file in seek to restrain swearingin of as chief minist tomorrow,neutral
facebook,neutral
googl,neutral
other launch drive against fake news in franc,neutral
suprem court order attach of rs 39,neutral
000 crore properti in pune,neutral
suprem court grant bail to scam accus estrang wife of former union minist matang sinh,neutral
how to shield your child from and,neutral
javadekar back restrict research entri,neutral
student stir to intensifi strike today,neutral
indian hold promis in battl against,neutral
the may be chang it attitud to coalit partner,neutral
say manini chatterje,neutral
what power drive to becom chief minist,neutral
review show up hole in india govtfund,neutral
now get licens to raid without cite ground,neutral
shade of in law chang,neutral
rise,neutral
hole in govt health cover,neutral
and more also in epap,neutral
new experi and excit time ahead in second inning,neutral
mukul kesavan on who ought to and not who will win in,neutral
sachin tendulkar on hi 2nd inning,neutral
the 3 ds that lead to great,neutral
and more,neutral
the nachni of are die unsung,neutral
and so is an art form,neutral
irfan habib on see the past with both eye on the present,neutral
and mix folklor with histori,neutral
sonia sarkar on the jiggig that were a key tool in run up to,neutral
whi calcutta are learn chines,neutral
all that voter in these villag want is a perman with india,neutral
in 7 day what calcutta are learn,neutral
nachni of fight for right in and more,neutral
a villag cri for a bridg,neutral
mukul kesavan on 3 ds,neutral
and more also in epap,neutral
judg block trump ban effect nationwid,neutral
promis deni helicopt,neutral
soldier trek through snow to take hi mother bodi home,neutral
australia,neutral
us clash over immigr put india on hold,neutral
a soldier pain journey,neutral
bond for polit fund,neutral
trump on immigr,neutral
and more also in epap,neutral
follow us to dm mail to ttwebonlinefe releas to ani of 3 aggreg on our site under press releas,neutral
rich get skewer,neutral
honesti hug for bottom rung while mysteri persist over miss taxpay,neutral
relief on front for small firm hit by,neutral
ahead of elect,neutral
find noth in to sell to voter,neutral
so you thought the ha made transpar,neutral
there wa more histori around the than in it,neutral
say,neutral
demitronis in relief for small firm,neutral
no honesti hug for wellheel,neutral
and more also in the epap,neutral
doubl digit ha been control sluggish growth replac by high growth war on launch,neutral
we have move from discretionari base administr to polici base administr,neutral
watch the live stream of fm shri budget speech 201718 on the link below,neutral
pm reach parliament,neutral
cabinet meet begin,neutral
fm depart from north block to and parliament hous,neutral
to present,neutral
indian govt draw goat parallel in case,neutral
break to go ahead as schedul,neutral
say sourc,neutral
not clear right now speaker to decid,neutral
how calcutta menac wa born and is eat up all pavement and footpath,neutral
whi grab footpath is good busi for everyon except pedestrian,neutral
will strike at decod draft order,neutral
for the 1st time,neutral
union will includ railway budget today,neutral
at 11am,neutral
confus after repli to ceo,neutral
due to sudden drop in visibl at blr,neutral
our to fro flight are affect as a result consequenti delay are expect,neutral
watch union budget 2017 live on abp news 1100 am onward,neutral
trump pick 49yrold judg for lifetim job at suprem court of us,neutral
in bjp could face backlash,neutral
govt admit economi will take a hit becaus of,neutral
us give a scare,neutral
how to law offic did their job,neutral
confess,neutral
and more also in epap,neutral
us give a scare,neutral
how to law offic did their job,neutral
confess,neutral
and more also in epap,neutral
full expect in a month or two arvind subramanian,neutral
headlin inflat as measur by consum price index cpi remain under control for the third success financi year,neutral
agricultur sector to grow at 41 per cent in the current year up from 12 per cent in 201516,neutral
growth rate of the industri sector estim to moder to 52 in 201617 from 74 in 201516,neutral
india growth rate at constant market price for 201617 seen at 71,neutral
financ minist arun jaitley tabl in lok sabha,neutral
live pranab mukherje to address parliament at 11am,neutral
countri first convict minist sentenc to 7 year rigor imprison,neutral
econom survey is to be tabl in the parliament shortli know your econom survey,neutral
sibal and datar spike bcci wish,neutral
presid trump fire top govern lawyer salli yate for defianc on immigr order,neutral
fm to tabl today in,neutral
trump order ha parallel in citizenship bill,neutral
prabhat patnaik on whi ha been a monument,neutral
whi farmer are dump crop,neutral
suprem court rope in former top auditor to run,neutral
whi no one suggest name of and for icc meet,neutral
pakistan under pressur from ban,neutral
auditor at helm,neutral
madam and more also in epap,neutral
limit on cash withdraw from bank account and atm restor of statu quo ant,neutral
after outcri,neutral
us loosen curb on reentri by green card holder,neutral
five soldier from machhil attain martyrdom detail statement attach,neutral
dept crackdown on hoarder issu 87 notic,neutral
attach 42 asset worth crore under the new,neutral
payment bank to offer 45 on deposit up to rs25000,neutral
5 on rs 2500050000,neutral
55 on rs 50000100000,neutral
suprem court shoot down govt bid to put sport ministri bureaucrat in panel to run,neutral
historian ram guha,neutral
idfc offici vikram limay,neutral
former captain diana edulji are other in panel to run,neutral
suprem court name former cag as head of 4member panel of administr to run 13,neutral
court summon cm suspend bjp mp as accus in crimin defam plea by,neutral
amulya patnaik ha been appoint new delhi polic commission patnaik is a 1985 agmut cadr ip offic,neutral
