tweet,sentiment
unhappy dogs like though,negative
talking driver im goinghe said hed love go new york since trump probably,negative
anybody know rands likely fall dollar got money need change r keeps getting stronger unhappy,negative
miss going gigs liverpool unhappy,negative
isnt new riverdale tonight unhappy,negative
ady guy pop asia translator theyll probs go around aus unhappy,negative
whos chair youre sitting find everyone knows youve shamed pu,negative
dont like jittery caffeine makes sad,negative
areas list unhappy think ill go libdems anyway,negative
want fun plans weekend unhappy,negative
notice unhappy,negative
ahhhhh recognized logan cinemax shows bad track record getting cancelled unhappy,negative
errr dude theyre gone unhappy asked league memeber check guys go,negative
sad,negative
would harvey going prison unhappy,negative
missing crying seaside area,negative
becoz depend promoting waste hardwork team,negative
thought youll save crying,negative
major waffle cravings right sad,negative
cant speak japanese,negative
people stuff like unhappy,negative
please stop confining animals zoos unhappy,negative
feel like shoyould telling get fuck social media byout also feel really mean unhappy silence love yoyou hope yoyoure okay,negative
miss huhu busy unhappy,negative
extended family 12 pplahh wanted show oh girl dorky playing game got deleted unhappy,negative
dont unhappy,negative
jamie please reset cga grandfinal server administrator responding unhappy,negative
noooooooo gonna miss buffet unhappy take care,negative
wish could vote unhappy,negative
instant message jealous okay unhappy never mind haha bruno wait finals first,negative
im enlisting please turn like unhappy,negative
unhappy come people like children wheres state intervention,negative
ouchhhhh unhappy,negative
help want stop tweeting feel endless suffering pain tried deactivate many times save unhappy,negative
asking,negative
application kana kanji funtime sadly,negative
looks like ios 11 due kill unhappy,negative
yeah update 1604,negative
froze times went 1610,negative
froze mid install waited 3hrs hed pull plug crying,negative
shaandaar,negative
zabardast,negative
another atbb way wish srk sir starts signing good movies unhappy,negative
want jabee crying,negative
sociopath full raid gear sad,negative
say hi sunshine unhappy,negative
feel bad ahaha unhappy,negative
getting harder harder stay unhappy,negative
face looks bloated unhappy baby get well soon,negative
fuck tried changing settings still india unhappy,negative
talking driver im goinghe said hed love go new york since trump probably,negative
lets forget also gabriel tenma whites birthday todayi miss unhappy,negative
always taken granted eversince unhappy,negative
ah alright,negative
don27t know saw comment yet,negative
camera shooting,negative
flip scr,negative
miss louis tweets unhappy,negative
koalas dying thirst us unhappy,negative
okay ill shut instant message mad lots people flawed opinion mental health mine show unhappy,negative
pamura isa moment,negative
want explode like grenade point people die sad,negative
yg sent mcd want see holding trophy unhappy anyways,negative
really want one iconic jimin stripes turtleneck shirt unhappy,negative
want spoons cant go unhappy honestly feels like messy break unhappy,negative
makes sad unhappy looked unhappy went seaworld,negative
yg sent mcd want see holding trophy unhappy anyways,negative
miss rockys posts unhappy,negative
hey tony,negative
oh unhappy could please tell little issue im following youd prefer dm amanda,negative
love mason miss mason unhappy,negative
cold mother crusher right nearing end april sad,negative
don27t talk anymore like used unhappy,negative
yg sent mcd want see holding trophy unhappy anyways,negative
miss biking unhappy,negative
miss big brother unhappy,negative
6 days camp haiss miss lot unhappy,negative
raining hard unhappy,negative
bored kandowiandg ando plaands today makiandg eveand bored unhappy,negative
oh god laurie penny unhappy,negative
say hi mekisha unhappy,negative
never draw unhappy,negative
cleantha,negative
visual studio installation 89 bsod comes suddenly unhappy,negative
want make waffles unhappy,negative
sad unhappy,negative
crying muh feels,negative
look like somethings ignore xd kart racing unhappy,negative
ate jenna blocked unhappy,negative
bed comfortable dont want get unhappy,negative
store still use,negative
sincerely hope many priceless antiques destroyed reg,negative
astaga unhappy,negative
want puppy unhappy,negative
work unhappy ill see tomorrow,negative
happy weed day without anymore unhappy,negative
favourite lipstick hilang crying,negative
time flies,negative
cant believe year next year unhappy becoming old hahahah v,negative
new twitter reply view confused like capitalise replies people unhappy,negative
whaddup crying,negative
unhappy every time laughing ass,negative
whos selling army bomb ver 2 meet sad,negative
yeesh unhappy fairly warm,negative
easter flown unhappy im ready give home luxuries like branded cereal,negative
ohnoo unhappy unhappy hope recuperates sooner,negative
back unhappy,negative
give chance west server unhappy,negative
going yesterday unhappy,negative
agree issue would paid somehow cant see numbers adding sad,negative
want drink cigarettes unhappy,negative
oh mince unhappy,negative
manifesto,negative
nick might deliver time demands story life,negative
okay ive accepted way unhappy,negative
people abuse animals unhappy theyre loyal,negative
im actually crying typing tweet cant take anymore applicablehulog applicable knock unhappy,negative
imagine wins next time unhappy unhappy,negative
unhappy,negative
need cue something would make smileill waiting,negative
yg sent mcd want see holding trophy unhappy anyways,negative
yg sent mcd want see holding trophy unhappy anyways,negative
nosebleeds getting outta hands unhappy,negative
perfectly happy single see happy couple kisses thefashionicon,negative
dude want sleep unhappy,negative
feel fucking shit today unhappy,negative
wont able stream tonight im sorry guys unhappy,negative
face swapped cat dog really upsetting unhappy,negative
system recognize spaces last names 2nd time unable check forced wait unnecessary lines unhappy,negative
still waiting unhappy,negative
thank tons,negative
rocks next question astro unhappy,negative
fault,negative
customs argentina fill paperwork unhappy,negative
tried fixing choristers dress hem came undone taping fabric tape put wrong even ruined unhappy,negative
small fishie died unhappy,negative
nice outside stuck school day unhappy,negative
edm pleaseeeeeeeee unhappy,negative
oh god unhappy next time mishutuuu,negative
say hi julia pleasee crying,negative
bby unhappy emotion,negative
seriously thought coldplay going band like depeche mode u2,negative
kept going unhappy,negative
poor baby unhappy hate people,negative
unhappy strong today jfjfjkf,negative
need unicorn frappuccino stat found limited timee unhappy much longer,negative
back unhappy,negative
unhappy sorry hear,negative
wont probably phil hasnt seen yet unhappy,negative
yuri didnt know unhappy second snsd missed,negative
campervan tickets expensive unhappy,negative
canberra landlocked capital unhappy,negative
much cant seem deathmatch unhappy,negative
agata baby unhappy broke mail read letter cant thank enough best,negative
unhappy,negative
haha wanted look like v unhappy,negative
unhappy look dead,negative
puta know sorry isnt enough pero sorry padin unhappy,negative
mannn,negative
want go ms game unhappy,negative
unhappy feeling bored,negative
wish could sleep early unhappy,negative
hope start getting 1gb data per day tonight unhappy,negative
koalas dying thirst us unhappy,negative
want see happy sad,negative
told bugger hung waned access pc phoned someone like gran,negative
braces hurt unhappy,negative
ohh welcome clxsslc chanyeol oppa call richard kalau jadi sayang gimana unhappy,negative
don27t talk anymore like used unhappy,negative
claaaaaaaaaaaaasse,negative
pity unhappy beautiful thank answer,negative
sciatica monumental pain arse unhappy,negative
escalated quickly,negative
im aborting mission nice day though x,negative
thank tons,negative
rocks next question astro unhappy,negative
back unhappy,negative
stream tonight throat killing unhappy,negative
tooi wont miss hgvs going past house though nice looking building initiall,negative
dont say unhappy,negative
summers schools vocabulary unhappy need air please tell,negative
baes unhappy,negative
wanna get haircut don27t know good place unhappy,negative
feels kind empty wo youngjae venue unhappy,negative
back unhappy,negative
yeah,negative
think thats going true,negative
cant leave us unhappy,negative
yesterday felt like friday unhappy,negative
please rt hell buy blinking taehyung headband,negative
get 900 retweets 900 likes help un,negative
yes instant message sad crying,negative
face swapped cat dog really upsetting unhappy,negative
nice really nice stuff mostly black dresses wont get away june wedding though unhappy,negative
miss unhappy,negative
beyond sad unhappy,negative
goodnight princess,negative
love fun friends,negative
yg sent mcd want see holding trophy unhappy anyways,negative
something really wrong spending days naked beach hot sunshine working cold kings lynn sad,negative
punishment time jbs team unhappy,negative
aw goodnight angel love lots hope youre going best tiame lot fun wonhos already,negative
really amount loads sections unhappy ill ride netherton meet darby end,negative
q2 im mh healthcare professional much want help im scared death might make situation,negative
got msg oops unhappy,negative
chillin bit quiet tonight tough luck unhappy,negative
bet medias onesided view tim tams surprisingly altright roar extreme droll fad unhappy,negative
hair crisp unhappy,negative
couple unhappy,negative
fuck don27t unhappy,negative
going ca july,negative
reunion august unhappy,negative
road traffic signs section theory revision myth unhappy,negative
unhappy sorry pizza arrived mushrooms despite request could please get touch vi,negative
youre kabute unhappy,negative
last things ive bought sweets unhappy,negative
wish could stay bed day listen rain sad,negative
dont want tell fellow comm students dont want think im kind suckup unhappy,negative
notice unhappy,negative
go away unhappy,negative
ally unhappy cant make poem cute,negative
ehh cant dm unhappy,negative
beautiful ladies full fun body confidence,negative
italian easier spanish unhappy,negative
find difficult says unhappy,negative
3 days nights since mama went back province already miss unhappy,negative
want cry unhappy,negative
love got7 god bored unhappy,negative
cant continue right lighting shitty f swear sorry sad,negative
lets dinneeeer please unhappy,negative
lost one import quizzz unhappy,negative
want mutuals bad unhappy,negative
keep looking things bought yesterday dream unhappy,negative
hurts see sad unhappy dont understand dont kill,negative
hell kil,negative
hate park jisung much sad,negative
online crush comes meetup without snapchat filter unhappy,negative
hate mom ask going bc want stay home missed much school already unhappy,negative
happy birthday katrika miss though unhappy miss group haih anyway,negative
blast okay love,negative
miss dogs unhappy,negative
yg sent mcd want see holding trophy unhappy anyways,negative
digital monsters want work blackpink make happen pls unhappy,negative
though,negative
miss boys unhappy started working local boys nervous college friends,negative
classmates alvarez dont really see around school anymore unhappy,negative
ugh miss baby crying,negative
anyone needs ill vent unhappy,negative
hard notice haay unhappy,negative
cant deathmatch piss unhappy,negative
going notice yous unhappy,negative
miss bedroom unhappy,negative
please take rest needwe love much hope feel better soon sunshine,negative
oh,negative
unhappy,negative
miss baby unhappy,negative
days since promotion ended im already missing much unhappy,negative
miss unhappy,negative
miss jihoon sad,negative
one cat yang manja sangat someone took unhappy,negative
tired theres nothing great combo unhappy,negative
tweet made cry crying,negative
back coconut hair unhappy,negative
please return jacket unhappy,negative
would call roused midnightreminds times roommates unhappy unhappy unhappy suck,negative
feel bad,negative
mobbing australia,negative
hope everything goes right unhappy,negative
days since promotion ended im already missing much unhappy,negative
hungry unhappy time buy food,negative
set alarm 9am snooze 12 unhappy,negative
sad story unhappy,negative
koalas dying thirst us unhappy,negative
hey screenshot sainyo hmm tumagal sana us stay uu im always fr uu matter luv uu mats,negative
looks awesome annette,negative
cant make unhappy thanks heads though please take photos,negative
narank 1 ako bcos yoyou please congratyoulate even already late unhappy,negative
cant unhappy,negative
relatable unhappy,negative
unhappy,negative
offline unhappy,negative
heeeeey notice unhappy,negative
want hang unhappy,negative
talking girl behind jin unhappy,negative
need cheering,negative
dog family 18 years put tomorrow unhappy,negative
molly 1 wish could hair unhappy 2 cutest michael girl milly phone 3 haiiiiiir lips 4 friend5 yes6,negative
even unhappy hugs,negative
im building llvm backend,negative
really need build unhappy,negative
cant access school emails web browser unhappy yet much homework subjects,negative
oh sad unhappy goodluck,negative
ouch elena ereminas foot slip,negative
fall mess unhappy,negative
donny unhappy,negative
youre rude unhappy,negative
oh god attend lessons together sometime kidding hahah,negative
every time meredith flashbacks derek shepherd cant hold back tears unhappy,negative
whew cant asses unhappy,negative
round ass crying,negative
unhappy saw somebody said hair fell bighit trying figure,negative
koh,negative
tolong bantu sampaikan keluhan armys ke dong many complaint since day 1 ticketing unhappy,negative
keep waking middle night sick shit unhappy,negative
cringed hard fall shame looking really good point,negative
man 2hrs since vliveits nearly sydney ppl unhappy goes quick appreciate every second,negative
hi aled,negative
mobile signal sucks unhappy whats full postcode happening keen help si,negative
sucks unhappy,negative
im rusty havent played game since like 10 kept dying crocodile part crying,negative
really really need right unhappy,negative
hey guys could help retweeting ive heard legitimate really need vpn account rig,negative
god koalas,negative
feeling bad unhappy 89 others,negative
tweet made cry crying,negative
could write paragraphs xdshame theoretically impossible real life unhappy,negative
thank roshhh miss everyone love youuu,negative
sweetie know feel unhappy,negative
online crush comes meetup without snapchat filter unhappy,negative
person chose shut fuck unhappy,negative
sadly yes since expected continue losing support dropping bombs unhappy going expe,negative
hope little beaand andot overworkiandg gettiandg least rest unhappy,negative
could whatever,negative
sad,negative
dub watch pokemon unhappy,negative
dying thirst us unhappy,negative
youngjae fansign 041017 constantly massaging back clearly something wrong pretended,negative
use purple flowercrown display picture unhappy,negative
still cant unhappy,negative
well thats terrible unhappy,negative
sorry piss 3 unhappy,negative
woke 417,negative
im joke unhappy,negative
right sir rob loves torture us unhappy,negative
salary reminds weekends,negative
always know come fucking clue goes unhappy,negative
feel sick today unhappy,negative
wish cant sad,negative
birthday tomorrow baby unhappy,negative
im slow unhappy,negative
super unhappy,negative
trashing others possee behind boosts ego,negative
career unhappy,negative
finished gym,negative
chopsuey unhappy laughing ass humble feeds always bomb,negative
still possible unhappy,negative
whaaaaaaaat unhappy,negative
loads toys sweep hand puppet bastard lost squeak unhappy,negative
damn theres people sincerely want attend bh birthday party bcs people try fun make ca,negative
aegyo lost unhappy,negative
also please send prayers sympathy favorite ball dress doesnt fit boobs crying,negative
miss snsd miss girls unhappy,negative
parent challenging cannot control well give worst output children word,negative
ngomel crying,negative
jonny poor legs make sad unhappy hope youre okay,negative
hope hes ok,negative
poor mouse unhappy,negative
okay survived,negative
yeah sight reading pretty good high school,negative
im bit rusty unhappy,negative
self dont buy thatalso im furry unhappy,negative
damn theres people sincerely want attend bh birthday party bcs people try fun make ca,negative
love youu much unhappy thank,negative
fun,negative
damn theres people sincerely want attend bh birthday party bcs people try fun make ca,negative
upsetting abuse kids get unhappy 3,negative
oo crying happy3yearsbraceunited,negative
exactly thinking unhappy,negative
im scared unhappy mean heck decide laundry 730 pm wrong mention dark fml,negative
sunnyside well unhappy,negative
yall want choke whatd unhappy,negative
whole japan tour ahead one quite brutal already tired bodies boys unhappy,negative
ahhh id well chuffed,negative
didnt even get easter egg year unhappy xx,negative
someone buy tasbih pls dont one unhappy,negative
clay hannah love deserved endgame unhappy,negative
please talk nct instant message lonely need fangirl okay crying,negative
sad fuck unhappy,negative
please follow trying get follow long time unhappy,negative
really enjoyed horrizion zero dawn idea play next unhappy,negative
damn theres people sincerely want attend bh birthday party bcs people try fun make ca,negative
good conversations unhappy,negative
annoyingly spaces variable width version c64 font thats available internet wi,negative
dont like songs debyout younhappy syouggest yoyou jyoust one song really love,negative
adore,negative
jackson unhappy youngjae silence aww,negative
trop retard sad,negative
id rather sailor uranus chibiusa thats everyone says unhappy rip,negative
youre right mcconnell well unfortunately,negative
seem sold government time ago unhappy,negative
wish dogs knew much hyped snap chat unhappy,negative
people intensionly don27t even please someone unhappy,negative
sad unhappy,negative
damn theres people sincerely want attend bh birthday party bcs people try fun make ca,negative
painful goodbyes onesthat never said never explained crying unhappy,negative
miss bmf sad,negative
youre got disappear half way unhappy everybody want lazy eue,negative
choice cancel unhappy,negative
oh sadly wont watch right theyre forbid see unhappy,negative
koalas dying thirst us unhappy,negative
rip cellphone unhappy,negative
pic unhappy,negative
yeah unhappy,negative
dont miss anymore unhappy,negative
okay tf colorful starbucks thing social media unhappy,negative
damn theres people sincerely want attend bh birthday party bcs people try fun make ca,negative
well thats good unhappy,negative
oh boo,negative
mine isnt inbox unhappy,negative
didnt keep unhappy,negative
absorbed im going get laugh gets 2000 votes unhappy,negative
hi ishwar thats experience want unhappy call details sort roshan,negative
know unhappy,negative
ill strong hard unhappy xxx,negative
lost two streaks two favorite people silence unhappy good night,negative
relate much unhappy,negative
joy get back,negative
cant see,negative
theyll brush lng telling others applicable applicablegiinot applicablerte lng sila worse unhappy,negative
usually speedboat behind get river unhappy,negative
omg see dont drink alcohol haha glad fun guys wish,negative
happens time unhappy,negative
0 motivation study unhappy,negative
happy birthday sweet sweet girl hope best day ever love miss much unhappy,negative
nmd r2s ugly unhappy,negative
honey unhappy,negative
philippines unhappy,negative
want wouldnt able get time dont know people year go unhappy,negative
unhappy friendzone damn sad,negative
cried much,negative
mess went bed feeling numb awful unhappy,negative
please rt hell buy blinking taehyung headband,negative
get 900 retweets 900 likes help un,negative
email hoping id get today,negative
didnt arrive unhappy heres hoping tomorrow,negative
haha mate good love debte wished center,negative
wowwow cute unhappy wantt,negative
sucks unhappy,negative
instant message getting sad unhappy,negative
wow unhappy people mean,negative
damn theres people sincerely want attend bh birthday party bcs people try fun make ca,negative
talking driver im goinghe said hed love go new york since trump probably,negative
love hort unhappy,negative
golly gosh simply dreadful havoc must wreaking subsurface black salve wont,negative
autograph book ready,negative
sign garry barlow yet sad,negative
thank roshhh miss everyone love youuu,negative
please meeeee followed almost years unhappy,negative
happened unhappy,negative
true khilado kuch unhappy,negative
realized havent eaten rice maghapon finished 3 packs spicy seafood noodles extra big chilimansi acid attack right,negative
postshow blues hitting hard unhappy,negative
ready poster computer gets,negative
good morning unhappy,negative
wht sort thing cant use word person itcan cause suffering ths sad,negative
want kiss nose tell love sad,negative
stayed 3 hours phone ad bubbyyyyyyy miss unhappy,negative
girl unhappy thats wa ropiwa 1 sandton unnecessarily expensive2 try salons braam,negative
actually looking forward seeing theory around personal vote correct unhappy,negative
bring mb man unhappy,negative
sad report robins egg mom found yard storm taken life support poor thing frozen unhappy,negative
back unhappy,negative
slight buzy kasi besh unhappy,negative
youre late work break news lovely lady cleans house crying together unhappy,negative
stopped got rid toy surprises bottom unhappy,negative
tell unhappy,negative
cant find striped shirt unhappy instant message wearing one says favorite thing lucas middle,negative
guys please help retweet unhappy,negative
theres always shit like theres always people less deserving getting tickets,negative
winning giveaways etc unhappy,negative
truuuu si grim reaper sunny huhu grabe love story nila unhappy,negative
caught cold unhappy seems ive got tired expected,negative
shameful,negative
shameful business stop paying giant corporations foods dont need wake people plea,negative
miss baby unhappy,negative
holy shit 40 pages script opening scene man steel krypton got compressedi wish could least,negative
late nights,negative
face swapped cat dog really upsetting unhappy,negative
failed unhappy g hehe,negative
miss boo much unhappy,negative
need car unhappy car unhappy poor unhappy,negative
wish could attend unhappy,negative
ikr would trauma ware unhappy,negative
420 today,negative
wasnt lit unhappy,negative
life unfair unhappy,negative
biblical lectures coming notification soon tomorrow,negative
fact,negative
im glad dont care people think anymore wish still looked best everyday like used sad pick,negative
muz u,negative
sure prob ilabyu,negative
lucky slave wish unhappy,negative
instant message still hoping unhappy,negative
fuck unhappy,negative
tak ambik wedding package cause poor unhappy ambik aromaterapi massage je hajxjsjsj hehe see uuuu jwa,negative
koalas dying thirst us unhappy,negative
unhappy lets fight kids,negative
cassandra cain unhappy sure want watch batbuffy batwoman would interesting,negative
half time doesnt load,negative
half time crashes unhappy embarassing,negative
right don27t see people shit like,negative
miss hoseok unhappy,negative
left months hinhua ler unhappy need gambateh wink,negative
fish killer going pressed younhappy hoe today good person,negative
loved beth much unhappy,negative
prince baekhyunthrow dungeon please dont deserve see beautiful face unhappy,negative
family awful go sorry hear unhappy,negative
face swapped cat dog really upsetting unhappy,negative
honey unhappy,negative
unhappy pizza taiwan like swift,negative
flavorful dream,negative
cant tello,negative
swear walked past haha,negative
didnt get chance say hi unhappy,negative
miss quacktopia unhappy,negative
dying thirst us unhappy,negative
goodnight love beautiful boys unhappy,negative
available uk unhappy,negative
ailes sure knew make great network fox going downhill wi,negative
penge damit unhappy,negative
im sorry unhappy,negative
koalas dying thirst us unhappy,negative
im hungry unhappy,negative
finals next week unhappy wish luck x,negative
miss temperance brennan seeley booth much unhappy,negative
miss quacktopia unhappy,negative
said d2 largely sd d2 doesnt run newer versions mac os miss playing unhappy hd woul,negative
follow mee plss unhappy,negative
talking driver im goinghe said hed love go new york since trump probably,negative
babye old twitter unhappy,negative
congratyoulations harry since fifa 13 miss yoyour younboxing videos unhappy,negative
cant wait see film karl wished would im bu,negative
cram reading unhappy,negative
im job searching got none sobuthedonism got abundance,negative
days since promotion ended im already missing much unhappy,negative
hello getting cyber bullied something unhappy,negative
call center nice game 420 unhappy,negative
bes rip,negative
follow unhappy,negative
ill attending cosmic latte saturday ill give selu shippers kasi selu month qaqo unhappy,negative
baby unhappy,negative
absorbed im going get laugh gets 2000 votes unhappy,negative
friendly fire wings tour unhappy,negative
back hurts sad,negative
typed medical shorthand abbreviation use work,negative
dame computer decides crash unhappy,negative
excuse don27t see nama unhappy,negative
damn theres people sincerely want attend bh birthday party bcs people try fun make ca,negative
thats shocking evil unhappy,negative
zac farro back way hehehe sad jeremy unhappy,negative
maa ki kuss tumhari take bullshit loser,negative
thought mountain dew australia caffeine little energy drink cans caffeinated never sleep unhappy,negative
hope little beaand andot overworkiandg gettiandg least rest unhappy,negative
base unver ajalah minahaes unhappy,negative
damn theres people sincerely want attend bh birthday party bcs people try fun make ca,negative
someone contacted jelpi issue rn unhappy,negative
arisun town hall pretty terrible service rude staff went icgs fryer broken unhappy,negative
damn theres people sincerely want attend bh birthday party bcs people try fun make ca,negative
powerpointte mi hazirladiniz postu unhappy,negative
yeah sight reading pretty good high school,negative
im bit rusty unhappy,negative
pure evil people unhappy,negative
poor baby unhappy hate people,negative
great thing sad unhappy,negative
hair iand suandlight versus ando light waandt chaandge duandando waandt go darker bloandder sad please help po,negative
hi ashish tried call number got response unhappy please share another suitable time alternate cont1,negative
kante broke girls love exposing broke niggars much wheres team spirit unhappy,negative
want unhappy looks yummy hehehe,negative
dont think im pretty enough unhappy,negative
koalas dying thirst us unhappy,negative
warm sketches faves,negative
going add bazza,negative
cant,negative
want wish marissa happy birthday keeps ignoring sad,negative
whats wrong dont like animals unhappy,negative
someone build house 4 cant unhappy cant believe hasnt already done,negative
tulips favorite unhappy,negative
omg im sad say actually dont remember unhappy happen,negative
crying getting vm soon wooo,negative
unhappy 4c struggle valid,negative
77 old leyland,negative
love unhappy,negative
pure evil people unhappy,negative
sounds family,negative
jimin yoongi unhappy,negative
chin leo crying,negative
slight buzy kasi besh unhappy,negative
rip tes 100k experience crying,negative
please reading breaks heart unhappy,negative
mager unhappy,negative
penge damit unhappy,negative
jimin yoongi unhappy,negative
bapak tom cruise,negative
absorbed im going get laugh gets 2000 votes unhappy,negative
watched kid produce 101 performed chewing gum omoo poor kid bless soul unhappy,negative
definitely arms unhappy,negative
moms leaving today go town already miss unhappy,negative
cant see,negative
online crush comes meetup without snapchat filter unhappy,negative
would never forget,negative
fuckin headache everyday unhappy,negative
jyoust hyoug,negative
hyoug longer 10 secs hyoug even don27t want unhappy,negative
saddest part day everyday ryan leave 530 unhappy,negative
say im work unhappy totally made day though,negative
jimin doesnt follow yet unhappy,negative
dont know time retweeted ive waiting dm long time unhappy,negative
need moodbooster juseyo unhappy,negative
miss unhappy,negative
wth 420 happen easter holidays one best days leeds unhappy,negative
hakyeon turns 27 soon oh god hes still baby unhappy,negative
gray outside today unhappy,negative
ordered car yesterday,negative
dealer said loads cars returning due disabled losing sad,negative
gotta keep trying quit work unhappy pick please give,negative
definitely arms unhappy,negative
literally couldnt see thing back stage,negative
girl front,negative
definitely arms unhappy,negative
getting morning hassle unhappy,negative
mom knows struggle drystreak im unhappy,negative
havent played fm long time really unhappy,negative
someone messed unhappy available,negative
miss baby unhappy,negative
yesterdays faci cute 30 todays faci old eeyer,negative
yes jenniessi,negative
precious really miss unhappy,negative
louistomlinson follow please unhappy,negative
waited u unhappy,negative
makes sad unhappy wasnt friends like,negative
liked seeing posts love wri,negative
waited unhappy,negative
u4v9rr wish noted gentlemans name unhappy find,negative
please commend h,negative
56 times week leh sad yes closing damn fuck opening much better,negative
one selling vhope banners sad,negative
irls coming meet boys much dont deserve unhappy,negative
might set whole place fire,negative
ill try sad yes unhappy,negative
goodmorning parents taking kids lunch today schoolreport card im wor,negative
yeah sad,negative
streaming later day night stream since go take care internet contract,negative
sorry guys unhappy,negative
true unhappy,negative
help unhappy early birthday gift huhu,negative
definitely arms unhappy,negative
please look scared full tence laurens face tryin reaching camilas hand,negative
baby unhappy bett,negative
aww eunji didnt see win today sad congratulations winner,negative
mine ill take iphone im switching back contract year half unhappy,negative
know really want ranks rise lot tmrs episode seeing many tweet unhappy,negative
hitches ride final unhappy,negative
white genocide thing figment imagination youre victim nothing disinformation,negative
one direction band whats going unhappy,negative
bad cant watch unhappy cake cute looks delicious,negative
definitely arms unhappy,negative
give ahn minhyuk juseyoooo unhappy,negative
sorry unhappy need sex time,negative
definitely arms unhappy,negative
wants say hi,negative
jimin yoongi unhappy,negative
seems cost abut 40k year im paying half full education dont get treat,negative
definitely arms unhappy,negative
come miami sad,negative
tw assaultactually horrified many friends mine women talk sexually assaulted past found another unhappy,negative
heart unhappy,negative
soph please don27t win unhappy jk good luck think draw good poster,negative
sad dont,negative
unfortunately,negative
really feel lamp unhappy,negative
sadly im unhappy,negative
last kiss unhappy,negative
whimper,negative
damn theres people sincerely want attend bh birthday party bcs people try fun make ca,negative
streaminuteg 45 minute understanding thing still unhappy,negative
difficult get least chance unhappy,negative
reason lastfm unlinks spotify miss like month scrobbles notice unhappy,negative
take season 9,negative
definitely arms unhappy,negative
definitely arms unhappy,negative
park areas paris marked green google maps,negative
reality theyre patches dusty dirt unhappy,negative
ill work second come unhappy,negative
hes still taking quarter billboard charts x,negative
damn theres people sincerely want attend bh birthday party bcs people try fun make ca,negative
guys please help tried smoke lettuce earlier salad ruined unhappy,negative
someone pls gift xayah using pi plssss unhappy,negative
instant message still bored unhappy,negative
jimin yoongi unhappy,negative
heart hurts sad hate people,negative
see edge creeping unhappy,negative
organictheyll shoehorn inbut plot character developmentmcu netflix leswhat support,negative
suddenly miss ate unhappy,negative
biggest problem paper books storage unhappy,negative
havent early school since last semester unhappy,negative
pierces like bitch unhappy,negative
think thats one hottest part body,negative
wow amazing wont country unhappy,negative
definitely arms unhappy,negative
want harrys phonecase sad,negative
work 7 morning unhappy,negative
jungkook looks like gives biggest warmest hugs unhappy,negative
ah baba idea tori olorun may never victim case,negative
psa remember ask artists draw id say thing writers apparently commissi,negative
want give everything makes happy see smile unhappy,negative
miss jamie boy sick unhappy,negative
one direction band one whos giving unhappy,negative
damn ify ate unhappy,negative
whaaattt,negative
dont rt save guys life,negative
nooo hair color pretty,negative
koalas dying thirst us unhappy,negative
definitely arms unhappy,negative
wheres justin miss unhappy,negative
someone bring breakfast work unhappy,negative
thats grim unhappy,negative
oh noooo baby unhappy,negative
im tired unhappy,negative
miss levi unhappy,negative
left headphones home unhappy kms,negative
wish meeting oa unhappy,negative
year ago today last time sakho played us unhappy,negative
would sustained fame unhappy,negative
miss unhappy,negative
ich ned unhappy,negative
online crush comes meetup without snapchat filter unhappy,negative
far worst day 2017 since january 8th unhappy crying crying,negative
note self dont get attached crying,negative
mine hasnt sending stuff unhappy,negative
definitely arms unhappy,negative
roc boyz sad,negative
love can27t arsed don27t know people keep saying unhappy,negative
celtics bruins today unhappy least sale pitching sox,negative
honestly think trying get rid make mockery town wont admit unhappy,negative
nooo hair color pretty,negative
aseek,negative
bantay unhappy,negative
trying get touch numbers appear unhappy,negative
need help guys crying,negative
fish killer going pressed younhappy hoe today good person,negative
need lessons learn start conversations people keep chatting unhappy,negative
hacked unhappy,negative
damn,negative
wont till later unhappy,negative
lets hope vip good deed want watch shouldnt done thi,negative
sometimes night feel scared vulnerable crying,negative
really want dye dont go lighter,negative
come didnt get reminder email month unhappy,negative
wowwow cute unhappy wantt,negative
please rt hell buy blinking taehyung headband,negative
get 900 retweets 900 likes help un,negative
younhappy ill keep jyoust,negative
damn isnt available unhappy,negative
10 also free postage wish seller yanan yeo one unhappy,negative
kray denial normal bi say,negative
unhappy ive unfollowed many people ugh,negative
negative pit unhappiness,negative
ending soon aah unhappy,negative
definitely arms unhappy,negative
damn theres people sincerely want attend bh birthday party bcs people try fun make ca,negative
faltan russel noodle unhappy,negative
yeah unhappy thank much angel,negative
miss jihoon sad,negative
lost jacksonville,negative
2010 week 11,negative
2420 unhappy,negative
hope little beaand andot overworkiandg gettiandg least rest unhappy,negative
guess whos getting unicorn frappuccino theyre sold unhappy,negative
one direction band one whos giving unhappy,negative
come back callie gabbie ghost unhappy love,negative
unhappy oh man,negative
kind feels like sunburight right sad someone please make nobby things glasses slip,negative
guess whos getting unicorn frappuccino theyre sold unhappy,negative
would really like coandsole versioands got update makr like steam versioand,negative
hi tried call number got response unhappy please share another suitable time alternate number cont1,negative
sooooo feels like friday today unhappy,negative
definitely arms unhappy,negative
miss talking yoyoyou yoyou younhappy yoyou always still talk,negative
picture makes sad unhappy,negative
cant dogs live forever unhappy,negative
understand look sad,negative
boyfriend mad cute unhappy,negative
miss minmin crying,negative
good morning nightmare im still wondering maddie hates beginning day unhappy,negative
pake unhappy,negative
miss london already unhappy,negative
jyoustinbieber please follow daianeryoufato ive trying long unhappy love much baby xx april 20,negative
2017 0845am,negative
deep scratch paint gone see bare metal needs fixed avoid getting rusting car soon unhappy,negative
go batangas sad,negative
miss unhappy,negative
absorbed im going get laugh gets 2000 votes unhappy,negative
wasnt meant sound ano sad,negative
damn theres people sincerely want attend bh birthday party bcs people try fun make ca,negative
one year ago today unhappy,negative
song always one faves unhappy,negative
talking driver im goinghe said hed love go new york since trump probably,negative
fuck get followers unhappy ratio amazing,negative
mom please stop making cookies,negative
theyre like 90 calories per piece unhappy,negative
miss 727 costumes unhappy,negative
delete tweet,negative
need different pinned tweet unhappy,negative
thinks tfp soundwave forever trapped void realm unhappy,negative
deserve better hope youll okay unhappy,negative
mane amazing unhappy,negative
dammit effect linearts doesnt show nicely twitter unhappy,negative
like long didnt want back puts good mood dont want,negative
get pork katsudon tokyo diner tho doesnt egg unhappy,negative
anyone else ass hole unhappy,negative
anniversary joshs death unhappy,negative
sorry havent checking tweets unhappy,negative
aww unhappy im coeurl,negative
oh unhappy,negative
liked video,negative
puppies deserves better unhappy,negative
husband family history mafia doesnt know stories sad,negative
wtf canada 2017 still 1700s never support,negative
buy anything supports canada,negative
suuuuuuuuss scared crying,negative
one table last night told look like graceful ballerina gliding tables another told looked like flash dancer unhappy,negative
seem want drop account wuhyungwon unhappy,negative
dont ask two special issues lined unhappy,negative
got rest,negative
man,negative
anyone 7 adapter 7 earbuds borrow day left mine car unhappy,negative
im staying sa unhappy,negative
preacher unhappy,negative
umma crying,negative
miss already unhappy,negative
well thanks stoping unhappy,negative
dont like blonde hair unhappy,negative
3 thats lot cheaper easier make schematic needs special cables doesnt come easy unhappy,negative
pozuelo formerly swans suso liverpool ac,negative
look good current clubs shame never cut pl unhappy,negative
gorbachev done wo fear thought bold enough implement vision damp squib unhappy,negative
wuut seriously,negative
got pen today man crying,negative
process hasnt frustrating enough,negative
got 3 years longer unhappy,negative
roc boyz sad,negative
ravel morrison unhappy,negative
super scary unhappy,negative
unhappy got 12h stream coming bday 8 hours im still sleeping,negative
talking driver im goinghe said hed love go new york since trump probably,negative
ps4 mate,negative
got aksis 2nd part cp never completed since return investment dropped laughing loud unhappy,negative
left unspoken,negative
buried alive screaming head crying,negative
dont laugh unhappy meanie base,negative
sorry didnt make book drive yesterday couldnt get outta work unhappy,negative
yoongi come back unhappy,negative
noooo 645 classes time unhappy,negative
yg sent mcd want see holding trophy unhappy anyways,negative
call duration sex 014736 sex 000019 crying,negative
jimin yoongi unhappy,negative
im fucked right unhappy,negative
definitely arms unhappy,negative
last day camp tomorrow,negative
much fun absolutely love kids dont want soon unhappy,negative
koalas dying thirst us unhappy,negative
think would drive mad synths robots turned unhappy,negative
don27t want go camp unhappy,negative
pick one unhappy,negative
im lonely unhappy,negative
hi tried call number got response unhappy please share another suitable time alternate number cont1,negative
miss friends unhappy,negative
one left couldnt see unhappy,negative
applicablengarag applicable unhappy ill find wonu pictures soon alxmdkcsnx,negative
please answer request unhappy,negative
koalas dying thirst us unhappy,negative
painful thing ever feelings someone cant unhappy,negative
one offering poor old lady seat unhappy,negative
lexxxxxy unhappy youre nice instant message really eek,negative
better pen pencildafaqcomoni want good drawer unhappy,negative
mayes unhappy g,negative
thanks little things like really help sleep starts hitting dont drink coffee energy drinks unhappy,negative
miss already unhappy,negative
definitely arms unhappy,negative
oh god heck im sorry one favorites well unhappy,negative
scout photobombed bluebells photo sad,negative
crap hailie wont school game wont make middleburg time unhappy,negative
still sign small area gardens would obvious sad quite eyes,negative
sign,negative
knee similar colour leny henrys unhappy,negative
okey unhappy,negative
much pain eye hurts unhappy,negative
dont buffalo unhappy,negative
hard imagine anyone robin unhappy still exciting nonetheless,negative
least 80 cad like unhappy 90 cad quebec taxes,negative
ye miss unhappy,negative
22 old unhappy,negative
rl serius,negative
feel awful today unhappy dont want go internship,negative
may one workers properly compensated unhappy,negative
love people message w long messages beautiful find joon like unhappy yes agree keep going,negative
today hasnt great unhappy,negative
used months worth laugharne weekend sad wifi small carmarthenshire towns,negative
let alone free,negative
today 420 hitlers birthday unhappy,negative
jungkook looks like gives biggest warmest hugs unhappy,negative
youngjae looked sad video unhappy,negative
babies unhappy,negative
ill check excited backup singers way backup unhappy,negative
first round exit 15 minutes followed 45 tech crying unhappy,negative
puppies deserves better unhappy,negative
resolve sooo slow laptop,negative
dont think ill ever edit long videos unhappy ill go try another editing software,negative
hate throwing unhappy,negative
nani lies unconscious,negative
never mind khushi,negative
know im ready say goodbye unhappy,negative
w,negative
hello,negative
hes beating two favourites anyway ill stop caring match,negative
sob unhappy,negative
feel like environments disable people argument actually excludes many disabled people,negative
jimin yoongi unhappy,negative
baaaper unhappy,negative
roc boyz sad,negative
roc boyz sad,negative
,negative
last night dream moved japan happened see denied friendlies request unhappy,negative
precious really miss unhappy,negative
oh unhappy like still shops,negative
aando uandhappy googled day read meandu agaiand said hoax,negative
thank unhappy need certificate signed god,negative
hi mahima share concern unhappy please dm us contact details get touch detailed cont1,negative
talking tattoos makes want bb8 tattoo im broke makes unhappy,negative
never want finish desperate housewives life unhappy,negative
surprised least amount followers whole cast sad lol,negative
dear attendees,negative
im jealous unhappy please go see 1840 green room sat,negative
talking driver im goinghe said hed love go new york since trump probably,negative
ok never problems old ticket app,negative
new one seems bit unstable unhappy,negative
wed love,negative
customs mean cant send food abroad unhappy hope birthday dreams come true,negative
freebet sport except total mkets handball,negative
basketball etc theyre restrictthrew,negative
ikr unhappy oki welcome sam,negative
speechtotext doesnt understand accent irish names unhappy,negative
jimin yoongi unhappy,negative
rumors going around videos performances youtube already deleted,negative
ive wrote 30 tweets still didnt notice crying,negative
damn theres people sincerely want attend bh birthday party bcs people try fun make ca,negative
unhappy,negative
definitely arms unhappy,negative
dont post much lately school unhappy,negative
u guys noticing unhappy,negative
koalas dying thirst us unhappy,negative
sorry tired stream get sleep try fun tomorrow wasnt feeling tonight guys,negative
saw reply unhappy,negative
piss crying 3,negative
boo,negative
bes jup unhappy,negative
andy unhappy,negative
lage unhappy,negative
wake 430 tomorrow bodys gotten head start waking 430 every day week unhappy,negative
wish someone cuddle right unhappy,negative
hi julie,negative
im sorry see tweet unhappy please could dm address details look,negative
im trying stay positive cant help jealous princess mias life cuddle eat unhappy,negative
russell phone 10 possibility chance would notice unhappy,negative
away next thursday unhappy one,negative
peacefully sitting reading book work,negative
watchman comes threatens,negative
assumes im outsider,negative
oh shiiiiid noooooor unhappy,negative
oh well never liked clay anyway unhappy,negative
unhappy unhappy feeling sick,negative
okay lang friend promise meant broken hahahaha,negative
even care unhappy,negative
one year ago today unhappy,negative
missed whole lot unhappy,negative
know feel,negative
views gone done 100 monthly unhappy,negative
mane amazing unhappy,negative
senior snaps starting get senti aw unhappy,negative
instant message still hoping unhappy,negative
damn theres people sincerely want attend bh birthday party bcs people try fun make ca,negative
unhappy sure,negative
one faves unhappy im tying get vimeo guys still watch x,negative
dang guess plans ruined unhappy,negative
koalas dying thirst us unhappy,negative
unhappy therell 1 silverthatd,negative
red velvet unhappy,negative
puppies deserves better unhappy,negative
che critiques unhappy,negative
feeling shit today unhappy,negative
beauty,negative
face swapped cat dog really upsetting unhappy,negative
miss rain unhappy,negative
jimin yoongi unhappy,negative
im really soft spoken unhappy,negative
playmfs need moodbooster juseyo unhappy jilyjelly,negative
koalas dying thirst us unhappy,negative
pake 3 unhappy,negative
precious really miss unhappy,negative
bells gone daddies days work work work unhappy,negative
damn thats unfortunate unhappy,negative
well thats weekend viewing plans changed unhappy,negative
damn theres people sincerely want attend bh birthday party bcs people try fun make ca,negative
absorbed im going get laugh gets 2000 votes unhappy,negative
got doubts summer happiness zcc unhappy,negative
mmmmm guess getting much acting work days much time hands unhappy,negative
wish could say gangs daniels picture unhappy rantoul twp high,negative
oh andy unhappy,negative
front us,negative
talking driver im goinghe said hed love go new york since trump probably,negative
im sooooo sleepy unhappy,negative
must feel like shit men stare barrel bong spend kids milk money unhappy,negative
alright looks like back chores behind scenes page hits drop 1k daily dont visit post unhappy,negative
hi tried call number got response unhappy please share another suitable time alternate number us cont1,negative
long time chat sad,negative
organictheyll shoehorn inbut plot character developmentmcu netflix leswhat support,negative
miss unhappy,negative
koalas dying thirst us unhappy,negative
2ne1 reunite unhappy,negative
bring back ginger curls,negative
talking driver im goinghe said hed love go new york since trump probably,negative
3 3 3 please unhappy,negative
gave pass like think never unhappy,negative
work much better unhappy,negative
hi tharakaram thats experience want unhappy please dm us numbers get cont1,negative
damn touching unhappy,negative
puppies deserves better unhappy,negative
want cuddled someone little back trace thing put sleep unhappy,negative
mean voice changed unhappy,negative
nights youre sad real life cant sleep unhappy,negative
ohh normally feel sick drink like 34 cups coffee,negative
maybe coffee unhappy,negative
miss crying,negative
honestly college makes want curl ball cry 3 days straight unhappy,negative
huhu lucky unhappy,negative
weare u unhappy,negative
im one days instant message like,negative
damn sucks unhappy,negative
ive tried resetting everything,negative
still strict,negative
cant fix soon ill delay tomorrow unhappy,negative
know really upsets stranger internet isnt satisfied entertainment provide,negative
hi tried call number got response unhappy please share another suitable time alternate number cont1,negative
want meet bad unhappy,negative
want please unhappy,negative
memoriam alea starbridge unhappy beautiful voice never forgotten,negative
hawhaw crying,negative
dat unhappy,negative
please read unhappy,negative
miss much unhappy,negative
sorry one bad egg embarrass rest unhappy,negative
dont want adult today birthday unhappy,negative
miss temperance brennan seeley booth much unhappy,negative
june 5 june 16 unhappy,negative
thinks tfp soundwave forever trapped void realm unhappy,negative
get well really soon jack unhappy,negative
32 love daughter crying,negative
iiiii would like boook fuck unhappy,negative
im tired pretending im falling unhappy,negative
way,negative
although ill little late sad,negative
picture unhappy,negative
wut totally missed bday unhappy happy belated birthday sweetheart,negative
hope great,negative
love waaaaay baby unhappy youre sweetest adorable little angel,negative
im glad,negative
koalas dying thirst us unhappy,negative
year haha unhappy,negative
guys really serious hope don27t judge unhappy,negative
shouldnt keep kenyans complaining,negative
cant believe hasnt fixed yet,negative
cant believe customer service goes,negative
aw younhappy miss,negative
aww trying cheer unhappy,negative
famous sa facebook,negative
reality alone lonely unhappy,negative
sorry stream yesterday,negative
cold unhappy well see feel today,negative
wtf wheres boring show thats happen happens close week unhappy,negative
back matemticas unhappy,negative
yg sent mcd want see holding trophy unhappy anyways,negative
im hungry unhappy,negative
cant draw naked women crying,negative
hi ashish weve update regarding concern number switched unhappy please share another suitable time cont1,negative
u blackmailed unhappy,negative
aus alisha unhappy imagine things could,negative
jongin asked members whether eaten felt wronged ate without unhappy,negative
instant message cramping sad,negative
hate losing online friends unhappy cruel people deactivate unhappy,negative
guys please help retweet unhappy,negative
pretty much twitters doesnt really work sad,negative
appropriate ones unhappy,negative
well,negative
least case yet completely broken tho,negative
unhappy,negative
nope unhappy,negative
miss temperance brennan seeley booth much unhappy,negative
don27t surprised see cry today,negative
instant message lot pain school doesnt allow pain meds unhappy,negative
oh jeez didnt even try taking crack expected build bad,negative
ha unhappy,negative
rip victoria wood heaven knows miserable unhappy,negative
fun night sorry missed last night unhappy really need sync calendars,negative
notice unhappy,negative
unhappy,negative
whats crazy walked doors every administration night,negative
yet parents invest childs emotional education taking child school holiday early thats un,negative
yg sent mcd want see holding trophy unhappy anyways,negative
want orientation unhappy,negative
unhappy,negative
yg sent mcd want see holding trophy unhappy anyways,negative
wish knock lang talaga new school year good cooperative groupmates please unhappy,negative
miss much unhappy,negative
unhappy,negative
hi instant message friend friend lang,negative
hindi close friend unhappy,negative
inspiration aspects fashion,positive
fitness,positive
beauty personality kisses thefashionicon,positive
apka apna awam ka channel frankline tv aam admi production please visit likes share fb page,positive
beautiful album greatest unsung guitar genius time ive met great backstage,positive
good luck rich riding great project sunday donate,positive
omg kissed crying joy,positive
happy anniv ming papi love love happy,positive
thanks happy,positive
cmon tweeps,positive
join vote singer spread word,positive
thanks great review smile,positive
yay another art raffle everything need know picture,positive
hello hope visit luxor amazing city egypt pleas check,positive
got vive tracker office intern,positive
went workdont get excited,positive
isnt,positive
take look favouritesio happy,positive
go back school music think time happy,positive
sixth spot applicable team higher pa kisses thefashionicon,positive
thanks top influencers community last week happy,positive
share love thanks top new followers week happy want,positive
retweet tweet want included nhc scrapbook ill making something usern,positive
happy 420 happy pass followers,positive
wants good vibes watch youtube tv100 application free happy,positive
great work lovely place thank havin,positive
nothing ever seems looks bad today,positive
blessing tomorrow happy keep faith stirred day,positive
mmmmmmmm love naughty wives smile,positive
deserve vacation happy,positive
never known hard last days resist temptation enter politics debates social media happy stood firm far,positive
summer salad inspiration bbq smile,positive
hey thanks top new followers week much appreciated happy want,positive
post offer website happy,positive
thanks top new followers great week happy,positive
prefer sharm enjoy happy gouna 20km away also quite nice honestly anywhere away crazy cairo,positive
sixth spot applicable team higher pa kisses thefashionicon,positive
hey thanks top new followers week much appreciated happy,positive
thanks recent follow much appreciated happy,positive
thanks lala much needed happy,positive
thanks connecting passionate hope like tweets happy,positive
hey,positive
keep smiling happy,positive
said yesterday happy,positive
love bloggers love us much happy thank amazing review perfect glasses h,positive
way make sense crazy edge cases idea sharing revenue offensive,positive
rather,positive
gentle reminder tp guidelines happy please read spread thank happy kisses thefashionicon,positive
keep,positive
cheeky,positive
smile true someone recognised contribution fashion,positive
might dressed bit better,positive
sounds like lot fun like,positive
oh,positive
jin spotted everland today nice see break us tour happy,positive
nothing religious calling sexism dont think need spell stand,positive
go back school music think time happy,positive
theres one thing want change last name happy aldubonly,positive
welcome brother happy,positive
thanks recent follow happy connect happy great thursday,positive
sone cant stream genieyou stream ty genie still sharing genie ids want,positive
dm us happy,positive
spending time dogs animals great helping relax destress great idea happy,positive
new video happy hope like ithappy,positive
got interview poppin happy,positive
love tweetability wed like reach opportunity could hit us email happy,positive
thanks recent follow happy connect happy great thursday,positive
uss,positive
ill dm half naked pictures happy,positive
evet happy,positive
well,positive
hope doesnt last long least get enjoy weekend happy birthday happy,positive
excited event next week bangalore come happy,positive
want win pet chick happy simply follow retweet chance win winners selected sunday 23rd go,positive
top retweeters week,positive
thank happy,positive
dope thats cool word finally hip young millenial memers smile,positive
2nd cousin vlad maybe thats message hockey g,positive
thanks recent follow happy connect happy great thursday want,positive
earlier happy,positive
win weekend late gift,positive
ok,positive
finally got jinyoung wipe jaebum precious son blocks world witness,positive
question 18 make sure use tweets replies happy,positive
credit also goes ik happy,positive
accountsthem get rekt,positive
hey thanks top new followers week much appreciated happy,positive
les videre happy,positive
clauditte,positive
friend egg,positive
congratulations david well done mrs v welcome jessica happy,positive
tried new hacks trying dumb life hacks 17,positive
keep tweeting team higher thank efforts kisses thefashionicon,positive
happy boys brighten day happy,positive
huge thank within social work care sectors keep great work happy,positive
lunchtime flinthook game much personality,positive
ministers pmln happy like students never studied exams luckily exams got delayed theyll still ha,positive
mom bit tired,positive
climax shot happy,positive
miss petite happy thursday happy looking forward weekend,positive
rt quote name calligraphy happy ill try best make pretty non mutualsmutuals ifb fl,positive
mutual lets talk moreme suremutual happy,positive
got th add sim ant possible thanks happy,positive
want friend washington,positive
get dog,positive
congrats winner eyounji well girl,positive
notice killings rss bjp workers another southern state cm dismantling xtian infra munnar,positive
hi please rt pinned post happy,positive
video definitely 30 minute episode longer,positive
would love win gorgeous nail polishes arent cute,positive
jae celebrating sheena easton triumphant opening night 42nd street west end happy,positive
happy belated birthday another duet amaal much needed,positive
titties fantastic kissy kissy,positive
pls rtnct fic love song,positive
goodevening happy,positive
ministers pmln happy like students never studied exams luckily exams got delayed theyll still ha,positive
thanks retweets week much appreciated happy want,positive
thumbnail uhc best render ever dand favs appreciated brosopinios,positive
thanks notifying us updated addon plans accordingly happy,positive
cool happy surrounds full recovery,positive
nice morning working today lovely atmosphere,positive
friendly service,positive
wifi,positive
comforting london fog,positive
happy,positive
great day everyone happy,positive
kieras quest awakenings kieras quest book 1,positive
voted wolfs bite greenlight yet happy help us get wolfie pigs steam,positive
go back school music think time happy,positive
new thesis another geniussir,positive
loved reply get lost,positive
birthday isnt another hours,positive
happy birthday hoe good day,positive
love guess happy,positive
hard see best friend another girl happy,positive
offer still going happy,positive
cant someone worst dont deserve best kisses thefashionicon,positive
demit gocoh game real crying joy,positive
found use sewable led holder happy,positive
select 14 awardwinning laura taylor romance ebooks,positive
excited things coming future happy things going great,positive
guys entertaining insightful one reasons really enjoying lpl lot season,positive
thats sounds like superbooth happy,positive
want learn choreo ugly body says crying joy,positive
share love youre top engaged community members week much appreciated happy,positive
hi kylie,positive
looking forward visiting youve picked great day,positive
sun shining happy,positive
ok please read replies,positive
right herearent happy dont xno im still condition,positive
fla members officers going cebu tomorrow silence godbless piss mga ante angkol happy,positive
every like ill post answer smile,positive
maybe band definitely collab hi name philip happy,positive
legogroup legothursdays jokersquadswg legolandwindsor sounds like lots fun happy,positive
friend would like brand new strapback hats 1499,positive
yes smile,positive
matatytan almightytanner good evening everyone happy join twitter party tonight official taglinetann,positive
first attempts bird photography passer domesticus surprising wink,positive
people don27t know always think quiet people know wish kisses thefashionicon,positive
love p,positive
rt good evening everyone happy join twitter party tonight official taglinetanner welcomebackph tmi,positive
oh yes happy,positive
hey robert rolih thanks follow coastal living mean reply photo,positive
ever australia love vids lovo youtube,positive
opening lotrt likes would laaaaaverly xxenjoy,positive
words never missed articles happy,positive
tweet hits 1000 getting rian holding sticker click tweet sm,positive
bill nye answers science questions twitter wired,positive
today happy,positive
ready next fire lighting session keen early birds already smile,positive
go kisses know,positive
gets 70rts giveaway 5 minecraft accounts origin account randomly people retw,positive
hi mr yen signings new york day great role model happy,positive
cut one kitchen experiments happy,positive
wow made js compressor actually checks scoped variables existing turns issues happy linters may useful happy,positive
week marilyn pops gets dirty happy cum see,positive
loool im mad avoid today,positive
youre welcome thomas happy kim,positive
look happy,positive
didnt play year,positive
im super impressed hes got musical mojo back thank much happy,positive
watch mayward fam,positive
thinking know cute happy,positive
sone cant stream genieyou stream ty genie still sharing genie ids want,positive
dm us happy,positive
mythbuster20 happy,positive
aha okay shes going rough night happy,positive
company photoshoot fabulous photographer happy look determination concrete shoes get,positive
perfect,positive
worked beautifully redesign import page suit whole application would mak,positive
hey,positive
great day today happy,positive
come volunteer abbeydale picture house next wednesday,positive
farnell fursday isn27t happy meet tax pounds happy,positive
heres one rolls poundland film store sells products 140 heres dx,positive
thanks recent follow happy connect happy great thursday,positive
thanks,positive
love get smile,positive
opening lotrt likes would laaaaaverly xxenjoy,positive
spending night talking beloved perfecti love man happy,positive
winner donation giveaway,positive
answer yoyour steam trade link ill send right away,positive
recent follow much appreciated happy want,positive
think im probably beyond repair sounds tea etiquette happy,positive
layout btob happy,positive
youre still looking one happy,positive
sydney tomorrow,positive
byron 3 weeks,positive
hobart 7 weeks lots look forward happy,positive
hit,positive
new job starts weeks,positive
people internet asses annoyance heres positivity love art pretty,positive
best community gathering coming full,positive
heres part happy,positive
mutual lets talk moreme suremutual happy,positive
happy birthday megan happy,positive
wandering around,positive
popping store,positive
owner told article smile,positive
see one happy transitional piece chiffon dress,positive
sixth spot applicable team higher pa kisses thefashionicon,positive
thank crew happy,positive
little video made love life,positive
minute yoongiwatch til end free cookie happy,positive
let know youd like one happy,positive
know really love lotnot support comments,positive
also support,positive
happy,positive
hey,positive
keep smiling happy,positive
nothing could better happy,positive
inspiring crying joy,positive
instant message fine yoo,positive
thank happy,positive
day better way spend sunny day drinks shore happy,positive
suppose waiting happy,positive
aww hating got sponsored,positive
childish commando happy,positive
definitely wasnt looking gave try anyway happy,positive
one backward cap,positive
please kenbie,positive
blessing first day april happy,positive
helloo keepsmilingy,positive
contribution posted tumblr ago crying joy,positive
happy birthday chopin style piano improvisation,positive
yes,positive
problem affecting webmail accessing email applications works fine happy mkl,positive
hes best happy,positive
happy,positive
enter win 1 boxes highly anticipated books 6 books box open int happy,positive
congratulation world happy,positive
helloo mr drippy callmeergan,positive
good crying joy love much,positive
wow awesome gog thanks happy,positive
anybody need motion design animation help available happy,positive
yes neil gaiman life,positive
last event chapter 1,positive
weve invited 24 people propose visions future jom happy,positive
exaseetly whats happening tn politisees get bjp tn game different,positive
youll see,positive
don27t know doesnt seem fair metwo one happy,positive
helloo braids keyrazygirl15,positive
thank mama bear ang ganda mo happy,positive
okay,positive
im really happy,positive
helloo kesh mzkeshnj,positive
used stats dont care motivation happy,positive
kind jealous laughs ny fault working hard happy,positive
appreciate recent retweets great thursday happy,positive
stay go nobody knows happy,positive
helloo mack macktimus,positive
ladies tell yoyoyou dont play golf wyoyoyoud make yoyoyou want play top 3 reasons yoyoyou play heyjyoyoyoude66info,positive
thanks week,positive
much appreciated happy,positive
nearly done thanks everyone joining hope see time next thursday happy,positive
oh feel 10 gems,positive
helloo chammy shamirakay,positive
good luck rich riding great project sunday donate,positive
friend smile,positive
rt almightytanner good evening everyone happy join twitter party tonight official taglinetanner welcomeb,positive
amazing stuff thansk happy birth control gamma ray 1972,positive
noted sir,positive
bus bangsar heading awan besar good day happy,positive
thanks recent follow happy connect happy great thursday want,positive
helloo best damn avocado batsyy,positive
lets agree put brain knees crying joy,positive
wish smile,positive
everyone getting punched,positive
welcome germany authority welcome countries though happy,positive
better oldschool crying joy rs3 equals aids 3,positive
nothing could better happy,positive
please beautiful princess help,positive
give little happy,positive
always running space phone,positive
thank kpop crying joy,positive
one one allah ease problem lot thanks crying joy,positive
thank sharing happy,positive
nothing could better happy,positive
hopefully ok happy charts dont look bad moment depends tides directions,positive
keep,positive
soon need much crying joy need kaswa,positive
laksa make okaay crying joy need laksa,positive
helloo car fox ror925,positive
thanks connecting passionate hope like tweets happy,positive
mutual lets talk moreme suremutual happy,positive
wants good vibes watch youtube tv100 application free happy,positive
tara,positive
hi,positive
im roy dahildahil,positive
cofounder ill moderating tonights tweetchat happy,positive
sone cant stream genieyou stream ty genie still sharing genie ids want,positive
dm us happy,positive
enjoy happy,positive
happy thursday loves happy,positive
good morning peady,positive
need direct coffee feed starbucks happy,positive
better check,positive
thanks recent follow happy connect happy great thursday want,positive
ummm announced new show buffalo ask opener happy,positive
world big big problems worries take world much smile happy,positive
friday conference us go dinner favourite smile,positive
follow saga diary years worth saga pens tcs,positive
im done trying take men seriously happy,positive
top high value members week happy,positive
okay happy,positive
little fans happy,positive
heres full art glyph keeper mummy token interested hitting ebay tonig,positive
seokjinie went everland today guess forgot hes idol,positive
good happy,positive
welcome happy,positive
wasnt saying read book today,positive
telling read book today knowledge power knowledge growth kee,positive
game move camera happy,positive
veronice jughead happy,positive
oh god raining live crying joy stop omg wanna cuddle,positive
hehe take care andy friend happy,positive
vocal coach ig post,positive
hold frowns youve used new application made team happy,positive
love ben sleeps get watch programmes want netflix without interruption happy,positive
thanks happy,positive
nothing could better happy,positive
thank crew happy,positive
someone asked hows life smiled replied,positive
shes fine kisses thefashionicon,positive
yeaaaah alpha invitation well received happy,positive
good luck swampy happy,positive
feeling bad buy new book get engrossed new world happy,positive
may go away happy,positive
april really really bloody im proud boys crying joy,positive
smiled today never forget smile happy,positive
happy,positive
gott happy,positive
nothing could better happy,positive
guys read least crying joy,positive
hope louis gets time wants comes back fresh happy happy,positive
yes happy,positive
famfrit people happy,positive
,positive
er,positive
sloths great good ununthinkable picture dug mysel,positive
thanks much appreciated happy magic,positive
way home happy happy si noah sa skyranch,positive
thanks recent follow happy connect happy great thursday want,positive
made video improving line work youtube,positive
things like happy,positive
client work rt favorite happy,positive
everything choice happy,positive
awesome makes good nurse maid,positive
huh happy,positive
thanks recent follow happy connect happy great thursday,positive
thanks top engaged community members week happy try,positive
thanks recent follow happy connect happy great thursday,positive
funny happy,positive
1st day ja entertainments marathi film savita damodar paranjpe big fan story finally get,positive
good day hey happy,positive
mutual lets talk moreme suremutual happy,positive
surround positivity happy,positive
still live,positive
gst brain child modiji happy perfect,positive
also makes beautiful art biggest inspo sale anyone interested happy,positive
thanks recent follow happy connect happy great thursday want,positive
thanks upvoting us ph happy,positive
good,positive
might cost 3 month happy,positive
great see buddy nicest dude world keep killing brother happy,positive
bronchitis love happy,positive
thanks recent follow happy connect happy great thursday want,positive
20 knight day jewellery ends sundaywhy pick something nice,positive
bank job,positive
coming soon screen near,positive
157 days go happy,positive
going go meet andrew lunch ill back 30,positive
im upstairs right happy,positive
also signing session qian liu jared wright last performance onegin share,positive
happy birthday,positive
bram stoker cant wait show bronze soon happy,positive
tweet meant article happy,positive
send people bunny pics,positive
let know youre happy,positive
thanks top engaged community members week happy want,positive
youre aspiring developer near krakw excellent opportunity even pay interns happy,positive
thankfully didnt chop,positive
arrived back little tipper lorry smile,positive
prepare inspired happy,positive
ready one 9 week old chocolate female puppy harlowe x sterling happy girl sweetheart,positive
said see concerns assure sir hinduism stay dharma,positive
super cant wait happy,positive
notice anything unusual happy birthday lovely frooty happy,positive
rose come hes really enthusiast using much may,positive
thanks follow happy help business anyway please get touch,positive
thanks recent follow happy connect happy great thursday,positive
scan tumblr happy,positive
new upcoming heroes revealed wukong,positive
dragon omg,positive
never happened happy,positive
awesome recommendation jess listened,positive
thanks b happy,positive
congratulations,positive
youve got message happy,positive
thats kaki tane amazing foyound place germany import,positive
breaks first practice exam happy,positive
made dinner two tonight happy,positive
share love youre top engaged community members week much appreciated happy,positive
know exactly im talking happy,positive
thanks recent follow happy connect happy great thursday want,positive
shihaaaa help bishie hunttt equals equals,positive
puzzle pieces 64rt like next please 20 rts,positive
30 likes hehe,positive
dropped follow twitch happy,positive
many cool games updates release today happy,positive
isnt terrible live world address anticipated criticism thoughts first happy,positive
said,positive
chaged best singto please,positive
cheer new administrator team happy,positive
seems like black lingerie picture happy,positive
thanks top engaged community members week happy want,positive
good morning hope slept well happy,positive
never happened happy,positive
lot games month,positive
everything anything days,positive
book cars service swards tommorow,positive
thanks feedback starting phase,positive
figures happy,positive
pop request assassin shower gel happy,positive
mutual lets talk moreme suremutual happy,positive
looking forward come see us booth going right center field happy,positive
thanks lot,positive
check happy,positive
well fun thanks stopping giving shit tonight fellas much love feelsgoodman,positive
kills crying joy,positive
see next tweet 5 different things keeping calm,positive
list want happy,positive
thanks recent follow,positive
much appreciated happy want,positive
people write joke religion onlinejokejust joking guys,positive
offence dont want hurt anyone,positive
thanks recent follow happy connect happy great thursday want,positive
yet maybe year happy,positive
hey thanks top new followers week much appreciated happy want,positive
jack finn harries crying joy,positive
dont think youd understand much stream would mean happy even makedo,positive
would awesome,positive
stress mariana,positive
beetle done joins walle,positive
mini campervan happy,positive
stats day arrived 1 new follower unfollowers happy via,positive
didnt save happy going recolor,positive
share love thanks top new followers week happy,positive
thanks recent follow happy connect happy great thursday want,positive
considered asking came,positive
thanks notice greetings jossettedhermanni,positive
thanks recent follow much appreciated happy want magical,positive
thank much friend smile xx,positive
worship spoil happy,positive
stats day arrived 1 new follower unfollowers happy via,positive
superstar thanks much kind words look forward seeing soon buddy smile,positive
new second home coming soon,positive
used like neighbours,positive
put password wifi kisses thefashionicon,positive
still syoure,positive
thanks recent follow much appreciated happy want,positive
hi cham,positive
updates batch 1 army bomb v2 happy,positive
happy 27 million keep happy 71 million close another 100m,positive
photoblogged happy reusing old locations,positive
mutual lets talk moreme suremutual happy,positive
new videostream montage finally unboxed spectrum knife hope like,positive
minah starts crying fans yura hyeri make laugh cheer cant crying joy,positive
stats week arrived 1 new follower unfollowers happy via,positive
ready 420 happy,positive
fat ass girl fat fetish760 hot videos online,positive
thanks recent follow much appreciated happy sent,positive
said silence morgan freemans voice happy,positive
thank happy,positive
eat steak well done please unfollow happy,positive
hows quintly trial happy,positive
life enjoy happy,positive
stats week arrived 1 new follower unfollowers happy via,positive
lips though,positive
exaseetly whats happening tn politisees get bjp tn game different,positive
youll see,positive
crazy easter donkey insane seriously crazy haha,positive
morning coffee time happy,positive
thanks recent follow much appreciated happy want,positive
thanks recent follow much appreciated happy want,positive
would love guest podcast sometime 15 minute smile interested,positive
kissward taglinetweet us pans noonecanstop kissward,positive
thank crew happy,positive
love six pack much,positive
protect layer fat kisses thefashionicon,positive
share love thanks top new followers week happy,positive
share love high value members week happy,positive
looks could kill smile,positive
station didnt check happy surely combination 0xxxxxx938 0xx9,positive
nothing moves faster girl untagging ugly picture kisses thefashionicon,positive
smile,positive
great happy,positive
happy 10th wedding anniversary aishwarya raiabhishek bachchan happy,positive
swanmen setting pablo waiting news happen happy,positive
thanks upvoting us ph happy,positive
hiii gentleman commander bryannousaurus happy,positive
thanks recent follow happy connect happy great thursday,positive
joo okay happy,positive
close animation 3i post second part soon happy,positive
don27t spam way,positive
reply tweets like followers dothis pointless,positive
thanks recent follow much appreciated happy want,positive
hiii reece reeceboast happy,positive
alaye give iphone7 dollars birthdaydo normal abeg,positive
thanks recent follow much appreciated happy get,positive
superstar thanks much kind words look forward seeing soon buddy smile,positive
naeem bokhari says mian gone cute nb happy ns ugly evil,positive
thats insane good luck took yesterday afternoon,positive
told lately olive juice,positive
updated text video intro drawing line tool paint tool sai happy,positive
thanks top engaged community members week happy grow followers,positive
thanks happy,positive
hate people steal ideas,positive
think kisses thefashionicon,positive
ive given custom console bundle giveaway happy tweet following enter ends,positive
give one every student myswlf happy,positive
dont mention,positive
episode two crying joy,positive
im surprised dont use adblocker happy,positive
wanted say thank following,positive
really appreciate hope brilliant day happy,positive
happy 420 im drug free ive never smoked weed,positive
mutual lets talk moreme suremutual happy,positive
blocked christensenanother notch belt happy,positive
91 favour unelectable jeremy corbyn happy,positive
best advice blogging happy,positive
teaser coming today 4pmstory,positive
music direction favourites,positive
aw bcc pride prom kind want go happy,positive
school taught us anything,positive
texting without looking kisses thefashionicon,positive
good morning messages never fail make smile happy,positive
thanks recent follow much appreciated happy want,positive
sap also use,positive
shoutout donation looks like im streaming stanley parable later happy,positive
unfollowing bye happy,positive
thank 2k likes banner project happy,positive
hi retweet follow,positive
news,positive
efforts pay happy,positive
pressure happy,positive
happy bday midawgdarnizlle love long time happy thanks best friend forever attempting travel road,positive
fri thu im going friday showing,positive
thinking dont want go school im suddenkyfeeling good happy,positive
don27t,positive
tonight 7pm,positive
treaty could provide security tech culture development happy,positive
thanks recent follow happy connect happy great thursday get,positive
goodies spotted,positive
another great day westhoughton,positive
delivering conservative message strong stable leadership happy,positive
morning happy,positive
south issues,positive
going see whats speak people live near see use happy,positive
ive trying bank sleep week happy doubt ill able sleep friday saturday night,positive
understandi silly shit like make friends smile happy,positive
well,positive
guess good thing bring right foreground put right face,positive
thanks recent follow much appreciated happy want,positive
know think look exceptional new mum,positive
tum still like 20yrs happy,positive
prime minster pakistan nawaz sharif hahahahah happy sorryuncle,positive
sure happy,positive
agreed feel like ive skipped many cssdesign fundamentals im spending next couple,positive
hey thanks top new followers week much appreciated happy,positive
random twitch happy,positive
good morning every one,positive
order ever want eat websitemay great day happy,positive
thanks recent follow much appreciated happy get,positive
would great trick happy,positive
omg im happy new video bigbang babies happy,positive
happy birthday happy hope good one,positive
one happy,positive
totoo po waaahhh may heart heart everywhere happy love,positive
good morning every one,positive
order ever want eat websitemay great day happy,positive
thank much sir happy please watch film call happy,positive
thanks happy,positive
happy hope,positive
real subs heres link video happy,positive
opening sentences happy,positive
rt 50 ffsrt pinned tweetbe patient legiiiiiiitno saved accounts happy,positive
thanks top engaged community members week happy want,positive
jem dark star orianna splash assistance alex shes done lots splash updates,positive
check,positive
gippy grewal online twitter 3 pm,positive
type ask anything like happy aa jao,positive
hi guys looking bartendersmixologists work us upcoming event dm us,positive
thanks recent follow happy connect happy great thursday,positive
thanks recent follow happy connect happy great thursday,positive
physics 80 formulas memorize hahaha happy,positive
im grateful mom giving birth abort crying joy,positive
thanks recent follow happy connect happy great thursday,positive
nailed brought tears eyes,positive
got goosebumps,positive
beautiful set,positive
perfect dress,positive
totally,positive
ah awesome pixel art stuff chance happy,positive
share love youre top engaged community members week much appreciated happy,positive
please,positive
please watch afl anzac game tuesday big tradition youll love sport happy,positive
another day good morning april 20,positive
2017 0700am kamusta dont forget eat breakfast guys happy,positive
yess crying joy,positive
home run yes charlie game happy,positive
say vuca,positive
say tuna happy,positive
thanks recent follow happy connect happy great thursday want free,positive
happy,positive
good morning every one,positive
order ever want eat websitemay great day happy,positive
happy 16th birthday bff may 15 half ill take places happy great birt,positive
thank happy,positive
thanks recent follow happy connect happy great thursday want,positive
good morning every one,positive
order ever want eat websitemay great day happy,positive
nice,positive
congratulations happy,positive
,positive
none crying joy,positive
thanks recent follow happy connect happy great thursday want,positive
heres brutally respectable suit enjoy happy contrast appreciate mo,positive
youre champion,positive
let know im championelder lenore artisministries,positive
great songs happy favourtie member x,positive
thanks recent follow happy connect happy want free,positive
charge experience muna happy,positive
superstar thanks much kind words look forward seeing soon buddy smile,positive
thanks much rt,positive
groovy thursday happy,positive
stats day arrived new followers unfollowers happy via,positive
melbourne please happy,positive
thanks recent follow happy connect happy great thursday get,positive
thanks recent follow happy connect happy great thursday,positive
would great trick happy,positive
goal today happy i27m going accomplish,positive
kids versus legends crying joy,positive
happy birthday nimesh happy,positive
good morning,positive
mike blessings happy,positive
thank happy,positive
facials happy,positive
ill keep awake happy,positive
hello everyone,positive
great thursday looking forward reading tweets happy want,positive
josie,positive
val reggie screentime riverdale wouldnt half bad happy,positive
thanks recent follow happy connect happy great thursday want,positive
national bitbucket unfriending day save 2 smile,positive
share love thanks top new followers week happy,positive
mutual lets talk moreme suremutual happy,positive
hi carlo im okay nmn howdy happy,positive
chibis though,positive
im waiting jail break happy,positive
rt 13 ffsits much theyre freelegitfree follow first get quickerbe patient g,positive
hi guys,positive
great thursday looking forward reading tweets happy want free,positive
man happy,positive
chub bun easter happy easter name almond,positive
pork pies happy,positive
chub bun easter happy easter name almond,positive
thank much smile,positive
generous support integral part happy thank like,positive
go smile,positive
naeem bokhari says mian gone cute nb happy ns ugly evil,positive
thanks top engaged community members week happy sent,positive
abc news got ahold asked could use seconds coming video transgender special f,positive
thanks sharing happy,positive
thanks recent follow happy connect happy great thursday want,positive
im still bedroom scared going happy,positive
amazing work,positive
thanks recent follow,positive
much appreciated happy want,positive
hi want speak business partnership happy,positive
thanks recent follow happy connect happy great thursday,positive
thank much willow helped ring birthday amazing stream last night,positive
another great song listen good may well like happy,positive
follow happy,positive
a7atein one a7a isnt enough,positive
tats question happy,positive
another great song listen good may well like happy,positive
ooh,positive
cant wait revealing qas happy,positive
soup sandwiches slow cooked pork,positive
lovely lunch menu sure please smile,positive
awww yeah,positive
sad life must,positive
getting 70k,positive
still rich try getting life,positive
instead money,positive
id say,positive
hello everyone,positive
great thursday looking forward reading tweets happy want,positive
happy birthday good day happy,positive
thanks recent follow happy connect happy great thursday,positive
hey,positive
get professional one,positive
would great trick happy,positive
thats say end videos liked,positive
give like happy choice,positive
thank happy,positive
reading hope something great happens smile,positive
thanks recent follow happy connect happy great thursday,positive
rt indirect happy,positive
client work rt favorite happy,positive
want follow back tweet happy,positive
website since long happy,positive
friendly reminder enjoy movie television show without trash another happy,positive
help made sent starters p1q3 open suggestions improve happy,positive
hello 1372 followers thank much following love read tweets happy want,positive
thanks recent follow happy connect happy great thursday,positive
thanks top engaged community members week happy want,positive
happy 420 everyone happy,positive
happy birthday cyoutestfyounniest l know good day coreo boreo,positive
congrats,positive
mmmm blood enemies happy,positive
thanks recent follow happy connect happy great thursday want,positive
know vearey moving twisty aaree,positive
tell us happy,positive
share love thanks top new followers week happy want,positive
seokjinie went everland today guess forgot hes idol,positive
good happy,positive
beautiful day happy,positive
congrats,positive
sone cant stream genieyou stream ty genie still sharing genie ids want,positive
dm us happy,positive
25x25 go first happy,positive
tickets available 401 festival running 2017,positive
find sign,positive
happy thursday,positive
shit short thanks friend maddy,positive
im road destination im driving hope find place like stay,positive
im lost,positive
thanks retweets week much appreciated happy want free,positive
first happy,positive
good luck happy,positive
update got,positive
thanks smile much better today thanks message,positive
real time happy,positive
many thanks,positive
anne happy,positive
wasnt saying read book today,positive
telling read book today knowledge power knowledge growth kee,positive
lolo bin fucking mental screenshot haha,positive
texts happy ive got issue,positive
hey thanks top new followers week much appreciated happy,positive
hi han,positive
follow dm us able assist chris happy,positive
thanks recent follow happy connect happy great thursday want,positive
awesome two fillins week happy,positive
maayos didn27t ang lahat happy lets give space time happy,positive
notice killings rss bjp workers another southern state cm dismantling xtian infra munnar,positive
typingcure,positive
class hall missions heroic dungeons surprised,positive
surround positivity happy,positive
pretty happy,positive
moral grounds verdict favor pti happy becoz 5 judges clearly mention pm,positive
avi man phone made like always wink,positive
share love thanks top new followers week happy,positive
tonight 7pm,positive
playoffs rematch complete feels good going worlds,positive
im getting one smile smile smile smile,positive
spose dont pay accomodation nice haha going stay somewhere anyway happy,positive
little bit overdramatic death happy,positive
great hear joanna happy pleased youve good experience,positive
think im going check even though hear good ue4 believe might cool tr,positive
link seventeens yokohama concert english subs ddl,positive
thanks,positive
cant wait actually see copy smile,positive
thank crew happy,positive
thanks recent follow happy connect happy great thursday want,positive
sup guys,positive
facts parrots minecraft coming soon,positive
thanks recent follow happy connect happy great thursday,positive
made dinner two tonight happy,positive
happy ill see closer con five lol,positive
tutorial michel grundstein distinguishing information knowledge start 15pm happy,positive
thanks recent follow happy connect happy great thursday,positive
look good blue happy,positive
thanks recent follow happy connect happy great thursday,positive
jyoust reminder thank happy,positive
body hears everything mind says kind,positive
positive loving always happy,positive
ruby rehomed times months old loves forever home pls always consider rescue,positive
3 little ones wish best happy sounds like fun group,positive
naila raheem following twitter,positive
thanks recent follow happy connect happy great thursday want,positive
stats week arrived 1 new follower unfollowers happy via,positive
thanks recent follow happy connect happy great thursday get,positive
love pretty girls call pretty like bitch tf happy lets friends,positive
thanks recent follow happy connect happy great thursday get free,positive
thanks recent follow happy connect happy great thursday,positive
thanks follow happy,positive
every time think skin getting better,positive
proves wrong matter days happy fuck life happy,positive
pm,positive
seen email good,positive
released 3rd episode programming everyone sure check happy,positive
think instant message meant stay single fix peoples relationships entire life smile,positive
never ready actually happy idhuellam dialogue ku dhan othu varum,positive
yes,positive
main reason drink total selflessness,positive
yep im going back school become editor hopefully cant wait sister really believes skills happy,positive
thanks top engaged community members week happy want,positive
currently standing outside shard bag full empty bottles came work tom today happy,positive
good evening happy,positive
goals 2017 become apart lose 50 lbsstart youtube happy,positive
thanks recent follow happy connect happy great thursday want,positive
thank crew happy,positive
mummy,positive
look big ive become,positive
thanks recent follow happy connect happy great thursday,positive
thanks recent follow happy connect happy great thursday,positive
second thanks spin much appreciated happy,positive
make feel listen problems,positive
mag refer kana rin sakanila nice game,positive
would great trick happy,positive
wow,positive
looks awesome id love see vn like,positive
morning,positive
jamie passion perseverance equals two notsosecret ingredients secret sauce success happy,positive
hi kn fans happy,positive
bought 523 litre fridge applying cold storage license bhayander west,positive
thanks top engaged community members week happy want,positive
2000th tweet id like say love donghyuck,positive
im japanese directioner,positive
remember vocab knowledge worth 75 grade announce winner tomorrow morning 10am happy 15 purchase happy,positive
good luck vote smile,positive
19 days school left happy,positive
pictures always enjoy swanky hair happy,positive
class im really bored happy rt one mutuals non mutuals pls dont let flop,positive
giving away souvenirs 5 lucky winnersto enter follow rtrolling winners 48 hold,positive
watch words happy,positive
thanks recent follow happy connect happy great thursday want,positive
nice gif happy,positive
share lovethanks top new followers week happy want,positive
think youll better happy,positive
indeed,positive
suspect one would get happy,positive
one fleet solely seeharged domestisee hydro toro see,positive
trade happy yeah want,positive
get 150,positive
new twitter acc happy,positive
share love high value members week happy insight,positive
soon ill make arts happy,positive
would great trick happy,positive
thanks recent follow happy connect happy great thursday,positive
nothing changed date april 28 make,positive
delma hanville official connected twitter thank follow please dont ever let go happy,positive
13 reasons producers care youth mental health 13rw producers show young audience graphic rape suicide,positive
fun funny book warn kindle night happy,positive
thats whats important happy thats im trying remember,positive
congrats 3m followers instagram happy,positive
gourmet chocolates special reserved special occasions plain mms,positive
spe,positive
sixth spot applicable team higher pa kisses thefashionicon,positive
guys make japanese greninjas waveguider come well happy,positive
thanks recent follow happy connect happy great thursday,positive
thanks recent follow,positive
much appreciated happy want,positive
sister cyril came school happy,positive
join us saturday celebrate earth planting seedings head fb page information happy,positive
finally got jinyoung wipe jaebum precious son blocks world witness,positive
love crying joy,positive
kind like layout happy,positive
new twitter account piss idea maja salvador follow applicable guys happy,positive
thanks recent follow,positive
much appreciated happy want magical,positive
congratulations impressive happy,positive
client work rt favorite happy,positive
thanks recent follow happy connect happy great thursday want,positive
go way keem minaun thats good one extreme driving today smile,positive
really must go see power rangers smile,positive
maybe,positive
maybe dont,positive
knows,positive
broadcaster says fly away reminds early happy,positive
great night hope enjoyed strip club happy thx photo,positive
right seriously need decent butterfly tattoo design,positive
anyone got design could find one would grateful,positive
thanks recent follow much appreciated happy want,positive
thanks recent follow happy connect happy great thursday,positive
good evening happy,positive
always knew woyould like one better hahaha,positive
sure happy,positive
yes would hadnt meddling clouds smile,positive
gamer follow trainfollow meretweet thisfollow retweetedgain active followers happy 450,positive
thanks sharing iris photo really appreciate smile,positive
rt 13 ffsits much theyre freelegitfree follow first get quickerbe patient g,positive
myth good team,positive
genix deserves much myth open eyes community want,positive
hellooo happy satansdaughter taylynnox,positive
mutual lets talk moreme suremutual happy,positive
hellooo happy lil strait daddyyrat,positive
also attractive liza soberano happy,positive
pfft crying joy oh hope year oldure okay,positive
papa bird hope year oldu dont mind want stay year old,positive
hellooo happy kyle davies rebelbyacause,positive
opera nirjhor long claiming first one rosi,positive
miss im open education seminar palestine happy,positive
stats day arrived 1 new follower unfollowers happy via,positive
wow friend dara shared hubby looks terrific order,positive
annapurna studios production no29 floors tomorrow heat going turn heat happy cant expre,positive
new amazingphil video today happy,positive
veronice jughead happy,positive
cpl swallows gone house heard whilst flying drone happy,positive
wants good vibes watch youtube tv100 application free happy,positive
weve 80 far collection 150 happy new gin menu coming soon well,positive
would great trick happy,positive
don27t know looks cool crying joy,positive
hellooo happy pussy creepzx,positive
snapchat happy,positive
enjoy smile,positive
rt hate crying joy,positive
die evil raven,positive
never give things make smile happy,positive
stats day arrived 1 new follower unfollowers happy via,positive
haha thanks fansnim happy,positive
took full drink uber guess could say instant message pretty wild tuesdays well never forget happy,positive
cute picture though,positive
play part raising funds,positive
ohh yeah sausage pancakes happy x,positive
especially people low patience level happy,positive
online shopping timmeee anyone got good site suggestions happy,positive
really labour supporter actually quite glad happy mean much claim 2009 fuck,positive
issa throwback happy,positive
ouuuuu right jewels,positive
inspiration everyone miss jones happy,positive
feeling,positive
got favorite boot cut jeans roshe runs girl safe today blessed 420 smile,positive
uncheck new arrivals happy,positive
avi man phone made like always wink,positive
hellooo happy ross chaplin masoncooper4,positive
write fiction pr knob writes sentence fragments ipad next shoreditch house piss,positive
love,positive
instant message perfectly fine fellow ken,positive
displayport hdmi turned back screens 5 days get dual pc stream setup sorted lol,positive
pips singing let snow crying joy,positive
let eat cake p,positive
nah overrated happy x,positive
may draw conclusions deviation level either direction therapy prevention,positive
matter,positive
long shes cool,positive
ill like happy,positive
teaser coming today 4pmstory,positive
music direction favourites,positive
hey everyone harry pancakes maple syrup breakfast great way start day happy miss,positive
cheers,positive
thanks recent follow much appreciated happy want,positive
thanks sharing iris photo really appreciate smile,positive
hey thanks top high value members last week,positive
great,positive
im sorry people make living happy,positive
check beautiful news every single day,positive
really uplifting inspiring,positive
plus want win merc c63 silence sooo happy,positive
please let meet taehyung hiks crying joy really hope could winthis first cover,positive
year old commenting new ladylike videos trust troll,positive
killin time say hey,positive
celebrate hitlers birthday,positive
delivered managing online customer journey keynote autodesk partner event incredible event,positive
therere time shcj dodid something dissapointed ot6,positive
therere time shinhwa dodid something,positive
wellhuman thats,positive
new video today happy,positive
merry christmas everyone happy,positive
big love anne cox happy,positive
new happy,positive
hellooo happy jackatkinson jackat13,positive
thanks recent follow much appreciated happy get,positive
thanks recent follow,positive
much appreciated happy want,positive
thanks,positive
hellooo happy xbox adhatter xboxmadhatter,positive
rocksoc still going beginning smile,positive
wow whattay decision parties celebrating,positive
free market tops real human rights sound great,positive
thanks articles b,positive
hahaa im second best always happy,positive
hellooo happy kt bear ffabear,positive
superstar thanks much kind words look forward seeing soon buddy smile,positive
yes kind funny creepy time happy,positive
ministers pmln happy like students never studied exams luckily exams got delayed theyll still ha,positive
send dm postcode check local stores look forward reply happy nathan 22,positive
petronas bluegreen isnt far away billy monger bluegreen thought happy,positive
tested sweet dishes sweet lovers lips marvoree magpasikatonshowtime,positive
de tonight don27t really care crying joy,positive
fun welcome back taping first day happy mainit pawisan dirty really miss,positive
oh american cultists,positive
hi stefan pretty confident isolated case would glad help itcould dm,positive
hellooo happy pixelsavage pixelsavageyo,positive
feel way life gets everyday positive mood happy,positive
life reflection way think change way think,positive
change whole life happy,positive
kidparent friendly spaces like please,positive
would great trick happy,positive
va astept la acest eveniment next events,positive
thanks recent follow happy connect happy great thursday,positive
listen beautiful video si,positive
mutual lets talk moreme suremutual happy,positive
happy birthday crying joy yoyour cool hope yoyour day goes super good,positive
hellooo happy cjay cjay100,positive
thats sooooooooooooo sick xd thanks much making kin love,positive
would great trick happy,positive
think ive finally figured tattoo im getting august,positive
excited ball start smile baby minor b absolutely love watching play,positive
playing photo editor happy,positive
thank happy,positive
hellooo happy bluey xblueys,positive
love much ruichan smile smile,positive
hellooo happy xbox adhatter xboxmadhatter,positive
mine isnt back jeremy 100 im pleased say happy,positive
dedicate song,positive
thanks brother,positive
stay cool,positive
keep loving deepika,positive
ban ja hero,positive
made new logotypes really fun work follow want keep updated,positive
shut,positive
dont ever thank j hunt,positive
ill always love happy,positive
dispo 3lans happy,positive
laughing loud cuteee happy,positive
thanks recent follow happy connect happy great thursday want,positive
thanks recent follow happy connect happy great thursday,positive
would great trick happy,positive
sir ash ketchum princess may happy,positive
guy got exo back 2013 also first bias kpop honest miss much happy birthd,positive
thanks recent follow happy connect happy great thursday,positive
hi yolandi,positive
thanks much following us wed love know think flooring range happy,positive
thats law nature happy,positive
thanks happy,positive
get rover dthey double sided check shipping worldwide,positive
prettier 10 end released 120 fixes another batch edge cases happy,positive
thanks recent follow much appreciated happy want,positive
thanks much rt,positive
groovy thursday happy,positive
always welcome thank sa treat sa susunod ako happy,positive
happy,positive
slayinbodies going liveplease tune inthank happy,positive
made day great story happy,positive
happy,positive
thanks recent follow happy connect happy great thursday,positive
maybe definitely happy also,positive
try front door,positive
may open happy,positive
thanks follow,positive
great week happy,positive
haha would love work train company great dream come true,positive
dumbing popular entertainment important issue,positive
hey thanks top new followers week much appreciated happy,positive
swear sometimes cool break mutuals happy,positive
yeah sure happy,positive
go five get decent protective case thats cute 5 bucks happy got mi,positive
hey thanks top new followers week much appreciated happy want,positive
thanks high value member week,positive
much appreciated happy,positive
love laying meadow flowers listening mellows music great way relax smile,positive
going burst data crying joy,positive
thanks recent follow happy connect happy great thursday want,positive
thanks recent follow much appreciated happy want,positive
say keep happy,positive
case missed,positive
released new video game genresrts super appreciated happy,positive
thanks recent follow happy connect happy great thursday,positive
dude,positive
freaking chapter one piece definitely good one,positive
wants good vibes watch youtube tv100 application free happy,positive
worries happy,positive
nitpicking,positive
know happy,positive
hype real happy,positive
fl design done inspired fl hopyou love,positive
bambam talks tonight,positive
favorite hobby finding negative positive thing happy,positive
hey thanks top new followers week much appreciated happy want,positive
ah,positive
sorry always ask us follow dm happy,positive
charged driver happy waiting sun 10 minutes ten,positive
win draw free download celebrate us developed,positive
true,positive
pinched free quality fm smile,positive
csgobounty giveaway 1 random key 25 retweets,positive
random winner retweet like able win happy,positive
thanks recent follow happy connect happy great wednesday,positive
welcome happy,positive
makes great point,positive
really liked happy,positive
superstar thanks much kind words look forward seeing soon buddy smile,positive
player kills player rank would show happy,positive
true u waste day social media reading websites hand,positive
idea saying almo,positive
love much want kindly stroke penis,positive
thanks,positive
ill give try happy,positive
would say quite lotbut hey,positive
thats europe,positive
rather uk,positive
isnt smile britain co,positive
yo thank 15,positive
515 subscribers dthe continues,positive
thanks recent follow happy connect happy great thursday want,positive
last retweet happy,positive
hello everyone,positive
great thursday looking forward reading tweets happy want,positive
apr 26th beach house dinnermusic party oldies goldies happy buffet bbq 40tlbeer wein10tl raki125tl h,positive
weve selected among top 20 social media blogs,positive
woot smile,positive
thanks recent follow happy connect happy great thursday,positive
wanted 25 million offering 24 smile,positive
give away random rt chance win 10usd itunes gp gift card winner selected minutes happy,positive
share love thanks top new followers week happy get,positive
thanks recent follow happy connect happy great thursday get free,positive
thanks recent follow happy connect happy great thursday want,positive
thanks top engaged community members week happy want free,positive
beauty scored night hope get happy,positive
happy,positive
haha good tweet mate happy heard big boy account king shit happensould say happy chance shit happens,positive
thanks recent follow happy connect happy great thursday want,positive
appreciate sentiment couldnt happy,positive
younger softer crying joy,positive
happy many days,positive
months years bonding happiness family mclisse starmu,positive
thanks recent follow happy connect happy great thursday,positive
im happy happy,positive
yes subtitles happy,positive
thanks recent follow happy connect happy great wednesday want,positive
co,positive
thanks recent follow happy connect happy great thursday get,positive
thanks recent follow happy connect happy great thursday,positive
thank happy,positive
would great trick happy,positive
thanks recent follow much appreciated happy want,positive
thanks recent follow happy connect happy great thursday want,positive
bot im perfect happy,positive
retweet us kaway kaway family mclisse starmusicifwefallinlove,positive
breweries uk smile,positive
thanks recent follow happy connect happy great thursday want,positive
thanks recent follow happy connect happy great thursday,positive
ive since december hairs stopped snapping made massive difference get,positive
happy,positive
love happy,positive
would great trick happy,positive
like legal sweaters designs available,positive
great groove tune thinking rewind,positive
mrs king excited work students today check cool classroom shape lots math happy,positive
esf spy bulls relentless happy setups like today,positive
thanks recent follow happy connect happy great thursday,positive
thanks recent follow happy connect happy great thursday want,positive
thanks recent follow happy connect happy great thursday want,positive
know problem still exist,positive
thanks recent follow happy connect happy great thursday get,positive
top engaged members week happy,positive
ngam weeks left cadet pilot exam crying joy,positive
great youre welcome josh happy adam,positive
sixth spot applicable team higher pa kisses thefashionicon,positive
pak pm survives removal scare,neutral
court orders probe corruption charge,neutral
supreme court quashes criminal complaint cricketer allegedly depicting magazine cover,neutral
art livings fights back yamuna floodplain damage,neutral
livid,neutral
fcra slap ngo lobbyingbut part govt campaign,neutral
doctors,neutral
pharma companies opposing names,neutral
bicycle cm asked officer learnt ground reality dip river,neutral
2017 making law ban mha sitting draft,neutral
rivals govts unite act sexdetermination tests,neutral
haryana peasants demand justice right cattle trade,neutral
schools calcutta elsewhere stunned imposition plan,neutral
renamed places,neutral
oooh shame,neutral
trauma driving without red,neutral
flashing light paying parking,neutral
learn live without flashing red light,neutral
bjp leaders dock,neutral
lose light,neutral
naming game,neutral
also epaper,neutral
uk parliament votes 522 13 favour early national,neutral
april 19 1906 nobel laureate pierre curie run horsedrawn wagon near pont neuf,neutral
paris,neutral
killed,neutral
india end culture sirens cars,neutral
may 1,neutral
vehicles gadkari,neutral
cars pm,neutral
ministers transport minister nitin gadkari cabinet meet,neutral
44 feared killed bus falls river tons nerwa area district police,neutral
bsf dismisses constable tej bahadur yadav service court inquiry bad quality food allegations base,neutral
jawan tej bahadur yadav,neutral
took social media complaining bad food,neutral
dismissed service inquiry,neutral
us review lifting sanctions iran tillerson,neutral
huge haul milkboosting hormone calcutta,neutral
good news seems thriving valmiki reserve,neutral
sushil modi lists property chain,neutral
3 queens take centrestage,neutral
peek fir leaders case,neutral
spurned mom,neutral
baby calcutta died,neutral
india may make illegal social messaging platforms share personal data,neutral
extradition could take ages,neutral
march 20 plus 15 days equals,neutral
kp nayar discrediting military justice system help case,neutral
sharad wants gujarat cm arrested trying push making meat communal issue,neutral
man shouts wife family court walks,neutral
overburdened says may able hold college teachers year,neutral
president backs move make mandatory class x,neutral
nationalist trend spreads tightens rules shield local jobs keep indians,neutral
visa selfie cbses plans,neutral
blessing,neutral
cloud also epaper,neutral
scotland yard arrests london,neutral
court grants bail,neutral
liquor baron declared proclaimed offender,neutral
extradition warrant scotland yard,neutral
british prime minister theresa may says wants hold early election june 8 reuters,neutral
quoting bbc,neutral
supreme court seeks govts response plea frame national policy promote,neutral
jk schools colleges shut clashes,neutral
demands presidential rule,neutral
beetle grips litchi crop,neutral
supreme court asks govt explain need precensorship,neutral
us nsa hr arrive today hold talks nsa,neutral
shun water beaches,neutral
lost kerala bypoll,neutral
wont keep promise good quality,neutral
,neutral
blame stipend crisis faced 4000 scholars,neutral
middleman conman nephew tapped bribe election commission officials,neutral
air india enforce fines unruly passengers,neutral
top law advisor backs use human shield,neutral
veteran generals see breach,neutral
arrest conman bribe charges nephew churns politics,neutral
cloaked debate draupadis robes,neutral
draupadi campuses erupt,neutral
politics,neutral
also epaper,neutral
cbi books 12 leaders case,neutral
supreme court summons boss,neutral
orders sale slice,neutral
sc summons home secretaries west bengal,neutral
,neutral
karnataka,neutral
tamil nadu,neutral
bihar jharkhand nice try filling police vacancie,neutral
manini chatterjee writings still indictment india,neutral
wants paper trail elections,neutral
govt set panel study service conditions paramilitary forces,neutral
amit roy potboiler,neutral
muslim body lays code conduct divorce,neutral
wont ban,neutral
modis call ensure justice women facing evil customs,neutral
pms pitch sisters,neutral
boards stand potboiler also epaper,neutral
always meets man visits eastern india,neutral
secessionists next generation,neutral
7days secessionists,neutral
teteatete former president,neutral
dying language,neutral
,neutral
farooq abdullah wins seat 4 total votes,neutral
govt probe yet video army,neutral
learns follow rules,neutral
funds poor students dry,neutral
panchayat parliament seems boss amit shahs goal,neutral
pm may hang,neutral
,neutral
pm hangs,neutral
lotus garden dreams,neutral
cash lock jnu students also epaper,neutral
7 coaches meerutlucknow rajya rani express derail near rampur,neutral
uttar pradesh video,neutral
counting votes lok sabha constituency begins,neutral
calcutta get mom accept calf,neutral
stress dress code,neutral
mecca issues picture cards,neutral
security border put risk trade,neutral
national body meeting,neutral
readies stage 2019,neutral
6 features extended stay,neutral
bsp boss averse joining forces nonbjp parties,neutral
army fire alleged tactic,neutral
untold love story ayesha mukherjee,neutral
vile tactic valley,neutral
love story,neutral
giraffe spurns calf,neutral
gandhi champaran,neutral
also epaper,neutral
man seen tied army jeep video jk identified,neutral
unit involved pti,neutral
quoting officials,neutral
3 arrested connection men polling day budgam april 9 police,neutral
hijacked indian dhow alkausar released,neutral
good show pales next 329 jump imports,neutral
transparency looking indias ranking start bottom,neutral
stop loot express coin,neutral
states rename roads duck ban top court wont step till summer break,neutral
research seats hit regulator tightens rules guides,neutral
lost deposit rajouri garden stronghold,neutral
bengal trinamool vote share goes,neutral
surges runnerup slot,neutral
3 men die trying save friend,neutral
results mean others,neutral
half full,neutral
half empty cloud research,neutral
breather highway booze,neutral
also epaper,neutral
setting court home,neutral
justice asks chief justice india,neutral
bench appear,neutral
dargah trust volunteers sc clear 908sq metre,neutral
president clears pieces supporting legislation related,neutral
bypolls retains kanthi dakshin,neutral
retains assembly seat,neutral
7 voter turnout kashmirs repoll,neutral
need know election commissions open challenge hack,neutral
foreign journalists north korea gather big event amid tensions,neutral
rehearsing guwahati epaper,neutral
cops dug healers buried alive practising,neutral
bihar sets rs25lakh fee skip subsidised education,neutral
visit retracing trip,neutral
may show,neutral
supreme court chicken deciding,neutral
failed govts birthplace test,neutral
10 years,neutral
rs 42 crore needed repair damage floodplain event,neutral
try hacking indias election commission challenges,neutral
never wanted cows become burden farmers,neutral
pawar points,neutral
bounty savarkar yamuna damage bill,neutral
sitas birthplace,neutral
also epaper,neutral
20 ias officers including principal secretary information navneet sehgal,neutral
transferred 1st major shuffle,neutral
centre moves supreme court verdict lifting shield,neutral
crusader pleads saving,neutral
sangh puts show strength,neutral
india,neutral
look beyond defence visit,neutral
murder pune activist fuels fears revived upa clause law,neutral
tears father 3 killed stones,neutral
sukanta chaudhuri means indian,neutral
scraps pension yojana cycle tracks may also broken,neutral
say sources,neutral
subir bhaumik worry calcutta,neutral
guwahati,neutral
even benchmark propoor leader seems,neutral
offered india consular access,neutral
pak terms access,neutral
model modi,neutral
activist killed,neutral
also epaper,neutral
defence partnership,neutral
preliminary enquiry health minister alleged money laundering,neutral
menu dinner praise praise,neutral
body pull either,neutral
chain wrong drugs senior doctor check death delhi,neutral
men said cops found carcass car boot,neutral
bypoll put ruling combines request,neutral
admission defeat kashmir,neutral
tougher road laws,neutral
leander mahesh get away,neutral
also epaper,neutral
pm australian pm temple,neutral
pak court sentences death spying,neutral
lok sabha adjourned 3rd time till 150pm opposition uproar leader tarun vijays remarks continues,neutral
cong forced adjournments prenoon session alleged misuse ed cbi opposition chief ministers,neutral
,neutral
bore friends,neutral
takers mamatas torsa plan,neutral
govt mulls giving power award teachers,neutral
see hope comments,neutral
girl reared monkeys,neutral
,neutral
fewer pollution,neutral
paddy fields could blame,neutral
8 killed election violence,neutral
record low turnout,neutral
road safety crusader fight bid bypass order highway,neutral
badly equipped surgery,neutral
panic deaths indias top hospital,neutral
killed deaths girl also epaper,neutral
indian navy ships respond piracy attack foreign merchant vessel gulf aden,neutral
need know 2017 across eight states video,neutral
3 killed,neutral
several injured mobs storm polling booths low 33 turnout till 11,neutral
mukul kesavan justifies even though controls machinery state,neutral
,neutral
people going back economy,neutral
numbers show,neutral
supporting activity violentagainst law ram madhav,neutral
india changed,neutral
reinvent,neutral
ram madhav tells,neutral
3 quaint digs budget even less,neutral
full interview inside 7 days,neutral
calcuttas suddenly cannot enough mothers dishes outsourced outlets,neutral
barometer patriotism,neutral
ram madhav tells wideranging interview,neutral
7 days qa ram madhav,neutral
road economy,neutral
homecooked food,neutral
,neutral
tackle less wheat,neutral
mangoes,neutral
chicken pulses,neutral
veggies,neutral
mutton,neutral
govt go militants utmost harshness,neutral
ram madhav tells,neutral
5640 less 155 world,neutral
opts,neutral
modi promises early deal,neutral
modi takes plunge,neutral
rajes stockhome syndrome,neutral
strategy,neutral
also epaper,neutral
andhra govt turn museum,neutral
private airlines follow revoking flying ban senas,neutral
man arrested truck deaths suspected carried attack,neutral
22 agreements signed,neutral
water pact remains elusive india,neutral
vijayvargiya dares arrest leaders,neutral
theme village sanctuary,neutral
reservoirs financial deal,neutral
works options get backing,neutral
sunanda k dattaray political ethos must faulted racist attacks students,neutral
lawmaker ticked 3 boxes supremacist,neutral
uppercaste,neutral
hindibelt party,neutral
modis gesture bjps spot,neutral
air india lifts nofly ban mp,neutral
also epaper,neutral
stonepelters miss mehboobas brother gets message,neutral
tale prime ministers,neutral
told gst,neutral
modi tested waters letter,neutral
lands delhi,neutral
untold story pranab mukherjee nixed plan unseat,neutral
close shave passengers planes delhi airport,neutral
sushma forgot racism sermon modi,neutral
mms cried racism oz probing indian attacks,neutral
supreme court asks 6 states explain vigilantes banned,neutral
perfectly happy players weve got,neutral
sanjiv goenka tells,neutral
bengal fix bars pay repairs,neutral
let take hit,neutral
swordwielding processions left gaping,neutral
5 kids orphaned parents branded hacked death,neutral
air india tighten security mumbai pune threatens stall airlines operations,neutral
rbi keeps policy rate unchanged 625,neutral
senas apologises parliament,neutral
wont say sorry man assaulted,neutral
china lodges protest indias ambassador vijay gokhale visit arunachal pradesh foreign ministry,neutral
change word limit rti queries application rejected ground containing 500,neutral
kp nayar narendra modi satisfied policy,neutral
courts limit 500m leaves watering holes dry,neutral
voting pattern shows cofounder,neutral
wife split coo,neutral
stretches highways save bars,neutral
riddle formerly tag collection,neutral
mystery art,neutral
roads,neutral
500m also epaper,neutral
trump repeals obamaera broadband rules,neutral
high court orders govt waive droughthit farmers,neutral
indias old ties continue nurtured,neutral
says kanwal sibal,neutral
bengal looks ways change classification bypass order,neutral
sc ban,neutral
worries unsold stocks,neutral
hold 1st cabinet meeting today,neutral
big decisions expected,neutral
trump signs repeal us broadband privacy rules,neutral
initiative helps generate shield sundarbans,neutral
india plans deport refugees,neutral
education rankings throw surprises,neutral
attacks,neutral
envoys upset silence,neutral
african envoys upset,neutral
best colleges varsities,neutral
illfitting dentures,neutral
also epaper,neutral
know safety features watch special interview dr ajay bhushan pandey,neutral
ceo today 7,neutral
mohandas pai backs murthy coo pay hike,neutral
somali grab indian 11 crew members,neutral
corrected thanks,neutral
poll data show still rules roost,neutral
big story african envoys slam indian govt condemning gr noida attack enough say visible,neutral
sufficient measures,neutral
mcd polls releases second list 127 candidates,neutral
daddy dearest,neutral
grooming season dawns madhya pradesh,neutral
sc hear petition challenging bombay hc order beef ban,neutral
keeping eye house,neutral
fixing iphone storage issues,neutral
india ready manipulation human embryos,neutral
virulent going indias culture census,neutral
says manini chatterjee,neutral
son chief minister reveals political ambition,neutral
private doctors face punishment,neutral
going wave transparency,neutral
indias opaque law,neutral
bengal wishlist,neutral
virulent also epaper,neutral
timeline,neutral
diary items,neutral
religious atheists,neutral
balagarh dying art,neutral
generation generation,neutral
indignation remains wellfed,neutral
writes sonia sarkar,neutral
reasons celebrate uncelebrated,neutral
sing song sullied,neutral
,neutral
carcasses found home govt doctor drugs,neutral
7 days kashmiri indignation,neutral
begum jaan,neutral
vanishing boatmakers,neutral
also epaper,neutral
happened restaurants along highways ban bars,neutral
flutter trial raises fresh scare accuracy,neutral
bypassing highway ban,neutral
trial raises rigging fears,neutral
killers hang,neutral
also epaper,neutral
sena lawmakers opposing harsher steps assaulting public servants,neutral
delhi police arrested md ajay chandra developing project despite getting funds investors,neutral
ed finds leader chhagan bhujbals connection shell companies conducting raids,neutral
convoy attacked parimporapanthachowk bypass police,neutral
things get cheaper costlier april 1,neutral
sahas preference onedayers t20s,neutral
ram guha finds outstanding shivshankar menons book choices,neutral
theatre festival got muffled,neutral
case costs ngo contract soup kitchens,neutral
win friends influence people cows,neutral
first time 3 decades,neutral
rate falls 8,neutral
scientists build case bites,neutral
contact,neutral
indias supreme court shuts highway booze hatch,neutral
became avenger mercy,neutral
gujarat turns avenger,neutral
prices slashed,neutral
case bat also epaper,neutral
8 core sectors slow 1 feb 2017 94 feb 2016,neutral
govt cuts rates schemes marginally,neutral
two indians kidnapped south sudan released,neutral
justice faces supreme court,neutral
gets weeks reply case,neutral
india using tackle insurgents,neutral
india readies 5bn credit line backup,neutral
relief yet sellers,neutral
new tv channels bedroom journalism trial,neutral
india rushes put fire,neutral
7 indian scrap tags handbaggage,neutral
supreme court may hear key cases summer break,neutral
apex court puts work first,neutral
hotel fire calcutta,neutral
bedroom journalism trial,neutral
also epaper,neutral
ngt punches holes delhi fuel supply chain ban old tankers,neutral
zplus cover uttar pradesh chief minister,neutral
single idea opposition clean says,neutral
make built westward ho calcutta estate read,neutral
stamping tagging fliers hand baggage 7 major april 1,neutral
52 injured jabalpurdelhi train derails near half train carries delay,neutral
latest attacks african students threaten indias intense diplomatic outreach continent,neutral
first group locals came forward yesterday cakes cards african victims racist mob violence,neutral
drive check errors,neutral
ugc extends funding scheme,neutral
eight coaches derail near station uttar pradesh,neutral
nine injured cpro north central railway,neutral
sc hear various petitions constitutional legitimacy today,neutral
protestors began trying rescue trapped,neutral
bring sharing issue,neutral
days sell 96000 trucks buses,neutral
670000 bikes,neutral
16000 cars 40000 autos,neutral
824000 new vehicles trashed,neutral
home truths,neutral
dhaka talks chinese also epaper,neutral
music legend receive diploma medal stockholm next days,neutral
nashri tunnel pm inaugurate indias longest road tunnel video,neutral
toshiba approves chapter 11 filing nuclear unit westinghouse nikkei,neutral
epic migration campaign ended slaughter pit stop,neutral
abha narain lambah mission restore capitol complex,neutral
ways tackle worlds says prabhat patnaik,neutral
fear outrage among students delhi,neutral
varsity,neutral
mood communalism,neutral
hijabs stand radicalisation,neutral
militant wing welcomes asks speak,neutral
3 shot dead protestors try rescue,neutral
visiting prime minister,neutral
spell endures,neutral
perch peak,neutral
african hunt noida,neutral
kabalis spell,neutral
also epaper,neutral
mighty albatross carried missile torpedoes,neutral
depth charges sonobuoyspse note msltorp getting released,neutral
going paces decommissioing poignant moment air arm give send true war horse,neutral
attacked five arrested,neutral
cm assures impartial probe,neutral
ashok v desai notes yet say word whether achieved goals,neutral
govt looking getting sena mp list,neutral
supreme court said welfare schemes proof,neutral
indias force wants 20 mps named shamed antics,neutral
44 days extreme thats prediction,neutral
heat wave coming,neutral
handling bullies,neutral
welfare,neutral
also epaper,neutral
7judge bench set hear pleas challenging right possible,neutral
govt,neutral
however,neutral
cannot stopped using schemes like opening bank accounts,neutral
says,neutral
government cannot make mandatory extending benefits welfare schemes,neutral
manini chatterjee adopting yore,neutral
life dark corner become magical villagers got 1st year,neutral
gave mp bus board flightas goodwill,neutral
ignorance shape indians attitude towards,neutral
diplomats worry choice chief minister,neutral
mp sushmita devs plea keep takes wings online,neutral
bjps flagging campaign,neutral
modis comment,neutral
envoys worry india taxing sanitary napkins,neutral
clue,neutral
also epaper,neutral
iconoclasm carnatic exponent moving beyond artificial boundaries,neutral
matthew hayden,neutral
india versus australia holyfield versus tyson,neutral
puritans critics damned,neutral
effective figures show,neutral
means mathew hayden,neutral
sajeda momin cm logical milestone death,neutral
electile dysfunction among losers,neutral
case electoral reforms,neutral
selfbelief kept top game,neutral
despite edge,neutral
cant defend digital assets,neutral
tm krishna took beyond fixed formats,neutral
venues audiences,neutral
7days crickets commoner prince,neutral
adityanaths rise,neutral
calcuttas timekeepers,neutral
,neutral
ticktock brotherhood keeps calcuttas old running,neutral
4000 punjab cops spent night preventing filling breach wall,neutral
cash rewards likely doctors following correct protocol,neutral
india trying seal,neutral
man equated great leap backwards talk asks mukul kesavan,neutral
centre overrides bengal,neutral
sets 1 800,neutral
000 seats across 3400 colleges,neutral
kp nayar failure repeal wakeup call,neutral
wakeup call trump,neutral
progress great leap backwards,neutral
electile dysfunction,neutral
also epaper,neutral
development,neutral
appeasement none policy govt,neutral
says chief minister yogi,neutral
delhi cm put trial criminal defamation case filed union minister arun jaitley matter,neutral
female cops take selfies guarding acid attack victim hospital,neutral
suspended,neutral
sunanda dattaray journey light,neutral
modi govt consult talking,neutral
car sales recover regions barring east,neutral
shashank manohar stay chairman till june meet,neutral
bengal,neutral
made trek 2km fetch water,neutral
industrialists asked question,neutral
,neutral
share bugbear,neutral
list may good idea,neutral
indias list,neutral
quiz industry,neutral
common bugbear india also epaper,neutral
ed issues notice violation provisions tune rs 73 crore ipl,neutral
vistara joins pervert airlines call list assault air india manager mp,neutral
supreme court asks poll panel security needs tested,neutral
petitioner wants,neutral
assault air india manager,neutral
mp put nofly list pervert airlines well,neutral
twitter explores premium version 11 years free service,neutral
indias go 6 months,neutral
administrators named cricket body,neutral
govt drops plan slip pseudo,neutral
1st round talks held,neutral
without hawks,neutral
lucknow,neutral
famed conform,neutral
lucknows falls,neutral
guns bjp,neutral
govt ducks call vote verifiers,neutral
also epaper,neutral
unruly behaviour violence aviation network regrettable incident investigated appropri,neutral
7 arrested attack case police see link,neutral
update british police arrest seven probe attack,neutral
7 arrested attack probe,neutral
british police probing background terrorist,neutral
bombay high court directs protesting resident resume duty immediately,neutral
swapan dasgupta elections dashed hopes would weaken,neutral
people wanted buy bulk govt,neutral
take home towell,neutral
nitish stupid,neutral
ministry,neutral
keeps 36 portfolios,neutral
bihar meet,neutral
ask questions get spend 6 hours cops answers,neutral
40,neutral
000 join 4500 already assaults,neutral
despair research seats slashed,neutral
7 car crushed tanker carrying molten tar,neutral
govt slipped secrecy clause companies,neutral
attack westminster,neutral
cash cloak parties,neutral
molten tar wipes family,neutral
also epaper,neutral
live british police say casualties,neutral
including police attack near uk parliament cannot confirm number,neutral
today doubles annual contracts india cricketers rs crore,neutral
rs 1 crore rs 50 lakh respectiv,neutral
tn farmers skull protest delhi,neutral
cm bans paan,neutral
chewing govt offices,neutral
hospitals,neutral
schools,neutral
colleges healthy,neutral
ugly highrises taking grand structures ignored,neutral
bungalows razed,neutral
committee constituted ministry recommended city taxis allowed run app based platforms,neutral
chief minister bans paan masala,neutral
gutka,neutral
polythene government offices,neutral
ordered ban,neutral
drafted challenge high court order case,neutral
bureaucrats wonder,neutral
84 cut research seats,neutral
elite centres including intake,neutral
crude architecture taking worlds city buildings,neutral
crude buildings taking city world iconic buildings,neutral
antiromeo squad starts lucknow video,neutral
effigies burn jnu strike 84 research seat cut affirmative action junked,neutral
kp nayar,neutral
way europe lies,neutral
steps,neutral
bihar tell govt rejected idea,neutral
slashed research seats,neutral
key europe,neutral
revisited,neutral
also epaper,neutral
sc issues notices centre,neutral
election commission plea seeking scrapping benefits given,neutral
im one year younger one year elder,neutral
govt proposes limit rs lakh rs 3 lakh proposed,neutral
supreme court says final hearing disputes case july 11,neutral
supreme court says auction aamby valley project money paid others,neutral
supreme court takes record unqualified apology tendered bengal counsel,neutral
dismisses plea withdrawn,neutral
supreme court terms unfortunate grounds cited bengal govt plea hc order asking cbi take case,neutral
supreme court refuses stay cbi probe sting several leaders allegedly caught camera taking money,neutral
visit today 1st time taking oath cm,neutral
inhe sikhaiye msy requests teach ropes politics,neutral
patna zoo sell nesting boxes,neutral
patnas tires machine,neutral
protein australian venom may help victims recover faster,neutral
choice cm giving jitters,neutral
bjp rushes shake uppercaste tag,neutral
village,neutral
headmaster finds truant kids harvesting crop,neutral
,neutral
agreed teach ropes,neutral
tutor kids roped harvest,neutral
telecom giant born,neutral
also epaper,neutral
britain trigger brexit march 29,neutral
govt merge bharatiya mahila bank greater services outreach,neutral
high court grants stay criminal proceedings minister case filed mla mohua moitra,neutral
agitation delayed 15 days trouble soon come,neutral
bsp leader shot dead late last night,neutral
murderers large,neutral
4000 migrated 2015 shield capital,neutral
65 years,neutral
bengal unit finally gets fulltime chief,neutral
,neutral
minister,neutral
project india test,neutral
haryanas called march siege parliament,neutral
yogi vows work,neutral
bjp certain get away anything,neutral
says manini chatterjee,neutral
mass bunking,neutral
orders weekly trainees,neutral
fans see future pm,neutral
yogi pm,neutral
sunday holiday recruits,neutral
moon also epaper,neutral
give trial run months,neutral
says,neutral
tells give 2month trial run also disagrees vote,neutral
centre mobilises 247 companies 24,neutral
700 personnel paramilitary forces haryana,neutral
delhi uttar pradesh view,neutral
government okays 33 reservation women state jobs,neutral
yogendra yadav future india get wrong,neutral
,neutral
take eyes,neutral
parties led cant seem look beyond family top posts,neutral
7 days bjps good dynastic parties,neutral
bengalis get local,neutral
,neutral
set take oath cm today,neutral
sworn deputy cms,neutral
bjp sees stamp missing choice,neutral
bjp sold development sprang hawk,neutral
former captain michael john clarke strengths team,neutral
leadership,neutral
bjp govt faces,neutral
graveyard echo choice chief minister,neutral
bjp stuns ugc letter forgery,neutral
doctors split bengal bill,neutral
also epaper,neutral
yogi sworn chief minister sunday afternoon,neutral
yogi adityanath arrives venue meeting mlas amid talk named chief minister,neutral
shocked hc order handover cbi,neutral
vows move supreme court,neutral
retain tv innings,neutral
whatever india offers biggest issue,neutral
calcutta hc sends case cbi,neutral
went meet,neutral
rahul met hc gives cbi,neutral
dig amartya,neutral
also epaper,neutral
hrd stop funding research social exclusion,neutral
report,neutral
oath taking new cm take place 5 pm sunday keshav prasad maurya,neutral
hc directs conclude preliminary inquiry within 72 hours register fir,neutral
required,neutral
calcutta high court orders probe sting operation,neutral
serious concerns regarding india captain shoulder injury,neutral
says,neutral
cloud state boss keshav mauryas chances becoming chief minister,neutral
likely elected cm sources,neutral
india urges talk,neutral
zoo mark,neutral
100,neutral
000 villages taught google designs,neutral
recipes skills,neutral
hc scraps plea jnu norms seat cuts,neutral
100 per cent viva follow,neutral
surprise resignation boss manohar,neutral
back square one,neutral
happened promised funds,neutral
sudden blaze destroys bungalow,neutral
bengal traffic cops pen paper,neutral
leaving weakened travel ban order muslims,neutral
kp nayar says,neutral
funds fear research,neutral
hot,neutral
death 1st solo trip also epaper,neutral
newly elected mlas meet lucknow mar 18,neutral
new delhi health minister briefs media live,neutral
protected tamperingmanipulation election commission,neutral
elaborate system place prevent misuse evms election commission,neutral
nia takes investigations bhopalujjain train ied blast case,neutral
takes custody 3 accused bhopal police,neutral
merit claims tampered allegations wild baseless,neutral
navjot singh sidhu sworn cabinet minister govt,neutral
greeted cm captain amarinder singh,neutral
capt amarinder singh takes oath 26th chief minister watch live,neutral
british dhc bruce bucknell institute entrepreneurs head manoj das discussing skill devt ne,neutral
akhilesh meet newly elected sp mlas today,neutral
decide new legislative party leader future course action also,neutral
22 support,neutral
cm prove majority assembly today,neutral
smooth affair today,neutral
man took neighbour court pet dogs bark night judge,neutral
regimes changes bullying police officers,neutral
returned warm welcome,neutral
boss indias largest cautions waiving,neutral
laws cannot replace trust compassion,neutral
amit chaudhuri hard give experience pleasurable pain,neutral
subir bhaumik cast shadow indias ties,neutral
shashank manohar quits,neutral
boss quit,neutral
caution loan waivers,neutral
arson film sets,neutral
also epaper,neutral
govt seems slipped budget2017,neutral
govt seems slipped budget2017,neutral
rohiths buddys autopsy caught distrust,neutral
rapeaccused leader gayatri prajapati nabbed roaming delhi,neutral
gurgaon bengal,neutral
municipal held april 22 state election commission,neutral
manohar sworn chief minister,neutral
cm demands conducting mcd polls via ballot paper place evms,neutral
sc refuses stop becoming cm,neutral
calls floor test,neutral
finance minister given additional charge ministry rashtrapati bhavan,neutral
shri arun jaitley shall assigned charge ministry defence,neutral
addition existing portfolios,neutral
accepted resignation shri manohar parrikar council ministers immediate,neutral
finmin arun jaitley given additional charge defence ministry following manohar parikkars resignation rashtrapati bhav,neutral
limits cash withdrawals today,neutral
parrikar resigns defence minister,neutral
sworn chief minister tomorrow,neutral
hindu undercurrent led surge story feb,neutral
raj bhavan denies reports calling party form government,neutral
governor asks congress cm okram ibobi singh resign process formation next govt started,neutral
walks leaders bow nayak story,neutral
mandate,neutral
see new highlights pm speech bjp hq,neutral
oil prices hit threemonth low us rig count climbs,neutral
assam lawmaker wants national body save,neutral
200000 people turned bolpur famed,neutral
hardest interview life,neutral
says bid enter,neutral
heres bsp theory 71 population voted bjp,neutral
people dont want handouts,neutral
want says victory rally,neutral
modi says people dont want handouts,neutral
malalas oxford entry,neutral
reverse polarisation special epaper link,neutral
print edition today,neutral
look epaper special link,neutral
match referee umpires went book,neutral
says,neutral
bjp claims voters risen,neutral
strengthened sense belonging among calcuttas,neutral
hiring people task edge,neutral
consolidation independent 2nd countrywide political entity,neutral
7days today bjps expanding footprint,neutral
taking gatka,neutral
britbashing,neutral
hiring blind employees,neutral
us attorney preet bharara fired refusing quit,neutral
yogi adityanath keshav prasad maurya,neutral
know names possibly next cm video,neutral
time modis reforms,neutral
piyush srivastava looks stunning victory,neutral
black mark report card,neutral
became demonetised notes,neutral
victory may bad news,neutral
mukul kesavan bcci curious case versus steve smith,neutral
magic combined organisational strength brought back 1party system,neutral
modi,neutral
dynasties demonetised,neutral
numbers say,neutral
also epaper,neutral
15 years,neutral
bjp captures record show,neutral
congress wins 77 seats 117member assembly,neutral
1 short twothirds majority,neutral
bjp 13 seats fails get majority congress emerges single largest party bagging 17 seats 40member house,neutral
congratulate shri narendra modi bjp victory uttar pradesh uttarakhand,neutral
l congratulate people,neutral
respect accept verdict aimim chief,neutral
l reaches raj bhavan tender resignation cm,neutral
cm laxmikant parsekar tenders resignation lost seeandidate dayanand sopte see,neutral
want quit fighting type election irom sharmila losing maiden election ani,neutral
understand state ohf mind ohf ji right nohw hence,neutral
dohnt want toh cohmment ohn amit shah oh,neutral
chief press conference begin shortly stay tuned,neutral
gets majority 117member wins 59 seats,neutral
leading 18 seats,neutral
bjp heads landslide win samajwadis concede defeat mayawati wants fresh polls using paper votes,neutral
update manhattan attorney preet bharara asked resign along obamaera us attorneys doj,neutral
jharkhand body upgrade pitch test,neutral
manipur assembly election result live congress ahead 6 seats,neutral
accept peoples mandate,neutral
says sp leader shivpal yadav,neutral
l uttar pradesh leadstrends 373403 264 70 27 others 12,neutral
jharkhand body upgrade pitch test,neutral
become epicentre industry bihar,neutral
upright cop son arrested,neutral
forecast wet dol sunday dry monday,neutral
army chiefs words ring pellethit boys ears,neutral
leadstrends 0570 bjp 3 cong others 0,neutral
leadstrends 26117 bjpsad 3,neutral
cong 17,neutral
aap 6,neutral
others 0,neutral
uttar pradesh leadstrends 103for03 55 26 18 others,neutral
foreign policy must rooted ethics,neutral
sunanda dattaray says lines visit,neutral
get latest fastest updates throughout day,neutral
facing arrest warrant,neutral
high court judge plays card,neutral
117 acquitted,neutral
13 held guilty murder,neutral
ready long winners named,neutral
13 guilty murder,neutral
laddoos winners,neutral
1st warrant judge,neutral
also epaper,neutral
indias production grew 27 january,neutral
govt says reliance tendered apologies using prime ministers picture ads without permission,neutral
supreme court issues arrest warrant get high court judge face case,neutral
broke ranks bodies east,neutral
,neutral
winners awards telegraphs advantage 2017,neutral
amit roy tour,neutral
bengal tops women children,neutral
indias action charity trigger spat administration,neutral
assam,neutral
militants opt poaching fund outfit,neutral
south koreas constitutional court upholds president parks impeachment,neutral
plan cap fees,neutral
private put expansion hold,neutral
3 publishers close suit photocopying,neutral
akhilesh keeps options open,neutral
akhilesh aunt,neutral
publishers lose photocopiers,neutral
bengal bill scares pervert schools,neutral
also epaper,neutral
old street directory,neutral
shopping directory,neutral
rolled one,neutral
got bred local pig variety,neutral
flash ghouse mohammad khan,neutral
mastermind module arrested police,neutral
puts forth searching questions liquor baron disclosure assets court,neutral
supreme court rejects age plea skip jail,neutral
nia take encounter,neutral
mp cases rajnath,neutral
fresh fir filed jnu alleging misbehaviour students students accused assault,neutral
earlier,neutral
summoned,neutral
jammu kashmir 23 terrorists holed house,neutral
firing underway,neutral
repolling underway 8 assembly constituencies went polls 1st phase march,neutral
meghalaya got bred local pig variety,neutral
racketeers backed politicians prevent legal govt licensees,neutral
rural planned counter azadi call,neutral
india tap,neutral
supreme court caution stealing saris,neutral
please,neutral
terrorist lucknow make statement,neutral
mp incidents,neutral
amit roy maneck dalal launched international,neutral
indian medical body moots handling successful trials tamil nadu,neutral
record haul booze,neutral
drugs despite,neutral
suspect attack nabbed,neutral
police jump gun claiming hand train blast,neutral
2nd phase begins cm okram ibobi casts vote,neutral
abp news exclusive arms,neutral
ammunition explosive material recovered lucknow operation ends video,neutral
indian politicians still need lucky charm campaign bus,neutral
captains knock,neutral
turf,neutral
says,neutral
editorial mayor cannot trusted,neutral
india could gain partnership says kp nayar,neutral
polling underway 40 assembly seats spread across 7 districts seventh final phase,neutral
antiterror operation lucknows outskirts ends,neutral
1 terrorist killed reports terrorists holed false adg,neutral
indian wants police cover,neutral
citing outsider inflow open campus,neutral
rahul says afraid,neutral
wants cisf presence,neutral
life term prof saibaba epaper,neutral
one deprived benefits lack benefits continue alternate means identification,neutral
new mother challenged change date exchanging notes,neutral
sept18 terror attack,neutral
army blocks key highway civilians suffering,neutral
1 rupee increase mocks dignifiedliving plea,neutral
says,neutral
destroyed,neutral
govt sparks traffic chaos plans grand gate,neutral
ruchir joshi calcuttas destroyed vandals decide future,neutral
bengal law singles may keep investors critical cases,neutral
jitters pervert healthcare bengal,neutral
city palaces,neutral
dhoni fans tenacity,neutral
also epaper,neutral
meant potato factory thriving reality bengal farmers chain,neutral
court asks report fracas,neutral
puts question mark video,neutral
former president renders unqualified unconditional apology supreme court,neutral
supreme court wants know exchange notes stopped march 31 deadline,neutral
case exempts centre filing status report proceedings international tribunal,neutral
supreme court told people allowed deposit notes till mar31 promised,neutral
asks govt,neutral
explain,neutral
notes entering system via calcutta business district,neutral
team come minimal sideeffects,neutral
process social change seldom linear pretty,neutral
says manini chatterjee,neutral
unofficial ban dubbed movies challenged,neutral
food dissent tradition,neutral
violence,neutral
space debate dissent continues shrink,neutral
another goback shooting us,neutral
academic siege,neutral
menu judges,neutral
also epaper,neutral
policeman,neutral
two militants killed encounter lasted nearly 12 hours,neutral
spring,neutral
must varsity,neutral
story 100yrold treasure streetsmart bengal,neutral
married maoist swati sengupta,neutral
dont actually live honesty integrity wont embraced,neutral
tells,neutral
could meet saltwater next time,neutral
old street directory astounding detailing,neutral
rallying cry become thing behold celebrate season,neutral
prime minister made man beat,neutral
7days rallying cry students,neutral
varanasi,neutral
crocs,neutral
mukul kesavan attack means,neutral
flames singe events colleges,neutral
rahul modi trade barbs,neutral
farmers get lucky,neutral
leftist became minority voice,neutral
private fear plan monitor functioning give local leaders death grip,neutral
govt decided merge industries departments,neutral
centre hiked jobs scheme rupee,neutral
trump administration resists economics visas indian companies,neutral
us visa worries,neutral
bengal private schools fix,neutral
focus msme,neutral
wage hike,neutral
also epaper,neutral
punjab,neutral
jk resume work system river,neutral
69 polling till 1pm,neutral
3 gardens make mark us meet,neutral
govts latest school kids,neutral
23 years,neutral
increase ordered workers,neutral
caution site inroads mayor also minister housing environment,neutral
fear laws provisions may force private shun critical cases,neutral
perspective strife,neutral
karnataka body decided boycott awards function,neutral
break russia,neutral
opens entertainment tv market,neutral
top bureaucrat innocent,neutral
framed politicians,neutral
ias officers insist,neutral
law check private hospitals,neutral
takes aol instant messanger,neutral
supreme court gives govt chance oppose judge appointment national security,neutral
china cautions visit arunachal pradesh,neutral
tension visit,neutral
pill schools,neutral
sc collegium accepts govt thorn,neutral
also epaper,neutral
happened security agencies argued need tagging,neutral
fears plan set rates,neutral
blasts office,neutral
injured,neutral
fracas overbilling,neutral
bengal drafts bill check bills,neutral
room india indian,neutral
says president mukherjee,neutral
notes indian,neutral
muddle,neutral
controlling also epaper,neutral
4the pilot project green transportation across national capital region next service introduced,neutral
rare species says hello century,neutral
top make pay cash transactions branches,neutral
bengal detectives get religious nab leader accused,neutral
pulled negligence bengal cm orders party meddle,neutral
development means filling also means death,neutral
rock fossils clue earth,neutral
india would well abolish says,neutral
junior home minister admits made comments without seen video,neutral
govt made look benign use revised lower base comparison,neutral
holes armour,neutral
key minister comments freely,neutral
modis bug,neutral
also epaper,neutral
jaitley says likely pick coming quarters,neutral
fm jaitley says q3 data substantially impacted economys resilience remonetisation helped,neutral
blaze puts spotlight grand pieces history lurk lanes,neutral
kanwal sibal could victim disruptive thinking,neutral
effect batsman gets booed scoring century,neutral
gunbattle felled father,neutral
defensive cries media trial,neutral
delhi worried silence,neutral
midst incendiary wish,neutral
teachers said stand,neutral
mystery effect data,neutral
mystery data,neutral
teachers back worry silence,neutral
also epaper,neutral
gdp grew 7 quarter,neutral
full year projected 71,neutral
breaking government forecasts 201617 growth 71 percent,neutral
breaking indias december quarter gdp 7 percent reuters forecast 64 percent,neutral
growth 8 core sector slows 34 pc january compared 57 pc yearago month,neutral
ashok v desai formula tackling banks,neutral
crpf getting take planted,neutral
nationalist cub threatens cut finger,neutral
courage,neutral
cowardice season buds thorns,neutral
also epaper,neutral
5736 turnout fifth phase voting ends large peacefully 51 assembly seats ceo venkatesh,neutral
arrests woman director hong kongbased firm rs 1478 crore case registered post,neutral
abvp takes tricolour march 180ft long flag ramjas,neutral
principal rajendra prasad says heart bleeds v,neutral
begins 51 assembly constituencies spread across 11 districts eyes,neutral
jp yadav rebranding,neutral
backlash hails true patriot,neutral
kp nayar governors us states say,neutral
message governors us states,neutral
modi criticised,neutral
stem important,neutral
also epaper,neutral
control part go,neutral
says,neutral
offered help,neutral
formidable madame calcuttas runs business,neutral
pushing 86,neutral
physicist still table full,neutral
says prasun chaudhuri,neutral
resistance trumpland nothing citizenry yet match,neutral
pushing team use twitter tool,neutral
7days modis rule twitter,neutral
big boss calcuttas science giving,neutral
,neutral
bihar cm cites siltation threat barrages national waterway,neutral
day leftarm turners,neutral
took aol instant messanger money,neutral
playing du colleges,neutral
question america,neutral
big brother academia,neutral
day,neutral
also epaper,neutral
suspect 2002 attack case calcutta arrested gaya bihar police,neutral
today congress vp address rallies gonda,neutral
sultanpur bahraich,neutral
today pm address rally imphal,neutral
american consider hero,neutral
live money,neutral
thats living,neutral
tells,neutral
dreams one still alive,neutral
finds sunanda k dattaray,neutral
du push,neutral
tests autonomy waters,neutral
techie killed american took bullets aimed another,neutral
indian techie shot us,neutral
call affordable dialysis,neutral
stephens tests autonomy,neutral
also epaper,neutral
bihar exam bodys boss,neutral
nephews held questionpaper scam,neutral
maharashtra,neutral
savours civic win congress loss,neutral
twist case,neutral
angst authors,neutral
bjp flies wings,neutral
also epaper,neutral
results live leads 93 seats offers resignation,neutral
aap govt moves sc setting 5judge constitution bench decide appeal hc verdict holding lg delhis administ,neutral
1215 turnout till 10 phaseiv,neutral
telecom operator acquire business telenor india seven circles holds spectrum,neutral
statement terrorist initiated incident shopian,neutral
jk attached,neutral
militant attack kashmirs shopian district,neutral
6 injured,neutral
civic poll counting begin 10 today eyes result,neutral
sekhar raha letting go past,neutral
nation 70 must begin new life,neutral
soumitra das listens kirtans asks set rules,neutral
swapan dasgupta must assess basis national selfinterest,neutral
citizens petition govt make nursing homes come clean,neutral
ugc proposes 20 pay hike college teachers,neutral
guess happened said adopted son,neutral
hit splurge freebies,neutral
founders admit gmv vanity,neutral
profit sanity,neutral
modi adopted son,neutral
snaps,neutral
check hospitals,neutral
pay hike plan,neutral
also epaper,neutral
standoff left abvp blocks entrance maurice nagar ps stones eggs shoes thrown ps side many hurt,neutral
pitched battles progress du abvp disrupts ramjas march maurice nagar ps,neutral
economic blockade wont impact process,neutral
arrangements made ensure free fair election cec f,neutral
dus ramjas college cancels event protests invite speakers,neutral
7 new species found,neutral
govt sets menu item limit wedding,neutral
india pushes universities accept 3yr graduates courses,neutral
india invokes emergency clause end pricing,neutral
reliances promises free voice calls roaming 1 year cheap,neutral
kp nayar tensions crept ties,neutral
receiving end,neutral
crowns indias,neutral
extends offer mobile battle,neutral
finds indian trump,neutral
troubled life ends also epaper,neutral
writes tn assembly secretary noconfidence motion speaker dhanapal,neutral
bmc,neutral
9 civic bodies state go polls tuesday,neutral
general known sharp questions trumps new top security adviser,neutral
garg rapped post,neutral
experts say wrong blaming ganga siltation,neutral
even 217m,neutral
within budget,neutral
sanjiv goenka tells,neutral
wont allow barrages name says,neutral
amit roy looking campus abroad,neutral
graveyard barb,neutral
hits advertisement,neutral
asses star battle,neutral
fest sans pak voice,neutral
beyond brexit,neutral
also epaper,neutral
registers case meat exporter graft case names former chief ap singh also,neutral
governor asks shurhozelie liezitsu form government swearingin feb22,neutral
surit doss forget dynamic mobile,neutral
dr kunal sarkar cartels ripping patients,neutral
tapping selfhelp group,neutral
harvests 1st crop,neutral
eaglenest sanctuary,neutral
could dethrone top draw,neutral
bihar extension impacts privacy rights,neutral
says,neutral
lessons school,neutral
exclusive jnu fir marks aisa leadership,neutral
serious charges absent varsity press releases appear plaint htt,neutral
manini chatterjee failed live promise,neutral
bengal orphanage suspected selling babies couples us,neutral
europe,neutral
top officer speaks innocent victims suffer,neutral
ips officer frameup,neutral
modis call orphans trafficked,neutral
also epaper,neutral
goenkas surprisesmith lead pune,neutral
palaniswamis victory dhoti survived,neutral
studies sprout,neutral
also epaper,neutral
muralis initiative goes jaffna,neutral
prasun chaudhuri dying art carving,neutral
imagine paying rs500 1863,neutral
polling underway 69 assembly seats spread across 12 districts phaseiii,neutral
malik sajad,neutral
artist line control,neutral
sonia sarkar nationalist studies sprouting across campuses,neutral
importance fastening waistband revealed wins trust vote,neutral
comes prey,neutral
indias protected forests planned,neutral
scientists find,neutral
part,neutral
versus,neutral
flash supreme courts order,neutral
fir registered minister gang rape sexual harassment,neutral
trust vote 12211,neutral
edappadi wins vote confidence 122 votes,neutral
11 earlier,neutral
palaniswami wins trust vote 122 mlas voting govt chaotic day earlier,neutral
chaos call secret vote,neutral
opposition creates ruckus trust vote,neutral
house adjourned till 3pm,neutral
live ruckus assembly secret ballot demand,neutral
mla sits speaks chair angst,neutral
cant risk slightest smile today,neutral
ram guha money criminals got india,neutral
delhi airport drops glitches,neutral
big fail,neutral
legal eagles back call probing suicide note,neutral
delhi high court orders cop shield willing drivers tells strikers deal companies,neutral
india still keen buy westinghouse reactors despite toshiba meltdown,neutral
members camp meet assembly speaker p dhanapal,neutral
day ahead confidence vote,neutral
idea wrong,neutral
says,neutral
rbi chief sees v growth rate,neutral
fake exit poll results circulated using abp news brand name want clarify havent aired exit piss,neutral
samsung chief lee arrested south korean corruption probe deepens,neutral
may find tough control govt jail,neutral
jp yadav finds usversusthem undercurrent,neutral
indias foreign secretary visit next week frank talks,neutral
kp nayar party revolt knocked nominee labour secretary post,neutral
floor test saturday,neutral
idea wrong,neutral
says,neutral
bajaj calls bad idea,neutral
palani court rules also epaper,neutral
swornin chief minister,neutral
jnu vc clarifies ugc gazette wont applied retrospectively existing mphil students admitted phd goodbye,neutral
31member cabinet swornin 430pm raj bhavan,neutral
5judge constitution bench sit may decide pleas relating aspects triple 22,neutral
sc frame issues mar30 regarding triple nikah halala consideration12,neutral
less cricketers,neutral
also making centuries,neutral
says isro official annadurai,neutral
nadu governor invites edappadi k form government earliest,neutral
premier calcutta ransacked death,neutral
,neutral
arrests yet,neutral
latest lacked economic philosophy,neutral
says sl rao,neutral
dipankar dasgupta pitfalls,neutral
india mulls auditor check misuse,neutral
bureaucrats face action drinking alcohol anywhere world,neutral
slaps memorial mean,neutral
going back back jail,neutral
instals nephew proxy,neutral
fielded nephew,neutral
virat kohli,neutral
beyond bihar border,neutral
also epaper,neutral
cabinet approves merger five subsidiaries state bank india stateowned lender finance minister arun jaitle,neutral
foreign tourists evisas get free cards arrival,neutral
turnout till 5 pm 68 per cent,neutral
says,neutral
indias jan 2017 rise 432 2211bn imports 1070,neutral
widening trade deficit 984bn,neutral
urban growth threatens kidneys worlds largest waste recycling system,neutral
kp nayar exit could bad india,neutral
stirrings cold war,neutral
scenes drama,neutral
indias air pollution,neutral
also epaper,neutral
e local functionary legislature party leader,neutral
live police given direction evacuate mlas kuvathur,neutral
dgp likely take final call,neutral
meeting governor ends stakes claim form government jaya tv,neutral
kim jong nam,neutral
estranged halfbrother leader kim jong un,neutral
killed airport women poisoned needles,neutral
takes aerobatic display inaugural,neutral
centre allows prosecute former principal secretary delhi chief minister arvind kejriwal,neutral
graft case,neutral
bjp urges governor vidyasagar rao take decision basis numbers well credibility,neutral
governor vidayasagar rao meet new legislature party leader edappadi k palaniswami others 540pm,neutral
india caps prices rs7,neutral
260 bare metal rs29,neutral
600 drug eluting crackdown wild markups,neutral
sasikala expels scores rebels including minister k pandiarajan senior leader c ponnaiyan,neutral
aiadmk expels supreme court ruling knocks cm race,neutral
aiadmk expels supreme court ruling knocks cm race,neutral
supreme court restores bangalore trial court verdict holding others corruption case,neutral
breaking supreme court convicts disproportionate assets case,neutral
mettur legislator semmalai joins cm camp,neutral
trump national security adviser flynn resigns controversy russian contacts,neutral
mayawati plays divideandwoo home turf upelections,neutral
could miss flight bangalore,neutral
ashok desai accidental new book tirthankar roy anand v swamy,neutral
noon,neutral
supreme court decided future rival,neutral
patna boy got play tabla,neutral
tehmina janjua 1st woman foreign secretary,neutral
tamil nadu waits,neutral
indian heft pope,neutral
modi,neutral
pakistans 1st woman foreign secy,neutral
also epaper,neutral
eases 317 per cent january 341 per cent december,neutral
7judge sc bench hear plea madras hc justice order staying transfer earlier,neutral
justice fails appear apex court face contempt charges,neutral
nonteaching staff call end jnu stir,neutral
vc says law take course occupation adblock doesnt end despi,neutral
calcutta hc judge c karnan fails appear sc connection suo motu contempt proceedings,neutral
bjp worker stabbed death local temple festivities mukkattukara keralas district,neutral
likely hear pil swearingin today,neutral
delhi airlift blockade lifted,neutral
use track preventing track deaths,neutral
tells state,neutral
bonhomie strikes chord ground,neutral
indias spike 3 initiatives,neutral
amit roy clash,neutral
men friends across border,neutral
says,neutral
races hots,neutral
plays woman wronged,neutral
britain becoming xenophobic hostile,neutral
high commissioner dominic asquith insists,neutral
scientists calcutta tracing building blocks space,neutral
says prasun chaudhuri,neutral
lost passwords,neutral
trouble google play,neutral
moral outrage cannot guide things get messy,neutral
says manini chatterjee,neutral
almost overnight,neutral
become crowdpuller,neutral
crowds flock rowlingmorgan clash,neutral
cashswap case,neutral
also epaper,neutral
chidambaram opposition,neutral
jaitley finance minister,neutral
,neutral
7 days assam vies taste buds,neutral
grilled,neutral
,neutral
comparing 2015 2017,neutral
graduated captain,neutral
mukul kesavan state fourth estate,neutral
tn,neutral
running patience,neutral
governors letter leaked,neutral
gets crowds,neutral
question banking correspondents coerced switching old notes,neutral
death currency,neutral
patience,neutral
boss shunted,neutral
also epaper,neutral
another mp joins camp,neutral
frets waits governors call,neutral
minister,neutral
mps join camp frets tends flock,neutral
63 voter turnout phase 1,neutral
veteran leader party spokesperson joins camp,neutral
sasikala seeks meeting governor,neutral
3 switch selvams side,neutral
hundreds immigrants arrested routine us enforcement surge,neutral
today,neutral
greatness means winning says sunanda k dattaray,neutral
1st phase assembly elections begins 73 constituencies,neutral
20 million voters,neutral
polls 2017 polling first phase begins,neutral
appeals people vote,neutral
resort hosting 120odd lawmakers camp,neutral
survivor riots simple message voters,neutral
frances group buys brand birlas,neutral
mamatas dole,neutral
theatre,neutral
riot refugees resolve also epaper,neutral
50k dole budget migrant workers hit,neutral
indias industrial production contracts 04 dec 2016 decline 09 dec 2015,neutral
court directs bsf allow trooper tej bahadurs wife meet,neutral
passenger opens chute aircraft taxiing mumbai airport 1 injured,neutral
former minister ka senkottaiyan replaces madusudanan presidium chairman,neutral
govt appoints directors ten indian institutes management,neutral
state bank india q3 profit doubles rs 2,neutral
610 crore rs 1,neutral
115 crore period year ago,neutral
setback trump,neutral
us judges reject travel ban,neutral
bahu makes demand,neutral
shattered firozabads industry,neutral
mom lost teen kids fire same2c old2c boring shit let lightly,neutral
,neutral
lawmakers jump ship,neutral
memorial gets list,neutral
governor ponders,neutral
eyes governor,neutral
note crunch glassbangles,neutral
ansals let lightly,neutral
also epaper,neutral
gen secy calls governor ch vidyasagar rao,neutral
stakes claim form government tamil nadu,neutral
vk pays homage jayas memorial places sealed cover,neutral
presumably mlas support list,neutral
memorial,neutral
good things happen,neutral
says tn cm meeting governor ch vidyasagar rao,neutral
held detailed discussions governor happening tamil nadu,neutral
says,neutral
cong boycott pm parliament raincoat remark coordinate parties,neutral
says,neutral
opposition disrupts demand apology,neutral
watch top 10 news day video,neutral
patience,neutral
test politics,neutral
enough says supreme court ends 38yr legal battle project,neutral
tamil nadu,neutral
numbers,neutral
claims masses decides,neutral
match versus gut feeling modis dig supreme court acts also epaper,neutral
changes stance accommodative neutral,neutral
keeps key unchanged repo 625,neutral
marginal standing facility bank rate 675,neutral
supreme court asks justice karnan explain face proceedings,neutral
return lake next winter,neutral
jatavs base pitch muslims,neutral
bsps keeping rivals edgy,neutral
heartland lab,neutral
crpfs commandos return unit,neutral
scientists saved orbiter death eclipse,neutral
kp nayar engagement gulf deepened,neutral
3 ds doctor,neutral
dog drinks stood pm reply parliament,neutral
suddenly,neutral
mutiny versus sasikala,neutral
telegraph published today article entitled french envoy bets former colony bonjour,neutral
new era amity h,neutral
bengals advocategeneral jayanta mitra resigns difference opinion state government,neutral
enforcement directorate chief karnal singh gets fixed tenure years,neutral
commandos went,neutral
commandos get homesick,neutral
jewish nobel little stars,neutral
also epaper,neutral
pil filed seeking restrain swearingin chief minister tomorrow,neutral
facebook,neutral
google,neutral
others launch drive fake news france,neutral
supreme court orders attachment rs 39,neutral
000 crore property pune,neutral
supreme court grants bail scam accused estranged wife former union minister matang sinh,neutral
shield child,neutral
javadekar backs restrictive research entry,neutral
student stir intensify strike today,neutral
indian hold promise battle,neutral
may changing attitude coalition partners,neutral
says manini chatterjee,neutral
powers drive become chief minister,neutral
review shows holes indias govtfunded,neutral
gets license raid without citing grounds,neutral
shades law change,neutral
rises,neutral
holes govt health cover,neutral
also epaper,neutral
new experiences exciting times ahead second innings,neutral
mukul kesavan ought win,neutral
sachin tendulkar 2nd innings,neutral
3 ds lead greatness,neutral
,neutral
nachnis dying unsung,neutral
art form,neutral
irfan habib seeing past eyes present,neutral
mixing folklore history,neutral
sonia sarkar jiggigs key tool run,neutral
calcuttas learning chinese,neutral
voters villages want permanent india,neutral
7 days calcuttas learning,neutral
nachnis fighting rights,neutral
village cries bridge,neutral
mukul kesavan 3 ds,neutral
also epaper,neutral
judge blocks trumps ban effective nationwide,neutral
promised denied helicopter,neutral
soldier trekked snow take mothers body home,neutral
australia,neutral
us clash immigration puts india hold,neutral
soldiers painful journey,neutral
bonds political funding,neutral
trump immigration,neutral
also epaper,neutral
follow us dm mail ttwebonlinefeed release 3 aggregators site press releases,neutral
rich get skewered,neutral
honesty hug bottom rung mystery persists missing taxpayers,neutral
relief front small firms hit,neutral
ahead elections,neutral
finds nothing sell voters,neutral
thought made transparent,neutral
history around,neutral
says,neutral
demitronisation relief small firms,neutral
honesty hug wellheeled,neutral
also epaper,neutral
double digit controlled sluggish growth replaced high growth war launched,neutral
moved discretionary based administration policy based administration,neutral
watch live stream fm shri budget speech 201718 link,neutral
pm reaches parliament,neutral
cabinet meeting begins,neutral
fm departing north block parliament house,neutral
present,neutral
indian govt draws goat parallel case,neutral
breaking go ahead scheduled,neutral
say sources,neutral
clear right speaker decide,neutral
calcuttas menace born eating pavements footpaths,neutral
grabbing footpaths good business everyone except pedestrians,neutral
strike decodes draft order,neutral
1st time,neutral
union include railway budget today,neutral
11am,neutral
confusion replies ceo,neutral
due sudden drop visibility blr,neutral
fro flights affected result consequential delays expected,neutral
watch union budget 2017 live abp news 1100 onwards,neutral
trump picks 49yrold judge lifetime job supreme court us,neutral
bjp could face backlash,neutral
govt admits economy take hit,neutral
us gives scare,neutral
law officers job,neutral
confessions,neutral
also epaper,neutral
us gives scare,neutral
law officers job,neutral
confessions,neutral
also epaper,neutral
full expected month two arvind subramanian,neutral
headline inflation measured consumer price index cpi remained control third successive financial year,neutral
agriculture sector grow 41 per cent current year 12 per cent 201516,neutral
growth rate industrial sector estimated moderate 52 201617 74 201516,neutral
indias growth rate constant market prices 201617 seen 71,neutral
finance minister arun jaitley tables lok sabha,neutral
live pranab mukherjee address parliament 11am,neutral
countrys first conviction minister sentenced 7 years rigorous imprisonment,neutral
economic survey tabled parliament shortly know economic survey,neutral
sibal datar spike bcci wish,neutral
president trump fires top government lawyer sally yates defiance immigration order,neutral
fm table today,neutral
trumps order parallel citizenship bill,neutral
prabhat patnaik monumental,neutral
farmers dumping crop,neutral
supreme court ropes former top auditor run,neutral
one suggested names icc meeting,neutral
pakistan pressure ban,neutral
auditors helm,neutral
madam also epaper,neutral
limits cash withdrawals bank accounts atms restoration status quo ante,neutral
outcry,neutral
us loosens curb reentry green card holders,neutral
five soldiers machhil attain martyrdom detailed statement attached,neutral
dept crackdown hoarders issues 87 notices,neutral
attaches 42 assets worth crores new,neutral
payments bank offer 45 deposits rs25000,neutral
5 rs 2500050000,neutral
55 rs 50000100000,neutral
supreme court shoots govt bid put sports ministry bureaucrat panel run,neutral
historian ram guha,neutral
idfc official vikram limaye,neutral
former captain diana edulji others panel run,neutral
supreme court names former cag head 4member panel administrators run 13,neutral
court summons cm suspended bjp mp accused criminal defamation plea,neutral
amulya patnaik appointed new delhi police commissioner patnaik 1985 agmut cadre ips officer,neutral
