tweet,sentiment
pari,neutral
thank connect passion hope like tweet happi,positive
transfer 1st major shuffl,neutral
share love thank top new follow week happi,positive
saw repli unhappi,negative
suprem court ask poll panel secur need test,neutral
thank top engag commun member week happi want,positive
sorri unhappi need sex time,negative
hope littl beaand andot overworkiandg gettiandg least rest unhappi,negative
say,neutral
type ask anyth like happi aa jao,positive
thank recent follow happi connect happi want free,positive
happen secur agenc argu need tag,neutral
hello everyon,positive
share love thank top new follow week happi want,positive
44 fear kill bu fall river ton nerwa area district polic,neutral
stress mariana,positive
posit love alway happi,positive
ouchhhhh unhappi,negative
tell give 2month trial run also disagre vote,neutral
goodi spot,positive
bjp flag campaign,neutral
minist,neutral
count vote lok sabha constitu begin,neutral
uk parliament vote 522 13 favour earli nation,neutral
would harvey go prison unhappi,negative
relat much unhappi,negative
let eat cake p,positive
veronic jughead happi,positive
order ban,neutral
lip though,positive
african envoy upset,neutral
follow mee plss unhappi,negative
pressur happi,positive
could write paragraph xdshame theoret imposs real life unhappi,negative
absorb im go get laugh get 2000 vote unhappi,negative
real sub here link video happi,positive
anoth great song listen good may well like happi,positive
high commission domin asquith insist,neutral
would great trick happi,positive
thank recent follow happi connect happi great thursday get,positive
chain wrong drug senior doctor check death delhi,neutral
today happi,positive
merri christma everyon happi,positive
fm jaitley say q3 data substanti impact economi resili remonetis help,neutral
alli unhappi cant make poem cute,negative
nia take investig bhopalujjain train i blast case,neutral
indian want polic cover,neutral
bu bangsar head awan besar good day happi,positive
she fine kiss thefashionicon,positive
sept18 terror attack,neutral
3 quaint dig budget even less,neutral
could whatev,negative
killer hang,neutral
game move camera happi,positive
back unhappi,negative
retain assembl seat,neutral
your late work break news love ladi clean hous cri togeth unhappi,negative
eat steak well done pleas unfollow happi,positive
hey,positive
fraca overbil,neutral
never want finish desper housew life unhappi,negative
don27t surpris see cri today,negative
part,neutral
told gst,neutral
mayb definit happi also,positive
hi guy look bartendersmixologist work us upcom event dm us,positive
matatytan almightytann good even everyon happi join twitter parti tonight offici taglinetann,positive
laksa make okaay cri joy need laksa,positive
whew cant ass unhappi,negative
need know 2017 across eight state video,neutral
im road destin im drive hope find place like stay,positive
never known hard last day resist temptat enter polit debat social media happi stood firm far,positive
blast offic,neutral
progress great leap backward,neutral
littl bit overdramat death happi,positive
keep eye hous,neutral
kp nayar governor us state say,neutral
find noth sell voter,neutral
five soldier machhil attain martyrdom detail statement attach,neutral
backlash hail true patriot,neutral
thank recent follow happi connect happi great thursday want,positive
3 ds lead great,neutral
addit exist portfolio,neutral
miss alreadi unhappi,negative
chao call secret vote,neutral
bengal detect get religi nab leader accus,neutral
dont post much late school unhappi,negative
new delhi health minist brief media live,neutral
fun funni book warn kindl night happi,positive
good even happi,positive
love waaaaay babi unhappi your sweetest ador littl angel,negative
goodnight princess,negative
sc refus stop becom cm,neutral
husband famili histori mafia doesnt know stori sad,negative
cant tello,negative
stat day arriv 1 new follow unfollow happi via,positive
patna boy got play tabla,neutral
hole govt health cover,neutral
deliv manag onlin custom journey keynot autodesk partner event incred event,positive
initi help gener shield sundarban,neutral
happi thursday,positive
tell unhappi,negative
u blackmail unhappi,negative
yuri didnt know unhappi second snsd miss,negative
sasikala seek meet governor,neutral
love mason miss mason unhappi,negative
thank crew happi,positive
pleas,positive
justic ask chief justic india,neutral
guy realli seriou hope don27t judg unhappi,negative
veteran leader parti spokesperson join camp,neutral
tamil nadu wait,neutral
cop dug healer buri aliv practis,neutral
present,neutral
happen restaur along highway ban bar,neutral
13 held guilti murder,neutral
delhi airlift blockad lift,neutral
morn coffe time happi,positive
onlin crush come meetup without snapchat filter unhappi,negative
day better way spend sunni day drink shore happi,positive
farmer dump crop,neutral
girl unhappi that wa ropiwa 1 sandton unnecessarili expensive2 tri salon braam,negative
lost two streak two favorit peopl silenc unhappi good night,negative
dont say unhappi,negative
ram guha find outstand shivshankar menon book choic,neutral
hire blind employe,neutral
follow unhappi,negative
eaglenest sanctuari,neutral
want puppi unhappi,negative
man shout wife famili court walk,neutral
sunanda dattaray say line visit,neutral
ive sinc decemb hair stop snap made massiv differ get,positive
happi thursday love happi,positive
summon,neutral
financ minist given addit charg ministri rashtrapati bhavan,neutral
reunion august unhappi,negative
updat text video intro draw line tool paint tool sai happi,positive
pictur unhappi,negative
mom bit tire,positive
historian ram guha,neutral
mane amaz unhappi,negative
dog drink stood pm repli parliament,neutral
dismiss plea withdrawn,neutral
thank recent follow happi connect happi great thursday want,positive
fcra slap ngo lobbyingbut part govt campaign,neutral
governor ask shurhozeli liezitsu form govern swearingin feb22,neutral
ye kind funni creepi time happi,positive
total,positive
becam aveng merci,neutral
armi fire alleg tactic,neutral
let hope vip good deed want watch shouldnt done thi,negative
thank recent follow happi connect happi great thursday,positive
son chief minist reveal polit ambit,neutral
tamil nadu,neutral
dhaka talk chines also epap,neutral
jonni poor leg make sad unhappi hope your okay,negative
yg sent mcd want see hold trophi unhappi anyway,negative
yeah unhappi,negative
biblic lectur come notif soon tomorrow,negative
yet parent invest child emot educ take child school holiday earli that un,negative
becom crowdpul,neutral
noth religi call sexism dont think need spell stand,positive
2017 0845am,negative
physicist still tabl full,neutral
passeng open chute aircraft taxi mumbai airport 1 injur,neutral
thought youll save cri,negative
what crazi walk door everi administr night,negative
hold 1st cabinet meet today,neutral
stat week arriv 1 new follow unfollow happi via,positive
suspect 2002 attack case calcutta arrest gaya bihar polic,neutral
hey robert rolih thank follow coastal live mean repli photo,positive
defens cri media trial,neutral
miss snsd miss girl unhappi,negative
apex court put work first,neutral
chief minist ban paan masala,neutral
also epap,neutral
let dinneeeer pleas unhappi,negative
know vearey move twisti aare,positive
du push,neutral
,neutral
mayb,positive
law offic job,neutral
iiiii would like boook fuck unhappi,negative
hair iand suandlight versu ando light waandt chaandg duandando waandt go darker bloandder sad pleas help po,negative
say vuca,positive
oh sad unhappi goodluck,negative
isnt,positive
agre issu would paid somehow cant see number ad sad,negative
1st warrant judg,neutral
,neutral
surround posit happi,positive
sadli im unhappi,negative
congratul,positive
post offer websit happi,positive
let forget also gabriel tenma white birthday todayi miss unhappi,negative
exaseetli what happen tn politise get bjp tn game differ,positive
haha good tweet mate happi heard big boy account king shit happensould say happi chanc shit happen,positive
yg sent mcd want see hold trophi unhappi anyway,negative
don27t want go camp unhappi,negative
sob unhappi,negative
50k dole budget migrant worker hit,neutral
draupadi campus erupt,neutral
w,negative
case elector reform,neutral
homecook food,neutral
pain thing ever feel someon cant unhappi,negative
pleas answer request unhappi,negative
miss dog unhappi,negative
20 ia offic includ princip secretari inform navneet sehgal,neutral
say,neutral
got goosebump,positive
modi adopt son,neutral
puta know sorri isnt enough pero sorri padin unhappi,negative
hi yolandi,positive
fit,positive
thank recent follow happi connect happi great thursday get,positive
alway taken grant eversinc unhappi,negative
im japanes direction,positive
jami pleas reset cga grandfin server administr respond unhappi,negative
aap 6,neutral
think instant messag meant stay singl fix peopl relationship entir life smile,positive
want pleas unhappi,negative
chillin bit quiet tonight tough luck unhappi,negative
your kabut unhappi,negative
set alarm 9am snooz 12 unhappi,negative
miss hoseok unhappi,negative
mayb band definit collab hi name philip happi,positive
thank share happi,positive
ashok desai accident new book tirthankar roy anand v swami,neutral
sone cant stream geniey stream ty geni still share geni id want,positive
dispo 3lan happi,positive
would never forget,negative
dismiss servic inquiri,neutral
pleas kenbi,positive
gurgaon bengal,neutral
india still keen buy westinghous reactor despit toshiba meltdown,neutral
unhappi ive unfollow mani peopl ugh,negative
pay hike plan,neutral
ram madhav tell widerang interview,neutral
assault air india manag,neutral
thank didnt chop,positive
mini campervan happi,positive
also epap,neutral
got bred local pig varieti,neutral
pleas beauti princess help,positive
way europ lie,neutral
unhappi,negative
graft case,neutral
held detail discuss governor happen tamil nadu,neutral
bungalow raze,neutral
live money,neutral
help want stop tweet feel endless suffer pain tri deactiv mani time save unhappi,negative
thank much appreci happi magic,positive
day sinc promot end im alreadi miss much unhappi,negative
manini chatterje fail live promis,neutral
away next thursday unhappi one,negative
beauti day happi,positive
die thirst us unhappi,negative
koala die thirst us unhappi,negative
notic kill rss bjp worker anoth southern state cm dismantl xtian infra munnar,positive
diplomat worri choic chief minist,neutral
take eye,neutral
say manini chatterje,neutral
share love high valu member week happi,positive
day sinc promot end im alreadi miss much unhappi,negative
magic combin organis strength brought back 1parti system,neutral
suprem court name former cag head 4member panel administr run 13,neutral
open sentenc happi,positive
vk pay homag jaya memori place seal cover,neutral
girl rear monkey,neutral
thank recent follow,positive
latest attack african student threaten india intens diplomat outreach contin,neutral
damn touch unhappi,negative
want wish marissa happi birthday keep ignor sad,negative
bengal wishlist,neutral
manini chatterje write still indict india,neutral
bengal orphanag suspect sell babi coupl us,neutral
ill check excit backup singer way backup unhappi,negative
tri fix chorist dress hem came undon tape fabric tape put wrong even ruin unhappi,negative
mutual let talk morem suremutu happi,positive
jimin doesnt follow yet unhappi,negative
still rich tri get life,positive
pleas return jacket unhappi,negative
would great trick happi,positive
sure prob ilabyu,negative
reason lastfm unlink spotifi miss like month scrobbl notic unhappi,negative
amit roy tour,neutral
,neutral
damn there peopl sincer want attend bh birthday parti bc peopl tri fun make ca,negative
happi birthday chopin style piano improvis,positive
oo cri happy3yearsbraceunit,negative
titti fantast kissi kissi,positive
govern okay 33 reserv women state job,neutral
margin stand facil bank rate 675,neutral
requir,neutral
mine isnt inbox unhappi,negative
thank recent follow happi connect happi great thursday,positive
piti unhappi beauti thank answer,negative
way make sens crazi edg case idea share revenu offens,positive
custom mean cant send food abroad unhappi hope birthday dream come true,negative
love ben sleep get watch programm want netflix without interrupt happi,positive
84 cut research seat,neutral
share love thank top new follow week happi,positive
yesterday felt like friday unhappi,negative
errr dude theyr gone unhappi ask leagu memeb check guy go,negative
delhi cm put trial crimin defam case file union minist arun jaitley matter,neutral
chub bun easter happi easter name almond,positive
govt slip secreci claus compani,neutral
cm ban paan,neutral
er,positive
mecca issu pictur card,neutral
elit centr includ intak,neutral
instant messag get sad unhappi,negative
happi birthday katrika miss though unhappi miss group haih anyway,negative
thank ton,negative
thank much smile,positive
say,neutral
thank recent follow happi connect happi great thursday,positive
thank crew happi,positive
word never miss articl happi,positive
friendli servic,positive
loool im mad avoid today,positive
crap haili wont school game wont make middleburg time unhappi,negative
,neutral
annapurna studio product no29 floor tomorrow heat go turn heat happi cant expr,positive
wtf canada 2017 still 1700 never support,negative
realiti alon lone unhappi,negative
push 86,neutral
want orient unhappi,negative
govt look get sena mp list,neutral
black mark report card,neutral
evet happi,positive
said yesterday happi,positive
definit arm unhappi,negative
hey thank top new follow week much appreci happi want,positive
dat unhappi,negative
3 littl one wish best happi sound like fun group,positive
thank b happi,positive
ashok v desai note yet say word whether achiev goal,neutral
say hi sunshin unhappi,negative
took aol instant messang money,neutral
feel kind empti wo youngja venu unhappi,negative
back squar one,neutral
hi kyli,positive
dope that cool word final hip young milleni memer smile,positive
may find tough control govt jail,neutral
say hi julia please cri,negative
here bsp theori 71 popul vote bjp,neutral
jammu kashmir 23 terrorist hole hous,neutral
im rusti havent play game sinc like 10 kept die crocodil part cri,negative
mob australia,negative
hey thank top high valu member last week,positive
respect accept verdict aimim chief,neutral
polic jump gun claim hand train blast,neutral
subir bhaumik worri calcutta,neutral
im lone unhappi,negative
better check,positive
unhappi strong today jfjfjkf,negative
break govern forecast 201617 growth 71 percent,neutral
1215 turnout till 10 phaseiv,neutral
hope doesnt last long least get enjoy weekend happi birthday happi,positive
thank recent follow happi connect happi great thursday,positive
control part go,neutral
1st time,neutral
type medic shorthand abbrevi use work,negative
bambam talk tonight,positive
gener known sharp question trump new top secur advis,neutral
avi man phone made like alway wink,positive
definit arm unhappi,negative
thank much friend smile xx,positive
miss bedroom unhappi,negative
import fasten waistband reveal win trust vote,neutral
choic cm give jitter,neutral
1st phase assembl elect begin 73 constitu,neutral
trump pick 49yrold judg lifetim job suprem court us,neutral
,neutral
117 acquit,neutral
unhappi,negative
sixth spot applic team higher pa kiss thefashionicon,positive
gave pass like think never unhappi,negative
yeah sight read pretti good high school,negative
confus repli ceo,neutral
round ass cri,negative
new experi excit time ahead second inning,neutral
baromet patriot,neutral
day sell 96000 truck buse,neutral
32 love daughter cri,negative
get 900 retweet 900 like help un,negative
dont like blond hair unhappi,negative
live polic given direct evacu mla kuvathur,neutral
good happi,positive
csgobounti giveaway 1 random key 25 retweet,positive
instal nephew proxi,neutral
thank recent follow happi connect happi great thursday want,positive
thank recent follow happi connect happi great thursday,positive
jnu vc clarifi ugc gazett wont appli retrospect exist mphil student admit phd goodby,neutral
groovi thursday happi,positive
iconoclasm carnat expon move beyond artifici boundari,neutral
thank recent follow happi connect happi great thursday,positive
welcom brother happi,positive
unhappi therel 1 silverthatd,negative
patna zoo sell nest box,neutral
hot,neutral
thank much rt,positive
rich get skewer,neutral
dont think im pretti enough unhappi,negative
honestli think tri get rid make mockeri town wont admit unhappi,negative
thank recent follow happi connect happi great thursday want,positive
koala die thirst us unhappi,negative
6 day camp haiss miss lot unhappi,negative
mine isnt back jeremi 100 im pleas say happi,positive
back unhappi,negative
learn live without flash red light,neutral
teaser come today 4pmstori,positive
fail unhappi g hehe,negative
cofound ill moder tonight tweetchat happi,positive
extradit could take age,neutral
yeah unhappi thank much angel,negative
ill work second come unhappi,negative
us give scare,neutral
isnt smile britain co,positive
random winner retweet like abl win happi,positive
anniversari josh death unhappi,negative
noth could better happi,positive
edappadi win vote confid 122 vote,neutral
oooh shame,neutral
absorb im go get laugh get 2000 vote unhappi,negative
dude want sleep unhappi,negative
tweet made cri cri,negative
cool happi surround full recoveri,positive
man 2hr sinc vliveit nearli sydney ppl unhappi goe quick appreci everi second,negative
calcutta timekeep,neutral
charg driver happi wait sun 10 minut ten,positive
hellooo happi jackatkinson jackat13,positive
cri much,negative
bsp leader shot dead late last night,neutral
centr move suprem court verdict lift shield,neutral
buy anyth support canada,negative
sociopath full raid gear sad,negative
well that weekend view plan chang unhappi,negative
tweet meant articl happi,positive
renam place,neutral
use like neighbour,positive
thing like happi,positive
made dinner two tonight happi,positive
feel aw today unhappi dont want go internship,negative
farooq abdullah win seat 4 total vote,neutral
lucknow fall,neutral
id rather sailor uranu chibiusa that everyon say unhappi rip,negative
im enlist pleas turn like unhappi,negative
use month worth laugharn weekend sad wifi small carmarthenshir town,negative
q2 im mh healthcar profession much want help im scare death might make situat,negative
get well realli soon jack unhappi,negative
good,positive
lot game month,positive
tale prime minist,neutral
suddenli,neutral
paddi field could blame,neutral
realli want one icon jimin stripe turtleneck shirt unhappi,negative
wish could say gang daniel pictur unhappi rantoul twp high,negative
im scare unhappi mean heck decid laundri 730 pm wrong mention dark fml,negative
view gone done 100 monthli unhappi,negative
yg sent mcd want see hold trophi unhappi anyway,negative
wow whattay decis parti celebr,positive
miss cri,negative
court direct bsf allow trooper tej bahadur wife meet,neutral
kp nayar discredit militari justic system help case,neutral
golli gosh simpli dread havoc must wreak subsurfac black salv wont,negative
kiera quest awaken kiera quest book 1,positive
unhappi look dead,negative
thank happi,positive
suprem court chicken decid,neutral
suprem court ask justic karnan explain face proceed,neutral
face swap cat dog realli upset unhappi,negative
bjp stun ugc letter forgeri,neutral
swapan dasgupta elect dash hope would weaken,neutral
also epap,neutral
like long didnt want back put good mood dont want,negative
thank recent follow happi connect happi great thursday,positive
5 rs 2500050000,neutral
doctor split bengal bill,neutral
wow unhappi peopl mean,negative
realli need build unhappi,negative
brace hurt unhappi,negative
63 voter turnout phase 1,neutral
rise,neutral
thank top engag commun member week happi want,positive
thank recent follow happi connect happi great thursday,positive
definit arm unhappi,negative
also epap,neutral
goal today happi i27m go accomplish,positive
delhi airport drop glitch,neutral
let know youd like one happi,positive
fm depart north block parliament hous,neutral
new era amiti h,neutral
crpf get take plant,neutral
noth could better happi,positive
prove wrong matter day happi fuck life happi,positive
sc summon home secretari west bengal,neutral
space debat dissent continu shrink,neutral
miss unhappi,negative
realiz havent eaten rice maghapon finish 3 pack spici seafood noodl extra big chilimansi acid attack right,negative
india,neutral
year ago today last time sakho play us unhappi,negative
never want cow becom burden farmer,neutral
hindu undercurr led surg stori feb,neutral
instant messag jealou okay unhappi never mind haha bruno wait final first,negative
bengal advocategener jayanta mitra resign differ opinion state govern,neutral
get 70k,positive
ram madhav tell,neutral
2ne1 reunit unhappi,negative
biggest problem paper book storag unhappi,negative
reinvent,neutral
watch kid produc 101 perform chew gum omoo poor kid bless soul unhappi,negative
cash cloak parti,neutral
hi tri call number got respons unhappi pleas share anoth suitabl time altern number cont1,negative
leadstrend 0570 bjp 3 cong other 0,neutral
give away souvenir 5 lucki winnersto enter follow rtroll winner 48 hold,positive
congratul shri narendra modi bjp victori uttar pradesh uttarakhand,neutral
thank happi,positive
year old comment new ladylik video trust troll,positive
drive check error,neutral
diari item,neutral
say manini chatterje,neutral
night your sad real life cant sleep unhappi,negative
privat fear plan monitor function give local leader death grip,neutral
here full art glyph keeper mummi token interest hit ebay tonig,positive
other launch drive fake news franc,neutral
thank recent follow much appreci happi want,positive
want unhappi look yummi heheh,negative
say hi mekisha unhappi,negative
miss unhappi,negative
your rude unhappi,negative
share love your top engag commun member week much appreci happi,positive
opt,neutral
bengali get local,neutral
damn isnt avail unhappi,negative
thought mountain dew australia caffein littl energi drink can caffein never sleep unhappi,negative
pm may hang,neutral
know realli upset stranger internet isnt satisfi entertain provid,negative
govern cannot make mandatori extend benefit welfar scheme,neutral
senior snap start get senti aw unhappi,negative
hope ok happi chart dont look bad moment depend tide direct,positive
upright cop son arrest,neutral
inspir aspect fashion,positive
your welcom thoma happi kim,positive
work much better unhappi,negative
jae celebr sheena easton triumphant open night 42nd street west end happi,positive
jaitley financ minist,neutral
anoth great song listen good may well like happi,positive
agre teach rope,neutral
hi ishwar that experi want unhappi call detail sort roshan,negative
115 crore period year ago,neutral
keep smile happi,positive
get dog,positive
great happi,positive
think tfp soundwav forev trap void realm unhappi,negative
yogendra yadav futur india get wrong,neutral
much cant seem deathmatch unhappi,negative
got 3 year longer unhappi,negative
might cost 3 month happi,positive
yay anoth art raffl everyth need know pictur,positive
who sell armi bomb ver 2 meet sad,negative
miss london alreadi unhappi,negative
blast okay love,negative
congress win 77 seat 117member assembl,neutral
artist line control,neutral
take gatka,neutral
love happi,positive
anybodi need motion design anim help avail happi,positive
commando get homesick,neutral
hijack indian dhow alkausar releas,neutral
maharashtra,neutral
prime minist made man beat,neutral
wish meet oa unhappi,negative
ill keep awak happi,positive
im joke unhappi,negative
repli tweet like follow dothi pointless,positive
didnt play year,positive
india product grew 27 januari,neutral
envoy upset silenc,neutral
helloo braid keyrazygirl15,positive
india plan deport refuge,neutral
tara,positive
playoff rematch complet feel good go world,positive
inde,positive
cm prove major assembl today,neutral
suspend,neutral
check happi,positive
releas new video game genresrt super appreci happi,positive
resist trumpland noth citizenri yet match,neutral
great thursday look forward read tweet happi want free,positive
mag refer kana rin sakanila nice game,positive
damn there peopl sincer want attend bh birthday parti bc peopl tri fun make ca,negative
gen seci call governor ch vidyasagar rao,neutral
definit arm unhappi,negative
bantay unhappi,negative
anoth mp join camp,neutral
india readi 5bn credit line backup,neutral
trump order parallel citizenship bill,neutral
miss levi unhappi,negative
sorri guy unhappi,negative
colleg healthi,neutral
610 crore rs 1,neutral
jewish nobel littl star,neutral
suprem court order attach rs 39,neutral
suprem court grant bail scam accus estrang wife former union minist matang sinh,neutral
grab footpath good busi everyon except pedestrian,neutral
agit delay 15 day troubl soon come,neutral
miss jami boy sick unhappi,negative
friend would like brand new strapback hat 1499,positive
econom blockad wont impact process,neutral
also epap,neutral
that sound like superbooth happi,positive
new second home come soon,positive
vocal coach ig post,positive
whaaaaaaaat unhappi,negative
uttar pradesh leadstrend 103for03 55 26 18 other,neutral
mukul kesavan justifi even though control machineri state,neutral
beauti,negative
share love thank top new follow week happi,positive
modi criticis,neutral
law check privat hospit,neutral
payment bank offer 45 deposit rs25000,neutral
how quintli trial happi,positive
owner told articl smile,positive
full year project 71,neutral
tooi wont miss hgv go past hous though nice look build initial,negative
us attorney preet bharara fire refus quit,neutral
gourmet chocol special reserv special occas plain mm,positive
develop mean fill also mean death,neutral
offer still go happi,positive
thank happi,positive
cong forc adjourn prenoon session alleg misus ed cbi opposit chief minist,neutral
us clash immigr put india hold,neutral
visit today 1st time take oath cm,neutral
spend time dog anim great help relax destress great idea happi,positive
im abort mission nice day though x,negative
lunchtim flinthook game much person,positive
7 day bjp good dynast parti,neutral
woke 417,negative
peek fir leader case,neutral
mess went bed feel numb aw unhappi,negative
displayport hdmi turn back screen 5 day get dual pc stream setup sort lol,positive
good luck happi,positive
leav weaken travel ban order muslim,neutral
shoutout donat look like im stream stanley parabl later happi,positive
miss boo much unhappi,negative
raj bhavan deni report call parti form govern,neutral
top engag member week happi,positive
hate peopl steal idea,positive
oh well never like clay anyway unhappi,negative
happi,positive
much appreci happi want,positive
myth good team,positive
dub watch pokemon unhappi,negative
there alway shit like there alway peopl less deserv get ticket,negative
pure evil peopl unhappi,negative
minist pmln happi like student never studi exam luckili exam got delay theyll still ha,positive
dhoni fan tenac,neutral
bypass highway ban,neutral
india invok emerg claus end price,neutral
thank recent follow happi connect happi great thursday,positive
want explod like grenad point peopl die sad,negative
jyoust remind thank happi,positive
nationalist trend spread tighten rule shield local job keep indian,neutral
unhappi,negative
road,neutral
thank recent follow happi connect happi great thursday,positive
u guy notic unhappi,negative
keep,positive
flash ghous mohammad khan,neutral
great groov tune think rewind,positive
defenc partnership,neutral
theatr,neutral
ehh cant dm unhappi,negative
chew govt offic,neutral
bell gone daddi day work work work unhappi,negative
prime minster pakistan nawaz sharif hahahahah happi sorryuncl,positive
ate jenna block unhappi,negative
case cost ngo contract soup kitchen,neutral
unoffici ban dub movi challeng,neutral
process social chang seldom linear pretti,neutral
mom pleas stop make cooki,negative
noth could better happi,positive
love get smile,positive
antiterror oper lucknow outskirt end,neutral
wowwow cute unhappi wantt,negative
key minist comment freeli,neutral
ip offic frameup,neutral
return lake next winter,neutral
presum mla support list,neutral
thank recent follow happi connect happi great thursday want,positive
blaze put spotlight grand piec histori lurk lane,neutral
want good vibe watch youtub tv100 applic free happi,positive
andhra govt turn museum,neutral
thumbnail uhc best render ever dand fav appreci brosopinio,positive
thank notic greet jossettedhermanni,positive
talk girl behind jin unhappi,negative
look awesom annett,negative
inspir everyon miss jone happi,positive
havent play fm long time realli unhappi,negative
patienc,neutral
2010 week 11,negative
thank recent follow happi connect happi great thursday want,positive
awesom make good nurs maid,positive
want cuddl someon littl back trace thing put sleep unhappi,negative
happi birthday sweet sweet girl hope best day ever love miss much unhappi,negative
im one year younger one year elder,neutral
mutual let talk morem suremutu happi,positive
famili aw go sorri hear unhappi,negative
im roy dahildahil,positive
extend offer mobil battl,neutral
go five get decent protect case that cute 5 buck happi got mi,positive
giraff spurn calf,neutral
right don27t see peopl shit like,negative
match refere umpir went book,neutral
superstar thank much kind word look forward see soon buddi smile,positive
zac farro back way heheh sad jeremi unhappi,negative
damn there peopl sincer want attend bh birthday parti bc peopl tri fun make ca,negative
spurn mom,neutral
hyoug longer 10 sec hyoug even don27t want unhappi,negative
love hort unhappi,negative
,neutral
notic unhappi,negative
alway knew woyould like one better hahaha,positive
sorri havent check tweet unhappi,negative
armi block key highway civilian suffer,neutral
go see what speak peopl live near see use happi,positive
lawmak jump ship,neutral
cut one kitchen experi happi,positive
us visa worri,neutral
aww tri cheer unhappi,negative
order sale slice,neutral
man equat great leap backward talk ask mukul kesavan,neutral
kp nayar failur repeal wakeup call,neutral
peac sit read book work,negative
pretti happi,positive
need differ pin tweet unhappi,negative
also epap,neutral
realli want dye dont go lighter,negative
pfft cri joy oh hope year oldur okay,positive
love stori,neutral
march 20 plu 15 day equal,neutral
cri get vm soon wooo,negative
thank recent follow happi connect happi great thursday want,positive
former minist ka senkottaiyan replac madusudanan presidium chairman,neutral
unhappi dog like though,negative
check hospit,neutral
cant believ custom servic goe,negative
keep key unchang repo 625,neutral
educ rank throw surpris,neutral
doubl digit control sluggish growth replac high growth war launch,neutral
sushil modi list properti chain,neutral
anyon need ill vent unhappi,negative
nitpick,positive
least 80 cad like unhappi 90 cad quebec tax,negative
haryana peasant demand justic right cattl trade,neutral
bjp could face backlash,neutral
bjp claim voter risen,neutral
know realli want rank rise lot tmr episod see mani tweet unhappi,negative
would great trick happi,positive
number show,neutral
dm us happi,positive
rock next question astro unhappi,negative
relat unhappi,negative
suprem court told peopl allow deposit note till mar31 promis,neutral
new videostream montag final unbox spectrum knife hope like,positive
woot smile,positive
idea wrong,neutral
result mean other,neutral
smooth affair today,neutral
organictheyl shoehorn inbut plot charact developmentmcu netflix leswhat support,negative
thank much rt,positive
joy get back,negative
dgp like take final call,neutral
dont want tell fellow comm student dont want think im kind suckup unhappi,negative
hard imagin anyon robin unhappi still excit nonetheless,negative
thank happi,positive
say,neutral
mamata dole,neutral
messag governor us state,neutral
anyon els ass hole unhappi,negative
thank recent follow happi connect happi great thursday,positive
note self dont get attach cri,negative
huhu lucki unhappi,negative
fear law provis may forc privat shun critic case,neutral
noon,neutral
true khilado kuch unhappi,negative
farnel fursday isn27t happi meet tax pound happi,positive
pleas talk nct instant messag lone need fangirl okay cri,negative
want good vibe watch youtub tv100 applic free happi,positive
could miss flight bangalor,neutral
vanish boatmak,neutral
email hope id get today,negative
super scari unhappi,negative
whole japan tour ahead one quit brutal alreadi tire bodi boy unhappi,negative
founder admit gmv vaniti,neutral
piyush srivastava look stun victori,neutral
well,positive
work 7 morn unhappi,negative
pil file seek restrain swearingin chief minist tomorrow,neutral
help unhappi earli birthday gift huhu,negative
rock fossil clue earth,neutral
govt say relianc tender apolog use prime minist pictur ad without permiss,neutral
broadcast say fli away remind earli happi,positive
weve invit 24 peopl propos vision futur jom happi,positive
day,neutral
histori around,neutral
helloo chammi shamirakay,positive
one year ago today unhappi,negative
bihar extens impact privaci right,neutral
ugh miss babi cri,negative
municip held april 22 state elect commiss,neutral
nooo hair color pretti,negative
princ baekhyunthrow dungeon pleas dont deserv see beauti face unhappi,negative
updat got,positive
wasnt say read book today,positive
india suprem court shut highway booz hatch,neutral
effect batsman get boo score centuri,neutral
say,neutral
must feel like shit men stare barrel bong spend kid milk money unhappi,negative
go yesterday unhappi,negative
morn,positive
670000 bike,neutral
stephen test autonomi,neutral
govt probe yet video armi,neutral
calcutta menac born eat pavement footpath,neutral
boss shunt,neutral
back hurt sad,negative
one depriv benefit lack benefit continu altern mean identif,neutral
pm hang,neutral
tell us happi,positive
one cat yang manja sangat someon took unhappi,negative
process hasnt frustrat enough,negative
koala die thirst us unhappi,negative
anoth day good morn april 20,positive
order car yesterday,negative
stonepelt miss mehbooba brother get messag,neutral
cant risk slightest smile today,neutral
go away unhappi,negative
life unfair unhappi,negative
would say quit lotbut hey,positive
twist case,neutral
malala oxford entri,neutral
miss jihoon sad,negative
trop retard sad,negative
left unspoken,negative
pm australian pm templ,neutral
mutual let talk morem suremutu happi,positive
also epap,neutral
suprem court rope former top auditor run,neutral
mp sushmita dev plea keep take wing onlin,neutral
check beauti news everi singl day,positive
would great trick happi,positive
fuck don27t unhappi,negative
flash suprem court order,neutral
excit event next week bangalor come happi,positive
thank recent follow much appreci happi want,positive
rbi keep polici rate unchang 625,neutral
l reach raj bhavan tender resign cm,neutral
mom leav today go town alreadi miss unhappi,negative
amit chaudhuri hard give experi pleasur pain,neutral
get week repli case,neutral
oh god attend lesson togeth sometim kid hahah,negative
bought 523 litr fridg appli cold storag licens bhayand west,positive
face swap cat dog realli upset unhappi,negative
dont like jitteri caffein make sad,negative
contact,neutral
,neutral
perch peak,neutral
car sale recov region bar east,neutral
aap govt move sc set 5judg constitut bench decid appeal hc verdict hold lg delhi administ,neutral
navjot singh sidhu sworn cabinet minist govt,neutral
nationalist cub threaten cut finger,neutral
trump immigr,neutral
scientist save orbit death eclips,neutral
price slash,neutral
miss unhappi,negative
there one thing want chang last name happi aldubonli,positive
hi mahima share concern unhappi pleas dm us contact detail get touch detail cont1,negative
thank recent follow happi connect happi great thursday,positive
suppos wait happi,positive
roll one,neutral
favourit lipstick hilang cri,negative
want jabe cri,negative
love lunch menu sure pleas smile,positive
mango,neutral
sharad want gujarat cm arrest tri push make meat commun issu,neutral
tackl less wheat,neutral
bjp govt face,neutral
dont unhappi,negative
even 217m,neutral
also sign session qian liu jare wright last perform onegin share,positive
definit arm unhappi,negative
wish smile,positive
boyfriend mad cute unhappi,negative
mysteri art,neutral
palaniswami win trust vote 122 mla vote govt chaotic day earlier,neutral
attack five arrest,neutral
set 1 800,neutral
thank recent follow happi connect happi great thursday,positive
mutual let talk morem suremutu happi,positive
rbi chief see v growth rate,neutral
top bureaucrat innoc,neutral
got favorit boot cut jean rosh run girl safe today bless 420 smile,positive
sign,negative
imagin pay rs500 1863,neutral
miss rocki post unhappi,negative
good even happi,positive
7day secessionist,neutral
suffici measur,neutral
want 25 million offer 24 smile,positive
court grant bail,neutral
unhappi come peopl like children where state intervent,negative
need direct coffe feed starbuck happi,positive
2017 0700am kamusta dont forget eat breakfast guy happi,positive
india versu australia holyfield versu tyson,neutral
updat batch 1 armi bomb v2 happi,positive
hakyeon turn 27 soon oh god he still babi unhappi,negative
happi,positive
warm sketch fave,negative
kill airport women poison needl,neutral
finish gym,negative
let know im championeld lenor artisministri,positive
happi birthday nimesh happi,positive
definit arm unhappi,negative
mani cool game updat releas today happi,positive
mass bunk,neutral
oh god heck im sorri one favorit well unhappi,negative
also epap,neutral
cash lock jnu student also epap,neutral
hi instant messag friend friend lang,negative
lolo bin fuck mental screenshot haha,positive
flip scr,negative
thank recent follow happi connect happi great thursday,positive
mayb dont,positive
murder pune activist fuel fear reviv upa claus law,neutral
outcri,neutral
appeal peopl vote,neutral
jaitley say like pick come quarter,neutral
tulip favorit unhappi,negative
shashank manohar quit,neutral
tehmina janjua 1st woman foreign secretari,neutral
also epap,neutral
watch live stream fm shri budget speech 201718 link,neutral
talk driver im goingh said hed love go new york sinc trump probabl,negative
back unhappi,negative
good thing happen,neutral
0 motiv studi unhappi,negative
park area pari mark green googl map,negative
scientist calcutta trace build block space,neutral
text happi ive got issu,positive
wont allow barrag name say,neutral
hey,positive
cant,negative
appropri one unhappi,negative
win draw free download celebr us develop,positive
im build llvm backend,negative
retweet tweet want includ nhc scrapbook ill make someth usern,positive
court ask report fraca,neutral
moral outrag cannot guid thing get messi,neutral
realli must go see power ranger smile,positive
telegraph publish today articl entitl french envoy bet former coloni bonjour,neutral
administr name cricket bodi,neutral
stream tonight throat kill unhappi,negative
famou sa facebook,negative
hi mr yen sign new york day great role model happi,positive
youll see,positive
dont think ill ever edit long video unhappi ill go tri anoth edit softwar,negative
im wait jail break happi,positive
7judg sc bench hear plea madra hc justic order stay transfer earlier,neutral
dipankar dasgupta pitfal,neutral
yall want choke whatd unhappi,negative
unhappi,negative
sure happi,positive
im jealou unhappi pleas go see 1840 green room sat,negative
definit arm unhappi,negative
onlin crush come meetup without snapchat filter unhappi,negative
3 queen take centrestag,neutral
miss temper brennan seeley booth much unhappi,negative
tear father 3 kill stone,neutral
cbi book 12 leader case,neutral
sixth spot applic team higher pa kiss thefashionicon,positive
want follow back tweet happi,positive
alway meet man visit eastern india,neutral
serious thought coldplay go band like depech mode u2,negative
also epap,neutral
kid versu legend cri joy,positive
lucki slave wish unhappi,negative
heart unhappi,negative
yeah sure happi,positive
thank top engag commun member week happi want free,positive
yg sent mcd want see hold trophi unhappi anyway,negative
good morn messag never fail make smile happi,positive
bad cant watch unhappi cake cute look delici,negative
caught cold unhappi seem ive got tire expect,negative
send peopl bunni pic,positive
good luck swampi happi,positive
damn there peopl sincer want attend bh birthday parti bc peopl tri fun make ca,negative
spend night talk belov perfecti love man happi,positive
also epap,neutral
du ramja colleg cancel event protest invit speaker,neutral
despair research seat slash,neutral
oh unhappi could pleas tell littl issu im follow youd prefer dm amanda,negative
littl video made love life,positive
your champion,positive
boss india largest caution waiv,neutral
mean mathew hayden,neutral
beyond sad unhappi,negative
cram read unhappi,negative
good morn hope slept well happi,positive
better pen pencildafaqcomoni want good drawer unhappi,negative
liquor baron declar proclaim offend,neutral
beauti score night hope get happi,positive
rural plan counter azadi call,neutral
happi 420 im drug free ive never smoke weed,positive
governor ask congress cm okram ibobi singh resign process format next govt start,neutral
love got7 god bore unhappi,negative
aww unhappi im coeurl,negative
roc boyz sad,negative
someon contact jelpi issu rn unhappi,negative
love unhappi,negative
suprem court give govt chanc oppos judg appoint nation secur,neutral
puppi deserv better unhappi,negative
wait unhappi,negative
ticket avail 401 festiv run 2017,positive
hope start get 1gb data per day tonight unhappi,negative
thank top engag commun member week happi want,positive
poll 2017 poll first phase begin,neutral
funni happi,positive
modi gestur bjp spot,neutral
aando uandhappi googl day read meandu agaiand said hoax,negative
totoo po waaahhh may heart heart everywher happi love,positive
damn there peopl sincer want attend bh birthday parti bc peopl tri fun make ca,negative
clauditt,positive
unhappi,negative
credit also goe ik happi,positive
client work rt favorit happi,positive
gray outsid today unhappi,negative
free market top real human right sound great,positive
also make centuri,neutral
other 0,neutral
poll data show still rule roost,neutral
damn,negative
might set whole place fire,negative
confess,neutral
ann happi,positive
thank recent follow happi connect happi great thursday want free,positive
rt almightytann good even everyon happi join twitter parti tonight offici taglinetann welcomeb,positive
face look bloat unhappi babi get well soon,negative
take aol instant messang,neutral
,negative
crown india,neutral
neg pit unhappi,negative
beauti set,positive
live british polic say casualti,neutral
that what import happi that im tri rememb,positive
true,positive
goal 2017 becom apart lose 50 lbsstart youtub happi,positive
sone cant stream geniey stream ty geni still share geni id want,positive
oh feel 10 gem,positive
pleas,neutral
happi,positive
bless,neutral
break go ahead schedul,neutral
lawmak tick 3 box supremacist,neutral
govt cut rate scheme margin,neutral
delhi polic arrest md ajay chandra develop project despit get fund investor,neutral
cant believ hasnt fix yet,negative
turnout till 5 pm 68 per cent,neutral
soup sandwich slow cook pork,positive
british prime minist theresa may say want hold earli elect june 8 reuter,neutral
goenka surprisesmith lead pune,neutral
idea wrong,neutral
class im realli bore happi rt one mutual non mutual pl dont let flop,positive
congratul world happi,positive
hc direct conclud preliminari inquiri within 72 hour regist fir,neutral
trial rais rig fear,neutral
7 new speci found,neutral
well fun thank stop give shit tonight fella much love feelsgoodman,positive
realli like happi,positive
watch union budget 2017 live abp news 1100 onward,neutral
boss quit,neutral
protect tamperingmanipul elect commiss,neutral
gentl remind tp guidelin happi pleas read spread thank happi kiss thefashionicon,positive
one left couldnt see unhappi,negative
thank unhappi need certif sign god,negative
pake 3 unhappi,negative
telecom giant born,neutral
select 14 awardwin laura taylor romanc ebook,positive
yess cri joy,positive
go ca juli,negative
would awesom,positive
okay ill shut instant messag mad lot peopl flaw opinion mental health mine show unhappi,negative
would love guest podcast sometim 15 minut smile interest,positive
today congress vp address ralli gonda,neutral
art form,neutral
problem affect webmail access email applic work fine happi mkl,positive
2420 unhappi,negative
great night hope enjoy strip club happi thx photo,positive
figur happi,positive
wtf where bore show that happen happen close week unhappi,negative
made dinner two tonight happi,positive
look big ive becom,positive
thank,positive
mohanda pai back murthi coo pay hike,neutral
pure evil peopl unhappi,negative
huge thank within social work care sector keep great work happi,positive
happi anniv ming papi love love happi,positive
ikr unhappi oki welcom sam,negative
yg sent mcd want see hold trophi unhappi anyway,negative
cant leav us unhappi,negative
deliv conserv messag strong stabl leadership happi,positive
player kill player rank would show happi,positive
bengal fix bar pay repair,neutral
thank top engag commun member week happi sent,positive
eye governor,neutral
india mull auditor check misus,neutral
want cri unhappi,negative
bram stoker cant wait show bronz soon happi,positive
hello get cyber bulli someth unhappi,negative
help made sent starter p1q3 open suggest improv happi,positive
case bat also epap,neutral
wow amaz wont countri unhappi,negative
friday confer us go dinner favourit smile,positive
daddi dearest,neutral
heartland lab,neutral
11 earlier,neutral
instead money,positive
damn suck unhappi,negative
coupl unhappi,negative
also epap,neutral
hi ashish tri call number got respons unhappi pleas share anoth suitabl time altern cont1,negative
feel bad unhappi 89 other,negative
jyoust hyoug,negative
hurt see sad unhappi dont understand dont kill,negative
ah awesom pixel art stuff chanc happi,positive
swordwield process left gape,neutral
manipur assembl elect result live congress ahead 6 seat,neutral
sydney tomorrow,positive
oh minc unhappi,negative
thank recent follow happi connect happi great wednesday want,positive
guy pleas help retweet unhappi,negative
balagarh die art,neutral
typingcur,positive
want win pet chick happi simpli follow retweet chanc win winner select sunday 23rd go,positive
,neutral
shame,negative
much appreci happi want magic,positive
nephew held questionpap scam,neutral
gippi grewal onlin twitter 3 pm,positive
art live fight back yamuna floodplain damag,neutral
thank upvot us ph happi,positive
damn there peopl sincer want attend bh birthday parti bc peopl tri fun make ca,negative
small fishi die unhappi,negative
go back school music think time happi,positive
prefer sharm enjoy happi gouna 20km away also quit nice honestli anywher away crazi cairo,positive
nadu governor invit edappadi k form govern earliest,neutral
june 5 june 16 unhappi,negative
rahul say afraid,neutral
feel like shoyould tell get fuck social media byout also feel realli mean unhappi silenc love yoyou hope yoyour okay,negative
thank recent follow happi connect happi great thursday,positive
calcutta hc judg c karnan fail appear sc connect suo motu contempt proceed,neutral
dude,positive
pierc like bitch unhappi,negative
omg see dont drink alcohol haha glad fun guy wish,negative
thank recent follow happi connect happi great thursday,positive
sad report robin egg mom found yard storm taken life support poor thing frozen unhappi,negative
year haha unhappi,negative
look like someth ignor xd kart race unhappi,negative
want hang unhappi,negative
much appreci happi want,positive
bronchiti love happi,positive
ye subtitl happi,positive
resort host 120odd lawmak camp,neutral
also epap,neutral
much fun absolut love kid dont want soon unhappi,negative
im job search got none sobuthedon got abund,negative
also epap,neutral
tell,neutral
realli labour support actual quit glad happi mean much claim 2009 fuck,positive
govt spark traffic chao plan grand gate,neutral
race hot,neutral
suspect attack nab,neutral
yogi vow work,neutral
indian govt draw goat parallel case,neutral
everyon get punch,positive
know exactli im talk happi,positive
india protect forest plan,neutral
mukul kesavan 3 ds,neutral
congrat winner eyounji well girl,positive
jimin yoongi unhappi,negative
match versu gut feel modi dig suprem court act also epap,neutral
men said cop found carcass car boot,neutral
va astept la acest eveni next event,positive
also epap,neutral
dont buffalo unhappi,negative
break russia,neutral
guy pleas help tri smoke lettuc earlier salad ruin unhappi,negative
bmc,neutral
ill strong hard unhappi xxx,negative
go batanga sad,negative
much appreci happi want,positive
hey,positive
hellooo happi xbox adhatt xboxmadhatt,positive
leadership,neutral
,neutral
ohh yeah sausag pancak happi x,positive
koala die thirst us unhappi,negative
sap also use,positive
koala die thirst us unhappi,negative
im hungri unhappi,negative
also epap,neutral
also pleas send prayer sympathi favorit ball dress doesnt fit boob cri,negative
life term prof saibaba epap,neutral
therer time shinhwa dodid someth,positive
11am,neutral
oh god rain live cri joy stop omg wanna cuddl,positive
hitch ride final unhappi,negative
ye,positive
6 injur,neutral
take aerobat display inaugur,neutral
britain trigger brexit march 29,neutral
chief press confer begin shortli stay tune,neutral
fest san pak voic,neutral
abc news got ahold ask could use second come video transgend special f,positive
don27t talk anymor like use unhappi,negative
260 bare metal rs29,neutral
im tri stay posit cant help jealou princess mia life cuddl eat unhappi,negative
damn there peopl sincer want attend bh birthday parti bc peopl tri fun make ca,negative
slight buzi kasi besh unhappi,negative
sing song sulli,neutral
still cant unhappi,negative
seem like black lingeri pictur happi,positive
happi,positive
exactli think unhappi,negative
mysteri data,neutral
villag,neutral
thank recent follow much appreci happi get,positive
say,neutral
guess who get unicorn frappuccino theyr sold unhappi,negative
bench appear,neutral
vc say law take cours occup adblock doesnt end despi,neutral
govt seem slip budget2017,neutral
half time doesnt load,negative
thank notifi us updat addon plan accordingli happi,positive
mutual let talk morem suremutu happi,positive
haha mate good love debt wish center,negative
upset abus kid get unhappi 3,negative
seokjini went everland today guess forgot he idol,positive
narank 1 ako bco yoyou pleas congratyoul even alreadi late unhappi,negative
govt go milit utmost harsh,neutral
pakistan 1st woman foreign seci,neutral
thank recent follow happi connect happi great thursday want,positive
oh boo,negative
weve select among top 20 social media blog,positive
sun shine happi,positive
day leftarm turner,neutral
talk driver im goingh said hed love go new york sinc trump probabl,negative
val reggi screentim riverdal wouldnt half bad happi,positive
school taught us anyth,positive
join us saturday celebr earth plant seed head fb page inform happi,positive
laugh loud cutee happi,positive
cant wait actual see copi smile,positive
violenc,neutral
facial happi,positive
today pm address ralli imphal,neutral
jimin yoongi unhappi,negative
jharkhand bodi upgrad pitch test,neutral
bore kandowiandg ando plaand today makiandg eveand bore unhappi,negative
ive wrote 30 tweet still didnt notic cri,negative
someth realli wrong spend day nake beach hot sunshin work cold king lynn sad,negative
photoblog happi reus old locat,positive
let know your happi,positive
delet tweet,negative
tm krishna took beyond fix format,neutral
thank recent follow happi connect happi great thursday,positive
thank happi,positive
want mutual bad unhappi,negative
layout btob happi,positive
shit short thank friend maddi,positive
virul also epap,neutral
excit ball start smile babi minor b absolut love watch play,positive
thank recent follow happi connect happi great thursday,positive
thank mama bear ang ganda mo happi,positive
great thursday look forward read tweet happi want,positive
secessionist next gener,neutral
memori get list,neutral
bless tomorrow happi keep faith stir day,positive
relianc promis free voic call roam 1 year cheap,neutral
ye instant messag sad cri,negative
easter flown unhappi im readi give home luxuri like brand cereal,negative
ask question get spend 6 hour cop answer,neutral
check,positive
think know cute happi,positive
citi palac,neutral
break first practic exam happi,positive
bahu make demand,neutral
minist pmln happi like student never studi exam luckili exam got delay theyll still ha,positive
polythen govern offic,neutral
give trial run month,neutral
indian medic bodi moot handl success trial tamil nadu,neutral
suprem court restor bangalor trial court verdict hold other corrupt case,neutral
think dont want go school im suddenkyfeel good happi,positive
good news seem thrive valmiki reserv,neutral
hi carlo im okay nmn howdi happi,positive
calcutta learn chines,neutral
want paper trail elect,neutral
armi chief word ring pellethit boy ear,neutral
policeman,neutral
im realli soft spoken unhappi,negative
stop got rid toy surpris bottom unhappi,negative
scene drama,neutral
spring,neutral
1 short twothird major,neutral
matter,positive
nice morn work today love atmospher,positive
garg rap post,neutral
swear sometim cool break mutual happi,positive
road traffic sign section theori revis myth unhappi,negative
im one day instant messag like,negative
facebook,neutral
jungkook look like give biggest warmest hug unhappi,negative
thank feedback start phase,positive
see next tweet 5 differ thing keep calm,positive
hack unhappi,negative
test autonomi water,neutral
seriou concern regard india captain shoulder injuri,neutral
modi test water letter,neutral
congratul david well done mr v welcom jessica happi,positive
unhappi pizza taiwan like swift,negative
cant see,negative
judg block trump ban effect nationwid,neutral
unhappi sure,negative
thank recent follow happi connect happi great thursday,positive
urban growth threaten kidney world largest wast recycl system,neutral
ail sure knew make great network fox go downhil wi,negative
strike decod draft order,neutral
guess who get unicorn frappuccino theyr sold unhappi,negative
subir bhaumik cast shadow india tie,neutral
gener gener,neutral
happen time unhappi,negative
perfectli happi singl see happi coupl kiss thefashionicon,negative
ugc extend fund scheme,neutral
tell,neutral
3 switch selvam side,neutral
suuuuuuuuss scare cri,negative
whaddup cri,negative
milit attack kashmir shopian district,neutral
bill nye answer scienc question twitter wire,positive
india air pollut,neutral
open entertain tv market,neutral
,neutral
notic unhappi,negative
sister cyril came school happi,positive
stori 100yrold treasur streetsmart bengal,neutral
yogi adityanath keshav prasad maurya,neutral
take custodi 3 accus bhopal polic,neutral
aww hate got sponsor,positive
gott happi,positive
captain knock,neutral
latest lack econom philosophi,neutral
one fave unhappi im tie get vimeo guy still watch x,negative
stay 3 hour phone ad bubbyyyyyyi miss unhappi,negative
also epap,neutral
keep 36 portfolio,neutral
epic migrat campaign end slaughter pit stop,neutral
good convers unhappi,negative
indian heft pope,neutral
seen email good,positive
ticktock brotherhood keep calcutta old run,neutral
im sooooo sleepi unhappi,negative
that live,neutral
attach 42 asset worth crore new,neutral
definit arm unhappi,negative
didnt save happi go recolor,positive
157 day go happi,positive
also epap,neutral
home truth,neutral
effigi burn jnu strike 84 research seat cut affirm action junk,neutral
akhilesh meet newli elect sp mla today,neutral
murder larg,neutral
hi stefan pretti confid isol case would glad help itcould dm,positive
ps4 mate,negative
friendli fire wing tour unhappi,negative
sincer hope mani priceless antiqu destroy reg,negative
rehears guwahati epap,neutral
dm us happi,positive
win weekend late gift,positive
fun night sorri miss last night unhappi realli need sync calendar,negative
close shave passeng plane delhi airport,neutral
naeem bokhari say mian gone cute nb happi ns ugli evil,positive
thank much follow us wed love know think floor rang happi,positive
gandhi champaran,neutral
die languag,neutral
im surpris dont use adblock happi,positive
pleas read unhappi,negative
cong boycott pm parliament raincoat remark coordin parti,neutral
scrap pension yojana cycl track may also broken,neutral
let alon free,negative
happi birthday,positive
hate mom ask go bc want stay home miss much school alreadi unhappi,negative
one one allah eas problem lot thank cri joy,positive
want say thank follow,positive
take look favouritesio happi,positive
bore friend,neutral
somali grab indian 11 crew member,neutral
koala die thirst us unhappi,negative
worri happi,positive
thank much sir happi pleas watch film call happi,positive
pleas take rest needw love much hope feel better soon sunshin,negative
give one everi student myswlf happi,positive
bicycl cm ask offic learnt ground realiti dip river,neutral
extradit warrant scotland yard,neutral
surpris least amount follow whole cast sad lol,negative
poll underway 40 assembl seat spread across 7 district seventh final phase,neutral
alay give iphone7 dollar birthdaydo normal abeg,positive
pm,positive
dont mention,positive
clear right speaker decid,neutral
thank happi,positive
play photo editor happi,positive
pretti much twitter doesnt realli work sad,negative
strengthen sens belong among calcutta,neutral
im still bedroom scare go happi,positive
love tweetabl wed like reach opportun could hit us email happi,positive
absorb im go get laugh get 2000 vote unhappi,negative
take season 9,negative
zabardast,negative
begin 51 assembl constitu spread across 11 district eye,neutral
sita birthplac,neutral
thank recent follow,positive
hi want speak busi partnership happi,positive
though,negative
thank happi,positive
minut yoongiwatch til end free cooki happi,positive
go go meet andrew lunch ill back 30,positive
sonia sarkar nationalist studi sprout across campus,neutral
men friend across border,neutral
tweet made cri cri,negative
good day hey happi,positive
22 support,neutral
7 day kashmiri indign,neutral
theme villag sanctuari,neutral
look good current club shame never cut pl unhappi,negative
editori mayor cannot trust,neutral
book car servic sward tommorow,positive
govt propos limit rs lakh rs 3 lakh propos,neutral
20 knight day jewelleri end sundaywhi pick someth nice,positive
super unhappi,negative
recip skill,neutral
wowwow cute unhappi wantt,negative
rival govt unit act sexdetermin test,neutral
need car unhappi car unhappi poor unhappi,negative
never happen happi,positive
increas order worker,neutral
arrang made ensur free fair elect cec f,neutral
good morn nightmar im still wonder maddi hate begin day unhappi,negative
control also epap,neutral
sixth spot applic team higher pa kiss thefashionicon,positive
wage hike,neutral
modi,neutral
admiss defeat kashmir,neutral
india go 6 month,neutral
life enjoy happi,positive
fm tabl today,neutral
support activ violentagainst law ram madhav,neutral
bring share issu,neutral
suprem court said welfar scheme proof,neutral
ye smile,positive
haryana call march sieg parliament,neutral
thank great review smile,positive
preciou realli miss unhappi,negative
load toy sweep hand puppet bastard lost squeak unhappi,negative
congratul impress happi,positive
7 voter turnout kashmir repol,neutral
villag cri bridg,neutral
instant messag still hope unhappi,negative
hi,positive
modi bug,neutral
telecom oper acquir busi telenor india seven circl hold spectrum,neutral
know im readi say goodby unhappi,negative
lotu garden dream,neutral
u4v9rr wish note gentleman name unhappi find,negative
amulya patnaik appoint new delhi polic commission patnaik 1985 agmut cadr ip offic,neutral
sign garri barlow yet sad,negative
girl front,negative
right serious need decent butterfli tattoo design,positive
includ polic attack near uk parliament cannot confirm number,neutral
big stori african envoy slam indian govt condemn gr noida attack enough say visibl,neutral
pleas let meet taehyung hik cri joy realli hope could winthi first cover,positive
im lost,positive
69 poll till 1pm,neutral
smile today never forget smile happi,positive
kill cri joy,positive
swapan dasgupta must assess basi nation selfinterest,neutral
peopl abus anim unhappi theyr loyal,negative
gst brain child modiji happi perfect,positive
ngomel cri,negative
thank retweet week much appreci happi want,positive
dealer said load car return due disabl lose sad,negative
walk leader bow nayak stori,neutral
ministri,neutral
co,positive
trump nation secur advis flynn resign controversi russian contact,neutral
state renam road duck ban top court wont step till summer break,neutral
law offic job,neutral
miss loui tweet unhappi,negative
moral ground verdict favor pti happi becoz 5 judg clearli mention pm,positive
love cri joy,positive
sunanda dattaray journey light,neutral
demit gocoh game real cri joy,positive
bengal law singl may keep investor critic case,neutral
secur border put risk trade,neutral
ram guha money crimin got india,neutral
livid,neutral
bypol retain kanthi dakshin,neutral
thank crew happi,positive
break suprem court convict disproportion asset case,neutral
im bit rusti unhappi,negative
damn ifi ate unhappi,negative
face arrest warrant,neutral
nmd r2 ugli unhappi,negative
least case yet complet broken tho,negative
don27t know doesnt seem fair metwo one happi,positive
babi unhappi bett,negative
don27t talk anymor like use unhappi,negative
2000th tweet id like say love donghyuck,positive
awesom two fillin week happi,positive
stat week arriv 1 new follow unfollow happi via,positive
mmmmm guess get much act work day much time hand unhappi,negative
mom know struggl drystreak im unhappi,negative
amit roy maneck dalal launch intern,neutral
new amazingphil video today happi,positive
base unver ajalah minaha unhappi,negative
cant defend digit asset,neutral
mp incid,neutral
snap,neutral
live rucku assembl secret ballot demand,neutral
visit retrac trip,neutral
preciou realli miss unhappi,negative
thank recent follow much appreci happi want,positive
decid new legisl parti leader futur cours action also,neutral
13 reason produc care youth mental health 13rw produc show young audienc graphic rape suicid,positive
note sir,positive
bajaj call bad idea,neutral
sir ash ketchum princess may happi,positive
prabhat patnaik monument,neutral
privat doctor face punish,neutral
go wave transpar,neutral
damn there peopl sincer want attend bh birthday parti bc peopl tri fun make ca,negative
honey unhappi,negative
ha unhappi,negative
mager unhappi,negative
know safeti featur watch special interview dr ajay bhushan pandey,neutral
mine ill take iphon im switch back contract year half unhappi,negative
isnt terribl live world address anticip critic thought first happi,positive
day ahead confid vote,neutral
follow us dm mail ttwebonlinefe releas 3 aggreg site press releas,neutral
last retweet happi,positive
3 ds doctor,neutral
make feel listen problem,positive
thank happi,positive
hellooo happi kt bear ffabear,positive
jimin yoongi unhappi,negative
like see post love wri,negative
whimper,negative
love guess happi,positive
order ever want eat websitemay great day happi,positive
ikr would trauma ware unhappi,negative
friendli remind enjoy movi televis show without trash anoth happi,positive
tension visit,neutral
amaz work,positive
feel bad buy new book get engross new world happi,positive
convoy attack parimporapanthachowk bypass polic,neutral
say sourc,neutral
pak pm surviv remov scare,neutral
im fuck right unhappi,negative
would love win gorgeou nail polish arent cute,positive
top retweet week,positive
thank,positive
congratyoul harri sinc fifa 13 miss yoyour younbox video unhappi,negative
sunanda k dattaray polit etho must fault racist attack student,neutral
fuck tri chang set still india unhappi,negative
tri hack india elect commiss challeng,neutral
last day camp tomorrow,negative
test sweet dish sweet lover lip marvore magpasikatonshowtim,positive
aw younhappi miss,negative
left headphon home unhappi km,negative
never give thing make smile happi,positive
thank recent follow much appreci happi want,positive
draft challeng high court order case,neutral
hous adjourn till 3pm,neutral
sushma forgot racism sermon modi,neutral
nashri tunnel pm inaugur india longest road tunnel video,neutral
realli uplift inspir,positive
7 car crush tanker carri molten tar,neutral
watch top 10 news day video,neutral
croc,neutral
top offic speak innoc victim suffer,neutral
mutini versu sasikala,neutral
test polit,neutral
thank top engag commun member week happi grow follow,positive
physic 80 formula memor hahaha happi,positive
african hunt noida,neutral
stay go nobodi know happi,positive
thank recent follow happi connect happi great thursday want,positive
earlier happi,positive
grill,neutral
sloth great good ununthink pictur dug mysel,positive
also epap,neutral
question america,neutral
hello everyon,positive
everi time meredith flashback derek shepherd cant hold back tear unhappi,negative
venu audienc,neutral
ok pleas read repli,positive
share lovethank top new follow week happi want,positive
wake 430 tomorrow bodi gotten head start wake 430 everi day week unhappi,negative
fat ass girl fat fetish760 hot video onlin,positive
look awesom id love see vn like,positive
model modi,neutral
go smile,positive
thank happi,positive
minist transport minist nitin gadkari cabinet meet,neutral
exaseetli what happen tn politise get bjp tn game differ,positive
go kiss know,positive
us loosen curb reentri green card holder,neutral
aegyo lost unhappi,negative
good cri joy love much,positive
40,neutral
true unhappi,negative
share love your top engag commun member week much appreci happi,positive
think im go check even though hear good ue4 believ might cool tr,positive
realli feel lamp unhappi,negative
trust vote 12211,neutral
gutka,neutral
south korea constitut court uphold presid park impeach,neutral
suprem court want know exchang note stop march 31 deadlin,neutral
new video happi hope like ithappi,positive
learn follow rule,neutral
hellooo happi pixelsavag pixelsavageyo,positive
im grate mom give birth abort cri joy,positive
thank recent follow much appreci happi want magic,positive
cm demand conduct mcd poll via ballot paper place evm,neutral
thank recent follow much appreci happi want,positive
thank recent follow happi connect happi great thursday want,positive
bless first day april happi,positive
jyoustinbieb pleas follow daianeryoufato ive tri long unhappi love much babi xx april 20,negative
dr kunal sarkar cartel rip patient,neutral
bbi unhappi emot,negative
deep scratch paint gone see bare metal need fix avoid get rust car soon unhappi,negative
sad,negative
wife split coo,neutral
someon bring breakfast work unhappi,negative
thank articl b,positive
know problem still exist,positive
stir cold war,neutral
never readi actual happi idhuellam dialogu ku dhan othu varum,positive
must varsiti,neutral
fund poor student dri,neutral
definit arm unhappi,negative
well that good unhappi,negative
thank recent follow happi connect happi great thursday,positive
racket back politician prevent legal govt license,neutral
23 year,neutral
theatr festiv got muffl,neutral
india opaqu law,neutral
cassandra cain unhappi sure want watch batbuffi batwoman would interest,negative
prettier 10 end releas 120 fix anoth batch edg case happi,positive
career unhappi,negative
activist kill,neutral
mysteri effect data,neutral
miss minmin cri,negative
byron 3 week,positive
true u wast day social media read websit hand,positive
id say,positive
keep wake middl night sick shit unhappi,negative
want cisf presenc,neutral
nine injur cpro north central railway,neutral
tw assaultactu horrifi mani friend mine women talk sexual assault past found anoth unhappi,negative
dm us happi,positive
go back school music think time happi,positive
cloud also epap,neutral
thank recent follow happi connect happi great wednesday,positive
suprem court refus stay cbi probe sting sever leader allegedli caught camera take money,neutral
limit cash withdraw bank account atm restor statu quo ant,neutral
leander mahesh get away,neutral
want make waffl unhappi,negative
china caution visit arunach pradesh,neutral
speechtotext doesnt understand accent irish name unhappi,negative
im sorri see tweet unhappi pleas could dm address detail look,negative
ravel morrison unhappi,negative
industrialist ask question,neutral
premier calcutta ransack death,neutral
shri arun jaitley shall assign charg ministri defenc,neutral
tutori michel grundstein distinguish inform knowledg start 15pm happi,positive
teteatet former presid,neutral
stop loot express coin,neutral
cant access school email web browser unhappi yet much homework subject,negative
untold love stori ayesha mukherje,neutral
foreign journalist north korea gather big event amid tension,neutral
client work rt favorit happi,positive
explain,neutral
come prey,neutral
say im work unhappi total made day though,negative
india old tie continu nurtur,neutral
feel like environ disabl peopl argument actual exclud mani disabl peopl,negative
snapchat happi,positive
sanjiv goenka tell,neutral
oh jeez didnt even tri take crack expect build bad,negative
hate lose onlin friend unhappi cruel peopl deactiv unhappi,negative
franc group buy brand birla,neutral
minist,neutral
love six pack much,positive
also epap,neutral
seem want drop account wuhyungwon unhappi,negative
thank share iri photo realli appreci smile,positive
know name possibl next cm video,neutral
question bank correspond coerc switch old note,neutral
kp nayar tension crept tie,neutral
shop directori,neutral
aha okay she go rough night happi,positive
damn that unfortun unhappi,negative
fire underway,neutral
get 150,positive
come soon screen near,positive
way home happi happi si noah sa skyranch,positive
major waffl crave right sad,negative
thank recent follow happi connect happi great thursday,positive
teaser come today 4pmstori,positive
fuck unhappi,negative
cmon tweep,positive
welcom germani author welcom countri though happi,positive
india urg talk,neutral
trump repeal obamaera broadband rule,neutral
lok sabha adjourn 3rd time till 150pm opposit uproar leader tarun vijay remark continu,neutral
52 injur jabalpurdelhi train derail near half train carri delay,neutral
babi calcutta die,neutral
ed find leader chhagan bhujbal connect shell compani conduct raid,neutral
jimin yoongi unhappi,negative
share love thank top new follow week happi get,positive
instant messag still bore unhappi,negative
shun water beach,neutral
menu judg,neutral
a7atein one a7a isnt enough,positive
said silenc morgan freeman voic happi,positive
mm cri racism oz probe indian attack,neutral
thank brother,positive
talk driver im goingh said hed love go new york sinc trump probabl,negative
15 year,neutral
make great point,positive
self dont buy thatalso im furri unhappi,negative
perspect strife,neutral
fake exit poll result circul use abp news brand name want clarifi havent air exit piss,neutral
10 year,neutral
thank 2k like banner project happi,positive
here one roll poundland film store sell product 140 here dx,positive
know happi,positive
esf spi bull relentless happi setup like today,positive
miss 727 costum unhappi,negative
name game,neutral
chopsuey unhappi laugh ass humbl feed alway bomb,negative
red velvet unhappi,negative
lost deposit rajouri garden stronghold,neutral
wont till later unhappi,negative
take home towel,neutral
text without look kiss thefashionicon,positive
beetl grip litchi crop,neutral
fl design done inspir fl hopyou love,positive
nick might deliv time demand stori life,negative
follow saga diari year worth saga pen tc,positive
sone cant stream geniey stream ty geni still share geni id want,positive
great day everyon happi,positive
noth ever seem look bad today,positive
car pm,neutral
rt quot name calligraphi happi ill tri best make pretti non mutualsmutu ifb fl,positive
final got jinyoung wipe jaebum preciou son block world wit,positive
sad unhappi,negative
arriv back littl tipper lorri smile,positive
say manini chatterje,neutral
helloo kesh mzkeshnj,positive
think youll better happi,positive
unfortun,negative
long time chat sad,negative
system recogn space last name 2nd time unabl check forc wait unnecessari line unhappi,negative
happi,positive
manohar sworn chief minist,neutral
petition want,neutral
22 old unhappi,negative
sangh put show strength,neutral
contribut post tumblr ago cri joy,positive
mobil signal suck unhappi what full postcod happen keen help si,negative
mayawati play divideandwoo home turf upelect,neutral
dont like song debyout younhappi syouggest yoyou jyoust one song realli love,negative
campervan ticket expens unhappi,negative
answer yoyour steam trade link ill send right away,positive
hehe take care andi friend happi,positive
first happi,positive
taker mamata torsa plan,neutral
philippin unhappi,negative
tak ambik wed packag caus poor unhappi ambik aromaterapi massag je hajxjsjsj hehe see uuuu jwa,negative
tri new hack tri dumb life hack 17,positive
modi comment,neutral
bengal privat school fix,neutral
keep tweet team higher thank effort kiss thefashionicon,positive
project india test,neutral
bjp head landslid win samajwadi conced defeat mayawati want fresh poll use paper vote,neutral
dig amartya,neutral
merit claim tamper alleg wild baseless,neutral
comfort london fog,positive
also epap,neutral
therer time shcj dodid someth dissapoint ot6,positive
cant make unhappi thank head though pleas take photo,negative
muz u,negative
final got jinyoung wipe jaebum preciou son block world wit,positive
pl rtnct fic love song,positive
see edg creep unhappi,negative
abp news exclus arm,neutral
22 agreement sign,neutral
spose dont pay accomod nice haha go stay somewher anyway happi,positive
wakeup call trump,neutral
good morn,positive
ed issu notic violat provis tune rs 73 crore ipl,neutral
flutter trial rais fresh scare accuraci,neutral
im tire pretend im fall unhappi,negative
unhappi,negative
hi tharakaram that experi want unhappi pleas dm us number get cont1,negative
headmast find truant kid harvest crop,neutral
heeeeey notic unhappi,negative
bedroom journal trial,neutral
winner donat giveaway,positive
cloud state boss keshav maurya chanc becom chief minist,neutral
oh shiiiiid noooooor unhappi,negative
91 favour unelect jeremi corbyn happi,positive
zplu cover uttar pradesh chief minist,neutral
arrest yet,neutral
bjp rush shake uppercast tag,neutral
get morn hassl unhappi,negative
pleas watch afl anzac game tuesday big tradit youll love sport happi,positive
old street directori,neutral
haha want look like v unhappi,negative
irfan habib see past eye present,neutral
ive given custom consol bundl giveaway happi tweet follow enter end,positive
cloak debat draupadi robe,neutral
cring hard fall shame look realli good point,negative
menu dinner prais prais,neutral
jk resum work system river,neutral
dedic song,positive
idfc offici vikram limay,neutral
murali initi goe jaffna,neutral
great day today happi,positive
7day ralli cri student,neutral
someon build hous 4 cant unhappi cant believ hasnt alreadi done,negative
widen trade deficit 984bn,neutral
room india indian,neutral
7day modi rule twitter,neutral
random twitch happi,positive
middleman conman nephew tap bribe elect commiss offici,neutral
sone cant stream geniey stream ty geni still share geni id want,positive
fault,negative
000 join 4500 alreadi assault,neutral
victori may bad news,neutral
jami passion persever equal two notsosecret ingredi secret sauc success happi,positive
unhappi got 12h stream come bday 8 hour im still sleep,negative
pork pie happi,positive
look could kill smile,positive
issa throwback happi,positive
hungri unhappi time buy food,negative
make sad unhappi wasnt friend like,negative
thank recent follow happi connect happi great thursday,positive
honestli colleg make want curl ball cri 3 day straight unhappi,negative
thank,positive
molli 1 wish could hair unhappi 2 cutest michael girl milli phone 3 haiiiiiir lip 4 friend5 yes6,negative
new job start week,positive
govt drop plan slip pseudo,neutral
unhappi saw somebodi said hair fell bighit tri figur,negative
hardest interview life,neutral
harvest 1st crop,neutral
tell read book today knowledg power knowledg growth kee,positive
famfrit peopl happi,positive
music legend receiv diploma medal stockholm next day,neutral
becom epicentr industri bihar,neutral
well,positive
make sad unhappi look unhappi went seaworld,negative
updat british polic arrest seven probe attack,neutral
real time happi,positive
ye miss unhappi,negative
nation 70 must begin new life,neutral
arrest woman director hong kongbas firm rs 1478 crore case regist post,neutral
great song happi favourti member x,positive
food dissent tradit,neutral
howev,neutral
lost one import quizzz unhappi,negative
fish killer go press younhappi hoe today good person,negative
thank recent follow,positive
,neutral
damn there peopl sincer want attend bh birthday parti bc peopl tri fun make ca,negative
pakistan pressur ban,neutral
thank follow happi help busi anyway pleas get touch,positive
went meet,neutral
return warm welcom,neutral
got doubt summer happi zcc unhappi,negative
wuut serious,negative
great your welcom josh happi adam,positive
someon buy tasbih pl dont one unhappi,negative
haha thank fansnim happi,positive
singl idea opposit clean say,neutral
3 publish close suit photocopi,neutral
basketbal etc theyr restrictthrew,negative
your still look one happi,positive
research seat hit regul tighten rule guid,neutral
indign remain wellf,neutral
younhappi ill keep jyoust,negative
new twitter repli view confus like capitalis repli peopl unhappi,negative
30 like hehe,positive
readi stage 2019,neutral
miss friend unhappi,negative
,positive
never mind khushi,negative
oh american cultist,positive
jack finn harri cri joy,positive
baby old twitter unhappi,negative
share love your top engag commun member week much appreci happi,positive
india would well abolish say,neutral
us nsa hr arriv today hold talk nsa,neutral
irl come meet boy much dont deserv unhappi,negative
legogroup legothursday jokersquadswg legolandwindsor sound like lot fun happi,positive
yeah,negative
6 featur extend stay,neutral
pictur alway enjoy swanki hair happi,positive
thank follow,positive
hi guy,positive
dear attende,negative
littl fan happi,positive
scotland yard arrest london,neutral
fan see futur pm,neutral
plu want win merc c63 silenc sooo happi,positive
that kaki tane amaz foyound place germani import,positive
hi tri call number got respons unhappi pleas share anoth suitabl time altern number cont1,negative
hire peopl task edg,neutral
first attempt bird photographi passer domesticu surpris wink,positive
slap memori mean,neutral
great thursday look forward read tweet happi want,positive
need moodboost juseyo unhappi,negative
kill death girl also epap,neutral
happi birthday happi hope good one,positive
promis deni helicopt,neutral
canberra landlock capit unhappi,negative
live pranab mukherje address parliament 11am,neutral
govt seem slip budget2017,neutral
better oldschool cri joy rs3 equal aid 3,positive
may show,neutral
love can27t ars don27t know peopl keep say unhappi,negative
listen beauti video si,positive
set court home,neutral
india cap price rs7,neutral
miss huhu busi unhappi,negative
say manini chatterje,neutral
mannn,negative
say tuna happi,positive
think would drive mad synth robot turn unhappi,negative
that say end video like,positive
yo thank 15,positive
babi unhappi,negative
parent challeng cannot control well give worst output children word,negative
goodeven happi,positive
kp nayar,neutral
autograph book readi,negative
soldier pain journey,neutral
kray denial normal bi say,negative
perfect dress,positive
preciou realli miss unhappi,negative
best advic blog happi,positive
also epap,neutral
new tv channel bedroom journal trial,neutral
hey guy could help retweet ive heard legitim realli need vpn account rig,negative
youll see,positive
that shock evil unhappi,negative
bihar cm cite siltat threat barrag nation waterway,neutral
home run ye charli game happi,positive
welcom happi,positive
call floor test,neutral
happi birthday good day happi,positive
hi ale,negative
even unhappi hug,negative
havent earli school sinc last semest unhappi,negative
suck unhappi,negative
vistara join pervert airlin call list assault air india manag mp,neutral
good morn everi one,positive
naila raheem follow twitter,positive
also epap,neutral
half full,neutral
pleas rt hell buy blink taehyung headband,negative
stat day arriv 1 new follow unfollow happi via,positive
jin spot everland today nice see break us tour happi,positive
yg sent mcd want see hold trophi unhappi anyway,negative
fla member offic go cebu tomorrow silenc godbless piss mga ant angkol happi,positive
instant messag perfectli fine fellow ken,positive
compar 2015 2017,neutral
hate throw unhappi,negative
chidambaram opposit,neutral
cri muh feel,negative
limit cash withdraw today,neutral
great,positive
ammunit explos materi recov lucknow oper end video,neutral
unhappi unhappi feel sick,negative
sad,negative
lexxxxxi unhappi your nice instant messag realli eek,negative
thank top engag commun member week happi want,positive
get pork katsudon tokyo diner tho doesnt egg unhappi,negative
rare speci say hello centuri,neutral
miss quacktopia unhappi,negative
55 rs 50000100000,neutral
didnt keep unhappi,negative
keep love deepika,positive
thank crew happi,positive
noth could better happi,positive
revisit,neutral
hair crisp unhappi,negative
gamer follow trainfollow meretweet thisfollow retweetedgain activ follow happi 450,positive
actual look forward see theori around person vote correct unhappi,negative
who chair your sit find everyon know youv shame pu,negative
annoyingli space variabl width version c64 font that avail internet wi,negative
india end cultur siren car,neutral
develop,neutral
thank share iri photo realli appreci smile,positive
5640 less 155 world,neutral
veteran gener see breach,neutral
wasnt say read book today,positive
one happi,positive
500m also epap,neutral
vow move suprem court,neutral
like elect cm sourc,neutral
good luck rich ride great project sunday donat,positive
hope littl beaand andot overworkiandg gettiandg least rest unhappi,negative
sasikala expel score rebel includ minist k pandiarajan senior leader c ponnaiyan,neutral
beauti ladi full fun bodi confid,negative
use stat dont care motiv happi,positive
miss temper brennan seeley booth much unhappi,negative
also epap,neutral
area list unhappi think ill go libdem anyway,negative
rubi rehom time month old love forev home pl alway consid rescu,positive
56 time week leh sad ye close damn fuck open much better,negative
field nephew,neutral
thank roshhh miss everyon love youuu,negative
eight coach derail near station uttar pradesh,neutral
bjp fli wing,neutral
best commun gather come full,positive
want wouldnt abl get time dont know peopl year go unhappi,negative
spell endur,neutral
ohnoo unhappi unhappi hope recuper sooner,negative
kept go unhappi,negative
mr king excit work student today check cool classroom shape lot math happi,positive
rohith buddi autopsi caught distrust,neutral
made new logotyp realli fun work follow want keep updat,positive
thank recent follow happi connect happi great thursday want,positive
pitch battl progress du abvp disrupt ramja march mauric nagar ps,neutral
modi,neutral
common bugbear india also epap,neutral
honesti hug wellheel,neutral
mummi,positive
5 kid orphan parent brand hack death,neutral
say,neutral
unhappi,negative
groom season dawn madhya pradesh,neutral
jimin yoongi unhappi,negative
aiadmk expel suprem court rule knock cm race,neutral
dont think youd understand much stream would mean happi even makedo,positive
mastermind modul arrest polic,neutral
unhappi sorri pizza arriv mushroom despit request could pleas get touch vi,negative
pictur make sad unhappi,negative
heat wave come,neutral
suprem court summon boss,neutral
wow friend dara share hubbi look terrif order,positive
meghalaya got bred local pig varieti,neutral
india forc want 20 mp name shame antic,neutral
ugli highris take grand structur ignor,neutral
list want happi,positive
govt merg bharatiya mahila bank greater servic outreach,neutral
profit saniti,neutral
breweri uk smile,positive
prasun chaudhuri die art carv,neutral
happi,positive
go way keem minaun that good one extrem drive today smile,positive
hey screenshot sainyo hmm tumag sana us stay uu im alway fr uu matter luv uu mat,negative
cold mother crusher right near end april sad,negative
instant messag cramp sad,negative
pain goodby onesthat never said never explain cri unhappi,negative
sound famili,negative
also epap,neutral
perfectli happi player weve got,neutral
stretch highway save bar,neutral
india foreign secretari visit next week frank talk,neutral
indian navi ship respond piraci attack foreign merchant vessel gulf aden,neutral
rather uk,positive
here brutal respect suit enjoy happi contrast appreci mo,positive
patna tire machin,neutral
want learn choreo ugli bodi say cri joy,positive
said d2 larg sd d2 doesnt run newer version mac os miss play unhappi hd woul,negative
sad fuck unhappi,negative
pop request assassin shower gel happi,positive
bsp boss avers join forc nonbjp parti,neutral
hi kn fan happi,positive
9 civic bodi state go poll tuesday,neutral
damn there peopl sincer want attend bh birthday parti bc peopl tri fun make ca,negative
write sonia sarkar,neutral
thank recent follow much appreci happi get,positive
sorri one bad egg embarrass rest unhappi,negative
peng damit unhappi,negative
peng damit unhappi,negative
jharkhand bodi upgrad pitch test,neutral
thought made transpar,neutral
hi ashish weve updat regard concern number switch unhappi pleas share anoth suitabl time cont1,negative
thank recent follow happi connect happi great thursday want,positive
former captain diana edulji other panel run,neutral
thank share happi,positive
indian hold promis battl,neutral
wasnt meant sound ano sad,negative
7 indian scrap tag handbaggag,neutral
suspect one would get happi,positive
000 seat across 3400 colleg,neutral
that sooooooooooooo sick xd thank much make kin love,positive
never happen happi,positive
thank kpop cri joy,positive
list may good idea,neutral
member camp meet assembl speaker p dhanap,neutral
visual studio instal 89 bsod come suddenli unhappi,negative
arson film set,neutral
peopl stuff like unhappi,negative
would great trick happi,positive
thank lot,positive
one year ago today unhappi,negative
would great trick happi,positive
govt mull give power award teacher,neutral
instant messag lot pain school doesnt allow pain med unhappi,negative
much pain eye hurt unhappi,negative
us review lift sanction iran tillerson,neutral
oath take new cm take place 5 pm sunday keshav prasad maurya,neutral
dont actual live honesti integr wont embrac,neutral
tri get touch number appear unhappi,negative
hold frown youv use new applic made team happi,positive
regim chang bulli polic offic,neutral
result live lead 93 seat offer resign,neutral
petrona bluegreen isnt far away billi monger bluegreen thought happi,positive
resolv sooo slow laptop,negative
lose light,neutral
state bank india q3 profit doubl rs 2,neutral
definit arm unhappi,negative
uttar pradesh video,neutral
hindibelt parti,neutral
that grim unhappi,negative
privat airlin follow revok fli ban sena,neutral
someon pl gift xayah use pi plssss unhappi,negative
sc collegium accept govt thorn,neutral
7 arrest attack probe,neutral
headlin inflat measur consum price index cpi remain control third success financi year,neutral
okey unhappi,negative
jimin yoongi unhappi,negative
polit,neutral
good show pale next 329 jump import,neutral
right herear happi dont xno im still condit,positive
420 today,negative
step,neutral
gdp grew 7 quarter,neutral
cant unhappi,negative
che critiqu unhappi,negative
long she cool,positive
new thesi anoth geniussir,positive
go add bazza,negative
world big big problem worri take world much smile happi,positive
jimin yoongi unhappi,negative
kabali spell,neutral
made day great stori happi,positive
chin leo cri,negative
thank happi,positive
oh andi unhappi,negative
streaminuteg 45 minut understand thing still unhappi,negative
pleas meeeee follow almost year unhappi,negative
high court judg play card,neutral
key europ,neutral
especi peopl low patienc level happi,positive
3 garden make mark us meet,neutral
calcutta get mom accept calf,neutral
anoth great day westhoughton,positive
record haul booz,neutral
birthday isnt anoth hour,positive
share love high valu member week happi insight,positive
donni unhappi,negative
said,positive
thank recent follow happi connect happi great thursday want,positive
pleas read break heart unhappi,negative
fun welcom back tape first day happi mainit pawisan dirti realli miss,positive
malik sajad,neutral
honey unhappi,negative
think tfp soundwav forev trap void realm unhappi,negative
new mother challeng chang date exchang note,neutral
arisun town hall pretti terribl servic rude staff went icg fryer broken unhappi,negative
say isro offici annadurai,neutral
understand state ohf mind ohf ji right nohw henc,neutral
hit splurg freebi,neutral
tn,neutral
high court order govt waiv droughthit farmer,neutral
2nd cousin vlad mayb that messag hockey g,positive
order ever want eat websitemay great day happi,positive
milit opt poach fund outfit,neutral
palaniswami victori dhoti surviv,neutral
relief front small firm hit,neutral
top law advisor back use human shield,neutral
readi next fire light session keen earli bird alreadi smile,positive
panchayat parliament seem boss amit shah goal,neutral
econom survey tabl parliament shortli know econom survey,neutral
varanasi,neutral
music direct favourit,positive
follow dm us abl assist chri happi,positive
superstar thank much kind word look forward see soon buddi smile,positive
also epap,neutral
ill alway love happi,positive
trauma drive without red,neutral
lead 18 seat,neutral
share love thank top new follow week happi want,positive
bihar set rs25lakh fee skip subsidis educ,neutral
also epap,neutral
fret wait governor call,neutral
omg im happi new video bigbang babi happi,positive
court summon cm suspend bjp mp accus crimin defam plea,neutral
good morn unhappi,negative
hello,negative
untold stori pranab mukherje nix plan unseat,neutral
question 18 make sure use tweet repli happi,positive
peopl don27t know alway think quiet peopl know wish kiss thefashionicon,positive
yeah updat 1604,negative
miss whole lot unhappi,negative
dang guess plan ruin unhappi,negative
air india lift nofli ban mp,neutral
helloo car fox ror925,positive
mutual let talk morem suremutu happi,positive
froze mid instal wait 3hr hed pull plug cri,negative
thank top engag commun member week happi tri,positive
need know elect commiss open challeng hack,neutral
claaaaaaaaaaaaass,negative
one backward cap,positive
way tackl world say prabhat patnaik,neutral
lesson school,neutral
sever injur mob storm poll booth low 33 turnout till 11,neutral
calcutta suddenli cannot enough mother dish outsourc outlet,neutral
don27t spam way,positive
wow made js compressor actual check scope variabl exist turn issu happi linter may use happi,positive
im realli happi,positive
thank recent follow happi connect happi great thursday,positive
unhappi 4c struggl valid,negative
rt 13 ffsit much theyr freelegitfre follow first get quickerb patient g,positive
rl seriu,negative
understand look sad,negative
want go ms game unhappi,negative
anybodi know rand like fall dollar got money need chang r keep get stronger unhappi,negative
scientist find,neutral
dont laugh unhappi meani base,negative
also epap,neutral
thank recent follow much appreci happi want,positive
would great trick happi,positive
sup guy,positive
want meet bad unhappi,negative
drop follow twitch happi,positive
presid back move make mandatori class x,neutral
ah alright,negative
crpf commando return unit,neutral
thank crew happi,positive
suprem court ask 6 state explain vigilant ban,neutral
worri unsold stock,neutral
man,negative
within budget,neutral
much appreci happi,positive
bengal bill scare pervert school,neutral
7 coach meerutlucknow rajya rani express derail near rampur,neutral
thank recent follow much appreci happi sent,positive
put password wifi kiss thefashionicon,positive
kind feel like sunburight right sad someon pleas make nobbi thing glass slip,negative
thank happi,positive
25x25 go first happi,positive
au alisha unhappi imagin thing could,negative
best colleg varsiti,neutral
hit,positive
may go away happi,positive
dammit effect lineart doesnt show nice twitter unhappi,negative
wont keep promis good qualiti,neutral
amit roy potboil,neutral
big love ann cox happi,positive
hijab stand radicalis,neutral
demitronis relief small firm,neutral
idea say almo,positive
russel phone 10 possibl chanc would notic unhappi,negative
oh sadli wont watch right theyr forbid see unhappi,negative
play woman wrong,neutral
want give everyth make happi see smile unhappi,negative
pleas rt hell buy blink taehyung headband,negative
ouch elena eremina foot slip,negative
death currenc,neutral
need unicorn frappuccino stat found limit time unhappi much longer,negative
hellooo happi satansdaught taylynnox,positive
ngt punch hole delhi fuel suppli chain ban old tanker,neutral
cheeki,positive
would great trick happi,positive
big brother academia,neutral
im slow unhappi,negative
took social media complain bad food,neutral
feel bad,negative
cabinet approv merger five subsidiari state bank india stateown lender financ minist arun jaitl,neutral
groovi thursday happi,positive
sad stori unhappi,negative
think that one hottest part bodi,negative
also epap,neutral
miss boy unhappi start work local boy nervou colleg friend,negative
lost password,neutral
late night,negative
genix deserv much myth open eye commun want,positive
govt latest school kid,neutral
nation bodi meet,neutral
oh unhappi,negative
fact parrot minecraft come soon,positive
ralli cri becom thing behold celebr season,neutral
pm reach parliament,neutral
gener support integr part happi thank like,positive
man took neighbour court pet dog bark night judg,neutral
go notic you unhappi,negative
dame comput decid crash unhappi,negative
need help guy cri,negative
realli realli need right unhappi,negative
went workdont get excit,positive
veronic jughead happi,positive
000 crore properti pune,neutral
miss cri seasid area,negative
sultanpur bahraich,neutral
india rush put fire,neutral
bjp 13 seat fail get major congress emerg singl largest parti bag 17 seat 40member hous,neutral
fun,negative
wanna get haircut don27t know good place unhappi,negative
thank recent follow happi connect happi great thursday want,positive
tamil nadu,neutral
good luck rich ride great project sunday donat,positive
shield child,neutral
thank recent follow happi connect happi great thursday,positive
share bugbear,neutral
gotta keep tri quit work unhappi pick pleas give,negative
happi,positive
pic unhappi,negative
ok never problem old ticket app,negative
7 day qa ram madhav,neutral
india chang,neutral
far worst day 2017 sinc januari 8th unhappi cri cri,negative
im stay sa unhappi,negative
said see concern assur sir hinduism stay dharma,positive
nice outsid stuck school day unhappi,negative
wait u unhappi,negative
salari remind weekend,negative
wish dog knew much hype snap chat unhappi,negative
punjab,neutral
thank much willow help ring birthday amaz stream last night,positive
say,neutral
nooo hair color pretti,negative
still strict,negative
sc frame issu mar30 regard tripl nikah halala consideration12,neutral
teacher said stand,neutral
look forward come see us booth go right center field happi,positive
govt admit economi take hit,neutral
also epap,neutral
miss much unhappi,negative
hi pleas rt pin post happi,positive
vijayvargiya dare arrest leader,neutral
im upstair right happi,positive
happi,positive
amit roy look campu abroad,neutral
birthday tomorrow babi unhappi,negative
last thing ive bought sweet unhappi,negative
know realli love lotnot support comment,positive
former presid render unqualifi uncondit apolog suprem court,neutral
tell state,neutral
cowardic season bud thorn,neutral
pm pitch sister,neutral
kp nayar narendra modi satisfi polici,neutral
april 19 1906 nobel laureat pierr curi run horsedrawn wagon near pont neuf,neutral
unhappi everi time laugh ass,negative
44 day extrem that predict,neutral
sciatica monument pain ars unhappi,negative
give chanc west server unhappi,negative
relief yet seller,neutral
one suggest name icc meet,neutral
india list,neutral
rahul modi trade barb,neutral
say,neutral
say kanwal sibal,neutral
also epap,neutral
crude build take citi world icon build,neutral
hc scrap plea jnu norm seat cut,neutral
muddl,neutral
cant fix soon ill delay tomorrow unhappi,negative
scientist build case bite,neutral
hahaa im second best alway happi,positive
rose come he realli enthusiast use much may,positive
ia offic insist,neutral
apr 26th beach hous dinnermus parti oldi goldi happi buffet bbq 40tlbeer wein10tl raki125tl h,positive
wish could attend unhappi,negative
angst author,neutral
unruli behaviour violenc aviat network regrett incid investig appropri,neutral
thank recent follow happi connect happi great thursday want,positive
laddoo winner,neutral
farmer get lucki,neutral
reason celebr uncelebr,neutral
also epap,neutral
damn there peopl sincer want attend bh birthday parti bc peopl tri fun make ca,negative
end soon aah unhappi,negative
see hope comment,neutral
time fli,negative
pop store,positive
200000 peopl turn bolpur fame,neutral
kp nayar exit could bad india,neutral
3 kill,neutral
stat day arriv 1 new follow unfollow happi via,positive
big boss calcutta scienc give,neutral
wont probabl phil hasnt seen yet unhappi,negative
wish could vote unhappi,negative
ceo today 7,neutral
,neutral
suddenli miss ate unhappi,negative
helloo mack macktimu,positive
rt indirect happi,positive
correct thank,neutral
happi 27 million keep happi 71 million close anoth 100m,positive
jungkook look like give biggest warmest hug unhappi,negative
order ever want eat websitemay great day happi,positive
wht sort thing cant use word person itcan caus suffer th sad,negative
opera nirjhor long claim first one rosi,positive
gujarat turn aveng,neutral
flash light pay park,neutral
wth 420 happen easter holiday one best day leed unhappi,negative
ohh welcom clxsslc chanyeol oppa call richard kalau jadi sayang gimana unhappi,negative
roc boyz sad,negative
manini chatterje adopt yore,neutral
sanjiv goenka tell,neutral
cannot stop use scheme like open bank account,neutral
kissward taglinetweet us pan noonecanstop kissward,positive
rip te 100k experi cri,negative
let agre put brain knee cri joy,positive
know think look except new mum,positive
electil dysfunct,neutral
caution loan waiver,neutral
okay,positive
cheer,positive
get rover dthey doubl side check ship worldwid,positive
ignor shape indian attitud toward,neutral
bounti savarkar yamuna damag bill,neutral
ashok v desai formula tackl bank,neutral
talk driver im goingh said hed love go new york sinc trump probabl,negative
don27t know look cool cri joy,positive
mythbuster20 happi,positive
flame sing event colleg,neutral
perfect,positive
onlin crush come meetup without snapchat filter unhappi,negative
im sorri unhappi,negative
aseek,negative
jk attach,neutral
new video today happi,positive
bapak tom cruis,negative
compani photoshoot fabul photograph happi look determin concret shoe get,positive
ladi tell yoyoy dont play golf wyoyoyoud make yoyoy want play top 3 reason yoyoy play heyjyoyoyoude66info,positive
bodi pull either,neutral
bihar meet,neutral
mettur legisl semmalai join cm camp,neutral
first round exit 15 minut follow 45 tech cri unhappi,negative
govt decid merg industri depart,neutral
ever australia love vid lovo youtub,positive
consolid independ 2nd countrywid polit entiti,neutral
opposit disrupt demand apolog,neutral
2017 make law ban mha sit draft,neutral
oil price hit threemonth low us rig count climb,neutral
akhilesh aunt,neutral
sworn chief minist tomorrow,neutral
one direct band one who give unhappi,negative
call afford dialysi,neutral
sometim night feel scare vulner cri,negative
releas 3rd episod program everyon sure check happi,positive
veggi,neutral
didnt get chanc say hi unhappi,negative
never draw unhappi,negative
come volunt abbeydal pictur hous next wednesday,positive
indian politician still need lucki charm campaign bu,neutral
he beat two favourit anyway ill stop care match,negative
go back back jail,neutral
31member cabinet swornin 430pm raj bhavan,neutral
hi tri call number got respons unhappi pleas share anoth suitabl time altern number cont1,negative
well that terribl unhappi,negative
enjoy smile,positive
much appreci happi want,positive
rumor go around video perform youtub alreadi delet,negative
dont ask two special issu line unhappi,negative
nani lie unconsci,negative
bae unhappi,negative
want see happi sad,negative
notic anyth unusu happi birthday love frooti happi,positive
postshow blue hit hard unhappi,negative
thank recent follow happi connect happi great thursday,positive
wish knock lang talaga new school year good cooper groupmat pleas unhappi,negative
2nd phase begin cm okram ibobi cast vote,neutral
get 70rt giveaway 5 minecraft account origin account randomli peopl retw,positive
use purpl flowercrown display pictur unhappi,negative
nation bitbucket unfriend day save 2 smile,positive
even benchmark propoor leader seem,neutral
sekhar raha let go past,neutral
new twitter account piss idea maja salvador follow applic guy happi,positive
thank recent follow happi connect happi great thursday want,positive
god koala,negative
3 that lot cheaper easier make schemat need special cabl doesnt come easi unhappi,negative
accountsthem get rekt,positive
former captain michael john clark strength team,neutral
road safeti crusad fight bid bypass order highway,neutral
life reflect way think chang way think,positive
freak chapter one piec definit good one,positive
shock hc order handov cbi,neutral
client work rt favorit happi,positive
miss talk yoyoy yoyou younhappi yoyou alway still talk,negative
theyr like 90 calori per piec unhappi,negative
don27t know saw comment yet,negative
look good blue happi,positive
hole armour,neutral
govt,neutral
tum still like 20yr happi,positive
dont ever thank j hunt,positive
india spike 3 initi,neutral
puppi deserv better unhappi,negative
welfar,neutral
friend smile,positive
one direct band one who give unhappi,negative
statement terrorist initi incid shopian,neutral
dog famili 18 year put tomorrow unhappi,negative
dream one still aliv,neutral
unhappi friendzon damn sad,negative
jawan tej bahadur yadav,neutral
pip sing let snow cri joy,positive
would sustain fame unhappi,negative
sorri tire stream get sleep tri fun tomorrow wasnt feel tonight guy,negative
parrikar resign defenc minist,neutral
appreci sentiment couldnt happi,positive
feel shit today unhappi,negative
suprem court decid futur rival,neutral
court limit 500m leav water hole dri,neutral
youngja fansign 041017 constantli massag back clearli someth wrong pretend,negative
kind jealou laugh ny fault work hard happi,positive
jem dark star orianna splash assist alex she done lot splash updat,positive
jongin ask member whether eaten felt wrong ate without unhappi,negative
dynasti demonetis,neutral
trash other posse behind boost ego,negative
unhappi sorri hear,negative
100,neutral
yg sent mcd want see hold trophi unhappi anyway,negative
buri aliv scream head cri,negative
watchman come threaten,negative
plan cap fee,neutral
thank recent follow much appreci happi want,positive
seem cost abut 40k year im pay half full educ dont get treat,negative
damn there peopl sincer want attend bh birthday parti bc peopl tri fun make ca,negative
100 per cent viva follow,neutral
case exempt centr file statu report proceed intern tribun,neutral
happen promis fund,neutral
civic poll count begin 10 today eye result,neutral
thank smile much better today thank messag,positive
almost overnight,neutral
le vider happi,positive
delma hanvil offici connect twitter thank follow pleas dont ever let go happi,positive
extend famili 12 pplahh want show oh girl dorki play game got delet unhappi,negative
britain becom xenophob hostil,neutral
wont say sorri man assault,neutral
begum jaan,neutral
centr mobilis 247 compani 24,neutral
may unhappi g,negative
tap selfhelp group,neutral
freebet sport except total mket handbal,negative
wont ban,neutral
1 rupe increas mock dignifiedliv plea,neutral
us give scare,neutral
jackson unhappi youngja silenc aww,negative
order weekli traine,neutral
destroy,neutral
bengal,neutral
thank recent follow happi connect happi great thursday want,positive
saha prefer oneday t20,neutral
wed love,negative
great mean win say sunanda k dattaray,neutral
quot bbc,neutral
nachni die unsung,neutral
wander around,positive
thank follow happi,positive
new one seem bit unstabl unhappi,negative
stress dress code,neutral
kant broke girl love expos broke niggar much where team spirit unhappi,negative
happi 420 everyon happi,positive
cm laxmik parsekar tender resign lost seeandid dayanand sopt see,neutral
fail govt birthplac test,neutral
thank recent follow much appreci happi get,positive
sc hear variou petit constitut legitimaci today,neutral
mutual let talk morem suremutu happi,positive
good morn peadi,positive
yogi sworn chief minist sunday afternoon,neutral
hi tri call number got respons unhappi pleas share anoth suitabl time altern number us cont1,negative
thank recent follow happi connect happi great thursday want,positive
bureaucrat wonder,neutral
wont abl stream tonight im sorri guy unhappi,negative
rate fall 8,neutral
inspir cri joy,positive
hope he ok,negative
preacher unhappi,negative
close anim 3i post second part soon happi,positive
koala die thirst us unhappi,negative
may open happi,positive
also epap,neutral
bengal trinamool vote share goe,neutral
love youu much unhappi thank,negative
overburden say may abl hold colleg teacher year,neutral
still possibl unhappi,negative
sc hear petit challeng bombay hc order beef ban,neutral
leftist becam minor voic,neutral
koala die thirst us unhappi,negative
timelin,neutral
india readi manipul human embryo,neutral
notic unhappi,negative
akhilesh keep option open,neutral
rocksoc still go begin smile,positive
great thursday look forward read tweet happi want,positive
damn there peopl sincer want attend bh birthday parti bc peopl tri fun make ca,negative
also epap,neutral
work unhappi ill see tomorrow,negative
still wait unhappi,negative
blame stipend crisi face 4000 scholar,neutral
calcutta high court order probe sting oper,neutral
googl,neutral
younger softer cri joy,positive
share love thank top new follow week happi,positive
1 terrorist kill report terrorist hole fals adg,neutral
revers polaris special epap link,neutral
thank recent follow happi connect happi great thursday get free,positive
cm assur imparti probe,neutral
congrat,positive
episod two cri joy,positive
goodnight love beauti boy unhappi,negative
mmmm blood enemi happi,positive
515 subscrib dthe continu,positive
oh ye happi,positive
kp nayar engag gulf deepen,neutral
koala die thirst us unhappi,negative
beauti album greatest unsung guitar geniu time ive met great backstag,positive
china lodg protest india ambassador vijay gokhal visit arunach pradesh foreign ministri,neutral
say keep happi,positive
usual speedboat behind get river unhappi,negative
last night dream move japan happen see deni friendli request unhappi,negative
,neutral
face swap cat dog realli upset unhappi,negative
hellooo happi lil strait daddyyrat,positive
adityanath rise,neutral
morn happi,positive
1st round talk held,neutral
ye happi,positive
vote pattern show cofound,neutral
hey thank top new follow week much appreci happi,positive
transpar look india rank start bottom,neutral
also epap,neutral
aw bcc pride prom kind want go happi,positive
meet governor end stake claim form govern jaya tv,neutral
19 day school left happi,positive
love much ruichan smile smile,positive
one tabl last night told look like grace ballerina glide tabl anoth told look like flash dancer unhappi,negative
sixth spot applic team higher pa kiss thefashionicon,positive
also epap,neutral
happi birthday hoe good day,positive
bjp urg governor vidyasagar rao take decis basi number well credibl,neutral
guess happen said adopt son,neutral
great week happi,positive
savour civic win congress loss,neutral
hawhaw cri,negative
hi han,positive
rs 42 crore need repair damag floodplain event,neutral
definit arm unhappi,negative
recent follow much appreci happi want,positive
chang stanc accommod neutral,neutral
get licens raid without cite ground,neutral
sonia sarkar jiggig key tool run,neutral
kidpar friendli space like pleas,positive
bengal top women children,neutral
stat day arriv new follow unfollow happi via,positive
move discretionari base administr polici base administr,neutral
rock next question astro unhappi,negative
7judg bench set hear plea challeng right possibl,neutral
rain hard unhappi,negative
hellooo happi pussi creepzx,positive
ich ned unhappi,negative
open lotrt like would laaaaaverli xxenjoy,positive
hello 1372 follow thank much follow love read tweet happi want,positive
sachin tendulkar 2nd inning,neutral
samsung chief lee arrest south korean corrupt probe deepen,neutral
terrorist lucknow make statement,neutral
last event chapter 1,positive
happi birthday cyoutestfyounniest l know good day coreo boreo,positive
think im probabl beyond repair sound tea etiquett happi,positive
also epap,neutral
say tn cm meet governor ch vidyasagar rao,neutral
publish lose photocopi,neutral
effect figur show,neutral
clay hannah love deserv endgam unhappi,negative
link seventeen yokohama concert english sub ddl,positive
right sir rob love tortur us unhappi,negative
antiromeo squad start lucknow video,neutral
delhi uttar pradesh view,neutral
suprem court ask govt explain need precensorship,neutral
stat week arriv 1 new follow unfollow happi via,positive
beauti person kiss thefashionicon,positive
patienc,neutral
main reason drink total selfless,positive
yogi pm,neutral
arrest conman bribe charg nephew churn polit,neutral
team come minim sideeffect,neutral
also support,positive
sadli ye sinc expect continu lose support drop bomb unhappi go exp,negative
thank recent follow much appreci happi want,positive
foreign polici must root ethic,neutral
took full drink uber guess could say instant messag pretti wild tuesday well never forget happi,positive
ah,positive
thank recent follow much appreci happi want,positive
ye,positive
tire there noth great combo unhappi,negative
elabor system place prevent misus evm elect commiss,neutral
hellooo happi kyle davi rebelbyacaus,positive
heart hurt sad hate peopl,negative
youngja look sad video unhappi,negative
pharma compani oppos name,neutral
sure happi,positive
oh god unhappi next time mishutuuu,negative
happi ill see closer con five lol,positive
sad life must,positive
yet mayb year happi,positive
person chose shut fuck unhappi,negative
one direct band what go unhappi,negative
would great trick happi,positive
yogi adityanath arriv venu meet mla amid talk name chief minist,neutral
powerpointt mi hazirladiniz postu unhappi,negative
tri front door,positive
manifesto,negative
cant wait see film karl wish would im bu,negative
find difficult say unhappi,negative
miss unhappi,negative
find sunanda k dattaray,neutral
graduat captain,neutral
thank recent follow happi connect happi great thursday want,positive
air india enforc fine unruli passeng,neutral
winner award telegraph advantag 2017,neutral
also epap,neutral
someon ask how life smile repli,positive
seriou charg absent varsiti press releas appear plaint htt,neutral
got aksi 2nd part cp never complet sinc return invest drop laugh loud unhappi,negative
nice realli nice stuff mostli black dress wont get away june wed though unhappi,negative
april realli realli bloodi im proud boy cri joy,positive
attack,neutral
unhappi,negative
anyon got design could find one would grate,positive
mutton,neutral
station didnt check happi sure combin 0xxxxxx938 0xx9,positive
imagin win next time unhappi unhappi,negative
definit arm unhappi,negative
find sign,positive
miss go gig liverpool unhappi,negative
miss bike unhappi,negative
thank recent follow happi connect happi great thursday want,positive
guy pleas help retweet unhappi,negative
adi guy pop asia translat theyll prob go around au unhappi,negative
love repli get lost,positive
roc boyz sad,negative
sena apologis parliament,neutral
cant continu right light shitti f swear sorri sad,negative
hope great,negative
let take hit,neutral
digit monster want work blackpink make happen pl unhappi,negative
tutor kid rope harvest,neutral
love blogger love us much happi thank amaz review perfect glass h,positive
put question mark video,neutral
molten tar wipe famili,neutral
man arrest truck death suspect carri attack,neutral
sena lawmak oppos harsher step assault public servant,neutral
thank recent follow happi connect happi great thursday,positive
readi 420 happi,positive
aiadmk expel suprem court rule knock cm race,neutral
financ minist arun jaitley tabl lok sabha,neutral
make built westward ho calcutta estat read,neutral
rahul met hc give cbi,neutral
centr hike job scheme rupe,neutral
noth chang date april 28 make,positive
bihar exam bodi boss,neutral
jk school colleg shut clash,neutral
thank recent follow happi connect happi great thursday want,positive
none cri joy,positive
work beauti redesign import page suit whole applic would mak,positive
visit prime minist,neutral
shihaaaa help bishi hunttt equal equal,positive
courag,neutral
pawar point,neutral
virul go india cultur censu,neutral
4000 punjab cop spent night prevent fill breach wall,neutral
someon mess unhappi avail,negative
bjp sold develop sprang hawk,neutral
still live,positive
want drink cigarett unhappi,negative
thank recent follow much appreci happi want,positive
confess,neutral
oh,positive
eas 317 per cent januari 341 per cent decemb,neutral
keep look thing bought yesterday dream unhappi,negative
yg sent mcd want see hold trophi unhappi anyway,negative
also epap,neutral
uncheck new arriv happi,positive
dumb popular entertain import issu,positive
call center nice game 420 unhappi,negative
feel fuck shit today unhappi,negative
feel way life get everyday posit mood happi,positive
found use sewabl led holder happi,positive
nonteach staff call end jnu stir,neutral
nice gif happi,positive
assam,neutral
claim mass decid,neutral
write fiction pr knob write sentenc fragment ipad next shoreditch hous piss,positive
wasnt lit unhappi,negative
think kiss thefashionicon,positive
receiv end,neutral
suprem court say auction aambi valley project money paid other,neutral
turf,neutral
britbash,neutral
thank recent follow happi connect happi great thursday get,positive
,neutral
regist case meat export graft case name former chief ap singh also,neutral
baaaper unhappi,negative
superstar thank much kind word look forward see soon buddi smile,positive
puppi deserv better unhappi,negative
ohh normal feel sick drink like 34 cup coffe,negative
still sign small area garden would obviou sad quit eye,negative
see one happi transit piec chiffon dress,positive
depth charg sonobuoysps note msltorp get releas,neutral
modi call orphan traffick,neutral
first group local came forward yesterday cake card african victim racist mob violenc,neutral
damn there peopl sincer want attend bh birthday parti bc peopl tri fun make ca,negative
send dm postcod check local store look forward repli happi nathan 22,positive
noooooooo gonna miss buffet unhappi take care,negative
shame busi stop pay giant corpor food dont need wake peopl plea,negative
miss quacktopia unhappi,negative
onlin crush come meetup without snapchat filter unhappi,negative
camera shoot,negative
ill tri sad ye unhappi,negative
tolong bantu sampaikan keluhan armi ke dong mani complaint sinc day 1 ticket unhappi,negative
life dark corner becom magic villag got 1st year,neutral
princip rajendra prasad say heart bleed v,neutral
rt good even everyon happi join twitter parti tonight offici taglinetann welcomebackph tmi,positive
agricultur sector grow 41 per cent current year 12 per cent 201516,neutral
yesterday faci cute 30 today faci old eeyer,negative
rt hate cri joy,positive
open lotrt like would laaaaaverli xxenjoy,positive
peopl want buy bulk govt,neutral
miss much unhappi,negative
feel sick today unhappi,negative
get harder harder stay unhappi,negative
back unhappi,negative
board stand potboil also epap,neutral
back matemtica unhappi,negative
like legal sweater design avail,positive
thank recent follow happi connect happi great thursday want,positive
mmmmmmmm love naughti wive smile,positive
mp join camp fret tend flock,neutral
ngam week left cadet pilot exam cri joy,positive
gun bjp,neutral
thank recent follow happi connect happi great thursday,positive
happi 16th birthday bff may 15 half ill take place happi great birt,positive
rip victoria wood heaven know miser unhappi,negative
rememb vocab knowledg worth 75 grade announc winner tomorrow morn 10am happi 15 purchas happi,positive
bureaucrat face action drink alcohol anywher world,neutral
floor test saturday,neutral
final next week unhappi wish luck x,negative
thank recent follow happi connect happi great thursday want,positive
two indian kidnap south sudan releas,neutral
enjoy happi,positive
land delhi,neutral
abvp take tricolour march 180ft long flag ramja,neutral
saddest part day everyday ryan leav 530 unhappi,negative
1st day ja entertain marathi film savita damodar paranjp big fan stori final get,positive
death 1st solo trip also epap,neutral
leadstrend 26117 bjpsad 3,neutral
pamura isa moment,negative
5judg constitut bench sit may decid plea relat aspect tripl 22,neutral
last kiss unhappi,negative
astaga unhappi,negative
soph pleas don27t win unhappi jk good luck think draw good poster,negative
hey thank top new follow week much appreci happi,positive
offlin unhappi,negative
happi hope,positive
im bit rusti unhappi,negative
today 420 hitler birthday unhappi,negative
everi time think skin get better,positive
congrat 3m follow instagram happi,positive
bjp see stamp miss choic,neutral
bihar tell govt reject idea,neutral
faltan russel noodl unhappi,negative
ban ja hero,positive
swornin chief minist,neutral
anoth atbb way wish srk sir start sign good movi unhappi,negative
that law natur happi,positive
got msg oop unhappi,negative
,positive
killin time say hey,positive
air india tighten secur mumbai pune threaten stall airlin oper,neutral
hey toni,negative
thank retweet week much appreci happi want free,positive
twitter explor premium version 11 year free servic,neutral
break india decemb quarter gdp 7 percent reuter forecast 64 percent,neutral
superstar thank much kind word look forward see soon buddi smile,positive
edm pleaseeeeeeee unhappi,negative
talk driver im goingh said hed love go new york sinc trump probabl,negative
alway welcom thank sa treat sa susunod ako happi,positive
de tonight don27t realli care cri joy,positive
definit arm unhappi,negative
absorb im go get laugh get 2000 vote unhappi,negative
bring back ginger curl,negative
bengal unit final get fulltim chief,neutral
told bugger hung wane access pc phone someon like gran,negative
hard notic haay unhappi,negative
happi birthday megan happi,positive
know,positive
thank roshhh miss everyon love youuu,negative
look beyond defenc visit,neutral
suprem court take record unqualifi apolog tender bengal counsel,neutral
helloo keepsmilingi,positive
7 arrest attack case polic see link,neutral
would great trick happi,positive
here part happi,positive
sibal datar spike bcci wish,neutral
selfbelief kept top game,neutral
javadekar back restrict research entri,neutral
hellooo happi bluey xbluey,positive
didnt arriv unhappi here hope tomorrow,negative
superstar thank much kind word look forward see soon buddi smile,positive
omg im sad say actual dont rememb unhappi happen,negative
sc issu notic centr,neutral
jatav base pitch muslim,neutral
ansal let lightli,neutral
kp nayar parti revolt knock nomine labour secretari post,neutral
half empti cloud research,neutral
websit sinc long happi,positive
miss jihoon sad,negative
your right mcconnel well unfortun,negative
hate park jisung much sad,negative
5736 turnout fifth phase vote end larg peac 51 assembl seat ceo venkatesh,neutral
new twitter acc happi,positive
hope everyth goe right unhappi,negative
unhappi oh man,negative
thank recent follow happi connect happi great thursday want,positive
suck unhappi,negative
damn there peopl sincer want attend bh birthday parti bc peopl tri fun make ca,negative
cant deathmatch piss unhappi,negative
go burst data cri joy,positive
hey thank top new follow week much appreci happi want,positive
happi birthday cri joy yoyour cool hope yoyour day goe super good,positive
nah overr happi x,positive
formid madam calcutta run busi,neutral
fear plan set rate,neutral
jp yadav find usversusthem undercurr,neutral
happen unhappi,negative
guy read least cri joy,positive
oh noooo babi unhappi,negative
say,neutral
also epap,neutral
want good vibe watch youtub tv100 applic free happi,positive
tonight 7pm,positive
say sourc,neutral
sound like lot fun like,positive
cleantha,negative
could dethron top draw,neutral
824000 new vehicl trash,neutral
yeaaaah alpha invit well receiv happi,positive
made trek 2km fetch water,neutral
notic kill rss bjp worker anoth southern state cm dismantl xtian infra munnar,positive
music direct favourit,positive
handl bulli,neutral
thank recent follow,positive
holi shit 40 page script open scene man steel krypton got compressedi wish could least,negative
avail uk unhappi,negative
delhi worri silenc,neutral
okay tf color starbuck thing social media unhappi,negative
ador,negative
updat manhattan attorney preet bharara ask resign along obamaera us attorney doj,neutral
hellooo happi xbox adhatt xboxmadhatt,positive
happi 10th wed anniversari aishwarya raiabhishek bachchan happi,positive
us judg reject travel ban,neutral
jimin yoongi unhappi,negative
cong 17,neutral
hospit,neutral
happi,positive
yg sent mcd want see hold trophi unhappi anyway,negative
noooo 645 class time unhappi,negative
less cricket,neutral
techi kill american took bullet aim anoth,neutral
look forward visit youv pick great day,positive
italian easier spanish unhappi,negative
hey thank top new follow week much appreci happi,positive
didnt even get easter egg year unhappi xx,negative
cant wait reveal qa happi,positive
could meet saltwat next time,neutral
stake claim form govern tamil nadu,neutral
teacher back worri silenc,neutral
expert say wrong blame ganga siltat,neutral
tn farmer skull protest delhi,neutral
want fun plan weekend unhappi,negative
preliminari enquiri health minist alleg money launder,neutral
yep im go back school becom editor hope cant wait sister realli believ skill happi,positive
get profession one,positive
whaaattt,negative
miss babi unhappi,negative
4000 migrat 2015 shield capit,neutral
crazi easter donkey insan serious crazi haha,positive
seem sold govern time ago unhappi,negative
stat day arriv 1 new follow unfollow happi via,positive
parti led cant seem look beyond famili top post,neutral
oh unhappi like still shop,negative
e local functionari legislatur parti leader,neutral
also epap,neutral
pak court sentenc death spi,neutral
also attract liza soberano happi,positive
readi long winner name,neutral
video definit 30 minut episod longer,positive
fund fear research,neutral
chicken puls,neutral
current stand outsid shard bag full empti bottl came work tom today happi,positive
fish killer go press younhappi hoe today good person,negative
shaandaar,negative
applicablengarag applic unhappi ill find wonu pictur soon alxmdkcsnx,negative
puritan critic damn,neutral
ill attend cosmic latt saturday ill give selu shipper kasi selu month qaqo unhappi,negative
mighti albatross carri missil torpedo,neutral
jitter pervert healthcar bengal,neutral
16000 car 40000 auto,neutral
ye neil gaiman life,positive
deserv vacat happi,positive
mayb coffe unhappi,negative
ahhh id well chuf,negative
sad dont,negative
british dhc bruce bucknel institut entrepreneur head manoj da discuss skill devt ne,neutral
okay surviv,negative
assum im outsid,negative
mp put nofli list pervert airlin well,neutral
electil dysfunct among loser,neutral
childish commando happi,positive
wear u unhappi,negative
capt amarind singh take oath 26th chief minist watch live,neutral
truuuu si grim reaper sunni huhu grabe love stori nila unhappi,negative
gunbattl fell father,neutral
amaz stuff thansk happi birth control gamma ray 1972,positive
say prasun chaudhuri,neutral
cheer new administr team happi,positive
excit thing come futur happi thing go great,positive
im sorri peopl make live happi,positive
everyth anyth day,positive
also epap,neutral
hard see best friend anoth girl happi,positive
thank recent follow much appreci happi want,positive
cant someon worst dont deserv best kiss thefashionicon,positive
foreign tourist evisa get free card arriv,neutral
bjp worker stab death local templ festiv mukkattukara kerala district,neutral
,neutral
oh god lauri penni unhappi,negative
go back school music think time happi,positive
like video,negative
thank recent follow happi connect happi great thursday,positive
sorri alway ask us follow dm happi,positive
protestor began tri rescu trap,neutral
play du colleg,neutral
wellhuman that,positive
custom argentina fill paperwork unhappi,negative
want good vibe watch youtub tv100 applic free happi,positive
talk driver im goingh said hed love go new york sinc trump probabl,negative
talk tattoo make want bb8 tattoo im broke make unhappi,negative
got rest,negative
awesom recommend jess listen,positive
climax shot happi,positive
love beth much unhappi,negative
fro flight affect result consequenti delay expect,neutral
modi call ensur justic women face evil custom,neutral
spe,positive
quot offici,neutral
print edit today,neutral
would great trick happi,positive
appreci recent retweet great thursday happi,positive
may one worker properli compens unhappi,negative
umma cri,negative
also epap,neutral
badli equip surgeri,neutral
fri thu im go friday show,positive
note indian,neutral
karnataka bodi decid boycott award function,neutral
meant potato factori thrive realiti bengal farmer chain,neutral
white genocid thing figment imagin your victim noth disinform,negative
escal quickli,negative
froze time went 1610,negative
mom lost teen kid fire same2c old2c bore shit let lightli,neutral
where justin miss unhappi,negative
store still use,negative
cabinet meet begin,neutral
friend egg,positive
also epap,neutral
nia take encount,neutral
govt made look benign use revis lower base comparison,neutral
awww yeah,positive
thank lala much need happi,positive
hobart 7 week lot look forward happi,positive
wish could stay bed day listen rain sad,negative
flavor dream,negative
effort pay happi,positive
half time crash unhappi embarass,negative
repol underway 8 assembl constitu went poll 1st phase march,neutral
congrat,positive
thank week,positive
prepar inspir happi,positive
karnataka,neutral
fir regist minist gang rape sexual harass,neutral
love,positive
thank recent follow happi connect happi great thursday want,positive
mutual let talk morem suremutu happi,positive
first time 3 decad,neutral
governor ponder,neutral
zoo mark,neutral
soon need much cri joy need kaswa,positive
favorit hobbi find neg posit thing happi,positive
ask govt,neutral
unfollow bye happi,positive
ok,positive
puzzl piec 64rt like next pleas 20 rt,positive
set take oath cm today,neutral
full interview insid 7 day,neutral
piss cri 3,negative
7day today bjp expand footprint,neutral
mcd poll releas second list 127 candid,neutral
get 900 retweet 900 like help un,negative
also epap,neutral
hell kil,negative
celtic bruin today unhappi least sale pitch sox,negative
dept crackdown hoarder issu 87 notic,neutral
thank connect passion hope like tweet happi,positive
say presid mukherje,neutral
3 men die tri save friend,neutral
hrd stop fund research social exclus,neutral
happi boy brighten day happi,positive
im glad,negative
stay cool,positive
wut total miss bday unhappi happi belat birthday sweetheart,negative
big decis expect,neutral
might dress bit better,positive
surround posit happi,positive
bjp certain get away anyth,neutral
000 villag taught googl design,neutral
number say,neutral
mp case rajnath,neutral
13 guilti murder,neutral
knee similar colour leni henri unhappi,negative
poor babi unhappi hate peopl,negative
honesti hug bottom rung mysteri persist miss taxpay,neutral
sorri didnt make book drive yesterday couldnt get outta work unhappi,negative
sajeda momin cm logic mileston death,neutral
im tire unhappi,negative
hundr immigr arrest routin us enforc surg,neutral
bypol put rule combin request,neutral
would call rous midnightremind time roommat unhappi unhappi unhappi suck,negative
miss big brother unhappi,negative
pak term access,neutral
miss bmf sad,negative
trump administr resist econom visa indian compani,neutral
pinch free qualiti fm smile,positive
becam demonetis note,neutral
also epap,neutral
your got disappear half way unhappi everybodi want lazi eue,negative
enter win 1 box highli anticip book 6 book box open int happi,positive
cite outsid inflow open campu,neutral
im get one smile smile smile smile,positive
definit arm unhappi,negative
new happi,positive
im super impress he got music mojo back thank much happi,positive
tat question happi,positive
one offer poor old ladi seat unhappi,negative
midst incendiari wish,neutral
student stir intensifi strike today,neutral
may 1,neutral
chage best singto pleas,positive
look like io 11 due kill unhappi,negative
stamp tag flier hand baggag 7 major april 1,neutral
survivor riot simpl messag voter,neutral
hellooo happi cjay cjay100,positive
caution site inroad mayor also minist hous environ,neutral
mane amaz unhappi,negative
offenc dont want hurt anyon,positive
omg kiss cri joy,positive
despit edg,neutral
that europ,positive
graveyard echo choic chief minist,neutral
tougher road law,neutral
maayo didn27t ang lahat happi let give space time happi,positive
difficult get least chanc unhappi,negative
appeas none polici govt,neutral
want say victori ralli,neutral
mine hasnt send stuff unhappi,negative
know unhappi,negative
suprem court issu arrest warrant get high court judg face case,neutral
your aspir develop near krakw excel opportun even pay intern happi,positive
told late oliv juic,positive
anyon 7 adapt 7 earbud borrow day left mine car unhappi,negative
liter couldnt see thing back stage,negative
okay ive accept way unhappi,negative
cant see,negative
modi say peopl dont want handout,neutral
protect layer fat kiss thefashionicon,positive
greet cm captain amarind singh,neutral
religi atheist,neutral
bond polit fund,neutral
bed comfort dont want get unhappi,negative
slash research seat,neutral
offer help,neutral
may draw conclus deviat level either direct therapi prevent,positive
10 also free postag wish seller yanan yeo one unhappi,negative
,neutral
noth move faster girl untag ugli pictur kiss thefashionicon,positive
ahhhhh recogn logan cinemax show bad track record get cancel unhappi,negative
surg runnerup slot,neutral
need cheer,negative
koala die thirst us unhappi,negative
thank happi,positive
okay happi,positive
like hear pil swearingin today,neutral
justic fail appear apex court face contempt charg,neutral
3 shot dead protestor tri rescu,neutral
presid trump fire top govern lawyer salli yate defianc immigr order,neutral
thank recent follow,positive
vile tactic valley,neutral
milit wing welcom ask speak,neutral
4the pilot project green transport across nation capit region next servic introduc,neutral
treati could provid secur tech cultur develop happi,positive
yoongi come back unhappi,negative
thank recent follow happi connect happi great thursday,positive
love peopl messag w long messag beauti find joon like unhappi ye agre keep go,negative
unhappi let fight kid,negative
doctor,neutral
thank happi,positive
alway know come fuck clue goe unhappi,negative
fame conform,neutral
time modi reform,neutral
die thirst us unhappi,negative
instant messag fine yoo,positive
organictheyl shoehorn inbut plot charact developmentmcu netflix leswhat support,negative
shashank manohar stay chairman till june meet,neutral
say,neutral
use track prevent track death,neutral
say chief minist yogi,neutral
marri maoist swati sengupta,neutral
delhi high court order cop shield will driver tell striker deal compani,neutral
madam also epap,neutral
mike bless happi,positive
work option get back,neutral
hello everyon,positive
feel,positive
poor mous unhappi,negative
india industri product contract 04 dec 2016 declin 09 dec 2015,neutral
thank,positive
thank upvot us ph happi,positive
maa ki kuss tumhari take bullshit loser,negative
bihar jharkhand nice tri fill polic vacanci,neutral
crusad plead save,neutral
record low turnout,neutral
month year bond happi famili mcliss starmu,positive
,neutral
happi belat birthday anoth duet amaal much need,positive
surit doss forget dynam mobil,neutral
mandat,neutral
lage unhappi,negative
melbourn pleas happi,positive
mutual let talk morem suremutu happi,positive
front us,negative
accept peopl mandat,neutral
well,negative
india push univers accept 3yr graduat cours,neutral
also epap,neutral
today,neutral
koala die thirst us unhappi,negative
news,positive
agata babi unhappi broke mail read letter cant thank enough best,negative
broke rank bodi east,neutral
600 drug elut crackdown wild markup,neutral
suprem court term unfortun ground cite bengal govt plea hc order ask cbi take case,neutral
without hawk,neutral
77 old leyland,negative
hope loui get time want come back fresh happi happi,positive
psa rememb ask artist draw id say thing writer appar commissi,negative
minist pmln happi like student never studi exam luckili exam got delay theyll still ha,positive
today hasnt great unhappi,negative
fact,negative
yeah sight read pretti good high school,negative
great work love place thank havin,positive
apka apna awam ka channel franklin tv aam admi product pleas visit like share fb page,positive
bombay high court direct protest resid resum duti immedi,neutral
swear walk past haha,negative
pleas commend h,negative
junior home minist admit made comment without seen video,neutral
block christensenanoth notch belt happi,positive
alright look like back chore behind scene page hit drop 1k daili dont visit post unhappi,negative
love pretti girl call pretti like bitch tf happi let friend,positive
thank top new follow great week happi,positive
lucknow,neutral
bonhomi strike chord ground,neutral
im actual cri type tweet cant take anymor applicablehulog applic knock unhappi,negative
need lesson learn start convers peopl keep chat unhappi,negative
virat kohli,neutral
watch word happi,positive
im hungri unhappi,negative
thank recent follow happi connect happi great thursday want,positive
well thank stope unhappi,negative
need cue someth would make smileil wait,negative
give ahn minhyuk juseyoooo unhappi,negative
big fail,neutral
also epap,neutral
7 day calcutta learn,neutral
one sell vhope banner sad,negative
sunnysid well unhappi,negative
day sinc promot end im alreadi miss much unhappi,negative
hotel fire calcutta,neutral
report,neutral
rs 1 crore rs 50 lakh respectiv,neutral
protein australian venom may help victim recov faster,neutral
feel bad ahaha unhappi,negative
kim jong nam,neutral
face swap cat dog realli upset unhappi,negative
thank littl thing like realli help sleep start hit dont drink coffe energi drink unhappi,negative
would realli like coandsol versioand got updat makr like steam versioand,negative
want friend washington,positive
join vote singer spread word,positive
isnt new riverdal tonight unhappi,negative
finmin arun jaitley given addit charg defenc ministri follow manohar parikkar resign rashtrapati bhav,neutral
still syour,positive
forecast wet dol sunday dri monday,neutral
school calcutta elsewher stun imposit plan,neutral
rapeaccus leader gayatri prajapati nab roam delhi,neutral
memori,neutral
offer india consular access,neutral
accept resign shri manohar parrikar council minist immedi,neutral
cold unhappi well see feel today,negative
got pen today man cri,negative
realiti theyr patch dusti dirt unhappi,negative
good morn everi one,positive
visa selfi cbse plan,neutral
trump sign repeal us broadband privaci rule,neutral
suprem court seek govt respons plea frame nation polici promot,neutral
hey thank top new follow week much appreci happi want,positive
hey thank top new follow week much appreci happi want,positive
mukul kesavan attack mean,neutral
what wrong dont like anim unhappi,negative
talk driver im goingh said hed love go new york sinc trump probabl,negative
yg sent mcd want see hold trophi unhappi anyway,negative
trade happi yeah want,positive
clue,neutral
ooh,positive
pozuelo formerli swan suso liverpool ac,negative
hindi close friend unhappi,negative
smile true someon recognis contribut fashion,positive
fewer pollut,neutral
great hear joanna happi pleas youv good experi,positive
okay lang friend promis meant broken hahahaha,negative
suprem court may hear key case summer break,neutral
koala die thirst us unhappi,negative
strategi,neutral
lost kerala bypol,neutral
cant speak japanes,negative
damn there peopl sincer want attend bh birthday parti bc peopl tri fun make ca,negative
applic kana kanji funtim sadli,negative
700 personnel paramilitari forc haryana,neutral
setback trump,neutral
school,neutral
miss temper brennan seeley booth much unhappi,negative
presid clear piec support legisl relat,neutral
roc boyz sad,negative
give like happi choic,positive
thank recent follow happi connect happi great thursday want,positive
be rip,negative
also epap,neutral
hey thank top new follow week much appreci happi,positive
voter villag want perman india,neutral
dohnt want toh cohmment ohn amit shah oh,neutral
two milit kill encount last nearli 12 hour,neutral
classmat alvarez dont realli see around school anymor unhappi,negative
earlier,neutral
pake unhappi,negative
alway run space phone,positive
ram madhav tell,neutral
unhappi,negative
newli elect mla meet lucknow mar 18,neutral
tonight 7pm,positive
elect commiss plea seek scrap benefit given,neutral
stem import,neutral
ye jenniessi,negative
fear outrag among student delhi,neutral
say,neutral
noth could better happi,positive
koala die thirst us unhappi,negative
suprem court shoot govt bid put sport ministri bureaucrat panel run,neutral
nice,positive
thank recent follow happi connect happi great thursday,positive
onlin shop timmee anyon got good site suggest happi,positive
face swap cat dog realli upset unhappi,negative
indian techi shot us,neutral
kanwal sibal could victim disrupt think,neutral
india growth rate constant market price 201617 seen 71,neutral
kind like layout happi,positive
retain tv inning,neutral
damn there peopl sincer want attend bh birthday parti bc peopl tri fun make ca,negative
full expect month two arvind subramanian,neutral
get 900 retweet 900 like help un,negative
happi 420 happi pass follow,positive
miss rain unhappi,negative
want harri phonecas sad,negative
legal eagl back call probe suicid note,neutral
dont know time retweet ive wait dm long time unhappi,negative
summer school vocabulari unhappi need air pleas tell,negative
koh,negative
road economi,neutral
india jan 2017 rise 432 2211bn import 1070,neutral
estrang halfbroth leader kim jong un,neutral
although ill littl late sad,negative
cashswap case,neutral
say,neutral
water pact remain elus india,neutral
shouldnt keep kenyan complain,negative
panic death india top hospit,neutral
case miss,positive
vote wolf bite greenlight yet happi help us get wolfi pig steam,positive
academ sieg,neutral
becoz depend promot wast hardwork team,negative
l uttar pradesh leadstrend 373403 264 70 27 other 12,neutral
countri first convict minist sentenc 7 year rigor imprison,neutral
excus don27t see nama unhappi,negative
definit arm unhappi,negative
riot refuge resolv also epap,neutral
peopl dont want handout,neutral
say,neutral
bank job,positive
wish someon cuddl right unhappi,negative
high court grant stay crimin proceed minist case file mla mohua moitra,neutral
bsf dismiss constabl tej bahadur yadav servic court inquiri bad qualiti food alleg base,neutral
fuck get follow unhappi ratio amaz,negative
also epap,neutral
3 day night sinc mama went back provinc alreadi miss unhappi,negative
hellooo happi ross chaplin masoncooper4,positive
jp yadav rebrand,neutral
man happi,positive
sukanta chaudhuri mean indian,neutral
union includ railway budget today,neutral
govt set menu item limit wed,neutral
bot im perfect happi,positive
ill like happi,positive
south issu,positive
india tri seal,neutral
memoriam alea starbridg unhappi beauti voic never forgotten,negative
write tn assembl secretari noconfid motion speaker dhanap,neutral
win giveaway etc unhappi,negative
boo,negative
growth rate industri sector estim moder 52 201617 74 201516,neutral
mood commun,neutral
number,neutral
goodmorn parent take kid lunch today schoolreport card im wor,negative
centr allow prosecut former princip secretari delhi chief minist arvind kejriw,neutral
got th add sim ant possibl thank happi,positive
keep smile happi,positive
keep,positive
poll underway 69 assembl seat spread across 12 district phaseiii,neutral
scan tumblr happi,positive
mukul kesavan ought win,neutral
dm us happi,positive
note crunch glassbangl,neutral
british polic probe background terrorist,neutral
minah start cri fan yura hyeri make laugh cheer cant cri joy,positive
unhappi feel bore,negative
agre feel like ive skip mani cssdesign fundament im spend next coupl,positive
andi unhappi,negative
note enter system via calcutta busi district,neutral
today doubl annual contract india cricket rs crore,neutral
power drive becom chief minist,neutral
miss alreadi unhappi,negative
thank recent follow happi connect happi great thursday,positive
sworn deputi cm,neutral
tell read book today knowledg power knowledg growth kee,positive
love lay meadow flower listen mellow music great way relax smile,positive
cant believ year next year unhappi becom old hahahah v,negative
mukul kesavan state fourth estat,neutral
modi take plung,neutral
india tap,neutral
also epap,neutral
oh,negative
yeesh unhappi fairli warm,negative
welcom happi,positive
seokjini went everland today guess forgot he idol,positive
that insan good luck took yesterday afternoon,positive
slight buzi kasi besh unhappi,negative
louistomlinson follow pleas unhappi,negative
understandi silli shit like make friend smile happi,positive
drug despit,neutral
celebr hitler birthday,positive
much appreci happi,positive
dont miss anymor unhappi,negative
thank recent follow much appreci happi,positive
thank recent follow happi connect happi great thursday get free,positive
attack westminst,neutral
happi bday midawgdarnizl love long time happi thank best friend forev attempt travel road,positive
put forth search question liquor baron disclosur asset court,neutral
amit roy clash,neutral
die evil raven,positive
assam lawmak want nation bodi save,neutral
20 million voter,neutral
want quit fight type elect irom sharmila lose maiden elect ani,neutral
readi poster comput get,negative
suprem court quash crimin complaint cricket allegedli depict magazin cover,neutral
peopl internet ass annoy here posit love art pretti,positive
sunday holiday recruit,neutral
weve 80 far collect 150 happi new gin menu come soon well,positive
scout photobomb bluebel photo sad,negative
shade law chang,neutral
miss babi unhappi,negative
muslim bodi lay code conduct divorc,neutral
also epap,neutral
josi,positive
back coconut hair unhappi,negative
swanmen set pablo wait news happen happi,positive
push team use twitter tool,neutral
im done tri take men serious happi,positive
thank high valu member week,positive
good luck vote smile,positive
8 kill elect violenc,neutral
chub bun easter happi easter name almond,positive
yeah sad,negative
auditor helm,neutral
,neutral
chang word limit rti queri applic reject ground contain 500,neutral
get crowd,neutral
wow,positive
whatev india offer biggest issu,neutral
im glad dont care peopl think anymor wish still look best everyday like use sad pick,negative
read hope someth great happen smile,positive
nail brought tear eye,positive
inh sikhaiy msi request teach rope polit,neutral
ruchir joshi calcutta destroy vandal decid futur,neutral
back unhappi,negative
youv got messag happi,positive
soon ill make art happi,positive
wow awesom gog thank happi,positive
also epap,neutral
soldier trek snow take mother bodi home,neutral
sudden blaze destroy bungalow,neutral
femal cop take selfi guard acid attack victim hospit,neutral
want say hi,negative
chibi though,positive
ugc propos 20 pay hike colleg teacher,neutral
,neutral
also epap,neutral
think that go true,negative
summer salad inspir bbq smile,positive
focu msme,neutral
miss unhappi,negative
haha would love work train compani great dream come true,positive
centr overrid bengal,neutral
thank recent follow happi connect happi great thursday get,positive
law cannot replac trust compass,neutral
love fun friend,negative
65 year,neutral
vehicl gadkari,neutral
fall mess unhappi,negative
hope littl beaand andot overworkiandg gettiandg least rest unhappi,negative
rip cellphon unhappi,negative
noseble get outta hand unhappi,negative
old street directori astound detail,neutral
realli amount load section unhappi ill ride netherton meet darbi end,negative
mla sit speak chair angst,neutral
gorbachev done wo fear thought bold enough implement vision damp squib unhappi,negative
thank recent follow happi connect happi great thursday get,positive
top high valu member week happi,positive
thank recent follow happi connect happi great thursday,positive
ive tri bank sleep week happi doubt ill abl sleep friday saturday night,positive
mix folklor histori,neutral
good morn everi one,positive
may chang attitud coalit partner,neutral
hey thank top new follow week much appreci happi,positive
realli appreci hope brilliant day happi,positive
exclus jnu fir mark aisa leadership,neutral
man seen tie armi jeep video jk identifi,neutral
shatter firozabad industri,neutral
congratul happi,positive
call durat sex 014736 sex 000019 cri,negative
worship spoil happi,positive
im happi happi,positive
stream later day night stream sinc go take care internet contract,negative
talk driver im goingh said hed love go new york sinc trump probabl,negative
shut,positive
definit arm unhappi,negative
australia,neutral
surpris resign boss manohar,neutral
hiii gentleman command bryannousauru happi,positive
suprem court caution steal sari,neutral
hit advertis,neutral
graveyard barb,neutral
governor vidayasagar rao meet new legislatur parti leader edappadi k palaniswami other 540pm,neutral
week marilyn pop get dirti happi cum see,positive
govt appoint director ten indian institut manag,neutral
guwahati,neutral
readi one 9 week old chocol femal puppi harlow x sterl happi girl sweetheart,positive
thank top engag commun member week happi want,positive
thank top influenc commun last week happi,positive
bengal draft bill check bill,neutral
enforc director chief karnal singh get fix tenur year,neutral
smile,positive
troubl life end also epap,neutral
guy make japanes greninja waveguid come well happi,positive
come miami sad,negative
he still take quarter billboard chart x,negative
guy entertain insight one reason realli enjoy lpl lot season,positive
,neutral
sweeti know feel unhappi,negative
aww eunji didnt see win today sad congratul winner,negative
ummm announc new show buffalo ask open happi,positive
made video improv line work youtub,positive
dont rt save guy life,negative
standoff left abvp block entranc mauric nagar ps stone egg shoe thrown ps side mani hurt,neutral
tweet hit 1000 get rian hold sticker click tweet sm,positive
charg experi muna happi,positive
even care unhappi,negative
thing get cheaper costlier april 1,neutral
win friend influenc peopl cow,neutral
hey,positive
helloo best damn avocado batsyy,positive
give littl happi,positive
pill school,neutral
ill give tri happi,positive
injur,neutral
thank recent follow happi connect happi great thursday want,positive
citizen petit govt make nurs home come clean,neutral
papa bird hope year oldu dont mind want stay year old,positive
dragon omg,positive
mutual let talk morem suremutu happi,positive
definit wasnt look gave tri anyway happi,positive
,neutral
ahead elect,neutral
troubl googl play,neutral
hiii reec reeceboast happi,positive
dont want adult today birthday unhappi,negative
song alway one fave unhappi,negative
justic face suprem court,neutral
see new highlight pm speech bjp hq,neutral
hi cham,positive
riddl formerli tag collect,neutral
toshiba approv chapter 11 file nuclear unit westinghous nikkei,neutral
illfit dentur,neutral
follow happi,positive
privat put expans hold,neutral
pull neglig bengal cm order parti meddl,neutral
rt 50 ffsrt pin tweetb patient legiiiiiiitno save account happi,positive
uss,positive
uppercast,neutral
way,negative
babi unhappi,negative
anoth goback shoot us,neutral
hi retweet follow,positive
cash reward like doctor follow correct protocol,neutral
bsp keep rival edgi,neutral
europ,neutral
peopl go back economi,neutral
order ever want eat websitemay great day happi,positive
bodi hear everyth mind say kind,positive
happi weed day without anymor unhappi,negative
talk driver im goingh said hed love go new york sinc trump probabl,negative
great thing sad unhappi,negative
top make pay cash transact branch,neutral
7day cricket common princ,neutral
pick one unhappi,negative
governor letter leak,neutral
huh happi,positive
say manini chatterje,neutral
say prasun chaudhuri,neutral
mani thank,positive
ive tri reset everyth,negative
bet media onesid view tim tam surprisingli altright roar extrem droll fad unhappi,negative
sad unhappi,negative
govt duck call vote verifi,neutral
koala die thirst us unhappi,negative
choic cancel unhappi,negative
modi govt consult talk,neutral
enough say suprem court end 38yr legal battl project,neutral
frame politician,neutral
mean voic chang unhappi,negative
8 core sector slow 1 feb 2017 94 feb 2016,neutral
thank recent follow happi connect happi great thursday,positive
carcass found home govt doctor drug,neutral
hi juli,negative
peopl write joke religion onlinejokejust joke guy,positive
envoy worri india tax sanitari napkin,neutral
class hall mission heroic dungeon surpris,positive
abha narain lambah mission restor capitol complex,neutral
think ive final figur tattoo im get august,positive
deserv better hope youll okay unhappi,negative
good morn everi one,positive
run patienc,neutral
dargah trust volunt sc clear 908sq metr,neutral
left month hinhua ler unhappi need gambateh wink,negative
say sp leader shivpal yadav,neutral
l congratul peopl,neutral
calcutta hc send case cbi,neutral
cant dog live forev unhappi,negative
good happi,positive
punish time jb team unhappi,negative
slayinbodi go livepleas tune inthank happi,positive
bjp captur record show,neutral
hey everyon harri pancak mapl syrup breakfast great way start day happi miss,positive
say bid enter,neutral
retweet us kaway kaway famili mcliss starmusicifwefallinlov,positive
say,neutral
rt 13 ffsit much theyr freelegitfre follow first get quickerb patient g,positive
pleas follow tri get follow long time unhappi,negative
huge haul milkboost hormon calcutta,neutral
theyll brush lng tell other applic applicablegiinot applicablert lng sila wors unhappi,negative
guess good thing bring right foreground put right face,positive
peopl intensionli don27t even pleas someon unhappi,negative
fix iphon storag issu,neutral
super cant wait happi,positive
rather,positive
get latest fastest updat throughout day,neutral
also make beauti art biggest inspo sale anyon interest happi,positive
india use tackl insurg,neutral
ye would hadnt meddl cloud smile,positive
sixth spot applic team higher pa kiss thefashionicon,positive
helloo mr drippi callmeergan,positive
reservoir financi deal,neutral
want spoon cant go unhappi honestli feel like messi break unhappi,negative
play part rais fund,positive
got interview poppin happi,positive
get major 117member win 59 seat,neutral
instant messag still hope unhappi,negative
realli enjoy horrizion zero dawn idea play next unhappi,negative
love much want kindli stroke peni,positive
lost jacksonvil,negative
happi mani day,positive
absorb im go get laugh get 2000 vote unhappi,negative
sorri stream yesterday,negative
definit arm unhappi,negative
wish cant sad,negative
gave mp bu board flighta goodwil,neutral
india may make illeg social messag platform share person data,neutral
miss unhappi,negative
love p,positive
palani court rule also epap,neutral
want kiss nose tell love sad,negative
growth 8 core sector slow 34 pc januari compar 57 pc yearago month,neutral
puppi deserv better unhappi,negative
bjp leader dock,neutral
playmf need moodboost juseyo unhappi jilyjelli,negative
one fleet sole seeharg domestise hydro toro see,positive
aw goodnight angel love lot hope your go best tiam lot fun wonho alreadi,negative
wish could sleep earli unhappi,negative
beetl done join wall,positive
matthew hayden,neutral
breather highway booz,neutral
ah baba idea tori olorun may never victim case,negative
great see buddi nicest dude world keep kill brother happi,positive
hello hope visit luxor amaz citi egypt plea check,positive
sc ban,neutral
beyond brexit,neutral
3 3 3 pleas unhappi,negative
look epap special link,neutral
ass star battl,neutral
consid ask came,positive
second thank spin much appreci happi,positive
india action chariti trigger spat administr,neutral
give away random rt chanc win 10usd itun gp gift card winner select minut happi,positive
ask,negative
sooooo feel like friday today unhappi,negative
modi promis earli deal,neutral
versu,neutral
thank recent follow happi connect happi great thursday want,positive
bengal traffic cop pen paper,neutral
nearli done thank everyon join hope see time next thursday happi,positive
thank recent follow happi connect happi great thursday,positive
he best happi,positive
moon also epap,neutral
bengal look way chang classif bypass order,neutral
soumitra da listen kirtan ask set rule,neutral
quiz industri,neutral
miss im open educ seminar palestin happi,positive
yg sent mcd want see hold trophi unhappi anyway,negative
cute pictur though,positive
demand presidenti rule,neutral
fuckin headach everyday unhappi,negative
3 arrest connect men poll day budgam april 9 polic,neutral
watch mayward fam,positive
hype real happi,positive
crude architectur take world citi build,neutral
ouuuuu right jewel,positive
pleas look scare full tenc lauren face tryin reach camila hand,negative
beyond bihar border,neutral
india could gain partnership say kp nayar,neutral
new upcom hero reveal wukong,positive
committe constitut ministri recommend citi taxi allow run app base platform,neutral
everi like ill post answer smile,positive
7 day assam vie tast bud,neutral
avi man phone made like alway wink,positive
poor babi unhappi hate peopl,negative
due sudden drop visibl blr,neutral
varsiti,neutral
kp nayar say,neutral
pleas rt hell buy blink taehyung headband,negative
naeem bokhari say mian gone cute nb happi ns ugli evil,positive
know feel,negative
go pace decommissio poignant moment air arm give send true war hors,neutral
say sl rao,neutral
cpl swallow gone hous heard whilst fli drone happi,positive
review show hole india govtfund,neutral
raje stockhom syndrom,neutral
cant draw nake women cri,negative
miss babi unhappi,negative
crowd flock rowlingmorgan clash,neutral
suprem court say final hear disput case juli 11,neutral
come didnt get remind email month unhappi,negative
court order probe corrupt charg,neutral
pleas stop confin anim zoo unhappi,negative
american consid hero,neutral
bring mb man unhappi,negative
ill dm half nake pictur happi,positive
kill,neutral
be jup unhappi,negative
miss petit happi thursday happi look forward weekend,positive
unit involv pti,neutral
nitish stupid,neutral
studi sprout,neutral
thank top engag commun member week happi want,positive
govt set panel studi servic condit paramilitari forc,neutral
come back calli gabbi ghost unhappi love,negative
also epap,neutral
don27t,positive
thank ton,negative
commando went,neutral
,neutral
suprem court reject age plea skip jail,neutral
find indian trump,neutral
chang whole life happi,positive
everyth choic happi,positive
sorri piss 3 unhappi,negative
wifi,positive
cant find stripe shirt unhappi instant messag wear one say favorit thing luca middl,negative
guy got exo back 2013 also first bia kpop honest miss much happi birthd,positive
joo okay happi,positive
mukul kesavan bcci curiou case versu steve smith,neutral
nachni fight right,neutral
nope unhappi,negative
got vive tracker offic intern,positive
look happi,positive
koala die thirst us unhappi,negative
opposit creat rucku trust vote,neutral
fresh fir file jnu alleg misbehaviour student student accus assault,neutral
